country_code,country,indicator,year,value
DZA,Algeria,current_account_pct_gdp,2024,-1.0224994485325
DZA,Algeria,current_account_pct_gdp,2023,2.62033732399996
DZA,Algeria,current_account_pct_gdp,2022,8.62297009518782
DZA,Algeria,current_account_pct_gdp,2021,-2.42326388144806
DZA,Algeria,current_account_pct_gdp,2020,-11.0309095376359
DZA,Algeria,current_account_pct_gdp,2019,-8.76373598794008
DZA,Algeria,current_account_pct_gdp,2018,-8.68941296193564
DZA,Algeria,current_account_pct_gdp,2017,-11.6217683736912
DZA,Algeria,current_account_pct_gdp,2016,-14.4962877563746
DZA,Algeria,current_account_pct_gdp,2015,-14.4205446442816
DZA,Algeria,current_account_pct_gdp,2014,-3.8772158836163
DZA,Algeria,current_account_pct_gdp,2013,0.517147116303439
DZA,Algeria,current_account_pct_gdp,2012,5.3237110694236
DZA,Algeria,current_account_pct_gdp,2011,8.09495300569721
DZA,Algeria,current_account_pct_gdp,2010,6.87361929280343
DZA,Algeria,reserves_months_imports,2024,16.5279389774711
DZA,Algeria,reserves_months_imports,2023,17.0452476814619
DZA,Algeria,reserves_months_imports,2022,16.336474497122
DZA,Algeria,reserves_months_imports,2021,13.7665681887564
DZA,Algeria,reserves_months_imports,2020,15.4414562891346
DZA,Algeria,reserves_months_imports,2019,14.4665752336272
DZA,Algeria,reserves_months_imports,2018,15.926933826264
DZA,Algeria,reserves_months_imports,2017,19.3716083235174
DZA,Algeria,reserves_months_imports,2016,22.5792566104525
DZA,Algeria,reserves_months_imports,2015,25.8569065523585
DZA,Algeria,reserves_months_imports,2014,28.1922504423476
DZA,Algeria,reserves_months_imports,2013,32.7812904978346
DZA,Algeria,reserves_months_imports,2012,34.3073971199894
DZA,Algeria,reserves_months_imports,2011,34.8238177143754
DZA,Algeria,reserves_months_imports,2010,36.7819414773254
DZA,Algeria,gdp_growth,2025,3.815543719231
DZA,Algeria,gdp_growth,2024,3.69999999907979
DZA,Algeria,gdp_growth,2023,4.10000000005964
DZA,Algeria,gdp_growth,2022,3.60000000094915
DZA,Algeria,gdp_growth,2021,3.79999999900707
DZA,Algeria,gdp_growth,2020,-4.99999999908597
DZA,Algeria,gdp_growth,2019,0.899999999219148
DZA,Algeria,gdp_growth,2018,1.40000000088281
DZA,Algeria,gdp_growth,2017,1.49999999895587
DZA,Algeria,gdp_growth,2016,3.90000000017621
DZA,Algeria,gdp_growth,2015,3.20000000089023
DZA,Algeria,gdp_growth,2014,4.09999999866501
DZA,Algeria,gdp_growth,2013,2.60000000061164
DZA,Algeria,gdp_growth,2012,2.40000000034432
DZA,Algeria,gdp_growth,2011,2.99999999941909
DZA,Algeria,gdp_growth,2010,4.80000000093564
DZA,Algeria,inflation,2025,1.41835151429016
DZA,Algeria,inflation,2024,4.04611455313434
DZA,Algeria,inflation,2023,9.32217375928322
DZA,Algeria,inflation,2022,9.26551551551553
DZA,Algeria,inflation,2021,7.22606307415477
DZA,Algeria,inflation,2020,2.41513094083414
DZA,Algeria,inflation,2019,1.95176821052892
DZA,Algeria,inflation,2018,4.26999020467084
DZA,Algeria,inflation,2017,5.59111590961664
DZA,Algeria,inflation,2016,6.39769480268757
DZA,Algeria,inflation,2015,4.78444700693889
DZA,Algeria,inflation,2014,2.91692692067458
DZA,Algeria,inflation,2013,3.25423910998847
DZA,Algeria,inflation,2012,8.89145091062317
DZA,Algeria,inflation,2011,4.5242115050527
DZA,Algeria,inflation,2010,3.91106195534028
DZA,Algeria,political_stability,2024,-0.6935882
DZA,Algeria,political_stability,2023,-0.7317401
DZA,Algeria,political_stability,2022,-0.8074555
DZA,Algeria,political_stability,2021,-0.9009933
DZA,Algeria,political_stability,2020,-0.883733299999999
DZA,Algeria,political_stability,2019,-1.06252749999999
DZA,Algeria,political_stability,2018,-0.6370211
DZA,Algeria,political_stability,2017,-0.929504599999999
DZA,Algeria,political_stability,2016,-1.12458449999999
DZA,Algeria,political_stability,2015,-1.049624
DZA,Algeria,political_stability,2014,-1.1769102
DZA,Algeria,political_stability,2013,-1.3382043
DZA,Algeria,political_stability,2012,-1.2861441
DZA,Algeria,political_stability,2011,-1.43622689999999
DZA,Algeria,political_stability,2010,-1.31766989999999
DZA,Algeria,government_effectiveness,2024,-0.2511914
DZA,Algeria,government_effectiveness,2023,-0.355560999999999
DZA,Algeria,government_effectiveness,2022,-0.2671351
DZA,Algeria,government_effectiveness,2021,-0.4641151
DZA,Algeria,government_effectiveness,2020,-0.2693237
DZA,Algeria,government_effectiveness,2019,-0.315897
DZA,Algeria,government_effectiveness,2018,-0.2892145
DZA,Algeria,government_effectiveness,2017,-0.5231578
DZA,Algeria,government_effectiveness,2016,-0.4244363
DZA,Algeria,government_effectiveness,2015,-0.3555636
DZA,Algeria,government_effectiveness,2014,-0.3152327
DZA,Algeria,government_effectiveness,2013,-0.5509556
DZA,Algeria,government_effectiveness,2012,-0.659519699999999
DZA,Algeria,government_effectiveness,2011,-0.722398099999999
DZA,Algeria,government_effectiveness,2010,-0.6027467
DZA,Algeria,rule_of_law,2024,-0.6967772
DZA,Algeria,rule_of_law,2023,-0.7329544
DZA,Algeria,rule_of_law,2022,-0.798385
DZA,Algeria,rule_of_law,2021,-0.7553319
DZA,Algeria,rule_of_law,2020,-0.7746944
DZA,Algeria,rule_of_law,2019,-0.845730299999999
DZA,Algeria,rule_of_law,2018,-0.853582899999999
DZA,Algeria,rule_of_law,2017,-0.8676221
DZA,Algeria,rule_of_law,2016,-0.860594099999999
DZA,Algeria,rule_of_law,2015,-0.8774318
DZA,Algeria,rule_of_law,2014,-0.836116699999999
DZA,Algeria,rule_of_law,2013,-0.7149392
DZA,Algeria,rule_of_law,2012,-0.820280599999999
DZA,Algeria,rule_of_law,2011,-0.833268
DZA,Algeria,rule_of_law,2010,-0.7700849
DZA,Algeria,regulatory_quality,2024,-0.7526468
DZA,Algeria,regulatory_quality,2023,-0.7856434
DZA,Algeria,regulatory_quality,2022,-0.8782506
DZA,Algeria,regulatory_quality,2021,-0.9720042
DZA,Algeria,regulatory_quality,2020,-1.08103289999999
DZA,Algeria,regulatory_quality,2019,-1.1291834
DZA,Algeria,regulatory_quality,2018,-1.0402376
DZA,Algeria,regulatory_quality,2017,-0.945913999999999
DZA,Algeria,regulatory_quality,2016,-0.9245888
DZA,Algeria,regulatory_quality,2015,-0.910741399999999
DZA,Algeria,regulatory_quality,2014,-1.0284052
DZA,Algeria,regulatory_quality,2013,-0.799061399999999
DZA,Algeria,regulatory_quality,2012,-1.088001
DZA,Algeria,regulatory_quality,2011,-1.13479399999999
DZA,Algeria,regulatory_quality,2010,-0.9696248
DZA,Algeria,control_of_corruption,2024,-0.5933952
DZA,Algeria,control_of_corruption,2023,-0.6397452
DZA,Algeria,control_of_corruption,2022,-0.6430769
DZA,Algeria,control_of_corruption,2021,-0.6509952
DZA,Algeria,control_of_corruption,2020,-0.635634599999999
DZA,Algeria,control_of_corruption,2019,-0.620545999999999
DZA,Algeria,control_of_corruption,2018,-0.538513599999999
DZA,Algeria,control_of_corruption,2017,-0.5404682
DZA,Algeria,control_of_corruption,2016,-0.6412808
DZA,Algeria,control_of_corruption,2015,-0.6299526
DZA,Algeria,control_of_corruption,2014,-0.6220502
DZA,Algeria,control_of_corruption,2013,-0.4058013
DZA,Algeria,control_of_corruption,2012,-0.453743099999999
DZA,Algeria,control_of_corruption,2011,-0.4094732
DZA,Algeria,control_of_corruption,2010,-0.3918564
DZA,Algeria,fdi_net_inflows_pct_gdp,2024,0.455370730483787
DZA,Algeria,fdi_net_inflows_pct_gdp,2023,0.489819143410423
DZA,Algeria,fdi_net_inflows_pct_gdp,2022,0.107187812155079
DZA,Algeria,fdi_net_inflows_pct_gdp,2021,0.466728479682941
DZA,Algeria,fdi_net_inflows_pct_gdp,2020,0.693816014772836
DZA,Algeria,fdi_net_inflows_pct_gdp,2019,0.713947308015691
DZA,Algeria,fdi_net_inflows_pct_gdp,2018,0.753576088552125
DZA,Algeria,fdi_net_inflows_pct_gdp,2017,0.647902696344894
DZA,Algeria,fdi_net_inflows_pct_gdp,2016,0.906300705997455
DZA,Algeria,fdi_net_inflows_pct_gdp,2015,-0.286832290676438
DZA,Algeria,fdi_net_inflows_pct_gdp,2014,0.628688968391006
DZA,Algeria,fdi_net_inflows_pct_gdp,2013,0.736559065111634
DZA,Algeria,fdi_net_inflows_pct_gdp,2012,0.660551953898791
DZA,Algeria,fdi_net_inflows_pct_gdp,2011,1.17767329101171
DZA,Algeria,fdi_net_inflows_pct_gdp,2010,1.29390467487817
DZA,Algeria,exports_pct_gdp,2025,16.8347751595565
DZA,Algeria,exports_pct_gdp,2024,19.8523800653814
DZA,Algeria,exports_pct_gdp,2023,23.7900604738163
DZA,Algeria,exports_pct_gdp,2022,30.7915561763341
DZA,Algeria,exports_pct_gdp,2021,23.4443672905951
DZA,Algeria,exports_pct_gdp,2020,15.5352011116191
DZA,Algeria,exports_pct_gdp,2019,20.407941949491
DZA,Algeria,exports_pct_gdp,2018,23.423105738908
DZA,Algeria,exports_pct_gdp,2017,20.3336795171675
DZA,Algeria,exports_pct_gdp,2016,18.4866879717888
DZA,Algeria,exports_pct_gdp,2015,20.5281416810455
DZA,Algeria,exports_pct_gdp,2014,27.6194863705878
DZA,Algeria,exports_pct_gdp,2013,30.7993649290893
DZA,Algeria,exports_pct_gdp,2012,34.3827920015035
DZA,Algeria,exports_pct_gdp,2011,35.9880864093259
DZA,Algeria,exports_pct_gdp,2010,34.988229614912
DZA,Algeria,imports_pct_gdp,2025,22.1441688566065
DZA,Algeria,imports_pct_gdp,2024,20.2821940516889
DZA,Algeria,imports_pct_gdp,2023,19.9497379768844
DZA,Algeria,imports_pct_gdp,2022,20.3985331920556
DZA,Algeria,imports_pct_gdp,2021,23.3926919693657
DZA,Algeria,imports_pct_gdp,2020,24.8545554509197
DZA,Algeria,imports_pct_gdp,2019,26.0989006586763
DZA,Algeria,imports_pct_gdp,2018,29.0130619390143
DZA,Algeria,imports_pct_gdp,2017,29.4871366540912
DZA,Algeria,imports_pct_gdp,2016,31.2742448207328
DZA,Algeria,imports_pct_gdp,2015,32.676480909369
DZA,Algeria,imports_pct_gdp,2014,29.3040555963989
DZA,Algeria,imports_pct_gdp,2013,28.3516432281546
DZA,Algeria,imports_pct_gdp,2012,26.374847332557
DZA,Algeria,imports_pct_gdp,2011,26.2320035517219
DZA,Algeria,imports_pct_gdp,2010,28.5029863779305
DZA,Algeria,official_exchange_rate_lcu_usd,2025,131.605925
DZA,Algeria,official_exchange_rate_lcu_usd,2024,134.053241666667
DZA,Algeria,official_exchange_rate_lcu_usd,2023,135.842933333333
DZA,Algeria,official_exchange_rate_lcu_usd,2022,141.994975
DZA,Algeria,official_exchange_rate_lcu_usd,2021,135.064058333333
DZA,Algeria,official_exchange_rate_lcu_usd,2020,126.7768
DZA,Algeria,official_exchange_rate_lcu_usd,2019,119.353558333333
DZA,Algeria,official_exchange_rate_lcu_usd,2018,116.593791666667
DZA,Algeria,official_exchange_rate_lcu_usd,2017,110.973016666667
DZA,Algeria,official_exchange_rate_lcu_usd,2016,109.443066666667
DZA,Algeria,official_exchange_rate_lcu_usd,2015,100.691433333333
DZA,Algeria,official_exchange_rate_lcu_usd,2014,80.5790166666667
DZA,Algeria,official_exchange_rate_lcu_usd,2013,79.3684
DZA,Algeria,official_exchange_rate_lcu_usd,2012,77.5359666666667
DZA,Algeria,official_exchange_rate_lcu_usd,2011,72.9378833333333
DZA,Algeria,official_exchange_rate_lcu_usd,2010,74.3859833333333
DZA,Algeria,gdp_current_usd,2025,287031225987.736
DZA,Algeria,gdp_current_usd,2024,269322281664.773
DZA,Algeria,gdp_current_usd,2023,247923887214.655
DZA,Algeria,gdp_current_usd,2022,225581644702.568
DZA,Algeria,gdp_current_usd,2021,186231205262.082
DZA,Algeria,gdp_current_usd,2020,164873415325.201
DZA,Algeria,gdp_current_usd,2019,193459662090.677
DZA,Algeria,gdp_current_usd,2018,194554483655.528
DZA,Algeria,gdp_current_usd,2017,189880896903.073
DZA,Algeria,gdp_current_usd,2016,180763839522.151
DZA,Algeria,gdp_current_usd,2015,187493855609.345
DZA,Algeria,gdp_current_usd,2014,238942664192.59
DZA,Algeria,gdp_current_usd,2013,229701430292.157
DZA,Algeria,gdp_current_usd,2012,227143746075.934
DZA,Algeria,gdp_current_usd,2011,218331946925.304
DZA,Algeria,gdp_current_usd,2010,177785053939.531
DZA,Algeria,gdp_per_capita_usd,2025,6051.00322704182
DZA,Algeria,gdp_per_capita_usd,2024,5752.99076651465
DZA,Algeria,gdp_per_capita_usd,2023,5370.477235078
DZA,Algeria,gdp_per_capita_usd,2022,4960.30334332888
DZA,Algeria,gdp_per_capita_usd,2021,4160.55926736925
DZA,Algeria,gdp_per_capita_usd,2020,3743.5419522929
DZA,Algeria,gdp_per_capita_usd,2019,4468.45341883656
DZA,Algeria,gdp_per_capita_usd,2018,4577.21029180491
DZA,Algeria,gdp_per_capita_usd,2017,4554.66753957828
DZA,Algeria,gdp_per_capita_usd,2016,4424.98529027556
DZA,Algeria,gdp_per_capita_usd,2015,4685.05902729002
DZA,Algeria,gdp_per_capita_usd,2014,6094.69392314956
DZA,Algeria,gdp_per_capita_usd,2013,5979.60138960585
DZA,Algeria,gdp_per_capita_usd,2012,6033.64884689543
DZA,Algeria,gdp_per_capita_usd,2011,5916.31364364343
DZA,Algeria,gdp_per_capita_usd,2010,4912.78585503672
DZA,Algeria,total_reserves_usd,2025,72495669205.7541
DZA,Algeria,total_reserves_usd,2024,83007108429.3211
DZA,Algeria,total_reserves_usd,2023,81216738411.6242
DZA,Algeria,total_reserves_usd,2022,71852290093.8578
DZA,Algeria,total_reserves_usd,2021,56211005199.3665
DZA,Algeria,total_reserves_usd,2020,59434389109.5108
DZA,Algeria,total_reserves_usd,2019,71795950714.9485
DZA,Algeria,total_reserves_usd,2018,87382910154.0942
DZA,Algeria,total_reserves_usd,2017,104852543743.412
DZA,Algeria,total_reserves_usd,2016,120788088861.403
DZA,Algeria,total_reserves_usd,2015,150595236894.628
DZA,Algeria,total_reserves_usd,2014,186350590140.833
DZA,Algeria,total_reserves_usd,2013,201436604411.914
DZA,Algeria,total_reserves_usd,2012,200586904241.375
DZA,Algeria,total_reserves_usd,2011,191369111470.407
DZA,Algeria,total_reserves_usd,2010,170461132878.607
DZA,Algeria,unemployment_rate,2025,11.633
DZA,Algeria,unemployment_rate,2024,11.655
DZA,Algeria,unemployment_rate,2023,11.645
DZA,Algeria,unemployment_rate,2022,12.382
DZA,Algeria,unemployment_rate,2021,13.656
DZA,Algeria,unemployment_rate,2020,14.08
DZA,Algeria,unemployment_rate,2019,12.302
DZA,Algeria,unemployment_rate,2018,12.112
DZA,Algeria,unemployment_rate,2017,12.0
DZA,Algeria,unemployment_rate,2016,10.202
DZA,Algeria,unemployment_rate,2015,11.206
DZA,Algeria,unemployment_rate,2014,10.207
DZA,Algeria,unemployment_rate,2013,9.82
DZA,Algeria,unemployment_rate,2012,10.97
DZA,Algeria,unemployment_rate,2011,9.96
DZA,Algeria,unemployment_rate,2010,9.96
DZA,Algeria,youth_unemployment_rate,2025,29.444
DZA,Algeria,youth_unemployment_rate,2024,29.884
DZA,Algeria,youth_unemployment_rate,2023,29.995
DZA,Algeria,youth_unemployment_rate,2022,31.359
DZA,Algeria,youth_unemployment_rate,2021,33.828
DZA,Algeria,youth_unemployment_rate,2020,35.767
DZA,Algeria,youth_unemployment_rate,2019,31.202
DZA,Algeria,youth_unemployment_rate,2018,30.709
DZA,Algeria,youth_unemployment_rate,2017,30.295
DZA,Algeria,youth_unemployment_rate,2016,26.228
DZA,Algeria,youth_unemployment_rate,2015,30.377
DZA,Algeria,youth_unemployment_rate,2014,25.664
DZA,Algeria,youth_unemployment_rate,2013,25.459
DZA,Algeria,youth_unemployment_rate,2012,27.872
DZA,Algeria,youth_unemployment_rate,2011,22.803
DZA,Algeria,youth_unemployment_rate,2010,22.161
DZA,Algeria,gini_index,2011,27.6
BHR,Bahrain,debt_to_gdp,2020,111.598089477141
BHR,Bahrain,debt_to_gdp,2019,91.3598106259863
BHR,Bahrain,debt_to_gdp,2018,84.3014580347853
BHR,Bahrain,debt_to_gdp,2017,77.5251429515026
BHR,Bahrain,debt_to_gdp,2016,70.5694533398636
BHR,Bahrain,debt_to_gdp,2015,60.7584088656577
BHR,Bahrain,debt_to_gdp,2014,43.5275770260668
BHR,Bahrain,debt_to_gdp,2013,42.2700248553772
BHR,Bahrain,debt_to_gdp,2012,35.6065986264045
BHR,Bahrain,debt_to_gdp,2011,34.5689325404164
BHR,Bahrain,debt_to_gdp,2010,29.0713708137176
BHR,Bahrain,current_account_pct_gdp,2024,4.83346638041053
BHR,Bahrain,current_account_pct_gdp,2023,5.84398348945118
BHR,Bahrain,current_account_pct_gdp,2022,14.7198235888136
BHR,Bahrain,current_account_pct_gdp,2021,6.37213530677418
BHR,Bahrain,current_account_pct_gdp,2020,-9.05383693445987
BHR,Bahrain,current_account_pct_gdp,2019,-1.96409784324041
BHR,Bahrain,current_account_pct_gdp,2018,-6.15289066217848
BHR,Bahrain,current_account_pct_gdp,2017,-4.30051876437292
BHR,Bahrain,current_account_pct_gdp,2016,-4.40558716045663
BHR,Bahrain,current_account_pct_gdp,2015,-2.31252912932776
BHR,Bahrain,current_account_pct_gdp,2014,4.38061668747353
BHR,Bahrain,current_account_pct_gdp,2013,7.12443578913414
BHR,Bahrain,current_account_pct_gdp,2012,8.06539982681225
BHR,Bahrain,current_account_pct_gdp,2011,10.855340365152
BHR,Bahrain,current_account_pct_gdp,2010,2.8727610009228
BHR,Bahrain,reserves_months_imports,2024,1.41650733987614
BHR,Bahrain,reserves_months_imports,2023,1.53805743002251
BHR,Bahrain,reserves_months_imports,2022,1.4626760101007
BHR,Bahrain,reserves_months_imports,2021,1.81003303508865
BHR,Bahrain,reserves_months_imports,2020,1.0547970704672
BHR,Bahrain,reserves_months_imports,2019,1.5458484900259
BHR,Bahrain,reserves_months_imports,2018,0.888034266326336
BHR,Bahrain,reserves_months_imports,2017,1.21101415937673
BHR,Bahrain,reserves_months_imports,2016,1.24639583150588
BHR,Bahrain,reserves_months_imports,2015,1.61971116005605
BHR,Bahrain,reserves_months_imports,2014,2.46566079822188
BHR,Bahrain,reserves_months_imports,2013,2.09918116055192
BHR,Bahrain,reserves_months_imports,2012,2.27248354641055
BHR,Bahrain,reserves_months_imports,2011,2.34120217230767
BHR,Bahrain,reserves_months_imports,2010,3.75492330902566
BHR,Bahrain,gdp_growth,2025,3.48137573668635
BHR,Bahrain,gdp_growth,2024,2.89710543153512
BHR,Bahrain,gdp_growth,2023,3.87811614845566
BHR,Bahrain,gdp_growth,2022,6.18016125475185
BHR,Bahrain,gdp_growth,2021,4.35004091668986
BHR,Bahrain,gdp_growth,2020,-5.9113629524152
BHR,Bahrain,gdp_growth,2019,2.05287774418655
BHR,Bahrain,gdp_growth,2018,2.05258864979861
BHR,Bahrain,gdp_growth,2017,4.95383534123657
BHR,Bahrain,gdp_growth,2016,3.81499327422425
BHR,Bahrain,gdp_growth,2015,2.50787205267615
BHR,Bahrain,gdp_growth,2014,4.30885692657077
BHR,Bahrain,gdp_growth,2013,5.29262224906203
BHR,Bahrain,gdp_growth,2012,3.80302899043062
BHR,Bahrain,gdp_growth,2011,1.92815791170796
BHR,Bahrain,gdp_growth,2010,4.3342989754845
BHR,Bahrain,inflation,2025,-0.137708855447902
BHR,Bahrain,inflation,2024,0.919635459817651
BHR,Bahrain,inflation,2023,0.0746206782192256
BHR,Bahrain,inflation,2022,3.62574104304482
BHR,Bahrain,inflation,2021,-0.60631938514085
BHR,Bahrain,inflation,2020,-2.31770629331379
BHR,Bahrain,inflation,2019,1.00582004702137
BHR,Bahrain,inflation,2018,2.08766938046978
BHR,Bahrain,inflation,2017,1.38671830576406
BHR,Bahrain,inflation,2016,2.78679347602044
BHR,Bahrain,inflation,2015,1.84862742374977
BHR,Bahrain,inflation,2014,2.64755321246189
BHR,Bahrain,inflation,2013,3.30001156888442
BHR,Bahrain,inflation,2012,2.75739669962979
BHR,Bahrain,inflation,2011,-0.40004069748808
BHR,Bahrain,inflation,2010,1.96188468334623
BHR,Bahrain,political_stability,2024,-0.2758672
BHR,Bahrain,political_stability,2023,-0.5007436
BHR,Bahrain,political_stability,2022,-0.482549599999999
BHR,Bahrain,political_stability,2021,-0.5041164
BHR,Bahrain,political_stability,2020,-0.5964745
BHR,Bahrain,political_stability,2019,-0.603362
BHR,Bahrain,political_stability,2018,-0.8677102
BHR,Bahrain,political_stability,2017,-1.0066263
BHR,Bahrain,political_stability,2016,-0.909807199999999
BHR,Bahrain,political_stability,2015,-0.9584379
BHR,Bahrain,political_stability,2014,-1.0441426
BHR,Bahrain,political_stability,2013,-1.2920542
BHR,Bahrain,political_stability,2012,-1.0354447
BHR,Bahrain,political_stability,2011,-1.1775267
BHR,Bahrain,political_stability,2010,-0.7371495
BHR,Bahrain,government_effectiveness,2024,0.6002525
BHR,Bahrain,government_effectiveness,2023,0.7325207
BHR,Bahrain,government_effectiveness,2022,0.7297568
BHR,Bahrain,government_effectiveness,2021,0.7183116
BHR,Bahrain,government_effectiveness,2020,0.4205912
BHR,Bahrain,government_effectiveness,2019,0.4361988
BHR,Bahrain,government_effectiveness,2018,0.4181683
BHR,Bahrain,government_effectiveness,2017,0.4227562
BHR,Bahrain,government_effectiveness,2016,0.4226535
BHR,Bahrain,government_effectiveness,2015,0.44791
BHR,Bahrain,government_effectiveness,2014,0.4256973
BHR,Bahrain,government_effectiveness,2013,0.3589139
BHR,Bahrain,government_effectiveness,2012,0.3354941
BHR,Bahrain,government_effectiveness,2011,0.4333329
BHR,Bahrain,government_effectiveness,2010,0.3995029
BHR,Bahrain,rule_of_law,2024,0.1679373
BHR,Bahrain,rule_of_law,2023,0.1259217
BHR,Bahrain,rule_of_law,2022,0.0328686
BHR,Bahrain,rule_of_law,2021,0.0190676
BHR,Bahrain,rule_of_law,2020,-0.110376599999999
BHR,Bahrain,rule_of_law,2019,0.0073826
BHR,Bahrain,rule_of_law,2018,-0.0572436999999999
BHR,Bahrain,rule_of_law,2017,-0.0275196999999999
BHR,Bahrain,rule_of_law,2016,-0.0230253
BHR,Bahrain,rule_of_law,2015,0.0118928
BHR,Bahrain,rule_of_law,2014,-0.1310885
BHR,Bahrain,rule_of_law,2013,-0.123284899999999
BHR,Bahrain,rule_of_law,2012,-0.1376475
BHR,Bahrain,rule_of_law,2011,-0.0253953
BHR,Bahrain,rule_of_law,2010,0.1010185
BHR,Bahrain,regulatory_quality,2024,0.9502434
BHR,Bahrain,regulatory_quality,2023,0.9096095
BHR,Bahrain,regulatory_quality,2022,0.8697953
BHR,Bahrain,regulatory_quality,2021,0.7964885
BHR,Bahrain,regulatory_quality,2020,0.5553824
BHR,Bahrain,regulatory_quality,2019,0.5202512
BHR,Bahrain,regulatory_quality,2018,0.4964201
BHR,Bahrain,regulatory_quality,2017,0.4961675
BHR,Bahrain,regulatory_quality,2016,0.5338814
BHR,Bahrain,regulatory_quality,2015,0.7369814
BHR,Bahrain,regulatory_quality,2014,0.6266024
BHR,Bahrain,regulatory_quality,2013,0.819964
BHR,Bahrain,regulatory_quality,2012,0.8032498
BHR,Bahrain,regulatory_quality,2011,0.9001858
BHR,Bahrain,regulatory_quality,2010,0.8816129
BHR,Bahrain,control_of_corruption,2024,0.2540662
BHR,Bahrain,control_of_corruption,2023,0.2380412
BHR,Bahrain,control_of_corruption,2022,0.144834
BHR,Bahrain,control_of_corruption,2021,0.210097
BHR,Bahrain,control_of_corruption,2020,-0.0925165999999999
BHR,Bahrain,control_of_corruption,2019,-0.0835445
BHR,Bahrain,control_of_corruption,2018,-0.140961
BHR,Bahrain,control_of_corruption,2017,-0.143222
BHR,Bahrain,control_of_corruption,2016,-0.0877355
BHR,Bahrain,control_of_corruption,2015,0.0385922
BHR,Bahrain,control_of_corruption,2014,-0.0204446
BHR,Bahrain,control_of_corruption,2013,0.197016
BHR,Bahrain,control_of_corruption,2012,0.1663109
BHR,Bahrain,control_of_corruption,2011,0.1964302
BHR,Bahrain,control_of_corruption,2010,0.15202
BHR,Bahrain,fdi_net_inflows_pct_gdp,2024,5.72467195311559
BHR,Bahrain,fdi_net_inflows_pct_gdp,2023,15.6428756083644
BHR,Bahrain,fdi_net_inflows_pct_gdp,2022,4.20018456310523
BHR,Bahrain,fdi_net_inflows_pct_gdp,2021,4.3566259787756
BHR,Bahrain,fdi_net_inflows_pct_gdp,2020,2.84973228101032
BHR,Bahrain,fdi_net_inflows_pct_gdp,2019,2.32837980010521
BHR,Bahrain,fdi_net_inflows_pct_gdp,2018,4.18079308703845
BHR,Bahrain,fdi_net_inflows_pct_gdp,2017,3.83300891199591
BHR,Bahrain,fdi_net_inflows_pct_gdp,2016,0.718174283238518
BHR,Bahrain,fdi_net_inflows_pct_gdp,2015,0.199529633421541
BHR,Bahrain,fdi_net_inflows_pct_gdp,2014,4.36728984042946
BHR,Bahrain,fdi_net_inflows_pct_gdp,2013,11.0211306090707
BHR,Bahrain,fdi_net_inflows_pct_gdp,2012,4.83265436536461
BHR,Bahrain,fdi_net_inflows_pct_gdp,2011,2.61026038592024
BHR,Bahrain,fdi_net_inflows_pct_gdp,2010,0.581105356633959
BHR,Bahrain,exports_pct_gdp,2024,87.4874315086406
BHR,Bahrain,exports_pct_gdp,2023,87.351143952571
BHR,Bahrain,exports_pct_gdp,2022,95.9613654006004
BHR,Bahrain,exports_pct_gdp,2021,86.2742186726683
BHR,Bahrain,exports_pct_gdp,2020,70.4544358235096
BHR,Bahrain,exports_pct_gdp,2019,73.0944239873751
BHR,Bahrain,exports_pct_gdp,2018,75.7153726820796
BHR,Bahrain,exports_pct_gdp,2017,72.2538621389219
BHR,Bahrain,exports_pct_gdp,2016,70.5882906981125
BHR,Bahrain,exports_pct_gdp,2015,79.3441035722346
BHR,Bahrain,exports_pct_gdp,2014,92.2255357196123
BHR,Bahrain,exports_pct_gdp,2013,100.826651632348
BHR,Bahrain,exports_pct_gdp,2012,98.265636232926
BHR,Bahrain,exports_pct_gdp,2011,95.6363487649272
BHR,Bahrain,exports_pct_gdp,2010,66.7027150376276
BHR,Bahrain,imports_pct_gdp,2024,69.9934379215464
BHR,Bahrain,imports_pct_gdp,2023,70.0967107297264
BHR,Bahrain,imports_pct_gdp,2022,71.1798757519344
BHR,Bahrain,imports_pct_gdp,2021,67.5250978124398
BHR,Bahrain,imports_pct_gdp,2020,65.0065491894219
BHR,Bahrain,imports_pct_gdp,2019,62.3231194108364
BHR,Bahrain,imports_pct_gdp,2018,68.3599998924555
BHR,Bahrain,imports_pct_gdp,2017,64.1753776714721
BHR,Bahrain,imports_pct_gdp,2016,62.2347072046616
BHR,Bahrain,imports_pct_gdp,2015,68.5719566006692
BHR,Bahrain,imports_pct_gdp,2014,76.3503224222473
BHR,Bahrain,imports_pct_gdp,2013,83.7628572125021
BHR,Bahrain,imports_pct_gdp,2012,80.5583845887584
BHR,Bahrain,imports_pct_gdp,2011,71.8932922709265
BHR,Bahrain,imports_pct_gdp,2010,48.8587714119882
BHR,Bahrain,official_exchange_rate_lcu_usd,2025,0.376
BHR,Bahrain,official_exchange_rate_lcu_usd,2024,0.376
BHR,Bahrain,official_exchange_rate_lcu_usd,2023,0.376
BHR,Bahrain,official_exchange_rate_lcu_usd,2022,0.376
BHR,Bahrain,official_exchange_rate_lcu_usd,2021,0.376
BHR,Bahrain,official_exchange_rate_lcu_usd,2020,0.376
BHR,Bahrain,official_exchange_rate_lcu_usd,2019,0.376
BHR,Bahrain,official_exchange_rate_lcu_usd,2018,0.376
BHR,Bahrain,official_exchange_rate_lcu_usd,2017,0.376
BHR,Bahrain,official_exchange_rate_lcu_usd,2016,0.376
BHR,Bahrain,official_exchange_rate_lcu_usd,2015,0.376
BHR,Bahrain,official_exchange_rate_lcu_usd,2014,0.376
BHR,Bahrain,official_exchange_rate_lcu_usd,2013,0.376
BHR,Bahrain,official_exchange_rate_lcu_usd,2012,0.376
BHR,Bahrain,official_exchange_rate_lcu_usd,2011,0.376
BHR,Bahrain,official_exchange_rate_lcu_usd,2010,0.376
BHR,Bahrain,gdp_current_usd,2025,48965725531.9149
BHR,Bahrain,gdp_current_usd,2024,47210732712.766
BHR,Bahrain,gdp_current_usd,2023,46192260638.2979
BHR,Bahrain,gdp_current_usd,2022,46458191489.3617
BHR,Bahrain,gdp_current_usd,2021,40840212765.9574
BHR,Bahrain,gdp_current_usd,2020,35837632978.7234
BHR,Bahrain,gdp_current_usd,2019,40446808510.6383
BHR,Bahrain,gdp_current_usd,2018,39567978723.4043
BHR,Bahrain,gdp_current_usd,2017,37204813829.7872
BHR,Bahrain,gdp_current_usd,2016,33884680851.0638
BHR,Bahrain,gdp_current_usd,2015,32523297872.3404
BHR,Bahrain,gdp_current_usd,2014,34772526595.7447
BHR,Bahrain,gdp_current_usd,2013,33823324468.0851
BHR,Bahrain,gdp_current_usd,2012,31963404255.3191
BHR,Bahrain,gdp_current_usd,2011,29914680851.0638
BHR,Bahrain,gdp_current_usd,2010,26805984042.5532
BHR,Bahrain,gdp_per_capita_usd,2025,30596.5794898885
BHR,Bahrain,gdp_per_capita_usd,2024,29717.1424605273
BHR,Bahrain,gdp_per_capita_usd,2023,29290.1284215098
BHR,Bahrain,gdp_per_capita_usd,2022,30470.5219276023
BHR,Bahrain,gdp_per_capita_usd,2021,27147.8083882286
BHR,Bahrain,gdp_per_capita_usd,2020,24342.8444554718
BHR,Bahrain,gdp_per_capita_usd,2019,27259.7438599327
BHR,Bahrain,gdp_per_capita_usd,2018,26324.4066549559
BHR,Bahrain,gdp_per_capita_usd,2017,24784.7693514607
BHR,Bahrain,gdp_per_capita_usd,2016,23800.001440631
BHR,Bahrain,gdp_per_capita_usd,2015,23734.0551143019
BHR,Bahrain,gdp_per_capita_usd,2014,26451.7965647453
BHR,Bahrain,gdp_per_capita_usd,2013,26989.7601148469
BHR,Bahrain,gdp_per_capita_usd,2012,26438.6733230428
BHR,Bahrain,gdp_per_capita_usd,2011,25032.7867743333
BHR,Bahrain,gdp_per_capita_usd,2010,21819.3291098099
BHR,Bahrain,total_reserves_usd,2025,5269794300.5237
BHR,Bahrain,total_reserves_usd,2024,4948702759.13155
BHR,Bahrain,total_reserves_usd,2023,5117552034.50774
BHR,Bahrain,total_reserves_usd,2022,4774898054.78219
BHR,Bahrain,total_reserves_usd,2021,4993195962.86458
BHR,Bahrain,total_reserves_usd,2020,2523073657.45375
BHR,Bahrain,total_reserves_usd,2019,3902650742.43906
BHR,Bahrain,total_reserves_usd,2018,2334278370.00967
BHR,Bahrain,total_reserves_usd,2017,2823123079.34137
BHR,Bahrain,total_reserves_usd,2016,2611989314.00794
BHR,Bahrain,total_reserves_usd,2015,3546207932.19981
BHR,Bahrain,total_reserves_usd,2014,6229406002.51976
BHR,Bahrain,total_reserves_usd,2013,5527718440.19013
BHR,Bahrain,total_reserves_usd,2012,5454261306.90609
BHR,Bahrain,total_reserves_usd,2011,4774194828.72022
BHR,Bahrain,total_reserves_usd,2010,5299463737.03106
BHR,Bahrain,unemployment_rate,2025,1.102
BHR,Bahrain,unemployment_rate,2024,1.084
BHR,Bahrain,unemployment_rate,2023,1.049
BHR,Bahrain,unemployment_rate,2022,1.265
BHR,Bahrain,unemployment_rate,2021,1.548
BHR,Bahrain,unemployment_rate,2020,1.765
BHR,Bahrain,unemployment_rate,2019,1.217
BHR,Bahrain,unemployment_rate,2018,1.188
BHR,Bahrain,unemployment_rate,2017,1.18
BHR,Bahrain,unemployment_rate,2016,1.19
BHR,Bahrain,unemployment_rate,2015,1.164
BHR,Bahrain,unemployment_rate,2014,1.144
BHR,Bahrain,unemployment_rate,2013,1.184
BHR,Bahrain,unemployment_rate,2012,1.2
BHR,Bahrain,unemployment_rate,2011,1.21
BHR,Bahrain,unemployment_rate,2010,1.13
BHR,Bahrain,youth_unemployment_rate,2025,5.416
BHR,Bahrain,youth_unemployment_rate,2024,5.469
BHR,Bahrain,youth_unemployment_rate,2023,5.381
BHR,Bahrain,youth_unemployment_rate,2022,5.33
BHR,Bahrain,youth_unemployment_rate,2021,6.043
BHR,Bahrain,youth_unemployment_rate,2020,6.389
BHR,Bahrain,youth_unemployment_rate,2019,5.657
BHR,Bahrain,youth_unemployment_rate,2018,5.633
BHR,Bahrain,youth_unemployment_rate,2017,5.593
BHR,Bahrain,youth_unemployment_rate,2016,5.527
BHR,Bahrain,youth_unemployment_rate,2015,5.427
BHR,Bahrain,youth_unemployment_rate,2014,5.398
BHR,Bahrain,youth_unemployment_rate,2013,5.439
BHR,Bahrain,youth_unemployment_rate,2012,5.425
BHR,Bahrain,youth_unemployment_rate,2011,5.283
BHR,Bahrain,youth_unemployment_rate,2010,4.953
EGY,Egypt,current_account_pct_gdp,2025,-3.81547628555514
EGY,Egypt,current_account_pct_gdp,2024,-5.68596234093524
EGY,Egypt,current_account_pct_gdp,2023,-3.17338763053558
EGY,Egypt,current_account_pct_gdp,2022,-2.2100904275198
EGY,Egypt,current_account_pct_gdp,2021,-4.38240299812001
EGY,Egypt,current_account_pct_gdp,2020,-3.70903990583375
EGY,Egypt,current_account_pct_gdp,2019,-3.20758543154938
EGY,Egypt,current_account_pct_gdp,2018,-2.93164483711978
EGY,Egypt,current_account_pct_gdp,2017,-3.19681566782461
EGY,Egypt,current_account_pct_gdp,2016,-6.16465951871263
EGY,Egypt,current_account_pct_gdp,2015,-5.23529137853431
EGY,Egypt,current_account_pct_gdp,2014,-1.94849131455399
EGY,Egypt,current_account_pct_gdp,2013,-1.22513249838744
EGY,Egypt,current_account_pct_gdp,2012,-2.49788021735236
EGY,Egypt,current_account_pct_gdp,2011,-2.32378812632193
EGY,Egypt,current_account_pct_gdp,2010,-2.05668307641306
EGY,Egypt,reserves_months_imports,2025,4.35960492991794
EGY,Egypt,reserves_months_imports,2024,4.53950764706678
EGY,Egypt,reserves_months_imports,2023,3.87390992001782
EGY,Egypt,reserves_months_imports,2022,3.32738146369502
EGY,Egypt,reserves_months_imports,2021,4.38225643427728
EGY,Egypt,reserves_months_imports,2020,5.56473451430895
EGY,Egypt,reserves_months_imports,2019,5.83923947440236
EGY,Egypt,reserves_months_imports,2018,5.85734270401284
EGY,Egypt,reserves_months_imports,2017,5.72306111855628
EGY,Egypt,reserves_months_imports,2016,3.8854106958735
EGY,Egypt,reserves_months_imports,2015,2.59707505474829
EGY,Egypt,reserves_months_imports,2014,2.21204888604566
EGY,Egypt,reserves_months_imports,2013,2.73003963526374
EGY,Egypt,reserves_months_imports,2012,2.48779534146603
EGY,Egypt,reserves_months_imports,2011,3.28531568230903
EGY,Egypt,reserves_months_imports,2010,6.70121378987163
EGY,Egypt,gdp_growth,2025,4.39201068570188
EGY,Egypt,gdp_growth,2024,2.3991692678251
EGY,Egypt,gdp_growth,2023,3.76028052279247
EGY,Egypt,gdp_growth,2022,6.58784560870467
EGY,Egypt,gdp_growth,2021,3.29064601193245
EGY,Egypt,gdp_growth,2020,3.55016483883115
EGY,Egypt,gdp_growth,2019,5.55209307084222
EGY,Egypt,gdp_growth,2018,5.33110861887155
EGY,Egypt,gdp_growth,2017,4.18122099961562
EGY,Egypt,gdp_growth,2016,4.34664345601914
EGY,Egypt,gdp_growth,2015,4.37201907781687
EGY,Egypt,gdp_growth,2014,2.91591188052836
EGY,Egypt,gdp_growth,2013,2.18546605363386
EGY,Egypt,gdp_growth,2012,2.22619979818487
EGY,Egypt,gdp_growth,2011,1.76457194806041
EGY,Egypt,gdp_growth,2010,5.14723485746742
EGY,Egypt,inflation,2025,14.0735136645934
EGY,Egypt,inflation,2024,28.2705899322083
EGY,Egypt,inflation,2023,33.8847763115546
EGY,Egypt,inflation,2022,13.8956609775178
EGY,Egypt,inflation,2021,5.21404940513043
EGY,Egypt,inflation,2020,5.04493288977539
EGY,Egypt,inflation,2019,9.15279959324804
EGY,Egypt,inflation,2018,14.4014657807422
EGY,Egypt,inflation,2017,29.5066083940039
EGY,Egypt,inflation,2016,13.813606214829
EGY,Egypt,inflation,2015,10.370490343517
EGY,Egypt,inflation,2014,10.0702154687481
EGY,Egypt,inflation,2013,9.46971981064921
EGY,Egypt,inflation,2012,7.11172943343083
EGY,Egypt,inflation,2011,10.0649259874818
EGY,Egypt,inflation,2010,11.2651882653185
EGY,Egypt,political_stability,2024,-0.9779235
EGY,Egypt,political_stability,2023,-0.899323299999999
EGY,Egypt,political_stability,2022,-0.9542974
EGY,Egypt,political_stability,2021,-1.066781
EGY,Egypt,political_stability,2020,-1.1172787
EGY,Egypt,political_stability,2019,-1.19692089999999
EGY,Egypt,political_stability,2018,-1.26200959999999
EGY,Egypt,political_stability,2017,-1.4711477
EGY,Egypt,political_stability,2016,-1.5399732
EGY,Egypt,political_stability,2015,-1.5178167
EGY,Egypt,political_stability,2014,-1.5091298
EGY,Egypt,political_stability,2013,-1.8070331
EGY,Egypt,political_stability,2012,-1.58945659999999
EGY,Egypt,political_stability,2011,-1.68884559999999
EGY,Egypt,political_stability,2010,-1.0007352
EGY,Egypt,government_effectiveness,2024,-0.0970579
EGY,Egypt,government_effectiveness,2023,-0.0397463
EGY,Egypt,government_effectiveness,2022,-0.1434309
EGY,Egypt,government_effectiveness,2021,-0.225102299999999
EGY,Egypt,government_effectiveness,2020,-0.234355899999999
EGY,Egypt,government_effectiveness,2019,-0.118641699999999
EGY,Egypt,government_effectiveness,2018,-0.405885499999999
EGY,Egypt,government_effectiveness,2017,-0.406895199999999
EGY,Egypt,government_effectiveness,2016,-0.440950399999999
EGY,Egypt,government_effectiveness,2015,-0.5216722
EGY,Egypt,government_effectiveness,2014,-0.644012799999999
EGY,Egypt,government_effectiveness,2013,-0.764836299999999
EGY,Egypt,government_effectiveness,2012,-0.5323164
EGY,Egypt,government_effectiveness,2011,-0.493349
EGY,Egypt,government_effectiveness,2010,-0.482093799999999
EGY,Egypt,rule_of_law,2024,-0.751539899999999
EGY,Egypt,rule_of_law,2023,-0.7776875
EGY,Egypt,rule_of_law,2022,-0.772813099999999
EGY,Egypt,rule_of_law,2021,-0.8185251
EGY,Egypt,rule_of_law,2020,-0.789880599999999
EGY,Egypt,rule_of_law,2019,-0.749387999999999
EGY,Egypt,rule_of_law,2018,-0.739756099999999
EGY,Egypt,rule_of_law,2017,-0.774614199999999
EGY,Egypt,rule_of_law,2016,-0.8445636
EGY,Egypt,rule_of_law,2015,-0.8381446
EGY,Egypt,rule_of_law,2014,-0.839702699999999
EGY,Egypt,rule_of_law,2013,-0.795294
EGY,Egypt,rule_of_law,2012,-0.5396816
EGY,Egypt,rule_of_law,2011,-0.51085
EGY,Egypt,rule_of_law,2010,-0.2849681
EGY,Egypt,regulatory_quality,2024,-0.499469399999999
EGY,Egypt,regulatory_quality,2023,-0.5731672
EGY,Egypt,regulatory_quality,2022,-0.6685017
EGY,Egypt,regulatory_quality,2021,-0.5701379
EGY,Egypt,regulatory_quality,2020,-0.6355909
EGY,Egypt,regulatory_quality,2019,-0.7028437
EGY,Egypt,regulatory_quality,2018,-0.742675299999999
EGY,Egypt,regulatory_quality,2017,-0.7082554
EGY,Egypt,regulatory_quality,2016,-0.7670926
EGY,Egypt,regulatory_quality,2015,-0.7363711
EGY,Egypt,regulatory_quality,2014,-0.7425351
EGY,Egypt,regulatory_quality,2013,-0.738630799999999
EGY,Egypt,regulatory_quality,2012,-0.5120719
EGY,Egypt,regulatory_quality,2011,-0.2206717
EGY,Egypt,regulatory_quality,2010,-0.0846898
EGY,Egypt,control_of_corruption,2024,-0.8269898
EGY,Egypt,control_of_corruption,2023,-0.816904499999999
EGY,Egypt,control_of_corruption,2022,-0.7776624
EGY,Egypt,control_of_corruption,2021,-0.7873199
EGY,Egypt,control_of_corruption,2020,-0.7914606
EGY,Egypt,control_of_corruption,2019,-0.652109199999999
EGY,Egypt,control_of_corruption,2018,-0.4749757
EGY,Egypt,control_of_corruption,2017,-0.4059653
EGY,Egypt,control_of_corruption,2016,-0.4472655
EGY,Egypt,control_of_corruption,2015,-0.5639736
EGY,Egypt,control_of_corruption,2014,-0.576257999999999
EGY,Egypt,control_of_corruption,2013,-0.5658677
EGY,Egypt,control_of_corruption,2012,-0.5175138
EGY,Egypt,control_of_corruption,2011,-0.5611174
EGY,Egypt,control_of_corruption,2010,-0.608266
EGY,Egypt,fdi_net_inflows_pct_gdp,2025,4.23066505478546
EGY,Egypt,fdi_net_inflows_pct_gdp,2024,11.9719351009449
EGY,Egypt,fdi_net_inflows_pct_gdp,2023,2.48546400695984
EGY,Egypt,fdi_net_inflows_pct_gdp,2022,2.39118080969079
EGY,Egypt,fdi_net_inflows_pct_gdp,2021,1.20617861055665
EGY,Egypt,fdi_net_inflows_pct_gdp,2020,1.52462948997172
EGY,Egypt,fdi_net_inflows_pct_gdp,2019,2.82732944960686
EGY,Egypt,fdi_net_inflows_pct_gdp,2018,3.10040077579187
EGY,Egypt,fdi_net_inflows_pct_gdp,2017,2.98301550917695
EGY,Egypt,fdi_net_inflows_pct_gdp,2016,2.43856278142762
EGY,Egypt,fdi_net_inflows_pct_gdp,2015,2.10258128401326
EGY,Egypt,fdi_net_inflows_pct_gdp,2014,1.50925042253521
EGY,Egypt,fdi_net_inflows_pct_gdp,2013,1.45343420769727
EGY,Egypt,fdi_net_inflows_pct_gdp,2012,1.00234071774049
EGY,Egypt,fdi_net_inflows_pct_gdp,2011,-0.204542848807527
EGY,Egypt,fdi_net_inflows_pct_gdp,2010,2.91601657550141
EGY,Egypt,exports_pct_gdp,2025,19.8200284513845
EGY,Egypt,exports_pct_gdp,2024,16.3762422101126
EGY,Egypt,exports_pct_gdp,2023,19.1060913405676
EGY,Egypt,exports_pct_gdp,2022,15.0870258208479
EGY,Egypt,exports_pct_gdp,2021,10.5611502153652
EGY,Egypt,exports_pct_gdp,2020,12.4727757370868
EGY,Egypt,exports_pct_gdp,2019,16.6440314510365
EGY,Egypt,exports_pct_gdp,2018,17.984655608418
EGY,Egypt,exports_pct_gdp,2017,15.0140868185672
EGY,Egypt,exports_pct_gdp,2016,10.3454639403558
EGY,Egypt,exports_pct_gdp,2015,13.1838454928598
EGY,Egypt,exports_pct_gdp,2014,14.2441314553991
EGY,Egypt,exports_pct_gdp,2013,17.0178456245969
EGY,Egypt,exports_pct_gdp,2012,16.3969666208873
EGY,Egypt,exports_pct_gdp,2011,20.5674276128656
EGY,Egypt,exports_pct_gdp,2010,21.3492458146859
EGY,Egypt,imports_pct_gdp,2025,31.5143194274435
EGY,Egypt,imports_pct_gdp,2024,23.2245098772607
EGY,Egypt,imports_pct_gdp,2023,21.3443094314355
EGY,Egypt,imports_pct_gdp,2022,21.8960790564233
EGY,Egypt,imports_pct_gdp,2021,19.295823265447
EGY,Egypt,imports_pct_gdp,2020,19.6534798296655
EGY,Egypt,imports_pct_gdp,2019,24.4799857040743
EGY,Egypt,imports_pct_gdp,2018,27.9263640649779
EGY,Egypt,imports_pct_gdp,2017,27.8180475395935
EGY,Egypt,imports_pct_gdp,2016,19.9010851110947
EGY,Egypt,imports_pct_gdp,2015,21.6620974671631
EGY,Egypt,imports_pct_gdp,2014,22.6760563380282
EGY,Egypt,imports_pct_gdp,2013,23.3551924317351
EGY,Egypt,imports_pct_gdp,2012,24.3148026512211
EGY,Egypt,imports_pct_gdp,2011,24.6882065494858
EGY,Egypt,imports_pct_gdp,2010,26.5871042599039
EGY,Egypt,official_exchange_rate_lcu_usd,2025,49.2277558333333
EGY,Egypt,official_exchange_rate_lcu_usd,2024,45.29926
EGY,Egypt,official_exchange_rate_lcu_usd,2023,30.6264136980311
EGY,Egypt,official_exchange_rate_lcu_usd,2022,19.1604397412204
EGY,Egypt,official_exchange_rate_lcu_usd,2021,15.6445272777113
EGY,Egypt,official_exchange_rate_lcu_usd,2020,15.7591729166667
EGY,Egypt,official_exchange_rate_lcu_usd,2019,16.7705818428763
EGY,Egypt,official_exchange_rate_lcu_usd,2018,17.7672904218107
EGY,Egypt,official_exchange_rate_lcu_usd,2017,17.7825335150636
EGY,Egypt,official_exchange_rate_lcu_usd,2016,10.0254007885465
EGY,Egypt,official_exchange_rate_lcu_usd,2015,7.69125833333333
EGY,Egypt,official_exchange_rate_lcu_usd,2014,7.07760856060606
EGY,Egypt,official_exchange_rate_lcu_usd,2013,6.870325
EGY,Egypt,official_exchange_rate_lcu_usd,2012,6.05605833333333
EGY,Egypt,official_exchange_rate_lcu_usd,2011,5.93282765151515
EGY,Egypt,official_exchange_rate_lcu_usd,2010,5.6219429176105
EGY,Egypt,gdp_current_usd,2025,365254630179.737
EGY,Egypt,gdp_current_usd,2024,389059910593.1
EGY,Egypt,gdp_current_usd,2023,395926071447.591
EGY,Egypt,gdp_current_usd,2022,476747720364.742
EGY,Egypt,gdp_current_usd,2021,424671765455.704
EGY,Egypt,gdp_current_usd,2020,383817841547.099
EGY,Egypt,gdp_current_usd,2019,318678815489.749
EGY,Egypt,gdp_current_usd,2018,262588632526.73
EGY,Egypt,gdp_current_usd,2017,248362771739.13
EGY,Egypt,gdp_current_usd,2016,332441717791.411
EGY,Egypt,gdp_current_usd,2015,329366576819.407
EGY,Egypt,gdp_current_usd,2014,305595408895.265
EGY,Egypt,gdp_current_usd,2013,288434108527.132
EGY,Egypt,gdp_current_usd,2012,279116666666.667
EGY,Egypt,gdp_current_usd,2011,235989672977.625
EGY,Egypt,gdp_current_usd,2010,218983666061.706
EGY,Egypt,gdp_per_capita_usd,2025,3085.80712036204
EGY,Egypt,gdp_per_capita_usd,2024,3338.47371043679
EGY,Egypt,gdp_per_capita_usd,2023,3456.78965212363
EGY,Egypt,gdp_per_capita_usd,2022,4233.30783744856
EGY,Egypt,gdp_per_capita_usd,2021,3827.35415374308
EGY,Egypt,gdp_per_capita_usd,2020,3511.11381026379
EGY,Egypt,gdp_per_capita_usd,2019,2962.98892023003
EGY,Egypt,gdp_per_capita_usd,2018,2484.70315630508
EGY,Egypt,gdp_per_capita_usd,2017,2395.10333299491
EGY,Egypt,gdp_per_capita_usd,2016,3270.6287768197
EGY,Egypt,gdp_per_capita_usd,2015,3306.98159414141
EGY,Egypt,gdp_per_capita_usd,2014,3133.39102265541
EGY,Egypt,gdp_per_capita_usd,2013,3025.52563552448
EGY,Egypt,gdp_per_capita_usd,2012,2996.0677072015
EGY,Egypt,gdp_per_capita_usd,2011,2590.64384891965
EGY,Egypt,gdp_per_capita_usd,2010,2455.08194645282
EGY,Egypt,total_reserves_usd,2025,48875494539.269
EGY,Egypt,total_reserves_usd,2024,44921341018.4659
EGY,Egypt,total_reserves_usd,2023,33070180836.1374
EGY,Egypt,total_reserves_usd,2022,32143926008.4607
EGY,Egypt,total_reserves_usd,2021,39824388217.3615
EGY,Egypt,total_reserves_usd,2020,38972812936.6708
EGY,Egypt,total_reserves_usd,2019,44568837112.0669
EGY,Egypt,total_reserves_usd,2018,41839242990.7097
EGY,Egypt,total_reserves_usd,2017,36400242555.8255
EGY,Egypt,total_reserves_usd,2016,23642691705.9678
EGY,Egypt,total_reserves_usd,2015,15858887325.7756
EGY,Egypt,total_reserves_usd,2014,14926998051.7397
EGY,Egypt,total_reserves_usd,2013,16536236826.4074
EGY,Egypt,total_reserves_usd,2012,15672467970.7728
EGY,Egypt,total_reserves_usd,2011,18637541110.4777
EGY,Egypt,total_reserves_usd,2010,37028506134.5559
EGY,Egypt,unemployment_rate,2025,6.781
EGY,Egypt,unemployment_rate,2024,6.817
EGY,Egypt,unemployment_rate,2023,6.753
EGY,Egypt,unemployment_rate,2022,6.546
EGY,Egypt,unemployment_rate,2021,7.441
EGY,Egypt,unemployment_rate,2020,7.974
EGY,Egypt,unemployment_rate,2019,7.851
EGY,Egypt,unemployment_rate,2018,9.855
EGY,Egypt,unemployment_rate,2017,11.767
EGY,Egypt,unemployment_rate,2016,12.45
EGY,Egypt,unemployment_rate,2015,13.052
EGY,Egypt,unemployment_rate,2014,13.105
EGY,Egypt,unemployment_rate,2013,13.154
EGY,Egypt,unemployment_rate,2012,12.597
EGY,Egypt,unemployment_rate,2011,11.849
EGY,Egypt,unemployment_rate,2010,8.757
EGY,Egypt,youth_unemployment_rate,2025,18.293
EGY,Egypt,youth_unemployment_rate,2024,17.291
EGY,Egypt,youth_unemployment_rate,2023,17.153
EGY,Egypt,youth_unemployment_rate,2022,16.342
EGY,Egypt,youth_unemployment_rate,2021,18.21
EGY,Egypt,youth_unemployment_rate,2020,18.463
EGY,Egypt,youth_unemployment_rate,2019,20.631
EGY,Egypt,youth_unemployment_rate,2018,26.252
EGY,Egypt,youth_unemployment_rate,2017,32.644
EGY,Egypt,youth_unemployment_rate,2016,33.655
EGY,Egypt,youth_unemployment_rate,2015,34.16
EGY,Egypt,youth_unemployment_rate,2014,32.198
EGY,Egypt,youth_unemployment_rate,2013,34.12
EGY,Egypt,youth_unemployment_rate,2012,34.439
EGY,Egypt,youth_unemployment_rate,2011,29.426
EGY,Egypt,youth_unemployment_rate,2010,24.583
EGY,Egypt,gini_index,2021,28.5
EGY,Egypt,gini_index,2019,31.9
EGY,Egypt,gini_index,2017,31.5
EGY,Egypt,gini_index,2015,31.8
EGY,Egypt,gini_index,2012,28.3
EGY,Egypt,gini_index,2010,30.2
IRN,Iran,gdp_growth,2025,-2.82597163290347
IRN,Iran,gdp_growth,2024,3.66312057949303
IRN,Iran,gdp_growth,2023,5.33235116079808
IRN,Iran,gdp_growth,2022,4.35281087521344
IRN,Iran,gdp_growth,2021,4.13089685034471
IRN,Iran,gdp_growth,2020,4.44180865358672
IRN,Iran,gdp_growth,2019,-2.36143538770575
IRN,Iran,gdp_growth,2018,-3.74796015711334
IRN,Iran,gdp_growth,2017,3.02685468694025
IRN,Iran,gdp_growth,2016,8.8150866425182
IRN,Iran,gdp_growth,2015,-1.42488493937503
IRN,Iran,gdp_growth,2014,4.98477506709476
IRN,Iran,gdp_growth,2013,-1.52197920494184
IRN,Iran,gdp_growth,2012,-3.74717139864109
IRN,Iran,gdp_growth,2011,2.6457179180628
IRN,Iran,gdp_growth,2010,5.79793830169604
IRN,Iran,inflation,2025,42.1712244965444
IRN,Iran,inflation,2024,32.455871402917
IRN,Iran,inflation,2023,44.5791857572797
IRN,Iran,inflation,2022,43.4884641742179
IRN,Iran,inflation,2021,43.3890162681514
IRN,Iran,inflation,2020,30.5941390387295
IRN,Iran,inflation,2019,39.9073455697784
IRN,Iran,inflation,2018,18.0141183371874
IRN,Iran,inflation,2017,8.04492437660278
IRN,Iran,inflation,2016,7.24542548952979
IRN,Iran,inflation,2015,12.4846815611533
IRN,Iran,inflation,2014,16.6065532357449
IRN,Iran,inflation,2013,36.6030355191029
IRN,Iran,inflation,2012,27.2568127242908
IRN,Iran,inflation,2011,26.2933856738608
IRN,Iran,inflation,2010,10.0893629287979
IRN,Iran,political_stability,2024,-1.58118839999999
IRN,Iran,political_stability,2023,-1.2694112
IRN,Iran,political_stability,2022,-1.1448403
IRN,Iran,political_stability,2021,-1.1577773
IRN,Iran,political_stability,2020,-1.2213247
IRN,Iran,political_stability,2019,-1.2556127
IRN,Iran,political_stability,2018,-0.9686014
IRN,Iran,political_stability,2017,-0.699442999999999
IRN,Iran,political_stability,2016,-0.6448832
IRN,Iran,political_stability,2015,-0.7896962
IRN,Iran,political_stability,2014,-0.726596199999999
IRN,Iran,political_stability,2013,-1.1808701
IRN,Iran,political_stability,2012,-1.2630067
IRN,Iran,political_stability,2011,-1.35645059999999
IRN,Iran,political_stability,2010,-1.52478809999999
IRN,Iran,government_effectiveness,2024,-0.7061233
IRN,Iran,government_effectiveness,2023,-0.7402272
IRN,Iran,government_effectiveness,2022,-0.7076616
IRN,Iran,government_effectiveness,2021,-0.6566521
IRN,Iran,government_effectiveness,2020,-0.7071428
IRN,Iran,government_effectiveness,2019,-0.4172702
IRN,Iran,government_effectiveness,2018,-0.2727406
IRN,Iran,government_effectiveness,2017,-0.1973883
IRN,Iran,government_effectiveness,2016,-0.2031626
IRN,Iran,government_effectiveness,2015,-0.191803399999999
IRN,Iran,government_effectiveness,2014,-0.2574672
IRN,Iran,government_effectiveness,2013,-0.5687029
IRN,Iran,government_effectiveness,2012,-0.5324399
IRN,Iran,government_effectiveness,2011,-0.536930599999999
IRN,Iran,government_effectiveness,2010,-0.6340289
IRN,Iran,rule_of_law,2024,-1.2348012
IRN,Iran,rule_of_law,2023,-1.20046299999999
IRN,Iran,rule_of_law,2022,-1.1257877
IRN,Iran,rule_of_law,2021,-1.06900019999999
IRN,Iran,rule_of_law,2020,-1.0270682
IRN,Iran,rule_of_law,2019,-1.0537229
IRN,Iran,rule_of_law,2018,-0.969023
IRN,Iran,rule_of_law,2017,-0.928377599999999
IRN,Iran,rule_of_law,2016,-0.973579499999999
IRN,Iran,rule_of_law,2015,-0.9741059
IRN,Iran,rule_of_law,2014,-1.2547891
IRN,Iran,rule_of_law,2013,-1.2057757
IRN,Iran,rule_of_law,2012,-0.9840127
IRN,Iran,rule_of_law,2011,-1.01296569999999
IRN,Iran,rule_of_law,2010,-1.1024424
IRN,Iran,regulatory_quality,2024,-1.5113535
IRN,Iran,regulatory_quality,2023,-1.4684049
IRN,Iran,regulatory_quality,2022,-1.3976255
IRN,Iran,regulatory_quality,2021,-1.39362039999999
IRN,Iran,regulatory_quality,2020,-1.39295869999999
IRN,Iran,regulatory_quality,2019,-1.36056169999999
IRN,Iran,regulatory_quality,2018,-1.2929956
IRN,Iran,regulatory_quality,2017,-1.08286669999999
IRN,Iran,regulatory_quality,2016,-1.05587229999999
IRN,Iran,regulatory_quality,2015,-1.0907749
IRN,Iran,regulatory_quality,2014,-1.3019342
IRN,Iran,regulatory_quality,2013,-1.3745965
IRN,Iran,regulatory_quality,2012,-1.24873909999999
IRN,Iran,regulatory_quality,2011,-1.1976073
IRN,Iran,regulatory_quality,2010,-1.42150619999999
IRN,Iran,control_of_corruption,2024,-1.14723819999999
IRN,Iran,control_of_corruption,2023,-1.17112979999999
IRN,Iran,control_of_corruption,2022,-1.13191439999999
IRN,Iran,control_of_corruption,2021,-1.1267612
IRN,Iran,control_of_corruption,2020,-1.1044169
IRN,Iran,control_of_corruption,2019,-0.9919553
IRN,Iran,control_of_corruption,2018,-0.9420795
IRN,Iran,control_of_corruption,2017,-0.7011486
IRN,Iran,control_of_corruption,2016,-0.656176099999999
IRN,Iran,control_of_corruption,2015,-0.7596233
IRN,Iran,control_of_corruption,2014,-0.816847099999999
IRN,Iran,control_of_corruption,2013,-0.9147814
IRN,Iran,control_of_corruption,2012,-0.98264
IRN,Iran,control_of_corruption,2011,-0.9423621
IRN,Iran,control_of_corruption,2010,-1.15665139999999
IRN,Iran,fdi_net_inflows_pct_gdp,2024,0.304914200880697
IRN,Iran,fdi_net_inflows_pct_gdp,2023,0.310885408088419
IRN,Iran,fdi_net_inflows_pct_gdp,2022,0.354893288694741
IRN,Iran,fdi_net_inflows_pct_gdp,2021,0.34982143161472
IRN,Iran,fdi_net_inflows_pct_gdp,2020,0.47769170946132
IRN,Iran,fdi_net_inflows_pct_gdp,2019,0.433347777066285
IRN,Iran,fdi_net_inflows_pct_gdp,2018,0.576106085876311
IRN,Iran,fdi_net_inflows_pct_gdp,2017,0.983654956177998
IRN,Iran,fdi_net_inflows_pct_gdp,2016,0.70452835935243
IRN,Iran,fdi_net_inflows_pct_gdp,2015,0.500987695412685
IRN,Iran,fdi_net_inflows_pct_gdp,2014,0.45545387401938
IRN,Iran,fdi_net_inflows_pct_gdp,2013,0.609501593960532
IRN,Iran,fdi_net_inflows_pct_gdp,2012,0.723850091355471
IRN,Iran,fdi_net_inflows_pct_gdp,2011,0.679834574763516
IRN,Iran,fdi_net_inflows_pct_gdp,2010,0.74916862626536
IRN,Iran,exports_pct_gdp,2025,25.754375261588
IRN,Iran,exports_pct_gdp,2024,23.5514720983508
IRN,Iran,exports_pct_gdp,2023,23.9216475542357
IRN,Iran,exports_pct_gdp,2022,25.5666185174995
IRN,Iran,exports_pct_gdp,2021,22.0192078360416
IRN,Iran,exports_pct_gdp,2020,18.3903748639131
IRN,Iran,exports_pct_gdp,2019,22.3147082096412
IRN,Iran,exports_pct_gdp,2018,29.639694129412
IRN,Iran,exports_pct_gdp,2017,21.8329309946109
IRN,Iran,exports_pct_gdp,2016,20.3097816144481
IRN,Iran,exports_pct_gdp,2015,18.7208345068656
IRN,Iran,exports_pct_gdp,2014,22.8306723891643
IRN,Iran,exports_pct_gdp,2013,25.1829067419072
IRN,Iran,exports_pct_gdp,2012,22.4753001992586
IRN,Iran,exports_pct_gdp,2011,24.9333131264674
IRN,Iran,exports_pct_gdp,2010,24.399653282909
IRN,Iran,imports_pct_gdp,2025,34.4882471351587
IRN,Iran,imports_pct_gdp,2024,28.5106585810839
IRN,Iran,imports_pct_gdp,2023,25.4719025417845
IRN,Iran,imports_pct_gdp,2022,23.3517323048057
IRN,Iran,imports_pct_gdp,2021,20.6531717002195
IRN,Iran,imports_pct_gdp,2020,25.4940926265882
IRN,Iran,imports_pct_gdp,2019,26.2770630040625
IRN,Iran,imports_pct_gdp,2018,26.975655484871
IRN,Iran,imports_pct_gdp,2017,21.3227621437797
IRN,Iran,imports_pct_gdp,2016,19.5674601594385
IRN,Iran,imports_pct_gdp,2015,20.7017541543144
IRN,Iran,imports_pct_gdp,2014,22.5207477521518
IRN,Iran,imports_pct_gdp,2013,21.9038111775683
IRN,Iran,imports_pct_gdp,2012,21.6140464814866
IRN,Iran,imports_pct_gdp,2011,16.2861016653904
IRN,Iran,imports_pct_gdp,2010,19.3709904542309
IRN,Iran,official_exchange_rate_lcu_usd,2023,42000.0
IRN,Iran,official_exchange_rate_lcu_usd,2022,42000.0
IRN,Iran,official_exchange_rate_lcu_usd,2021,42000.0
IRN,Iran,official_exchange_rate_lcu_usd,2020,42000.0
IRN,Iran,official_exchange_rate_lcu_usd,2019,42000.0
IRN,Iran,official_exchange_rate_lcu_usd,2018,40864.329009777
IRN,Iran,official_exchange_rate_lcu_usd,2017,33226.2981524127
IRN,Iran,official_exchange_rate_lcu_usd,2016,30914.8524362967
IRN,Iran,official_exchange_rate_lcu_usd,2015,29011.4913770529
IRN,Iran,official_exchange_rate_lcu_usd,2014,25941.6641445972
IRN,Iran,official_exchange_rate_lcu_usd,2013,18414.4480100374
IRN,Iran,official_exchange_rate_lcu_usd,2012,12175.5472222222
IRN,Iran,official_exchange_rate_lcu_usd,2011,10616.3066439076
IRN,Iran,official_exchange_rate_lcu_usd,2010,10254.176470289
IRN,Iran,gdp_current_usd,2025,362682115433.364
IRN,Iran,gdp_current_usd,2024,475252089215.416
IRN,Iran,gdp_current_usd,2023,457510482317.483
IRN,Iran,gdp_current_usd,2022,422662261525.665
IRN,Iran,gdp_current_usd,2021,407350685583.335
IRN,Iran,gdp_current_usd,2020,280934329279.723
IRN,Iran,gdp_current_usd,2019,347988400957.999
IRN,Iran,gdp_current_usd,2018,411903303606.044
IRN,Iran,gdp_current_usd,2017,510239893417.645
IRN,Iran,gdp_current_usd,2016,478618064870.999
IRN,Iran,gdp_current_usd,2015,409191686496.677
IRN,Iran,gdp_current_usd,2014,462284793280.825
IRN,Iran,gdp_current_usd,2013,500399839839.877
IRN,Iran,gdp_current_usd,2012,644019315003.54
IRN,Iran,gdp_current_usd,2011,629082257472.368
IRN,Iran,gdp_current_usd,2010,487069570463.768
IRN,Iran,gdp_per_capita_usd,2025,3924.38017821898
IRN,Iran,gdp_per_capita_usd,2024,5190.16959024821
IRN,Iran,gdp_per_capita_usd,2023,5049.29931642754
IRN,Iran,gdp_per_capita_usd,2022,4721.20437099984
IRN,Iran,gdp_per_capita_usd,2021,4605.14881318992
IRN,Iran,gdp_per_capita_usd,2020,3202.50003502169
IRN,Iran,gdp_per_capita_usd,2019,3997.4935449585
IRN,Iran,gdp_per_capita_usd,2018,4783.01067340237
IRN,Iran,gdp_per_capita_usd,2017,6000.93346404409
IRN,Iran,gdp_per_capita_usd,2016,5710.59947089104
IRN,Iran,gdp_per_capita_usd,2015,4952.73355532178
IRN,Iran,gdp_per_capita_usd,2014,5672.06372896319
IRN,Iran,gdp_per_capita_usd,2013,6222.74194840326
IRN,Iran,gdp_per_capita_usd,2012,8114.08099831877
IRN,Iran,gdp_per_capita_usd,2011,8025.68743364356
IRN,Iran,gdp_per_capita_usd,2010,6291.19443655454
IRN,Iran,unemployment_rate,2025,8.301
IRN,Iran,unemployment_rate,2024,8.146
IRN,Iran,unemployment_rate,2023,8.129
IRN,Iran,unemployment_rate,2022,9.085
IRN,Iran,unemployment_rate,2021,9.282
IRN,Iran,unemployment_rate,2020,9.687
IRN,Iran,unemployment_rate,2019,10.74
IRN,Iran,unemployment_rate,2018,12.195
IRN,Iran,unemployment_rate,2017,12.232
IRN,Iran,unemployment_rate,2016,12.618
IRN,Iran,unemployment_rate,2015,11.166
IRN,Iran,unemployment_rate,2014,10.68
IRN,Iran,unemployment_rate,2013,10.595
IRN,Iran,unemployment_rate,2012,12.275
IRN,Iran,unemployment_rate,2011,12.491
IRN,Iran,unemployment_rate,2010,13.679
IRN,Iran,youth_unemployment_rate,2025,21.9
IRN,Iran,youth_unemployment_rate,2024,21.307
IRN,Iran,youth_unemployment_rate,2023,21.265
IRN,Iran,youth_unemployment_rate,2022,22.686
IRN,Iran,youth_unemployment_rate,2021,23.752
IRN,Iran,youth_unemployment_rate,2020,23.712
IRN,Iran,youth_unemployment_rate,2019,25.948
IRN,Iran,youth_unemployment_rate,2018,27.502
IRN,Iran,youth_unemployment_rate,2017,28.208
IRN,Iran,youth_unemployment_rate,2016,29.087
IRN,Iran,youth_unemployment_rate,2015,25.962
IRN,Iran,youth_unemployment_rate,2014,24.972
IRN,Iran,youth_unemployment_rate,2013,23.872
IRN,Iran,youth_unemployment_rate,2012,26.894
IRN,Iran,youth_unemployment_rate,2011,26.645
IRN,Iran,youth_unemployment_rate,2010,28.7
IRN,Iran,gini_index,2023,35.9
IRN,Iran,gini_index,2022,34.8
IRN,Iran,gini_index,2021,35.5
IRN,Iran,gini_index,2020,35.8
IRN,Iran,gini_index,2019,36.5
IRN,Iran,gini_index,2018,37.4
IRN,Iran,gini_index,2017,36.7
IRN,Iran,gini_index,2016,35.9
IRN,Iran,gini_index,2015,35.3
IRN,Iran,gini_index,2014,34.8
IRN,Iran,gini_index,2013,34.0
IRN,Iran,gini_index,2012,34.4
IRN,Iran,gini_index,2011,34.7
IRQ,Iraq,debt_to_gdp,2018,27.438248367378
IRQ,Iraq,debt_to_gdp,2017,35.8630061595051
IRQ,Iraq,debt_to_gdp,2016,29.4760678291372
IRQ,Iraq,debt_to_gdp,2015,27.3918908850844
IRQ,Iraq,current_account_pct_gdp,2024,2.99186896502489
IRQ,Iraq,current_account_pct_gdp,2023,10.5528397110428
IRQ,Iraq,current_account_pct_gdp,2022,20.1861883343541
IRQ,Iraq,current_account_pct_gdp,2021,11.7148037882244
IRQ,Iraq,current_account_pct_gdp,2020,-3.48598226553262
IRQ,Iraq,current_account_pct_gdp,2019,6.74664580876131
IRQ,Iraq,current_account_pct_gdp,2018,15.1162785714327
IRQ,Iraq,current_account_pct_gdp,2017,7.95462137277485
IRQ,Iraq,current_account_pct_gdp,2016,1.29416694062961
IRQ,Iraq,current_account_pct_gdp,2015,-1.65602101285884
IRQ,Iraq,current_account_pct_gdp,2014,6.94151191976759
IRQ,Iraq,current_account_pct_gdp,2013,6.85843921497559
IRQ,Iraq,current_account_pct_gdp,2012,13.5507635163078
IRQ,Iraq,current_account_pct_gdp,2011,14.065166727563
IRQ,Iraq,current_account_pct_gdp,2010,4.68412757383414
IRQ,Iraq,reserves_months_imports,2024,11.2072163127604
IRQ,Iraq,reserves_months_imports,2023,15.8737025963
IRQ,Iraq,reserves_months_imports,2022,16.265596420488
IRQ,Iraq,reserves_months_imports,2021,14.4684288131166
IRQ,Iraq,reserves_months_imports,2020,11.3492885016081
IRQ,Iraq,reserves_months_imports,2019,10.8595841433164
IRQ,Iraq,reserves_months_imports,2018,12.987978471573
IRQ,Iraq,reserves_months_imports,2017,11.7385756809119
IRQ,Iraq,reserves_months_imports,2016,11.8139189353787
IRQ,Iraq,reserves_months_imports,2015,10.8017323095628
IRQ,Iraq,reserves_months_imports,2014,11.3259059912738
IRQ,Iraq,reserves_months_imports,2013,12.7980431197862
IRQ,Iraq,reserves_months_imports,2012,13.0907943504895
IRQ,Iraq,reserves_months_imports,2011,13.7756734191734
IRQ,Iraq,reserves_months_imports,2010,12.7409467178946
IRQ,Iraq,gdp_growth,2025,-2.15574219066178
IRQ,Iraq,gdp_growth,2024,-1.54525198319173
IRQ,Iraq,gdp_growth,2023,0.517705525140073
IRQ,Iraq,gdp_growth,2022,7.95904804990212
IRQ,Iraq,gdp_growth,2021,1.5021807095434
IRQ,Iraq,gdp_growth,2020,-12.0367930960454
IRQ,Iraq,gdp_growth,2019,5.5137905789381
IRQ,Iraq,gdp_growth,2018,2.63385099105624
IRQ,Iraq,gdp_growth,2017,-1.81975035118309
IRQ,Iraq,gdp_growth,2016,13.7873730187089
IRQ,Iraq,gdp_growth,2015,2.60676642939541
IRQ,Iraq,gdp_growth,2014,2.26368817563613
IRQ,Iraq,gdp_growth,2013,7.62828592298754
IRQ,Iraq,gdp_growth,2012,13.9364301737537
IRQ,Iraq,gdp_growth,2011,7.546471200426
IRQ,Iraq,gdp_growth,2010,6.40256484471193
IRQ,Iraq,inflation,2025,0.303454715219382
IRQ,Iraq,inflation,2024,2.6116961151764
IRQ,Iraq,inflation,2023,4.35835351089595
IRQ,Iraq,inflation,2022,4.9947659638103
IRQ,Iraq,inflation,2021,6.04186489058043
IRQ,Iraq,inflation,2020,0.574162679425856
IRQ,Iraq,inflation,2019,-0.198965380023882
IRQ,Iraq,inflation,2018,0.367441488936828
IRQ,Iraq,inflation,2017,0.184058898847553
IRQ,Iraq,inflation,2016,0.556521397155548
IRQ,Iraq,inflation,2015,1.39333028780268
IRQ,Iraq,inflation,2014,2.23597407904726
IRQ,Iraq,inflation,2013,1.87949800749416
IRQ,Iraq,inflation,2012,6.0890964159516
IRQ,Iraq,inflation,2011,5.6040514426601
IRQ,Iraq,inflation,2010,2.42986826837753
IRQ,Iraq,political_stability,2024,-2.0642762
IRQ,Iraq,political_stability,2023,-2.2246949
IRQ,Iraq,political_stability,2022,-2.2294281
IRQ,Iraq,political_stability,2021,-2.1722684
IRQ,Iraq,political_stability,2020,-2.1814743
IRQ,Iraq,political_stability,2019,-2.2227253
IRQ,Iraq,political_stability,2018,-2.1719253
IRQ,Iraq,political_stability,2017,-2.1677252
IRQ,Iraq,political_stability,2016,-2.22917579999999
IRQ,Iraq,political_stability,2015,-2.2449091
IRQ,Iraq,political_stability,2014,-2.2538271
IRQ,Iraq,political_stability,2013,-2.1039641
IRQ,Iraq,political_stability,2012,-1.97642609999999
IRQ,Iraq,political_stability,2011,-1.91313499999999
IRQ,Iraq,political_stability,2010,-2.187694
IRQ,Iraq,government_effectiveness,2024,-1.1018847
IRQ,Iraq,government_effectiveness,2023,-1.3398894
IRQ,Iraq,government_effectiveness,2022,-1.223854
IRQ,Iraq,government_effectiveness,2021,-1.2310377
IRQ,Iraq,government_effectiveness,2020,-1.21784199999999
IRQ,Iraq,government_effectiveness,2019,-1.1066349
IRQ,Iraq,government_effectiveness,2018,-1.0744668
IRQ,Iraq,government_effectiveness,2017,-1.09181669999999
IRQ,Iraq,government_effectiveness,2016,-1.09191939999999
IRQ,Iraq,government_effectiveness,2015,-1.0793082
IRQ,Iraq,government_effectiveness,2014,-0.9609496
IRQ,Iraq,government_effectiveness,2013,-1.07101239999999
IRQ,Iraq,government_effectiveness,2012,-1.1168342
IRQ,Iraq,government_effectiveness,2011,-1.1846155
IRQ,Iraq,government_effectiveness,2010,-1.17899359999999
IRQ,Iraq,rule_of_law,2024,-1.3581614
IRQ,Iraq,rule_of_law,2023,-1.5002727
IRQ,Iraq,rule_of_law,2022,-1.45504109999999
IRQ,Iraq,rule_of_law,2021,-1.4374976
IRQ,Iraq,rule_of_law,2020,-1.512443
IRQ,Iraq,rule_of_law,2019,-1.37408
IRQ,Iraq,rule_of_law,2018,-1.43204969999999
IRQ,Iraq,rule_of_law,2017,-1.5484905
IRQ,Iraq,rule_of_law,2016,-1.53679029999999
IRQ,Iraq,rule_of_law,2015,-1.48886679999999
IRQ,Iraq,rule_of_law,2014,-1.4559635
IRQ,Iraq,rule_of_law,2013,-1.4740494
IRQ,Iraq,rule_of_law,2012,-1.4532764
IRQ,Iraq,rule_of_law,2011,-1.4239293
IRQ,Iraq,rule_of_law,2010,-1.57079259999999
IRQ,Iraq,regulatory_quality,2024,-1.030546
IRQ,Iraq,regulatory_quality,2023,-1.2810271
IRQ,Iraq,regulatory_quality,2022,-1.2214123
IRQ,Iraq,regulatory_quality,2021,-1.1622157
IRQ,Iraq,regulatory_quality,2020,-1.2511236
IRQ,Iraq,regulatory_quality,2019,-1.1604354
IRQ,Iraq,regulatory_quality,2018,-1.16118109999999
IRQ,Iraq,regulatory_quality,2017,-1.06927179999999
IRQ,Iraq,regulatory_quality,2016,-0.9696252
IRQ,Iraq,regulatory_quality,2015,-1.01794729999999
IRQ,Iraq,regulatory_quality,2014,-1.07080859999999
IRQ,Iraq,regulatory_quality,2013,-1.01449489999999
IRQ,Iraq,regulatory_quality,2012,-1.0140703
IRQ,Iraq,regulatory_quality,2011,-0.9193194
IRQ,Iraq,regulatory_quality,2010,-0.9629582
IRQ,Iraq,control_of_corruption,2024,-1.2050155
IRQ,Iraq,control_of_corruption,2023,-1.4169702
IRQ,Iraq,control_of_corruption,2022,-1.37334849999999
IRQ,Iraq,control_of_corruption,2021,-1.37400869999999
IRQ,Iraq,control_of_corruption,2020,-1.3692381
IRQ,Iraq,control_of_corruption,2019,-1.4433306
IRQ,Iraq,control_of_corruption,2018,-1.4767763
IRQ,Iraq,control_of_corruption,2017,-1.4065197
IRQ,Iraq,control_of_corruption,2016,-1.4012064
IRQ,Iraq,control_of_corruption,2015,-1.393567
IRQ,Iraq,control_of_corruption,2014,-1.357674
IRQ,Iraq,control_of_corruption,2013,-1.26454969999999
IRQ,Iraq,control_of_corruption,2012,-1.26788219999999
IRQ,Iraq,control_of_corruption,2011,-1.2387175
IRQ,Iraq,control_of_corruption,2010,-1.3062258
IRQ,Iraq,fdi_net_inflows_pct_gdp,2024,-2.73525447039729
IRQ,Iraq,fdi_net_inflows_pct_gdp,2023,-1.99474822313262
IRQ,Iraq,fdi_net_inflows_pct_gdp,2022,-0.726653366772653
IRQ,Iraq,fdi_net_inflows_pct_gdp,2021,-1.25770209772783
IRQ,Iraq,fdi_net_inflows_pct_gdp,2020,-1.58049696252586
IRQ,Iraq,fdi_net_inflows_pct_gdp,2019,-1.31640616709339
IRQ,Iraq,fdi_net_inflows_pct_gdp,2018,-2.14854834807913
IRQ,Iraq,fdi_net_inflows_pct_gdp,2017,-2.68799428357231
IRQ,Iraq,fdi_net_inflows_pct_gdp,2016,-3.75180911604806
IRQ,Iraq,fdi_net_inflows_pct_gdp,2015,-4.54159235443502
IRQ,Iraq,fdi_net_inflows_pct_gdp,2014,-4.45521124532956
IRQ,Iraq,fdi_net_inflows_pct_gdp,2013,-0.995279210263068
IRQ,Iraq,fdi_net_inflows_pct_gdp,2012,1.55961531280073
IRQ,Iraq,fdi_net_inflows_pct_gdp,2011,1.12086339764167
IRQ,Iraq,fdi_net_inflows_pct_gdp,2010,1.00796493975113
IRQ,Iraq,exports_pct_gdp,2024,39.7635173537006
IRQ,Iraq,exports_pct_gdp,2023,39.6312322400043
IRQ,Iraq,exports_pct_gdp,2022,44.5259462145341
IRQ,Iraq,exports_pct_gdp,2021,37.3216528340457
IRQ,Iraq,exports_pct_gdp,2020,27.750277551257
IRQ,Iraq,exports_pct_gdp,2019,38.0518681988838
IRQ,Iraq,exports_pct_gdp,2018,40.8026420265318
IRQ,Iraq,exports_pct_gdp,2017,33.9160634134979
IRQ,Iraq,exports_pct_gdp,2016,28.1085236792986
IRQ,Iraq,exports_pct_gdp,2015,34.5141464410956
IRQ,Iraq,exports_pct_gdp,2014,38.9417264514779
IRQ,Iraq,exports_pct_gdp,2013,39.6635365352026
IRQ,Iraq,exports_pct_gdp,2012,44.5084353612381
IRQ,Iraq,exports_pct_gdp,2011,44.4175230392819
IRQ,Iraq,exports_pct_gdp,2010,39.41682921428
IRQ,Iraq,imports_pct_gdp,2024,37.375421957139
IRQ,Iraq,imports_pct_gdp,2023,29.8300885590124
IRQ,Iraq,imports_pct_gdp,2022,24.2328478795559
IRQ,Iraq,imports_pct_gdp,2021,24.1816154776761
IRQ,Iraq,imports_pct_gdp,2020,29.992038843889
IRQ,Iraq,imports_pct_gdp,2019,30.9380702213968
IRQ,Iraq,imports_pct_gdp,2018,24.9991497435766
IRQ,Iraq,imports_pct_gdp,2017,25.8648489788178
IRQ,Iraq,imports_pct_gdp,2016,26.4797965093784
IRQ,Iraq,imports_pct_gdp,2015,35.0776221572159
IRQ,Iraq,imports_pct_gdp,2014,30.0407604054258
IRQ,Iraq,imports_pct_gdp,2013,27.7464818743646
IRQ,Iraq,imports_pct_gdp,2012,29.1002492300431
IRQ,Iraq,imports_pct_gdp,2011,27.7538051840835
IRQ,Iraq,imports_pct_gdp,2010,34.0806504059643
IRQ,Iraq,official_exchange_rate_lcu_usd,2024,1300.0
IRQ,Iraq,official_exchange_rate_lcu_usd,2023,1312.5
IRQ,Iraq,official_exchange_rate_lcu_usd,2022,1450.0
IRQ,Iraq,official_exchange_rate_lcu_usd,2021,1450.0
IRQ,Iraq,official_exchange_rate_lcu_usd,2020,1192.0
IRQ,Iraq,official_exchange_rate_lcu_usd,2019,1182.0
IRQ,Iraq,official_exchange_rate_lcu_usd,2018,1182.75
IRQ,Iraq,official_exchange_rate_lcu_usd,2017,1184.0
IRQ,Iraq,official_exchange_rate_lcu_usd,2016,1182.0
IRQ,Iraq,official_exchange_rate_lcu_usd,2015,1167.33333333333
IRQ,Iraq,official_exchange_rate_lcu_usd,2014,1166.0
IRQ,Iraq,official_exchange_rate_lcu_usd,2013,1166.0
IRQ,Iraq,official_exchange_rate_lcu_usd,2012,1166.16666666667
IRQ,Iraq,official_exchange_rate_lcu_usd,2011,1170.0
IRQ,Iraq,official_exchange_rate_lcu_usd,2010,1170.0
IRQ,Iraq,gdp_current_usd,2025,254367293538.462
IRQ,Iraq,gdp_current_usd,2024,279641257615.385
IRQ,Iraq,gdp_current_usd,2023,268881051643.549
IRQ,Iraq,gdp_current_usd,2022,287372232137.931
IRQ,Iraq,gdp_current_usd,2021,209691945713.103
IRQ,Iraq,gdp_current_usd,2020,180898797516.874
IRQ,Iraq,gdp_current_usd,2019,233636097800.338
IRQ,Iraq,gdp_current_usd,2018,227367469034.031
IRQ,Iraq,gdp_current_usd,2017,187217660050.676
IRQ,Iraq,gdp_current_usd,2016,166743557747.671
IRQ,Iraq,gdp_current_usd,2015,166774104959.102
IRQ,Iraq,gdp_current_usd,2014,228415656174.957
IRQ,Iraq,gdp_current_usd,2013,234637675128.645
IRQ,Iraq,gdp_current_usd,2012,218002476129.472
IRQ,Iraq,gdp_current_usd,2011,185749664444.444
IRQ,Iraq,gdp_current_usd,2010,138516722649.573
IRQ,Iraq,gdp_per_capita_usd,2025,5409.67899716967
IRQ,Iraq,gdp_per_capita_usd,2024,6073.61032342708
IRQ,Iraq,gdp_per_capita_usd,2023,5965.31835077761
IRQ,Iraq,gdp_per_capita_usd,2022,6520.73154560584
IRQ,Iraq,gdp_per_capita_usd,2021,4868.49431080783
IRQ,Iraq,gdp_per_capita_usd,2020,4295.18945121228
IRQ,Iraq,gdp_per_capita_usd,2019,5671.8568632942
IRQ,Iraq,gdp_per_capita_usd,2018,5646.68932074742
IRQ,Iraq,gdp_per_capita_usd,2017,4759.2846435467
IRQ,Iraq,gdp_per_capita_usd,2016,4334.42096404188
IRQ,Iraq,gdp_per_capita_usd,2015,4440.14189252367
IRQ,Iraq,gdp_per_capita_usd,2014,6249.39226978969
IRQ,Iraq,gdp_per_capita_usd,2013,6650.35282247395
IRQ,Iraq,gdp_per_capita_usd,2012,6477.59618450955
IRQ,Iraq,gdp_per_capita_usd,2011,5775.54229080293
IRQ,Iraq,gdp_per_capita_usd,2010,4461.75196161555
IRQ,Iraq,total_reserves_usd,2024,100690954781.588
IRQ,Iraq,total_reserves_usd,2023,112232897713.46
IRQ,Iraq,total_reserves_usd,2022,97009236971.5221
IRQ,Iraq,total_reserves_usd,2021,64231022302.7097
IRQ,Iraq,total_reserves_usd,2020,54424472658.0154
IRQ,Iraq,total_reserves_usd,2019,68017647833.6447
IRQ,Iraq,total_reserves_usd,2018,64719421423.3098
IRQ,Iraq,total_reserves_usd,2017,49315419400.3988
IRQ,Iraq,total_reserves_usd,2016,45298562240.8151
IRQ,Iraq,total_reserves_usd,2015,53992019678.9023
IRQ,Iraq,total_reserves_usd,2014,66281655807.2322
IRQ,Iraq,total_reserves_usd,2013,77747258749.8263
IRQ,Iraq,total_reserves_usd,2012,70327019949.4173
IRQ,Iraq,total_reserves_usd,2011,61033121083.648
IRQ,Iraq,total_reserves_usd,2010,50622117150.4267
IRQ,Iraq,unemployment_rate,2025,15.485
IRQ,Iraq,unemployment_rate,2024,15.293
IRQ,Iraq,unemployment_rate,2023,15.239
IRQ,Iraq,unemployment_rate,2022,15.41
IRQ,Iraq,unemployment_rate,2021,16.173
IRQ,Iraq,unemployment_rate,2020,15.766
IRQ,Iraq,unemployment_rate,2019,14.096
IRQ,Iraq,unemployment_rate,2018,13.458
IRQ,Iraq,unemployment_rate,2017,13.02
IRQ,Iraq,unemployment_rate,2016,10.82
IRQ,Iraq,unemployment_rate,2015,10.865
IRQ,Iraq,unemployment_rate,2014,10.59
IRQ,Iraq,unemployment_rate,2013,9.222
IRQ,Iraq,unemployment_rate,2012,7.965
IRQ,Iraq,unemployment_rate,2011,8.193
IRQ,Iraq,unemployment_rate,2010,8.267
IRQ,Iraq,youth_unemployment_rate,2025,32.012
IRQ,Iraq,youth_unemployment_rate,2024,31.726
IRQ,Iraq,youth_unemployment_rate,2023,31.514
IRQ,Iraq,youth_unemployment_rate,2022,31.791
IRQ,Iraq,youth_unemployment_rate,2021,35.653
IRQ,Iraq,youth_unemployment_rate,2020,34.45
IRQ,Iraq,youth_unemployment_rate,2019,29.75
IRQ,Iraq,youth_unemployment_rate,2018,27.338
IRQ,Iraq,youth_unemployment_rate,2017,25.276
IRQ,Iraq,youth_unemployment_rate,2016,22.446
IRQ,Iraq,youth_unemployment_rate,2015,21.387
IRQ,Iraq,youth_unemployment_rate,2014,19.908
IRQ,Iraq,youth_unemployment_rate,2013,17.913
IRQ,Iraq,youth_unemployment_rate,2012,16.091
IRQ,Iraq,youth_unemployment_rate,2011,16.453
IRQ,Iraq,youth_unemployment_rate,2010,16.579
IRQ,Iraq,gini_index,2023,29.8
IRQ,Iraq,gini_index,2012,29.5
ISR,Israel,current_account_pct_gdp,2025,1.39698911798375
ISR,Israel,current_account_pct_gdp,2024,2.85372348964758
ISR,Israel,current_account_pct_gdp,2023,3.06182357194891
ISR,Israel,current_account_pct_gdp,2022,2.68995260709171
ISR,Israel,current_account_pct_gdp,2021,3.021613608537
ISR,Israel,current_account_pct_gdp,2020,3.74007474912289
ISR,Israel,current_account_pct_gdp,2019,2.90102068119121
ISR,Israel,current_account_pct_gdp,2018,2.42234792973375
ISR,Israel,current_account_pct_gdp,2017,3.15479466919919
ISR,Israel,current_account_pct_gdp,2016,3.17038576605097
ISR,Israel,current_account_pct_gdp,2015,4.58765202586123
ISR,Israel,current_account_pct_gdp,2014,3.46609589435316
ISR,Israel,current_account_pct_gdp,2013,2.24341717352294
ISR,Israel,current_account_pct_gdp,2012,-0.314623011758788
ISR,Israel,current_account_pct_gdp,2011,0.959067083330991
ISR,Israel,current_account_pct_gdp,2010,2.69529305304405
ISR,Israel,reserves_months_imports,2025,14.5416215671135
ISR,Israel,reserves_months_imports,2024,15.8333842967618
ISR,Israel,reserves_months_imports,2023,15.1429856008329
ISR,Israel,reserves_months_imports,2022,13.4105701419856
ISR,Israel,reserves_months_imports,2021,17.1531635981524
ISR,Israel,reserves_months_imports,2020,18.7770476429115
ISR,Israel,reserves_months_imports,2019,12.3294125116527
ISR,Israel,reserves_months_imports,2018,11.4411059223354
ISR,Israel,reserves_months_imports,2017,12.3844818897413
ISR,Israel,reserves_months_imports,2016,11.2708764679936
ISR,Israel,reserves_months_imports,2015,11.2973174036916
ISR,Israel,reserves_months_imports,2014,9.9448582355724
ISR,Israel,reserves_months_imports,2013,9.41650885394767
ISR,Israel,reserves_months_imports,2012,8.75846190779544
ISR,Israel,reserves_months_imports,2011,8.81396403077087
ISR,Israel,reserves_months_imports,2010,9.95126312641563
ISR,Israel,gdp_growth,2025,2.93114966387968
ISR,Israel,gdp_growth,2024,0.953618469238535
ISR,Israel,gdp_growth,2023,2.06272504731618
ISR,Israel,gdp_growth,2022,6.36407234798706
ISR,Israel,gdp_growth,2021,9.33534690236249
ISR,Israel,gdp_growth,2020,-1.80206927953466
ISR,Israel,gdp_growth,2019,3.57898762923605
ISR,Israel,gdp_growth,2018,4.05349952888294
ISR,Israel,gdp_growth,2017,4.34394518932547
ISR,Israel,gdp_growth,2016,4.53601939236572
ISR,Israel,gdp_growth,2015,2.23599889603805
ISR,Israel,gdp_growth,2014,3.718144149431
ISR,Israel,gdp_growth,2013,4.09013743330735
ISR,Israel,gdp_growth,2012,2.40993765217618
ISR,Israel,gdp_growth,2011,5.51341969081251
ISR,Israel,gdp_growth,2010,5.54470607068944
ISR,Israel,inflation,2025,3.0414132155654
ISR,Israel,inflation,2024,3.07480889805025
ISR,Israel,inflation,2023,4.22522603168918
ISR,Israel,inflation,2022,4.41162725488371
ISR,Israel,inflation,2021,1.47965474722561
ISR,Israel,inflation,2020,-0.575254620897756
ISR,Israel,inflation,2019,0.817645940292794
ISR,Israel,inflation,2018,0.805060379528526
ISR,Israel,inflation,2017,0.249807840123008
ISR,Israel,inflation,2016,-0.535168195718695
ISR,Israel,inflation,2015,-0.617342577642765
ISR,Israel,inflation,2014,0.467557251908503
ISR,Israel,inflation,2013,1.58976347421476
ISR,Israel,inflation,2012,1.67553715750052
ISR,Israel,inflation,2011,3.48837209302323
ISR,Israel,inflation,2010,2.70270270270273
ISR,Israel,political_stability,2024,-1.03750149999999
ISR,Israel,political_stability,2023,-1.0423159
ISR,Israel,political_stability,2022,-0.904996799999999
ISR,Israel,political_stability,2021,-0.699899199999999
ISR,Israel,political_stability,2020,-0.567841399999999
ISR,Israel,political_stability,2019,-0.4361137
ISR,Israel,political_stability,2018,-0.3446955
ISR,Israel,political_stability,2017,-0.4501475
ISR,Israel,political_stability,2016,-0.354649699999999
ISR,Israel,political_stability,2015,-0.6113908
ISR,Israel,political_stability,2014,-0.592453
ISR,Israel,political_stability,2013,-0.8855141
ISR,Israel,political_stability,2012,-0.776944
ISR,Israel,political_stability,2011,-0.8097795
ISR,Israel,political_stability,2010,-0.756258099999999
ISR,Israel,government_effectiveness,2024,1.1726244
ISR,Israel,government_effectiveness,2023,1.3569151
ISR,Israel,government_effectiveness,2022,1.5237704
ISR,Israel,government_effectiveness,2021,1.5896737
ISR,Israel,government_effectiveness,2020,1.1657244
ISR,Israel,government_effectiveness,2019,1.5693245
ISR,Israel,government_effectiveness,2018,1.397369
ISR,Israel,government_effectiveness,2017,1.545783
ISR,Israel,government_effectiveness,2016,1.526777
ISR,Israel,government_effectiveness,2015,1.4633523
ISR,Israel,government_effectiveness,2014,1.3011387
ISR,Israel,government_effectiveness,2013,1.2984187
ISR,Israel,government_effectiveness,2012,1.3000012
ISR,Israel,government_effectiveness,2011,1.3431697
ISR,Israel,government_effectiveness,2010,1.3031018
ISR,Israel,rule_of_law,2024,0.5997177
ISR,Israel,rule_of_law,2023,0.6642378
ISR,Israel,rule_of_law,2022,0.8010265
ISR,Israel,rule_of_law,2021,0.8807927
ISR,Israel,rule_of_law,2020,0.8873608
ISR,Israel,rule_of_law,2019,0.9491335
ISR,Israel,rule_of_law,2018,0.9351938
ISR,Israel,rule_of_law,2017,0.9942786
ISR,Israel,rule_of_law,2016,1.0048923
ISR,Israel,rule_of_law,2015,1.0408491
ISR,Israel,rule_of_law,2014,0.9289545
ISR,Israel,rule_of_law,2013,0.8935236
ISR,Israel,rule_of_law,2012,0.8713317
ISR,Israel,rule_of_law,2011,0.8918872
ISR,Israel,rule_of_law,2010,0.8139792
ISR,Israel,regulatory_quality,2024,1.1138772
ISR,Israel,regulatory_quality,2023,1.0540976
ISR,Israel,regulatory_quality,2022,1.1223555
ISR,Israel,regulatory_quality,2021,1.1753426
ISR,Israel,regulatory_quality,2020,1.1520351
ISR,Israel,regulatory_quality,2019,1.2416535
ISR,Israel,regulatory_quality,2018,1.163545
ISR,Israel,regulatory_quality,2017,1.21522
ISR,Israel,regulatory_quality,2016,1.2410934
ISR,Israel,regulatory_quality,2015,1.0998742
ISR,Israel,regulatory_quality,2014,1.039203
ISR,Israel,regulatory_quality,2013,1.0845921
ISR,Israel,regulatory_quality,2012,1.1065081
ISR,Israel,regulatory_quality,2011,1.1985341
ISR,Israel,regulatory_quality,2010,1.0545829
ISR,Israel,control_of_corruption,2024,0.853319
ISR,Israel,control_of_corruption,2023,0.8712956
ISR,Israel,control_of_corruption,2022,0.8878345
ISR,Israel,control_of_corruption,2021,0.9249105
ISR,Israel,control_of_corruption,2020,0.6932777
ISR,Israel,control_of_corruption,2019,0.8011548
ISR,Israel,control_of_corruption,2018,0.7398512
ISR,Israel,control_of_corruption,2017,0.8089617
ISR,Israel,control_of_corruption,2016,1.1108815
ISR,Israel,control_of_corruption,2015,0.8495585
ISR,Israel,control_of_corruption,2014,0.7470115
ISR,Israel,control_of_corruption,2013,0.7521332
ISR,Israel,control_of_corruption,2012,0.7558579
ISR,Israel,control_of_corruption,2011,0.722372
ISR,Israel,control_of_corruption,2010,0.6767019
ISR,Israel,fdi_net_inflows_pct_gdp,2025,4.29339412127743
ISR,Israel,fdi_net_inflows_pct_gdp,2024,2.7251194069041
ISR,Israel,fdi_net_inflows_pct_gdp,2023,3.14968991459396
ISR,Israel,fdi_net_inflows_pct_gdp,2022,4.35745092445992
ISR,Israel,fdi_net_inflows_pct_gdp,2021,3.86941902029446
ISR,Israel,fdi_net_inflows_pct_gdp,2020,5.10300458684
ISR,Israel,fdi_net_inflows_pct_gdp,2019,4.34923898223678
ISR,Israel,fdi_net_inflows_pct_gdp,2018,5.73001193313582
ISR,Israel,fdi_net_inflows_pct_gdp,2017,4.72701516315835
ISR,Israel,fdi_net_inflows_pct_gdp,2016,3.73360294740648
ISR,Israel,fdi_net_inflows_pct_gdp,2015,3.7432820780929
ISR,Israel,fdi_net_inflows_pct_gdp,2014,1.92409260277085
ISR,Israel,fdi_net_inflows_pct_gdp,2013,3.9732882944923
ISR,Israel,fdi_net_inflows_pct_gdp,2012,3.42638899025665
ISR,Israel,fdi_net_inflows_pct_gdp,2011,3.23187455100204
ISR,Israel,fdi_net_inflows_pct_gdp,2010,2.91791645550029
ISR,Israel,exports_pct_gdp,2025,27.5583636636004
ISR,Israel,exports_pct_gdp,2024,28.399007008222
ISR,Israel,exports_pct_gdp,2023,30.3284744013966
ISR,Israel,exports_pct_gdp,2022,31.3653023276254
ISR,Israel,exports_pct_gdp,2021,28.8185860359887
ISR,Israel,exports_pct_gdp,2020,27.1546338087038
ISR,Israel,exports_pct_gdp,2019,29.0853955837603
ISR,Israel,exports_pct_gdp,2018,29.7580333991368
ISR,Israel,exports_pct_gdp,2017,29.0661275196759
ISR,Israel,exports_pct_gdp,2016,29.7752716268816
ISR,Israel,exports_pct_gdp,2015,30.9258891134922
ISR,Israel,exports_pct_gdp,2014,31.5531969734526
ISR,Israel,exports_pct_gdp,2013,32.8527519137225
ISR,Israel,exports_pct_gdp,2012,34.7734390454533
ISR,Israel,exports_pct_gdp,2011,34.2274243361125
ISR,Israel,exports_pct_gdp,2010,33.5712633456599
ISR,Israel,imports_pct_gdp,2025,25.4308527107197
ISR,Israel,imports_pct_gdp,2024,25.9832493695112
ISR,Israel,imports_pct_gdp,2023,27.6493079272484
ISR,Israel,imports_pct_gdp,2022,29.2705404990247
ISR,Israel,imports_pct_gdp,2021,25.9998176202801
ISR,Israel,imports_pct_gdp,2020,23.9857646464416
ISR,Israel,imports_pct_gdp,2019,27.442766261022
ISR,Israel,imports_pct_gdp,2018,29.1153679363257
ISR,Israel,imports_pct_gdp,2017,27.3858098637803
ISR,Israel,imports_pct_gdp,2016,28.1780335374756
ISR,Israel,imports_pct_gdp,2015,28.0942665991862
ISR,Israel,imports_pct_gdp,2014,30.2858558244869
ISR,Israel,imports_pct_gdp,2013,31.374418442059
ISR,Israel,imports_pct_gdp,2012,35.3024648732099
ISR,Israel,imports_pct_gdp,2011,34.7735478331397
ISR,Israel,imports_pct_gdp,2010,32.1457670493261
ISR,Israel,official_exchange_rate_lcu_usd,2025,3.45189166666667
ISR,Israel,official_exchange_rate_lcu_usd,2024,3.69971964970892
ISR,Israel,official_exchange_rate_lcu_usd,2023,3.6673747160226
ISR,Israel,official_exchange_rate_lcu_usd,2022,3.35961440158189
ISR,Israel,official_exchange_rate_lcu_usd,2021,3.23019832251082
ISR,Israel,official_exchange_rate_lcu_usd,2020,3.44240585198793
ISR,Israel,official_exchange_rate_lcu_usd,2019,3.56452734661093
ISR,Israel,official_exchange_rate_lcu_usd,2018,3.59055812689938
ISR,Israel,official_exchange_rate_lcu_usd,2017,3.59955554812834
ISR,Israel,official_exchange_rate_lcu_usd,2016,3.84056666666667
ISR,Israel,official_exchange_rate_lcu_usd,2015,3.88683333333333
ISR,Israel,official_exchange_rate_lcu_usd,2014,3.577925
ISR,Israel,official_exchange_rate_lcu_usd,2013,3.61075833333333
ISR,Israel,official_exchange_rate_lcu_usd,2012,3.85592182539683
ISR,Israel,official_exchange_rate_lcu_usd,2011,3.5781293062201
ISR,Israel,official_exchange_rate_lcu_usd,2010,3.738975
ISR,Israel,gdp_current_usd,2025,610777842873.595
ISR,Israel,gdp_current_usd,2024,542284494490.778
ISR,Israel,gdp_current_usd,2023,513393395491.904
ISR,Israel,gdp_current_usd,2022,525157951212.871
ISR,Israel,gdp_current_usd,2021,489735019666.026
ISR,Israel,gdp_current_usd,2020,410908899711.272
ISR,Israel,gdp_current_usd,2019,399207771081.611
ISR,Israel,gdp_current_usd,2018,375470422244.408
ISR,Israel,gdp_current_usd,2017,357360816856.642
ISR,Israel,gdp_current_usd,2016,321083954798.337
ISR,Israel,gdp_current_usd,2015,302841190257.708
ISR,Israel,gdp_current_usd,2014,314376760832.047
ISR,Israel,gdp_current_usd,2013,298045324735.571
ISR,Israel,gdp_current_usd,2012,263172104090.976
ISR,Israel,gdp_current_usd,2011,267739352609.375
ISR,Israel,gdp_current_usd,2010,239372857534.485
ISR,Israel,gdp_per_capita_usd,2025,60336.8477964194
ISR,Israel,gdp_per_capita_usd,2024,54216.5218142787
ISR,Israel,gdp_per_capita_usd,2023,52126.4489280033
ISR,Israel,gdp_per_capita_usd,2022,54947.2091250715
ISR,Israel,gdp_per_capita_usd,2021,52258.4693499398
ISR,Israel,gdp_per_capita_usd,2020,44590.8237253282
ISR,Israel,gdp_per_capita_usd,2019,44091.8678022544
ISR,Israel,gdp_per_capita_usd,2018,42269.3770257585
ISR,Israel,gdp_per_capita_usd,2017,41013.2575323519
ISR,Israel,gdp_per_capita_usd,2016,37571.2561196275
ISR,Israel,gdp_per_capita_usd,2015,36138.13561386
ISR,Israel,gdp_per_capita_usd,2014,38265.3651949373
ISR,Israel,gdp_per_capita_usd,2013,36980.622214228
ISR,Israel,gdp_per_capita_usd,2012,33268.7066672115
ISR,Israel,gdp_per_capita_usd,2011,34476.7252065949
ISR,Israel,gdp_per_capita_usd,2010,31398.9266927022
ISR,Israel,total_reserves_usd,2025,229486904238.885
ISR,Israel,total_reserves_usd,2024,214543676669.814
ISR,Israel,total_reserves_usd,2023,204660857567.016
ISR,Israel,total_reserves_usd,2022,194231433877.693
ISR,Israel,total_reserves_usd,2021,212933655186.265
ISR,Israel,total_reserves_usd,2020,173292120893.254
ISR,Israel,total_reserves_usd,2019,126007828810.341
ISR,Israel,total_reserves_usd,2018,115265900520.851
ISR,Israel,total_reserves_usd,2017,113009532488.062
ISR,Israel,total_reserves_usd,2016,95446290281.5568
ISR,Israel,total_reserves_usd,2015,90575018408.045
ISR,Israel,total_reserves_usd,2014,86101256622.4878
ISR,Israel,total_reserves_usd,2013,81785518232.8201
ISR,Israel,total_reserves_usd,2012,75907618700.9338
ISR,Israel,total_reserves_usd,2011,74874110293.4968
ISR,Israel,total_reserves_usd,2010,70907310771.311
ISR,Israel,unemployment_rate,2025,3.489
ISR,Israel,unemployment_rate,2024,3.595
ISR,Israel,unemployment_rate,2023,3.371
ISR,Israel,unemployment_rate,2022,3.695
ISR,Israel,unemployment_rate,2021,4.812
ISR,Israel,unemployment_rate,2020,4.169
ISR,Israel,unemployment_rate,2019,3.731
ISR,Israel,unemployment_rate,2018,3.917
ISR,Israel,unemployment_rate,2017,4.14
ISR,Israel,unemployment_rate,2016,4.723
ISR,Israel,unemployment_rate,2015,5.176
ISR,Israel,unemployment_rate,2014,5.789
ISR,Israel,unemployment_rate,2013,6.137
ISR,Israel,unemployment_rate,2012,6.762
ISR,Israel,unemployment_rate,2011,7.139
ISR,Israel,unemployment_rate,2010,8.48
ISR,Israel,youth_unemployment_rate,2025,6.032
ISR,Israel,youth_unemployment_rate,2024,6.163
ISR,Israel,youth_unemployment_rate,2023,5.873
ISR,Israel,youth_unemployment_rate,2022,6.719
ISR,Israel,youth_unemployment_rate,2021,7.649
ISR,Israel,youth_unemployment_rate,2020,7.645
ISR,Israel,youth_unemployment_rate,2019,6.525
ISR,Israel,youth_unemployment_rate,2018,7.025
ISR,Israel,youth_unemployment_rate,2017,7.151
ISR,Israel,youth_unemployment_rate,2016,8.514
ISR,Israel,youth_unemployment_rate,2015,9.202
ISR,Israel,youth_unemployment_rate,2014,10.429
ISR,Israel,youth_unemployment_rate,2013,10.4
ISR,Israel,youth_unemployment_rate,2012,11.99
ISR,Israel,youth_unemployment_rate,2011,11.825
ISR,Israel,youth_unemployment_rate,2010,14.22
ISR,Israel,gini_index,2022,38.3
ISR,Israel,gini_index,2021,37.9
ISR,Israel,gini_index,2020,37.8
ISR,Israel,gini_index,2019,38.3
ISR,Israel,gini_index,2018,38.6
ISR,Israel,gini_index,2017,38.2
ISR,Israel,gini_index,2016,39.0
ISR,Israel,gini_index,2015,39.7
ISR,Israel,gini_index,2014,39.8
ISR,Israel,gini_index,2013,39.9
ISR,Israel,gini_index,2012,41.3
ISR,Israel,gini_index,2011,41.5
ISR,Israel,gini_index,2010,42.6
JOR,Jordan,debt_to_gdp,2023,93.6205554347008
JOR,Jordan,debt_to_gdp,2022,91.9482623432231
JOR,Jordan,debt_to_gdp,2021,90.3915021239108
JOR,Jordan,debt_to_gdp,2020,69.2598335214597
JOR,Jordan,debt_to_gdp,2019,72.5959011118428
JOR,Jordan,debt_to_gdp,2017,68.8793778757207
JOR,Jordan,debt_to_gdp,2016,67.6360044106235
JOR,Jordan,debt_to_gdp,2015,71.7796063259609
JOR,Jordan,debt_to_gdp,2014,70.6443937300729
JOR,Jordan,debt_to_gdp,2013,67.06858007012
JOR,Jordan,debt_to_gdp,2012,59.3141954208064
JOR,Jordan,debt_to_gdp,2011,54.6533539921518
JOR,Jordan,debt_to_gdp,2010,53.6976148986448
JOR,Jordan,current_account_pct_gdp,2024,-5.33366328480029
JOR,Jordan,current_account_pct_gdp,2023,-3.25589967062863
JOR,Jordan,current_account_pct_gdp,2022,-7.39189539188183
JOR,Jordan,current_account_pct_gdp,2021,-7.33213017137509
JOR,Jordan,current_account_pct_gdp,2020,-5.22619044169868
JOR,Jordan,current_account_pct_gdp,2019,-1.58889950651918
JOR,Jordan,current_account_pct_gdp,2018,-6.24582575623598
JOR,Jordan,current_account_pct_gdp,2017,-9.64699161865138
JOR,Jordan,current_account_pct_gdp,2016,-8.81657895710529
JOR,Jordan,current_account_pct_gdp,2015,-8.18461267567615
JOR,Jordan,current_account_pct_gdp,2014,-6.43399981653877
JOR,Jordan,current_account_pct_gdp,2013,-9.25155039516621
JOR,Jordan,current_account_pct_gdp,2012,-13.5170565963848
JOR,Jordan,current_account_pct_gdp,2011,-9.05634436432946
JOR,Jordan,current_account_pct_gdp,2010,-6.23104500049183
JOR,Jordan,reserves_months_imports,2024,7.79308209953668
JOR,Jordan,reserves_months_imports,2023,7.30720985185322
JOR,Jordan,reserves_months_imports,2022,6.91105668859684
JOR,Jordan,reserves_months_imports,2021,9.41805813288369
JOR,Jordan,reserves_months_imports,2020,10.4582795455972
JOR,Jordan,reserves_months_imports,2019,7.95678043914995
JOR,Jordan,reserves_months_imports,2018,7.24379947940579
JOR,Jordan,reserves_months_imports,2017,7.75008193340763
JOR,Jordan,reserves_months_imports,2016,8.14629408993945
JOR,Jordan,reserves_months_imports,2015,8.30493088673973
JOR,Jordan,reserves_months_imports,2014,7.32698091779618
JOR,Jordan,reserves_months_imports,2013,6.55665747795074
JOR,Jordan,reserves_months_imports,2012,4.40545435759904
JOR,Jordan,reserves_months_imports,2011,6.51551435816016
JOR,Jordan,reserves_months_imports,2010,8.45757169717942
JOR,Jordan,gdp_growth,2025,2.82660839845745
JOR,Jordan,gdp_growth,2024,2.55605891810194
JOR,Jordan,gdp_growth,2023,3.12900102017251
JOR,Jordan,gdp_growth,2022,2.7468615450031
JOR,Jordan,gdp_growth,2021,3.75201276755828
JOR,Jordan,gdp_growth,2020,-1.15257534158022
JOR,Jordan,gdp_growth,2019,1.85633006592765
JOR,Jordan,gdp_growth,2018,1.85383415616927
JOR,Jordan,gdp_growth,2017,2.50770398070352
JOR,Jordan,gdp_growth,2016,2.11166806967252
JOR,Jordan,gdp_growth,2015,2.52261671092148
JOR,Jordan,gdp_growth,2014,3.32287328047509
JOR,Jordan,gdp_growth,2013,2.72311205964112
JOR,Jordan,gdp_growth,2012,2.40465716535539
JOR,Jordan,gdp_growth,2011,2.90729315392207
JOR,Jordan,gdp_growth,2010,2.6377158262256
JOR,Jordan,inflation,2025,1.76646490894206
JOR,Jordan,inflation,2024,1.55659611283953
JOR,Jordan,inflation,2023,2.08486986327134
JOR,Jordan,inflation,2022,4.22915568897117
JOR,Jordan,inflation,2021,1.34609377243118
JOR,Jordan,inflation,2020,0.333294350628378
JOR,Jordan,inflation,2019,0.761514047265601
JOR,Jordan,inflation,2018,4.46231108475481
JOR,Jordan,inflation,2017,3.32389447576097
JOR,Jordan,inflation,2016,-0.778430463054142
JOR,Jordan,inflation,2015,-0.876851359704049
JOR,Jordan,inflation,2014,2.89947905006057
JOR,Jordan,inflation,2013,4.82462314269537
JOR,Jordan,inflation,2012,4.5152295667099
JOR,Jordan,inflation,2011,4.1624416292779
JOR,Jordan,inflation,2010,4.84551875852116
JOR,Jordan,political_stability,2024,-0.3501687
JOR,Jordan,political_stability,2023,-0.3007473
JOR,Jordan,political_stability,2022,-0.311462199999999
JOR,Jordan,political_stability,2021,-0.390988399999999
JOR,Jordan,political_stability,2020,-0.3260056
JOR,Jordan,political_stability,2019,-0.2846298
JOR,Jordan,political_stability,2018,-0.322432699999999
JOR,Jordan,political_stability,2017,-0.444359699999999
JOR,Jordan,political_stability,2016,-0.538077799999999
JOR,Jordan,political_stability,2015,-0.6404285
JOR,Jordan,political_stability,2014,-0.609596
JOR,Jordan,political_stability,2013,-0.6862202
JOR,Jordan,political_stability,2012,-0.5975891
JOR,Jordan,political_stability,2011,-0.6339348
JOR,Jordan,political_stability,2010,-0.407725
JOR,Jordan,government_effectiveness,2024,0.2162114
JOR,Jordan,government_effectiveness,2023,0.3908884
JOR,Jordan,government_effectiveness,2022,0.1428514
JOR,Jordan,government_effectiveness,2021,0.1228638
JOR,Jordan,government_effectiveness,2020,0.1138845
JOR,Jordan,government_effectiveness,2019,0.011123
JOR,Jordan,government_effectiveness,2018,0.089873
JOR,Jordan,government_effectiveness,2017,0.2771646
JOR,Jordan,government_effectiveness,2016,0.3625455
JOR,Jordan,government_effectiveness,2015,0.3820942
JOR,Jordan,government_effectiveness,2014,0.3808336
JOR,Jordan,government_effectiveness,2013,0.2411636
JOR,Jordan,government_effectiveness,2012,0.2203515
JOR,Jordan,government_effectiveness,2011,0.1349915
JOR,Jordan,government_effectiveness,2010,0.0759657
JOR,Jordan,rule_of_law,2024,0.1685335
JOR,Jordan,rule_of_law,2023,0.1232268
JOR,Jordan,rule_of_law,2022,0.0764869
JOR,Jordan,rule_of_law,2021,0.0436082
JOR,Jordan,rule_of_law,2020,0.1081792
JOR,Jordan,rule_of_law,2019,0.1365134
JOR,Jordan,rule_of_law,2018,0.1458763
JOR,Jordan,rule_of_law,2017,0.1933843
JOR,Jordan,rule_of_law,2016,0.1691297
JOR,Jordan,rule_of_law,2015,0.1375421
JOR,Jordan,rule_of_law,2014,0.111905
JOR,Jordan,rule_of_law,2013,0.1297285
JOR,Jordan,rule_of_law,2012,0.1782421
JOR,Jordan,rule_of_law,2011,0.1505452
JOR,Jordan,rule_of_law,2010,0.0570422
JOR,Jordan,regulatory_quality,2024,0.2760104
JOR,Jordan,regulatory_quality,2023,0.3141122
JOR,Jordan,regulatory_quality,2022,0.2117071
JOR,Jordan,regulatory_quality,2021,0.1917529
JOR,Jordan,regulatory_quality,2020,0.1930478
JOR,Jordan,regulatory_quality,2019,0.159713
JOR,Jordan,regulatory_quality,2018,0.0851019
JOR,Jordan,regulatory_quality,2017,0.1335964
JOR,Jordan,regulatory_quality,2016,0.1178125
JOR,Jordan,regulatory_quality,2015,0.1682906
JOR,Jordan,regulatory_quality,2014,0.104591
JOR,Jordan,regulatory_quality,2013,0.0995895
JOR,Jordan,regulatory_quality,2012,0.1819511
JOR,Jordan,regulatory_quality,2011,0.1908722
JOR,Jordan,regulatory_quality,2010,0.1073349
JOR,Jordan,control_of_corruption,2024,0.2721934
JOR,Jordan,control_of_corruption,2023,0.1060315
JOR,Jordan,control_of_corruption,2022,0.0226578
JOR,Jordan,control_of_corruption,2021,0.0177108
JOR,Jordan,control_of_corruption,2020,0.1409154
JOR,Jordan,control_of_corruption,2019,0.0894230999999999
JOR,Jordan,control_of_corruption,2018,0.0742478
JOR,Jordan,control_of_corruption,2017,0.1776447
JOR,Jordan,control_of_corruption,2016,0.2009082
JOR,Jordan,control_of_corruption,2015,0.2644497
JOR,Jordan,control_of_corruption,2014,0.0942006
JOR,Jordan,control_of_corruption,2013,0.0969314999999999
JOR,Jordan,control_of_corruption,2012,0.0948384999999999
JOR,Jordan,control_of_corruption,2011,0.150624
JOR,Jordan,control_of_corruption,2010,0.0263631
JOR,Jordan,fdi_net_inflows_pct_gdp,2024,2.78862682935517
JOR,Jordan,fdi_net_inflows_pct_gdp,2023,3.57486440635924
JOR,Jordan,fdi_net_inflows_pct_gdp,2022,1.79856207883079
JOR,Jordan,fdi_net_inflows_pct_gdp,2021,1.22641995478769
JOR,Jordan,fdi_net_inflows_pct_gdp,2020,1.58617483665323
JOR,Jordan,fdi_net_inflows_pct_gdp,2019,1.50023479065386
JOR,Jordan,fdi_net_inflows_pct_gdp,2018,2.01309678009089
JOR,Jordan,fdi_net_inflows_pct_gdp,2017,4.45743038303198
JOR,Jordan,fdi_net_inflows_pct_gdp,2016,3.554614581726
JOR,Jordan,fdi_net_inflows_pct_gdp,2015,3.77477904735167
JOR,Jordan,fdi_net_inflows_pct_gdp,2014,5.37423314588782
JOR,Jordan,fdi_net_inflows_pct_gdp,2013,5.1397527233423
JOR,Jordan,fdi_net_inflows_pct_gdp,2012,4.4426748997237
JOR,Jordan,fdi_net_inflows_pct_gdp,2011,4.5528280155948
JOR,Jordan,fdi_net_inflows_pct_gdp,2010,5.59019642688163
JOR,Jordan,official_exchange_rate_lcu_usd,2025,0.71
JOR,Jordan,official_exchange_rate_lcu_usd,2024,0.71
JOR,Jordan,official_exchange_rate_lcu_usd,2023,0.71
JOR,Jordan,official_exchange_rate_lcu_usd,2022,0.71
JOR,Jordan,official_exchange_rate_lcu_usd,2021,0.71
JOR,Jordan,official_exchange_rate_lcu_usd,2020,0.71
JOR,Jordan,official_exchange_rate_lcu_usd,2019,0.71
JOR,Jordan,official_exchange_rate_lcu_usd,2018,0.71
JOR,Jordan,official_exchange_rate_lcu_usd,2017,0.71
JOR,Jordan,official_exchange_rate_lcu_usd,2016,0.71
JOR,Jordan,official_exchange_rate_lcu_usd,2015,0.71
JOR,Jordan,official_exchange_rate_lcu_usd,2014,0.71
JOR,Jordan,official_exchange_rate_lcu_usd,2013,0.71
JOR,Jordan,official_exchange_rate_lcu_usd,2012,0.71
JOR,Jordan,official_exchange_rate_lcu_usd,2011,0.71
JOR,Jordan,official_exchange_rate_lcu_usd,2010,0.71
JOR,Jordan,gdp_current_usd,2025,61610052535.2113
JOR,Jordan,gdp_current_usd,2024,58618380563.3803
JOR,Jordan,gdp_current_usd,2023,56123472112.6761
JOR,Jordan,gdp_current_usd,2022,53516930140.8451
JOR,Jordan,gdp_current_usd,2021,50702940985.9155
JOR,Jordan,gdp_current_usd,2020,47931770985.9155
JOR,Jordan,gdp_current_usd,2019,48640273802.8169
JOR,Jordan,gdp_current_usd,2018,47435850422.5352
JOR,Jordan,gdp_current_usd,2017,45535614366.1972
JOR,Jordan,gdp_current_usd,2016,43688498732.3944
JOR,Jordan,gdp_current_usd,2015,42394049295.7747
JOR,Jordan,gdp_current_usd,2014,40535098591.5493
JOR,Jordan,gdp_current_usd,2013,37873362957.7465
JOR,Jordan,gdp_current_usd,2012,34854017887.3239
JOR,Jordan,gdp_current_usd,2011,32640291549.2958
JOR,Jordan,gdp_current_usd,2010,30202773521.1268
JOR,Jordan,gdp_per_capita_usd,2025,5347.77731384797
JOR,Jordan,gdp_per_capita_usd,2024,5073.92103605892
JOR,Jordan,gdp_per_capita_usd,2023,4906.23543006639
JOR,Jordan,gdp_per_capita_usd,2022,4754.41362207378
JOR,Jordan,gdp_per_capita_usd,2021,4581.71967230365
JOR,Jordan,gdp_per_capita_usd,2020,4411.48321838396
JOR,Jordan,gdp_per_capita_usd,2019,4557.79334729121
JOR,Jordan,gdp_per_capita_usd,2018,4533.97658437205
JOR,Jordan,gdp_per_capita_usd,2017,4449.34618076611
JOR,Jordan,gdp_per_capita_usd,2016,4366.06999647268
JOR,Jordan,gdp_per_capita_usd,2015,4441.61896013754
JOR,Jordan,gdp_per_capita_usd,2014,4610.60460269382
JOR,Jordan,gdp_per_capita_usd,2013,4739.02253641778
JOR,Jordan,gdp_per_capita_usd,2012,4593.83609729005
JOR,Jordan,gdp_per_capita_usd,2011,4363.42800211536
JOR,Jordan,gdp_per_capita_usd,2010,4139.04283161368
JOR,Jordan,total_reserves_usd,2025,26557371377.9991
JOR,Jordan,total_reserves_usd,2024,21939099361.5116
JOR,Jordan,total_reserves_usd,2023,19068901690.6261
JOR,Jordan,total_reserves_usd,2022,18198223674.0612
JOR,Jordan,total_reserves_usd,2021,19089364753.8241
JOR,Jordan,total_reserves_usd,2020,16961505361.5263
JOR,Jordan,total_reserves_usd,2019,15400591352.5233
JOR,Jordan,total_reserves_usd,2018,14580237971.8722
JOR,Jordan,total_reserves_usd,2017,15571115321.1352
JOR,Jordan,total_reserves_usd,2016,15543454210.4578
JOR,Jordan,total_reserves_usd,2015,16571894982.6299
JOR,Jordan,total_reserves_usd,2014,16047206176.5456
JOR,Jordan,total_reserves_usd,2013,13826035948.1698
JOR,Jordan,total_reserves_usd,2012,8830598045.45112
JOR,Jordan,total_reserves_usd,2011,12094960533.4281
JOR,Jordan,total_reserves_usd,2010,13632983538.0758
JOR,Jordan,unemployment_rate,2025,16.535
JOR,Jordan,unemployment_rate,2024,16.693
JOR,Jordan,unemployment_rate,2023,16.62
JOR,Jordan,unemployment_rate,2022,18.2
JOR,Jordan,unemployment_rate,2021,19.837
JOR,Jordan,unemployment_rate,2020,19.213
JOR,Jordan,unemployment_rate,2019,16.801
JOR,Jordan,unemployment_rate,2018,18.257
JOR,Jordan,unemployment_rate,2017,18.12
JOR,Jordan,unemployment_rate,2016,15.275
JOR,Jordan,unemployment_rate,2015,13.075
JOR,Jordan,unemployment_rate,2014,11.9
JOR,Jordan,unemployment_rate,2013,12.6
JOR,Jordan,unemployment_rate,2012,12.2
JOR,Jordan,unemployment_rate,2011,12.9
JOR,Jordan,unemployment_rate,2010,12.5
JOR,Jordan,youth_unemployment_rate,2025,38.876
JOR,Jordan,youth_unemployment_rate,2024,39.053
JOR,Jordan,youth_unemployment_rate,2023,38.837
JOR,Jordan,youth_unemployment_rate,2022,42.028
JOR,Jordan,youth_unemployment_rate,2021,43.862
JOR,Jordan,youth_unemployment_rate,2020,42.458
JOR,Jordan,youth_unemployment_rate,2019,37.205
JOR,Jordan,youth_unemployment_rate,2018,38.941
JOR,Jordan,youth_unemployment_rate,2017,35.438
JOR,Jordan,youth_unemployment_rate,2016,35.61
JOR,Jordan,youth_unemployment_rate,2015,30.914
JOR,Jordan,youth_unemployment_rate,2014,27.612
JOR,Jordan,youth_unemployment_rate,2013,29.536
JOR,Jordan,youth_unemployment_rate,2012,28.853
JOR,Jordan,youth_unemployment_rate,2011,30.787
JOR,Jordan,youth_unemployment_rate,2010,30.059
JOR,Jordan,gini_index,2010,33.7
KWT,Kuwait,current_account_pct_gdp,2025,22.6972052506544
KWT,Kuwait,current_account_pct_gdp,2024,29.025293802042
KWT,Kuwait,current_account_pct_gdp,2023,31.0620887768465
KWT,Kuwait,current_account_pct_gdp,2022,34.3743300781264
KWT,Kuwait,current_account_pct_gdp,2021,23.5545486012366
KWT,Kuwait,current_account_pct_gdp,2020,19.8384588490022
KWT,Kuwait,current_account_pct_gdp,2019,21.4792265638837
KWT,Kuwait,current_account_pct_gdp,2018,17.3456575415954
KWT,Kuwait,current_account_pct_gdp,2017,6.42748123295125
KWT,Kuwait,current_account_pct_gdp,2016,0.586532843484052
KWT,Kuwait,current_account_pct_gdp,2015,7.49155631840309
KWT,Kuwait,current_account_pct_gdp,2014,33.1790758712171
KWT,Kuwait,current_account_pct_gdp,2013,39.89983649926
KWT,Kuwait,current_account_pct_gdp,2012,45.4600006397631
KWT,Kuwait,current_account_pct_gdp,2011,42.9408981326277
KWT,Kuwait,current_account_pct_gdp,2010,32.0485537270105
KWT,Kuwait,reserves_months_imports,2025,8.4055579755159
KWT,Kuwait,reserves_months_imports,2024,8.95073906369193
KWT,Kuwait,reserves_months_imports,2023,9.16572725223109
KWT,Kuwait,reserves_months_imports,2022,10.3160929642549
KWT,Kuwait,reserves_months_imports,2021,11.5856043455391
KWT,Kuwait,reserves_months_imports,2020,13.4337803734092
KWT,Kuwait,reserves_months_imports,2019,8.19436804212924
KWT,Kuwait,reserves_months_imports,2018,6.7996454578408
KWT,Kuwait,reserves_months_imports,2017,7.33105759499094
KWT,Kuwait,reserves_months_imports,2016,7.54601228573551
KWT,Kuwait,reserves_months_imports,2015,6.97335100639206
KWT,Kuwait,reserves_months_imports,2014,8.03008854467478
KWT,Kuwait,reserves_months_imports,2013,8.10687874184372
KWT,Kuwait,reserves_months_imports,2012,8.51843721530013
KWT,Kuwait,reserves_months_imports,2011,8.27693096964217
KWT,Kuwait,reserves_months_imports,2010,8.12731623049244
KWT,Kuwait,gdp_growth,2025,2.731825804492
KWT,Kuwait,gdp_growth,2024,-1.47401818168846
KWT,Kuwait,gdp_growth,2023,-1.64087799968877
KWT,Kuwait,gdp_growth,2022,6.75866711966617
KWT,Kuwait,gdp_growth,2021,1.67213054307859
KWT,Kuwait,gdp_growth,2020,-4.81731593381585
KWT,Kuwait,gdp_growth,2019,2.26381706595791
KWT,Kuwait,gdp_growth,2018,2.74333045031415
KWT,Kuwait,gdp_growth,2017,-4.71222270495362
KWT,Kuwait,gdp_growth,2016,2.92607584256388
KWT,Kuwait,gdp_growth,2015,0.592770817217982
KWT,Kuwait,gdp_growth,2014,0.500914669444924
KWT,Kuwait,gdp_growth,2013,1.14946552780648
KWT,Kuwait,gdp_growth,2012,6.62587485078971
KWT,Kuwait,gdp_growth,2011,9.62863419534361
KWT,Kuwait,gdp_growth,2010,-2.37054804425912
KWT,Kuwait,inflation,2025,2.36195936682045
KWT,Kuwait,inflation,2024,2.89855072463762
KWT,Kuwait,inflation,2023,3.64216403030709
KWT,Kuwait,inflation,2022,3.98064961990313
KWT,Kuwait,inflation,2021,3.42362947609188
KWT,Kuwait,inflation,2020,2.101729548274
KWT,Kuwait,inflation,2019,1.09184802655856
KWT,Kuwait,inflation,2018,0.543133148199567
KWT,Kuwait,inflation,2017,2.17183298510006
KWT,Kuwait,inflation,2016,3.19839776658374
KWT,Kuwait,inflation,2015,3.27170166092133
KWT,Kuwait,inflation,2014,2.90892672858625
KWT,Kuwait,inflation,2013,2.68229684085039
KWT,Kuwait,inflation,2012,3.25514600287211
KWT,Kuwait,inflation,2011,4.8394034987095
KWT,Kuwait,inflation,2010,4.49640287769787
KWT,Kuwait,political_stability,2024,0.2939367
KWT,Kuwait,political_stability,2023,0.2906988
KWT,Kuwait,political_stability,2022,0.1041664
KWT,Kuwait,political_stability,2021,0.1542148
KWT,Kuwait,political_stability,2020,0.1554026
KWT,Kuwait,political_stability,2019,0.2460837
KWT,Kuwait,political_stability,2018,0.2360921
KWT,Kuwait,political_stability,2017,0.0018547
KWT,Kuwait,political_stability,2016,-0.0213093
KWT,Kuwait,political_stability,2015,-0.1466244
KWT,Kuwait,political_stability,2014,0.0855674
KWT,Kuwait,political_stability,2013,0.1094954
KWT,Kuwait,political_stability,2012,0.0971713999999999
KWT,Kuwait,political_stability,2011,0.326635
KWT,Kuwait,political_stability,2010,0.576776
KWT,Kuwait,government_effectiveness,2024,0.3278963
KWT,Kuwait,government_effectiveness,2023,0.3091212
KWT,Kuwait,government_effectiveness,2022,0.3336204
KWT,Kuwait,government_effectiveness,2021,0.0296612
KWT,Kuwait,government_effectiveness,2020,-0.11216
KWT,Kuwait,government_effectiveness,2019,-0.112275699999999
KWT,Kuwait,government_effectiveness,2018,0.1281525
KWT,Kuwait,government_effectiveness,2017,-0.0073085
KWT,Kuwait,government_effectiveness,2016,-0.0028171
KWT,Kuwait,government_effectiveness,2015,0.237773
KWT,Kuwait,government_effectiveness,2014,0.1409051
KWT,Kuwait,government_effectiveness,2013,0.016508
KWT,Kuwait,government_effectiveness,2012,0.0282044
KWT,Kuwait,government_effectiveness,2011,0.0334503
KWT,Kuwait,government_effectiveness,2010,0.1289714
KWT,Kuwait,rule_of_law,2024,0.2308269
KWT,Kuwait,rule_of_law,2023,0.1910577
KWT,Kuwait,rule_of_law,2022,0.2236666
KWT,Kuwait,rule_of_law,2021,0.1194986
KWT,Kuwait,rule_of_law,2020,0.146885
KWT,Kuwait,rule_of_law,2019,0.0662246
KWT,Kuwait,rule_of_law,2018,-0.0177652
KWT,Kuwait,rule_of_law,2017,-0.0541277
KWT,Kuwait,rule_of_law,2016,-0.0688786
KWT,Kuwait,rule_of_law,2015,7.06e-05
KWT,Kuwait,rule_of_law,2014,0.0157648
KWT,Kuwait,rule_of_law,2013,0.2919927
KWT,Kuwait,rule_of_law,2012,0.3272807
KWT,Kuwait,rule_of_law,2011,0.3070359
KWT,Kuwait,rule_of_law,2010,0.3381151
KWT,Kuwait,regulatory_quality,2024,0.4035133
KWT,Kuwait,regulatory_quality,2023,0.3224925
KWT,Kuwait,regulatory_quality,2022,0.2464239
KWT,Kuwait,regulatory_quality,2021,0.1641701
KWT,Kuwait,regulatory_quality,2020,0.1356131
KWT,Kuwait,regulatory_quality,2019,0.1059595
KWT,Kuwait,regulatory_quality,2018,0.0185723
KWT,Kuwait,regulatory_quality,2017,-0.0306017
KWT,Kuwait,regulatory_quality,2016,-0.0488498
KWT,Kuwait,regulatory_quality,2015,-0.0254842
KWT,Kuwait,regulatory_quality,2014,-0.0650589
KWT,Kuwait,regulatory_quality,2013,0.1194098
KWT,Kuwait,regulatory_quality,2012,0.1507128
KWT,Kuwait,regulatory_quality,2011,0.2857251
KWT,Kuwait,regulatory_quality,2010,0.4485081
KWT,Kuwait,control_of_corruption,2024,0.2183455
KWT,Kuwait,control_of_corruption,2023,0.1660086
KWT,Kuwait,control_of_corruption,2022,0.0771437
KWT,Kuwait,control_of_corruption,2021,-0.0606404
KWT,Kuwait,control_of_corruption,2020,-0.1551226
KWT,Kuwait,control_of_corruption,2019,-0.1345999
KWT,Kuwait,control_of_corruption,2018,-0.2747578
KWT,Kuwait,control_of_corruption,2017,-0.3931383
KWT,Kuwait,control_of_corruption,2016,-0.338747099999999
KWT,Kuwait,control_of_corruption,2015,-0.241923499999999
KWT,Kuwait,control_of_corruption,2014,-0.2717863
KWT,Kuwait,control_of_corruption,2013,-0.123960599999999
KWT,Kuwait,control_of_corruption,2012,-0.1357484
KWT,Kuwait,control_of_corruption,2011,-0.0793826
KWT,Kuwait,control_of_corruption,2010,0.1131822
KWT,Kuwait,fdi_net_inflows_pct_gdp,2025,0.262764598716339
KWT,Kuwait,fdi_net_inflows_pct_gdp,2024,0.381956730773215
KWT,Kuwait,fdi_net_inflows_pct_gdp,2023,1.277994317906
KWT,Kuwait,fdi_net_inflows_pct_gdp,2022,0.409943823254394
KWT,Kuwait,fdi_net_inflows_pct_gdp,2021,-0.183575378772919
KWT,Kuwait,fdi_net_inflows_pct_gdp,2020,-0.502546857177858
KWT,Kuwait,fdi_net_inflows_pct_gdp,2019,0.366059041832984
KWT,Kuwait,fdi_net_inflows_pct_gdp,2018,-0.0154187787915342
KWT,Kuwait,fdi_net_inflows_pct_gdp,2017,0.0936402094114043
KWT,Kuwait,fdi_net_inflows_pct_gdp,2016,0.266918369047007
KWT,Kuwait,fdi_net_inflows_pct_gdp,2015,0.248414926379679
KWT,Kuwait,fdi_net_inflows_pct_gdp,2014,0.298681408941651
KWT,Kuwait,fdi_net_inflows_pct_gdp,2013,0.823130244872496
KWT,Kuwait,fdi_net_inflows_pct_gdp,2012,1.65046109668041
KWT,Kuwait,fdi_net_inflows_pct_gdp,2011,2.11573865053541
KWT,Kuwait,fdi_net_inflows_pct_gdp,2010,1.13036730425536
KWT,Kuwait,exports_pct_gdp,2024,55.7559768271522
KWT,Kuwait,exports_pct_gdp,2023,57.702062317436
KWT,Kuwait,exports_pct_gdp,2022,60.4485945316523
KWT,Kuwait,exports_pct_gdp,2021,51.725692658617
KWT,Kuwait,exports_pct_gdp,2020,43.7131472290911
KWT,Kuwait,exports_pct_gdp,2019,52.0582560763879
KWT,Kuwait,exports_pct_gdp,2018,57.311462753412
KWT,Kuwait,exports_pct_gdp,2017,51.1963155925274
KWT,Kuwait,exports_pct_gdp,2016,47.632285262531
KWT,Kuwait,exports_pct_gdp,2015,53.7653724505163
KWT,Kuwait,exports_pct_gdp,2014,68.5055251263225
KWT,Kuwait,exports_pct_gdp,2013,70.8610179890485
KWT,Kuwait,exports_pct_gdp,2012,74.7318371141504
KWT,Kuwait,exports_pct_gdp,2011,73.2176749998524
KWT,Kuwait,exports_pct_gdp,2010,66.6735112696735
KWT,Kuwait,imports_pct_gdp,2024,38.2349394412597
KWT,Kuwait,imports_pct_gdp,2023,38.3322886518802
KWT,Kuwait,imports_pct_gdp,2022,30.4702156706902
KWT,Kuwait,imports_pct_gdp,2021,30.2746825189716
KWT,Kuwait,imports_pct_gdp,2020,38.2993629002141
KWT,Kuwait,imports_pct_gdp,2019,39.6274563132075
KWT,Kuwait,imports_pct_gdp,2018,45.4741679015879
KWT,Kuwait,imports_pct_gdp,2017,46.6437308648816
KWT,Kuwait,imports_pct_gdp,2016,48.5253871133306
KWT,Kuwait,imports_pct_gdp,2015,44.9346159950322
KWT,Kuwait,imports_pct_gdp,2014,31.5316647155213
KWT,Kuwait,imports_pct_gdp,2013,26.7444733437666
KWT,Kuwait,imports_pct_gdp,2012,26.2795979898817
KWT,Kuwait,imports_pct_gdp,2011,25.8988177648389
KWT,Kuwait,imports_pct_gdp,2010,30.3545103903329
KWT,Kuwait,official_exchange_rate_lcu_usd,2025,0.306454776364578
KWT,Kuwait,official_exchange_rate_lcu_usd,2024,0.306690648597046
KWT,Kuwait,official_exchange_rate_lcu_usd,2023,0.30718535125088
KWT,Kuwait,official_exchange_rate_lcu_usd,2022,0.306250154417753
KWT,Kuwait,official_exchange_rate_lcu_usd,2021,0.301643110769949
KWT,Kuwait,official_exchange_rate_lcu_usd,2020,0.306233121756716
KWT,Kuwait,official_exchange_rate_lcu_usd,2019,0.303611163035755
KWT,Kuwait,official_exchange_rate_lcu_usd,2018,0.301956493524177
KWT,Kuwait,official_exchange_rate_lcu_usd,2017,0.303349758333333
KWT,Kuwait,official_exchange_rate_lcu_usd,2016,0.302137441178496
KWT,Kuwait,official_exchange_rate_lcu_usd,2015,0.300852025
KWT,Kuwait,official_exchange_rate_lcu_usd,2014,0.284567141666667
KWT,Kuwait,official_exchange_rate_lcu_usd,2013,0.283589441666667
KWT,Kuwait,official_exchange_rate_lcu_usd,2012,0.279935558333333
KWT,Kuwait,official_exchange_rate_lcu_usd,2011,0.275978944444444
KWT,Kuwait,official_exchange_rate_lcu_usd,2010,0.286606591666667
KWT,Kuwait,gdp_current_usd,2025,157209026926.418
KWT,Kuwait,gdp_current_usd,2024,160903106639.233
KWT,Kuwait,gdp_current_usd,2023,165462656226.772
KWT,Kuwait,gdp_current_usd,2022,183502046693.878
KWT,Kuwait,gdp_current_usd,2021,148350671489.144
KWT,Kuwait,gdp_current_usd,2020,111045470605.715
KWT,Kuwait,gdp_current_usd,2019,140856394860.529
KWT,Kuwait,gdp_current_usd,2018,138646316350.727
KWT,Kuwait,gdp_current_usd,2017,120687539805.505
KWT,Kuwait,gdp_current_usd,2016,109406674124.652
KWT,Kuwait,gdp_current_usd,2015,114585555688.511
KWT,Kuwait,gdp_current_usd,2014,162650450684.725
KWT,Kuwait,gdp_current_usd,2013,174168116534.844
KWT,Kuwait,gdp_current_usd,2012,174047662680.041
KWT,Kuwait,gdp_current_usd,2011,154039231245.856
KWT,Kuwait,gdp_current_usd,2010,115416245241.742
KWT,Kuwait,gdp_per_capita_usd,2025,32312.3119953634
KWT,Kuwait,gdp_per_capita_usd,2024,32855.7209688827
KWT,Kuwait,gdp_per_capita_usd,2023,34091.9714813002
KWT,Kuwait,gdp_per_capita_usd,2022,39981.7691035833
KWT,Kuwait,gdp_per_capita_usd,2021,34018.6342592913
KWT,Kuwait,gdp_per_capita_usd,2020,25236.0755848941
KWT,Kuwait,gdp_per_capita_usd,2019,31707.8737443551
KWT,Kuwait,gdp_per_capita_usd,2018,32067.9623756889
KWT,Kuwait,gdp_per_capita_usd,2017,29047.6536135703
KWT,Kuwait,gdp_per_capita_usd,2016,27323.6890735517
KWT,Kuwait,gdp_per_capita_usd,2015,29882.2126495698
KWT,Kuwait,gdp_per_capita_usd,2014,44368.7813457751
KWT,Kuwait,gdp_per_capita_usd,2013,49651.0439275077
KWT,Kuwait,gdp_per_capita_usd,2012,52155.2225833921
KWT,Kuwait,gdp_per_capita_usd,2011,49169.6063813095
KWT,Kuwait,gdp_per_capita_usd,2010,39212.252220155
KWT,Kuwait,total_reserves_usd,2025,51737963291.5741
KWT,Kuwait,total_reserves_usd,2024,50727942998.1333
KWT,Kuwait,total_reserves_usd,2023,52619359334.9437
KWT,Kuwait,total_reserves_usd,2022,52461721622.8115
KWT,Kuwait,total_reserves_usd,2021,49525016980.8271
KWT,Kuwait,total_reserves_usd,2020,52918606999.3546
KWT,Kuwait,total_reserves_usd,2019,43668410965.0783
KWT,Kuwait,total_reserves_usd,2018,40282453060.4129
KWT,Kuwait,total_reserves_usd,2017,36889754716.8625
KWT,Kuwait,total_reserves_usd,2016,33936274928.4313
KWT,Kuwait,total_reserves_usd,2015,30960893267.6336
KWT,Kuwait,total_reserves_usd,2014,35175442351.7033
KWT,Kuwait,total_reserves_usd,2013,32410244556.9514
KWT,Kuwait,total_reserves_usd,2012,33109896469.2245
KWT,Kuwait,total_reserves_usd,2011,29681701459.822
KWT,Kuwait,total_reserves_usd,2010,24801842016.4147
KWT,Kuwait,unemployment_rate,2025,2.181
KWT,Kuwait,unemployment_rate,2024,2.151
KWT,Kuwait,unemployment_rate,2023,2.08
KWT,Kuwait,unemployment_rate,2022,2.133
KWT,Kuwait,unemployment_rate,2021,2.97
KWT,Kuwait,unemployment_rate,2020,3.489
KWT,Kuwait,unemployment_rate,2019,2.213
KWT,Kuwait,unemployment_rate,2018,2.202
KWT,Kuwait,unemployment_rate,2017,2.23
KWT,Kuwait,unemployment_rate,2016,2.16
KWT,Kuwait,unemployment_rate,2015,2.2
KWT,Kuwait,unemployment_rate,2014,2.9
KWT,Kuwait,unemployment_rate,2013,2.465
KWT,Kuwait,unemployment_rate,2012,2.227
KWT,Kuwait,unemployment_rate,2011,2.051
KWT,Kuwait,unemployment_rate,2010,1.82
KWT,Kuwait,youth_unemployment_rate,2025,15.058
KWT,Kuwait,youth_unemployment_rate,2024,15.145
KWT,Kuwait,youth_unemployment_rate,2023,15.091
KWT,Kuwait,youth_unemployment_rate,2022,15.19
KWT,Kuwait,youth_unemployment_rate,2021,17.755
KWT,Kuwait,youth_unemployment_rate,2020,19.059
KWT,Kuwait,youth_unemployment_rate,2019,15.223
KWT,Kuwait,youth_unemployment_rate,2018,15.224
KWT,Kuwait,youth_unemployment_rate,2017,15.255
KWT,Kuwait,youth_unemployment_rate,2016,15.143
KWT,Kuwait,youth_unemployment_rate,2015,16.18
KWT,Kuwait,youth_unemployment_rate,2014,15.464
KWT,Kuwait,youth_unemployment_rate,2013,13.635
KWT,Kuwait,youth_unemployment_rate,2012,11.994
KWT,Kuwait,youth_unemployment_rate,2011,10.297
KWT,Kuwait,youth_unemployment_rate,2010,8.584
LBN,Lebanon,current_account_pct_gdp,2023,-28.103669636709
LBN,Lebanon,current_account_pct_gdp,2022,-34.606227109401
LBN,Lebanon,current_account_pct_gdp,2021,-19.6978128626341
LBN,Lebanon,current_account_pct_gdp,2020,-8.76184199911137
LBN,Lebanon,current_account_pct_gdp,2019,-21.828092491848
LBN,Lebanon,current_account_pct_gdp,2018,-24.3470417876755
LBN,Lebanon,current_account_pct_gdp,2017,-22.8822040339123
LBN,Lebanon,current_account_pct_gdp,2016,-20.4780237123596
LBN,Lebanon,current_account_pct_gdp,2015,-17.1077378092157
LBN,Lebanon,current_account_pct_gdp,2014,-26.2298655609816
LBN,Lebanon,current_account_pct_gdp,2013,-25.5114319532074
LBN,Lebanon,current_account_pct_gdp,2012,-23.4382140171445
LBN,Lebanon,current_account_pct_gdp,2011,-13.8340690487529
LBN,Lebanon,current_account_pct_gdp,2010,-19.6443379596193
LBN,Lebanon,reserves_months_imports,2023,13.6032284132075
LBN,Lebanon,reserves_months_imports,2022,14.9029115890041
LBN,Lebanon,reserves_months_imports,2021,21.5617265304802
LBN,Lebanon,reserves_months_imports,2020,28.5671854125782
LBN,Lebanon,reserves_months_imports,2019,17.6538938504842
LBN,Lebanon,reserves_months_imports,2018,17.1222088974629
LBN,Lebanon,reserves_months_imports,2017,18.7798466134914
LBN,Lebanon,reserves_months_imports,2016,18.8733876943584
LBN,Lebanon,reserves_months_imports,2015,17.2449488299453
LBN,Lebanon,reserves_months_imports,2014,16.7591540464763
LBN,Lebanon,reserves_months_imports,2013,16.1599599729186
LBN,Lebanon,reserves_months_imports,2012,18.5811682725873
LBN,Lebanon,reserves_months_imports,2011,17.4585392339282
LBN,Lebanon,reserves_months_imports,2010,16.5857428867061
LBN,Lebanon,gdp_growth,2024,-7.07989192861814
LBN,Lebanon,gdp_growth,2023,-0.760584470257314
LBN,Lebanon,gdp_growth,2022,-0.621678970663112
LBN,Lebanon,gdp_growth,2021,-7.00123862514116
LBN,Lebanon,gdp_growth,2020,-21.3998996914321
LBN,Lebanon,gdp_growth,2019,-6.91492472851026
LBN,Lebanon,gdp_growth,2018,-1.88470575631651
LBN,Lebanon,gdp_growth,2017,0.903028464073813
LBN,Lebanon,gdp_growth,2016,1.55454940856943
LBN,Lebanon,gdp_growth,2015,0.462320792597581
LBN,Lebanon,gdp_growth,2014,2.48406010500743
LBN,Lebanon,gdp_growth,2013,3.8278734986016
LBN,Lebanon,gdp_growth,2012,2.56479133680038
LBN,Lebanon,gdp_growth,2011,0.86733987855277
LBN,Lebanon,gdp_growth,2010,7.97513555844932
LBN,Lebanon,inflation,2025,14.597595869611
LBN,Lebanon,inflation,2024,45.2430422716718
LBN,Lebanon,inflation,2023,221.341644023365
LBN,Lebanon,inflation,2022,171.205491336641
LBN,Lebanon,inflation,2021,154.756096023393
LBN,Lebanon,inflation,2020,84.8643330472041
LBN,Lebanon,inflation,2019,3.00538949390383
LBN,Lebanon,inflation,2018,6.07698907889607
LBN,Lebanon,inflation,2017,4.32135218303191
LBN,Lebanon,inflation,2016,-0.783359624361508
LBN,Lebanon,inflation,2015,-3.74914524799629
LBN,Lebanon,inflation,2014,1.8546042134091
LBN,Lebanon,inflation,2013,4.82101956297399
LBN,Lebanon,inflation,2012,6.58147447683677
LBN,Lebanon,inflation,2011,4.97148571692384
LBN,Lebanon,inflation,2010,3.98347941855833
LBN,Lebanon,political_stability,2024,-1.3896806
LBN,Lebanon,political_stability,2023,-1.2764099
LBN,Lebanon,political_stability,2022,-1.34257539999999
LBN,Lebanon,political_stability,2021,-1.3231817
LBN,Lebanon,political_stability,2020,-1.3492491
LBN,Lebanon,political_stability,2019,-1.3398887
LBN,Lebanon,political_stability,2018,-1.2146005
LBN,Lebanon,political_stability,2017,-1.3393518
LBN,Lebanon,political_stability,2016,-1.3333648
LBN,Lebanon,political_stability,2015,-1.3952938
LBN,Lebanon,political_stability,2014,-1.49478389999999
LBN,Lebanon,political_stability,2013,-1.6105378
LBN,Lebanon,political_stability,2012,-1.5792359
LBN,Lebanon,political_stability,2011,-1.4563703
LBN,Lebanon,political_stability,2010,-1.43369559999999
LBN,Lebanon,government_effectiveness,2024,-1.1301199
LBN,Lebanon,government_effectiveness,2023,-1.16583329999999
LBN,Lebanon,government_effectiveness,2022,-1.0420809
LBN,Lebanon,government_effectiveness,2021,-1.0567104
LBN,Lebanon,government_effectiveness,2020,-0.9492217
LBN,Lebanon,government_effectiveness,2019,-0.6222753
LBN,Lebanon,government_effectiveness,2018,-0.499689699999999
LBN,Lebanon,government_effectiveness,2017,-0.221958699999999
LBN,Lebanon,government_effectiveness,2016,-0.245921199999999
LBN,Lebanon,government_effectiveness,2015,-0.2826924
LBN,Lebanon,government_effectiveness,2014,-0.266612
LBN,Lebanon,government_effectiveness,2013,-0.325725999999999
LBN,Lebanon,government_effectiveness,2012,-0.2600992
LBN,Lebanon,government_effectiveness,2011,-0.2594872
LBN,Lebanon,government_effectiveness,2010,-0.243552799999999
LBN,Lebanon,rule_of_law,2024,-1.0853525
LBN,Lebanon,rule_of_law,2023,-1.0665045
LBN,Lebanon,rule_of_law,2022,-1.0323318
LBN,Lebanon,rule_of_law,2021,-1.0028379
LBN,Lebanon,rule_of_law,2020,-0.918424399999999
LBN,Lebanon,rule_of_law,2019,-0.8604448
LBN,Lebanon,rule_of_law,2018,-0.7717368
LBN,Lebanon,rule_of_law,2017,-0.821323599999999
LBN,Lebanon,rule_of_law,2016,-0.8515653
LBN,Lebanon,rule_of_law,2015,-0.8084504
LBN,Lebanon,rule_of_law,2014,-0.6947778
LBN,Lebanon,rule_of_law,2013,-0.6166728
LBN,Lebanon,rule_of_law,2012,-0.5196035
LBN,Lebanon,rule_of_law,2011,-0.4793095
LBN,Lebanon,rule_of_law,2010,-0.6539495
LBN,Lebanon,regulatory_quality,2024,-0.958879399999999
LBN,Lebanon,regulatory_quality,2023,-0.912561
LBN,Lebanon,regulatory_quality,2022,-0.943323199999999
LBN,Lebanon,regulatory_quality,2021,-0.821736999999999
LBN,Lebanon,regulatory_quality,2020,-0.715552099999999
LBN,Lebanon,regulatory_quality,2019,-0.5611682
LBN,Lebanon,regulatory_quality,2018,-0.470461099999999
LBN,Lebanon,regulatory_quality,2017,-0.357388
LBN,Lebanon,regulatory_quality,2016,-0.4156822
LBN,Lebanon,regulatory_quality,2015,-0.3625053
LBN,Lebanon,regulatory_quality,2014,-0.441824599999999
LBN,Lebanon,regulatory_quality,2013,-0.2888629
LBN,Lebanon,regulatory_quality,2012,-0.3620584
LBN,Lebanon,regulatory_quality,2011,-0.2805478
LBN,Lebanon,regulatory_quality,2010,0.0121012
LBN,Lebanon,control_of_corruption,2024,-1.3041344
LBN,Lebanon,control_of_corruption,2023,-1.2554109
LBN,Lebanon,control_of_corruption,2022,-1.21762979999999
LBN,Lebanon,control_of_corruption,2021,-1.2586741
LBN,Lebanon,control_of_corruption,2020,-1.23052269999999
LBN,Lebanon,control_of_corruption,2019,-1.2286796
LBN,Lebanon,control_of_corruption,2018,-1.2208803
LBN,Lebanon,control_of_corruption,2017,-1.0714014
LBN,Lebanon,control_of_corruption,2016,-1.069034
LBN,Lebanon,control_of_corruption,2015,-1.0047914
LBN,Lebanon,control_of_corruption,2014,-1.1059903
LBN,Lebanon,control_of_corruption,2013,-0.970074999999999
LBN,Lebanon,control_of_corruption,2012,-0.938608999999999
LBN,Lebanon,control_of_corruption,2011,-0.8636085
LBN,Lebanon,control_of_corruption,2010,-0.9593813
LBN,Lebanon,fdi_net_inflows_pct_gdp,2024,7.09437049742925
LBN,Lebanon,fdi_net_inflows_pct_gdp,2023,3.26435467389127
LBN,Lebanon,fdi_net_inflows_pct_gdp,2022,2.50966160641735
LBN,Lebanon,fdi_net_inflows_pct_gdp,2021,2.5929006838647
LBN,Lebanon,fdi_net_inflows_pct_gdp,2020,5.06712986613403
LBN,Lebanon,fdi_net_inflows_pct_gdp,2019,3.69413245000342
LBN,Lebanon,fdi_net_inflows_pct_gdp,2018,4.84140308956364
LBN,Lebanon,fdi_net_inflows_pct_gdp,2017,4.756779140202
LBN,Lebanon,fdi_net_inflows_pct_gdp,2016,5.02174040562454
LBN,Lebanon,fdi_net_inflows_pct_gdp,2015,4.32469174487594
LBN,Lebanon,fdi_net_inflows_pct_gdp,2014,5.95175528625723
LBN,Lebanon,fdi_net_inflows_pct_gdp,2013,5.67636791033718
LBN,Lebanon,fdi_net_inflows_pct_gdp,2012,7.06847166156729
LBN,Lebanon,fdi_net_inflows_pct_gdp,2011,7.85693989450406
LBN,Lebanon,fdi_net_inflows_pct_gdp,2010,11.1327936305686
LBN,Lebanon,exports_pct_gdp,2024,23.3165495276514
LBN,Lebanon,exports_pct_gdp,2023,30.5514119674735
LBN,Lebanon,exports_pct_gdp,2022,34.8287792460469
LBN,Lebanon,exports_pct_gdp,2021,26.0256276927137
LBN,Lebanon,exports_pct_gdp,2020,16.3725868676481
LBN,Lebanon,exports_pct_gdp,2019,20.6977589567577
LBN,Lebanon,exports_pct_gdp,2018,20.7545211587566
LBN,Lebanon,exports_pct_gdp,2017,21.9269331860238
LBN,Lebanon,exports_pct_gdp,2016,21.7261558874138
LBN,Lebanon,exports_pct_gdp,2015,23.1396677268024
LBN,Lebanon,exports_pct_gdp,2014,23.7561644984684
LBN,Lebanon,exports_pct_gdp,2013,26.6467547466619
LBN,Lebanon,exports_pct_gdp,2012,28.8092128781151
LBN,Lebanon,exports_pct_gdp,2011,36.3630972315613
LBN,Lebanon,exports_pct_gdp,2010,35.023122866407
LBN,Lebanon,imports_pct_gdp,2024,58.9158109340607
LBN,Lebanon,imports_pct_gdp,2023,73.6549981017088
LBN,Lebanon,imports_pct_gdp,2022,80.0594990196196
LBN,Lebanon,imports_pct_gdp,2021,52.8029927098104
LBN,Lebanon,imports_pct_gdp,2020,33.7572174203146
LBN,Lebanon,imports_pct_gdp,2019,42.2831570534023
LBN,Lebanon,imports_pct_gdp,2018,47.5027861456152
LBN,Lebanon,imports_pct_gdp,2017,46.5284960733038
LBN,Lebanon,imports_pct_gdp,2016,45.9974619033978
LBN,Lebanon,imports_pct_gdp,2015,48.6993749079787
LBN,Lebanon,imports_pct_gdp,2014,56.0609920940944
LBN,Lebanon,imports_pct_gdp,2013,59.5275738453946
LBN,Lebanon,imports_pct_gdp,2012,59.736289044944
LBN,Lebanon,imports_pct_gdp,2011,65.7767851809418
LBN,Lebanon,imports_pct_gdp,2010,60.0735300752172
LBN,Lebanon,official_exchange_rate_lcu_usd,2025,89500.0
LBN,Lebanon,official_exchange_rate_lcu_usd,2024,89500.0
LBN,Lebanon,official_exchange_rate_lcu_usd,2023,13875.625
LBN,Lebanon,official_exchange_rate_lcu_usd,2022,1507.5
LBN,Lebanon,official_exchange_rate_lcu_usd,2021,1507.5
LBN,Lebanon,official_exchange_rate_lcu_usd,2020,1507.5
LBN,Lebanon,official_exchange_rate_lcu_usd,2019,1507.5
LBN,Lebanon,official_exchange_rate_lcu_usd,2018,1507.5
LBN,Lebanon,official_exchange_rate_lcu_usd,2017,1507.5
LBN,Lebanon,official_exchange_rate_lcu_usd,2016,1507.5
LBN,Lebanon,official_exchange_rate_lcu_usd,2015,1507.5
LBN,Lebanon,official_exchange_rate_lcu_usd,2014,1507.5
LBN,Lebanon,official_exchange_rate_lcu_usd,2013,1507.5
LBN,Lebanon,official_exchange_rate_lcu_usd,2012,1507.5
LBN,Lebanon,official_exchange_rate_lcu_usd,2011,1507.5
LBN,Lebanon,official_exchange_rate_lcu_usd,2010,1507.5
LBN,Lebanon,gdp_current_usd,2024,25971643441.3408
LBN,Lebanon,gdp_current_usd,2023,20078620356.9931
LBN,Lebanon,gdp_current_usd,2022,20992421948.8081
LBN,Lebanon,gdp_current_usd,2021,23131941556.7843
LBN,Lebanon,gdp_current_usd,2020,31712128253.7961
LBN,Lebanon,gdp_current_usd,2019,51605959131.2741
LBN,Lebanon,gdp_current_usd,2018,54901519155.5556
LBN,Lebanon,gdp_current_usd,2017,53027680685.9038
LBN,Lebanon,gdp_current_usd,2016,51147308774.1294
LBN,Lebanon,gdp_current_usd,2015,49929337836.8159
LBN,Lebanon,gdp_current_usd,2014,48095213746.6003
LBN,Lebanon,gdp_current_usd,2013,46880103080.597
LBN,Lebanon,gdp_current_usd,2012,44016799515.7546
LBN,Lebanon,gdp_current_usd,2011,39927125961.5257
LBN,Lebanon,gdp_current_usd,2010,38443907042.1227
LBN,Lebanon,gdp_per_capita_usd,2024,4473.27134441128
LBN,Lebanon,gdp_per_capita_usd,2023,3477.72489842684
LBN,Lebanon,gdp_per_capita_usd,2022,3654.35845534878
LBN,Lebanon,gdp_per_capita_usd,2021,4045.37391066234
LBN,Lebanon,gdp_per_capita_usd,2020,5561.19166950397
LBN,Lebanon,gdp_per_capita_usd,2019,8905.88005497437
LBN,Lebanon,gdp_per_capita_usd,2018,9174.53666204759
LBN,Lebanon,gdp_per_capita_usd,2017,8608.21084982387
LBN,Lebanon,gdp_per_capita_usd,2016,8089.012088155
LBN,Lebanon,gdp_per_capita_usd,2015,7714.1099998804
LBN,Lebanon,gdp_per_capita_usd,2014,7577.6413302369
LBN,Lebanon,gdp_per_capita_usd,2013,8162.37929361396
LBN,Lebanon,gdp_per_capita_usd,2012,8406.98405608118
LBN,Lebanon,gdp_per_capita_usd,2011,7834.96257108993
LBN,Lebanon,gdp_per_capita_usd,2010,7625.81051551165
LBN,Lebanon,total_reserves_usd,2024,33301277509.6206
LBN,Lebanon,total_reserves_usd,2023,27489698131.497
LBN,Lebanon,total_reserves_usd,2022,32512880021.5268
LBN,Lebanon,total_reserves_usd,2021,35239219335.7146
LBN,Lebanon,total_reserves_usd,2020,42440403086.5713
LBN,Lebanon,total_reserves_usd,2019,52213484574.221
LBN,Lebanon,total_reserves_usd,2018,52380608542.3956
LBN,Lebanon,total_reserves_usd,2017,55411532096.3304
LBN,Lebanon,total_reserves_usd,2016,53905512885.564
LBN,Lebanon,total_reserves_usd,2015,48531390536.9734
LBN,Lebanon,total_reserves_usd,2014,50668863616.6926
LBN,Lebanon,total_reserves_usd,2013,47855927547.6784
LBN,Lebanon,total_reserves_usd,2012,52530986898.8942
LBN,Lebanon,total_reserves_usd,2011,47859468419.4962
LBN,Lebanon,total_reserves_usd,2010,44475631354.516
LBN,Lebanon,unemployment_rate,2023,10.985
LBN,Lebanon,unemployment_rate,2022,11.105
LBN,Lebanon,unemployment_rate,2021,12.715
LBN,Lebanon,unemployment_rate,2020,13.252
LBN,Lebanon,unemployment_rate,2019,11.301
LBN,Lebanon,unemployment_rate,2018,10.755
LBN,Lebanon,unemployment_rate,2017,10.258
LBN,Lebanon,unemployment_rate,2016,9.794
LBN,Lebanon,unemployment_rate,2015,9.312
LBN,Lebanon,unemployment_rate,2014,8.84
LBN,Lebanon,unemployment_rate,2013,8.477
LBN,Lebanon,unemployment_rate,2012,7.952
LBN,Lebanon,unemployment_rate,2011,7.352
LBN,Lebanon,unemployment_rate,2010,6.768
LBN,Lebanon,youth_unemployment_rate,2023,22.744
LBN,Lebanon,youth_unemployment_rate,2022,22.9
LBN,Lebanon,youth_unemployment_rate,2021,25.203
LBN,Lebanon,youth_unemployment_rate,2020,26.576
LBN,Lebanon,youth_unemployment_rate,2019,23.28
LBN,Lebanon,youth_unemployment_rate,2018,22.668
LBN,Lebanon,youth_unemployment_rate,2017,22.039
LBN,Lebanon,youth_unemployment_rate,2016,21.37
LBN,Lebanon,youth_unemployment_rate,2015,20.591
LBN,Lebanon,youth_unemployment_rate,2014,19.772
LBN,Lebanon,youth_unemployment_rate,2013,19.112
LBN,Lebanon,youth_unemployment_rate,2012,18.192
LBN,Lebanon,youth_unemployment_rate,2011,17.134
LBN,Lebanon,youth_unemployment_rate,2010,16.079
LBN,Lebanon,gini_index,2022,35.5
LBN,Lebanon,gini_index,2011,31.8
LBY,Libya,current_account_pct_gdp,2023,4.23506448409627
LBY,Libya,current_account_pct_gdp,2022,22.2155432064068
LBY,Libya,current_account_pct_gdp,2021,16.1147728474926
LBY,Libya,current_account_pct_gdp,2020,-10.2022684905863
LBY,Libya,current_account_pct_gdp,2019,6.95550505080755
LBY,Libya,current_account_pct_gdp,2018,14.7041123833162
LBY,Libya,current_account_pct_gdp,2017,6.59107791644499
LBY,Libya,current_account_pct_gdp,2016,-9.42697758493981
LBY,Libya,current_account_pct_gdp,2015,-19.1840709119308
LBY,Libya,current_account_pct_gdp,2014,-33.1750366593745
LBY,Libya,current_account_pct_gdp,2013,0.0127403569483039
LBY,Libya,current_account_pct_gdp,2012,25.7575733312092
LBY,Libya,current_account_pct_gdp,2011,6.62746278785412
LBY,Libya,current_account_pct_gdp,2010,22.2877634810811
LBY,Libya,reserves_months_imports,2023,31.5696640862316
LBY,Libya,reserves_months_imports,2022,35.1475070072353
LBY,Libya,reserves_months_imports,2021,36.8142587224759
LBY,Libya,reserves_months_imports,2020,65.1528587636198
LBY,Libya,reserves_months_imports,2019,38.0566102989733
LBY,Libya,reserves_months_imports,2018,50.6235223615429
LBY,Libya,reserves_months_imports,2017,58.5789163487404
LBY,Libya,reserves_months_imports,2016,69.9832418244537
LBY,Libya,reserves_months_imports,2015,43.247784057415
LBY,Libya,reserves_months_imports,2014,28.693877908734
LBY,Libya,reserves_months_imports,2013,31.6920933071623
LBY,Libya,reserves_months_imports,2012,40.5251370265739
LBY,Libya,reserves_months_imports,2011,79.2372182724926
LBY,Libya,reserves_months_imports,2010,38.5577154593852
LBY,Libya,gdp_growth,2025,13.3717080516958
LBY,Libya,gdp_growth,2024,1.89995052025442
LBY,Libya,gdp_growth,2023,10.2000497852517
LBY,Libya,gdp_growth,2022,-8.29981811198795
LBY,Libya,gdp_growth,2021,28.2996823429147
LBY,Libya,gdp_growth,2020,-29.4552967282824
LBY,Libya,gdp_growth,2019,-11.1960828853386
LBY,Libya,gdp_growth,2018,7.9413678529104
LBY,Libya,gdp_growth,2017,32.4918021862688
LBY,Libya,gdp_growth,2016,-1.4909411172622
LBY,Libya,gdp_growth,2015,-0.842656252118843
LBY,Libya,gdp_growth,2014,-23.0428058282215
LBY,Libya,gdp_growth,2013,-17.9979615745681
LBY,Libya,gdp_growth,2012,86.8267484395784
LBY,Libya,gdp_growth,2011,-50.3385151384986
LBY,Libya,gdp_growth,2010,5.0272476723775
LBY,Libya,inflation,2025,1.84166666666702
LBY,Libya,inflation,2024,2.12615766885021
LBY,Libya,inflation,2023,2.3731753143518
LBY,Libya,inflation,2022,4.51030149235695
LBY,Libya,inflation,2021,2.86833027751015
LBY,Libya,inflation,2020,1.44703656998741
LBY,Libya,inflation,2019,-2.16217883470591
LBY,Libya,inflation,2018,13.1702038536722
LBY,Libya,inflation,2017,25.8036184788337
LBY,Libya,inflation,2016,25.853874212446
LBY,Libya,inflation,2015,10.4022933588151
LBY,Libya,inflation,2014,2.43294141599233
LBY,Libya,inflation,2013,2.60581802719517
LBY,Libya,inflation,2012,6.05980392156855
LBY,Libya,inflation,2011,15.5184815317562
LBY,Libya,inflation,2010,2.79989500109265
LBY,Libya,political_stability,2024,-1.8964767
LBY,Libya,political_stability,2023,-2.0418754
LBY,Libya,political_stability,2022,-2.00397249999999
LBY,Libya,political_stability,2021,-2.2069296
LBY,Libya,political_stability,2020,-2.2231779
LBY,Libya,political_stability,2019,-2.25895969999999
LBY,Libya,political_stability,2018,-2.28391459999999
LBY,Libya,political_stability,2017,-2.29431519999999
LBY,Libya,political_stability,2016,-2.2576529
LBY,Libya,political_stability,2015,-2.2100778
LBY,Libya,political_stability,2014,-2.26526939999999
LBY,Libya,political_stability,2013,-1.9032456
LBY,Libya,political_stability,2012,-1.5745603
LBY,Libya,political_stability,2011,-1.6341249
LBY,Libya,political_stability,2010,-0.4787846
LBY,Libya,government_effectiveness,2024,-1.41948799999999
LBY,Libya,government_effectiveness,2023,-1.447749
LBY,Libya,government_effectiveness,2022,-1.56371599999999
LBY,Libya,government_effectiveness,2021,-1.4589466
LBY,Libya,government_effectiveness,2020,-1.6327551
LBY,Libya,government_effectiveness,2019,-1.5537488
LBY,Libya,government_effectiveness,2018,-1.55155319999999
LBY,Libya,government_effectiveness,2017,-1.5287142
LBY,Libya,government_effectiveness,2016,-1.666709
LBY,Libya,government_effectiveness,2015,-1.6501127
LBY,Libya,government_effectiveness,2014,-1.5663079
LBY,Libya,government_effectiveness,2013,-1.3728325
LBY,Libya,government_effectiveness,2012,-1.3979031
LBY,Libya,government_effectiveness,2011,-1.28253939999999
LBY,Libya,government_effectiveness,2010,-1.28210579999999
LBY,Libya,rule_of_law,2024,-1.6980126
LBY,Libya,rule_of_law,2023,-1.66847289999999
LBY,Libya,rule_of_law,2022,-1.7431898
LBY,Libya,rule_of_law,2021,-1.56279409999999
LBY,Libya,rule_of_law,2020,-1.6334673
LBY,Libya,rule_of_law,2019,-1.6213786
LBY,Libya,rule_of_law,2018,-1.5684814
LBY,Libya,rule_of_law,2017,-1.6097257
LBY,Libya,rule_of_law,2016,-1.6960655
LBY,Libya,rule_of_law,2015,-1.75455909999999
LBY,Libya,rule_of_law,2014,-1.59536189999999
LBY,Libya,rule_of_law,2013,-1.39483849999999
LBY,Libya,rule_of_law,2012,-1.0379947
LBY,Libya,rule_of_law,2011,-1.19040979999999
LBY,Libya,rule_of_law,2010,-1.1938263
LBY,Libya,regulatory_quality,2024,-1.7391073
LBY,Libya,regulatory_quality,2023,-1.82178479999999
LBY,Libya,regulatory_quality,2022,-1.90307039999999
LBY,Libya,regulatory_quality,2021,-1.9018167
LBY,Libya,regulatory_quality,2020,-1.9895714
LBY,Libya,regulatory_quality,2019,-2.0416816
LBY,Libya,regulatory_quality,2018,-2.0627355
LBY,Libya,regulatory_quality,2017,-1.9779852
LBY,Libya,regulatory_quality,2016,-2.1039014
LBY,Libya,regulatory_quality,2015,-2.0211489
LBY,Libya,regulatory_quality,2014,-1.94609029999999
LBY,Libya,regulatory_quality,2013,-1.5750015
LBY,Libya,regulatory_quality,2012,-1.34726909999999
LBY,Libya,regulatory_quality,2011,-1.4491899
LBY,Libya,regulatory_quality,2010,-1.2492866
LBY,Libya,control_of_corruption,2024,-1.5315957
LBY,Libya,control_of_corruption,2023,-1.5426693
LBY,Libya,control_of_corruption,2022,-1.5332986
LBY,Libya,control_of_corruption,2021,-1.5502152
LBY,Libya,control_of_corruption,2020,-1.5214215
LBY,Libya,control_of_corruption,2019,-1.5465395
LBY,Libya,control_of_corruption,2018,-1.51601339999999
LBY,Libya,control_of_corruption,2017,-1.6097899
LBY,Libya,control_of_corruption,2016,-1.59775319999999
LBY,Libya,control_of_corruption,2015,-1.59599119999999
LBY,Libya,control_of_corruption,2014,-1.475239
LBY,Libya,control_of_corruption,2013,-1.2916518
LBY,Libya,control_of_corruption,2012,-1.1136811
LBY,Libya,control_of_corruption,2011,-1.250864
LBY,Libya,control_of_corruption,2010,-1.2258396
LBY,Libya,fdi_net_inflows_pct_gdp,2023,1.80500147243983
LBY,Libya,fdi_net_inflows_pct_gdp,2022,1.62326033379453
LBY,Libya,fdi_net_inflows_pct_gdp,2021,1.71219284038518
LBY,Libya,fdi_net_inflows_pct_gdp,2013,0.931638601844643
LBY,Libya,fdi_net_inflows_pct_gdp,2012,1.53985903839829
LBY,Libya,fdi_net_inflows_pct_gdp,2010,2.36664960687642
LBY,Libya,exports_pct_gdp,2025,71.7134746269549
LBY,Libya,exports_pct_gdp,2024,71.7293179684166
LBY,Libya,exports_pct_gdp,2023,85.6010032090609
LBY,Libya,exports_pct_gdp,2022,91.9809235078212
LBY,Libya,exports_pct_gdp,2021,92.0546075514658
LBY,Libya,exports_pct_gdp,2020,20.3637900560977
LBY,Libya,exports_pct_gdp,2019,42.35532240076
LBY,Libya,exports_pct_gdp,2018,39.6135044170514
LBY,Libya,exports_pct_gdp,2017,27.1972557138798
LBY,Libya,exports_pct_gdp,2016,14.5778875500388
LBY,Libya,exports_pct_gdp,2015,22.2273741215145
LBY,Libya,exports_pct_gdp,2014,32.2383210024013
LBY,Libya,exports_pct_gdp,2013,59.8886075843687
LBY,Libya,exports_pct_gdp,2012,66.8678568492024
LBY,Libya,exports_pct_gdp,2011,38.1458963988027
LBY,Libya,exports_pct_gdp,2010,66.2720071713114
LBY,Libya,imports_pct_gdp,2025,65.9450985743532
LBY,Libya,imports_pct_gdp,2024,65.7818127187367
LBY,Libya,imports_pct_gdp,2023,75.4692294006607
LBY,Libya,imports_pct_gdp,2022,64.3407611745263
LBY,Libya,imports_pct_gdp,2021,72.2294624156388
LBY,Libya,imports_pct_gdp,2020,30.6120033812341
LBY,Libya,imports_pct_gdp,2019,36.6386467842538
LBY,Libya,imports_pct_gdp,2018,24.1676291797669
LBY,Libya,imports_pct_gdp,2017,20.3517104782416
LBY,Libya,imports_pct_gdp,2016,26.5322885114747
LBY,Libya,imports_pct_gdp,2015,34.6775332111739
LBY,Libya,imports_pct_gdp,2014,44.2865616357103
LBY,Libya,imports_pct_gdp,2013,46.4457533337369
LBY,Libya,imports_pct_gdp,2012,31.3564620676424
LBY,Libya,imports_pct_gdp,2011,24.8595388907261
LBY,Libya,imports_pct_gdp,2010,31.8052059029276
LBY,Libya,official_exchange_rate_lcu_usd,2025,5.30256666666666
LBY,Libya,official_exchange_rate_lcu_usd,2024,4.83220833333333
LBY,Libya,official_exchange_rate_lcu_usd,2023,4.81288333333334
LBY,Libya,official_exchange_rate_lcu_usd,2022,4.813175
LBY,Libya,official_exchange_rate_lcu_usd,2021,4.514425
LBY,Libya,official_exchange_rate_lcu_usd,2020,1.38866668346465
LBY,Libya,official_exchange_rate_lcu_usd,2019,1.39826289736928
LBY,Libya,official_exchange_rate_lcu_usd,2018,1.36496666666667
LBY,Libya,official_exchange_rate_lcu_usd,2017,1.3938200108235
LBY,Libya,official_exchange_rate_lcu_usd,2016,1.39036867889833
LBY,Libya,official_exchange_rate_lcu_usd,2015,1.38120985962103
LBY,Libya,official_exchange_rate_lcu_usd,2014,1.27240206718888
LBY,Libya,official_exchange_rate_lcu_usd,2013,1.27169182111774
LBY,Libya,official_exchange_rate_lcu_usd,2012,1.26165963821484
LBY,Libya,official_exchange_rate_lcu_usd,2011,1.22415249460346
LBY,Libya,official_exchange_rate_lcu_usd,2010,1.26678941001316
LBY,Libya,gdp_current_usd,2025,48098909613.6316
LBY,Libya,gdp_current_usd,2024,48487151215.345
LBY,Libya,gdp_current_usd,2023,44027664915.187
LBY,Libya,gdp_current_usd,2022,43246297921.8499
LBY,Libya,gdp_current_usd,2021,35217995647.2862
LBY,Libya,gdp_current_usd,2020,46854285440.642
LBY,Libya,gdp_current_usd,2019,69254496471.6938
LBY,Libya,gdp_current_usd,2018,76686029772.1483
LBY,Libya,gdp_current_usd,2017,67157452181.7738
LBY,Libya,gdp_current_usd,2016,49912073701.298
LBY,Libya,gdp_current_usd,2015,48717501321.3052
LBY,Libya,gdp_current_usd,2014,57372355592.022
LBY,Libya,gdp_current_usd,2013,75351107029.0605
LBY,Libya,gdp_current_usd,2012,92540938129.1315
LBY,Libya,gdp_current_usd,2011,48169263294.1007
LBY,Libya,gdp_current_usd,2010,75380825062.4216
LBY,Libya,gdp_per_capita_usd,2025,6448.82415074121
LBY,Libya,gdp_per_capita_usd,2024,6569.16408678648
LBY,Libya,gdp_per_capita_usd,2023,6026.51518708812
LBY,Libya,gdp_per_capita_usd,2022,5986.63694851258
LBY,Libya,gdp_per_capita_usd,2021,4935.82787349801
LBY,Libya,gdp_per_capita_usd,2020,6650.33810585348
LBY,Libya,gdp_per_capita_usd,2019,9963.19489084483
LBY,Libya,gdp_per_capita_usd,2018,11196.5854810844
LBY,Libya,gdp_per_capita_usd,2017,9965.83236729757
LBY,Libya,gdp_per_capita_usd,2016,7525.80299308216
LBY,Libya,gdp_per_capita_usd,2015,7458.48917756374
LBY,Libya,gdp_per_capita_usd,2014,8926.42074591474
LBY,Libya,gdp_per_capita_usd,2013,11951.7134126011
LBY,Libya,gdp_per_capita_usd,2012,14975.8902795144
LBY,Libya,gdp_per_capita_usd,2011,7593.8391525702
LBY,Libya,gdp_per_capita_usd,2010,11600.9068649472
LBY,Libya,total_reserves_usd,2025,104656885592.809
LBY,Libya,total_reserves_usd,2024,92893708178.1604
LBY,Libya,total_reserves_usd,2023,92427294786.8624
LBY,Libya,total_reserves_usd,2022,86683417844.2693
LBY,Libya,total_reserves_usd,2021,82262074686.351
LBY,Libya,total_reserves_usd,2020,79656428064.8913
LBY,Libya,total_reserves_usd,2019,84663589516.8684
LBY,Libya,total_reserves_usd,2018,85335649782.1665
LBY,Libya,total_reserves_usd,2017,79417877682.1686
LBY,Libya,total_reserves_usd,2016,70191441968.8814
LBY,Libya,total_reserves_usd,2015,77649594284.0862
LBY,Libya,total_reserves_usd,2014,93615450486.7895
LBY,Libya,total_reserves_usd,2013,119714241460.03
LBY,Libya,total_reserves_usd,2012,124647554175.811
LBY,Libya,total_reserves_usd,2011,110538560730.736
LBY,Libya,total_reserves_usd,2010,106144249630.96
LBY,Libya,unemployment_rate,2025,18.758
LBY,Libya,unemployment_rate,2024,19.085
LBY,Libya,unemployment_rate,2023,18.713
LBY,Libya,unemployment_rate,2022,19.238
LBY,Libya,unemployment_rate,2021,19.779
LBY,Libya,unemployment_rate,2020,19.651
LBY,Libya,unemployment_rate,2019,19.087
LBY,Libya,unemployment_rate,2018,18.865
LBY,Libya,unemployment_rate,2017,19.053
LBY,Libya,unemployment_rate,2016,19.559
LBY,Libya,unemployment_rate,2015,19.69
LBY,Libya,unemployment_rate,2014,19.295
LBY,Libya,unemployment_rate,2013,19.311
LBY,Libya,unemployment_rate,2012,19.03
LBY,Libya,unemployment_rate,2011,19.504
LBY,Libya,unemployment_rate,2010,19.321
LBY,Libya,youth_unemployment_rate,2025,50.057
LBY,Libya,youth_unemployment_rate,2024,50.586
LBY,Libya,youth_unemployment_rate,2023,49.864
LBY,Libya,youth_unemployment_rate,2022,50.841
LBY,Libya,youth_unemployment_rate,2021,52.086
LBY,Libya,youth_unemployment_rate,2020,53.562
LBY,Libya,youth_unemployment_rate,2019,50.569
LBY,Libya,youth_unemployment_rate,2018,50.136
LBY,Libya,youth_unemployment_rate,2017,50.471
LBY,Libya,youth_unemployment_rate,2016,51.378
LBY,Libya,youth_unemployment_rate,2015,51.538
LBY,Libya,youth_unemployment_rate,2014,50.68
LBY,Libya,youth_unemployment_rate,2013,50.576
LBY,Libya,youth_unemployment_rate,2012,49.879
LBY,Libya,youth_unemployment_rate,2011,50.372
LBY,Libya,youth_unemployment_rate,2010,49.563
MAR,Morocco,debt_to_gdp,2011,51.2263215704569
MAR,Morocco,debt_to_gdp,2010,47.0982656739638
MAR,Morocco,current_account_pct_gdp,2025,-2.49808221535456
MAR,Morocco,current_account_pct_gdp,2024,-1.23072108998601
MAR,Morocco,current_account_pct_gdp,2023,-1.04767760599469
MAR,Morocco,current_account_pct_gdp,2022,-3.6574911910038
MAR,Morocco,current_account_pct_gdp,2021,-2.35786783699057
MAR,Morocco,current_account_pct_gdp,2020,-1.1275993199651
MAR,Morocco,current_account_pct_gdp,2019,-3.4182057355437
MAR,Morocco,current_account_pct_gdp,2018,-4.87290163435469
MAR,Morocco,current_account_pct_gdp,2017,-3.10210665362039
MAR,Morocco,current_account_pct_gdp,2016,-3.74613174513
MAR,Morocco,current_account_pct_gdp,2015,-1.95690775142638
MAR,Morocco,current_account_pct_gdp,2014,-5.53783287947428
MAR,Morocco,current_account_pct_gdp,2013,-6.77731894447504
MAR,Morocco,current_account_pct_gdp,2012,-8.95034696939187
MAR,Morocco,current_account_pct_gdp,2011,-7.26703537698178
MAR,Morocco,current_account_pct_gdp,2010,-3.89149487244856
MAR,Morocco,reserves_months_imports,2025,5.92686959641173
MAR,Morocco,reserves_months_imports,2024,5.26170979299897
MAR,Morocco,reserves_months_imports,2023,5.63476498950226
MAR,Morocco,reserves_months_imports,2022,5.06212133329447
MAR,Morocco,reserves_months_imports,2021,6.7712924140998
MAR,Morocco,reserves_months_imports,2020,8.9354144570375
MAR,Morocco,reserves_months_imports,2019,5.58422656502833
MAR,Morocco,reserves_months_imports,2018,5.04505638234771
MAR,Morocco,reserves_months_imports,2017,6.02529305118118
MAR,Morocco,reserves_months_imports,2016,6.33785199898355
MAR,Morocco,reserves_months_imports,2015,6.2579510518885
MAR,Morocco,reserves_months_imports,2014,4.57755268835333
MAR,Morocco,reserves_months_imports,2013,4.54168416711332
MAR,Morocco,reserves_months_imports,2012,4.12037435216039
MAR,Morocco,reserves_months_imports,2011,4.96289903192589
MAR,Morocco,reserves_months_imports,2010,7.27489844884876
MAR,Morocco,gdp_growth,2025,4.59524349182247
MAR,Morocco,gdp_growth,2024,3.79336515978963
MAR,Morocco,gdp_growth,2023,3.65564411017931
MAR,Morocco,gdp_growth,2022,1.81269242194809
MAR,Morocco,gdp_growth,2021,8.15473889823681
MAR,Morocco,gdp_growth,2020,-7.17820744246774
MAR,Morocco,gdp_growth,2019,2.89097476137077
MAR,Morocco,gdp_growth,2018,3.06564133025955
MAR,Morocco,gdp_growth,2017,5.05789816173446
MAR,Morocco,gdp_growth,2016,0.52118550608968
MAR,Morocco,gdp_growth,2015,4.34458297635238
MAR,Morocco,gdp_growth,2014,2.7192440802029
MAR,Morocco,gdp_growth,2013,4.12221286860944
MAR,Morocco,gdp_growth,2012,3.06234368502997
MAR,Morocco,gdp_growth,2011,5.52464523319847
MAR,Morocco,gdp_growth,2010,3.49955709403216
MAR,Morocco,inflation,2025,0.701902154839545
MAR,Morocco,inflation,2024,0.985256592004507
MAR,Morocco,inflation,2023,6.09114152504141
MAR,Morocco,inflation,2022,6.65704202759067
MAR,Morocco,inflation,2021,1.40195883962006
MAR,Morocco,inflation,2020,0.705968661338261
MAR,Morocco,inflation,2019,0.303386036590383
MAR,Morocco,inflation,2018,1.80391671141896
MAR,Morocco,inflation,2017,0.754663249323619
MAR,Morocco,inflation,2016,1.63531114327064
MAR,Morocco,inflation,2015,1.5579071134626
MAR,Morocco,inflation,2014,0.442310053557048
MAR,Morocco,inflation,2013,1.88065466724086
MAR,Morocco,inflation,2012,1.28712240079219
MAR,Morocco,inflation,2011,0.9069249096918
MAR,Morocco,inflation,2010,0.993557401226392
MAR,Morocco,political_stability,2024,-0.4408003
MAR,Morocco,political_stability,2023,-0.534977199999999
MAR,Morocco,political_stability,2022,-0.492008
MAR,Morocco,political_stability,2021,-0.4686437
MAR,Morocco,political_stability,2020,-0.409449199999999
MAR,Morocco,political_stability,2019,-0.390399499999999
MAR,Morocco,political_stability,2018,-0.426450799999999
MAR,Morocco,political_stability,2017,-0.5065227
MAR,Morocco,political_stability,2016,-0.4710854
MAR,Morocco,political_stability,2015,-0.4546654
MAR,Morocco,political_stability,2014,-0.4094598
MAR,Morocco,political_stability,2013,-0.6954656
MAR,Morocco,political_stability,2012,-0.5760215
MAR,Morocco,political_stability,2011,-0.5060194
MAR,Morocco,political_stability,2010,-0.440469399999999
MAR,Morocco,government_effectiveness,2024,0.1763559
MAR,Morocco,government_effectiveness,2023,-0.0188320999999999
MAR,Morocco,government_effectiveness,2022,-0.1200179
MAR,Morocco,government_effectiveness,2021,-0.1241745
MAR,Morocco,government_effectiveness,2020,-0.0577221999999999
MAR,Morocco,government_effectiveness,2019,-0.1333028
MAR,Morocco,government_effectiveness,2018,-0.3161959
MAR,Morocco,government_effectiveness,2017,-0.2631327
MAR,Morocco,government_effectiveness,2016,-0.1396764
MAR,Morocco,government_effectiveness,2015,-0.2363813
MAR,Morocco,government_effectiveness,2014,-0.2696224
MAR,Morocco,government_effectiveness,2013,-0.2189575
MAR,Morocco,government_effectiveness,2012,-0.2011827
MAR,Morocco,government_effectiveness,2011,-0.1652959
MAR,Morocco,government_effectiveness,2010,-0.116891399999999
MAR,Morocco,rule_of_law,2024,-0.3678036
MAR,Morocco,rule_of_law,2023,-0.3934002
MAR,Morocco,rule_of_law,2022,-0.4491939
MAR,Morocco,rule_of_law,2021,-0.4447944
MAR,Morocco,rule_of_law,2020,-0.314662899999999
MAR,Morocco,rule_of_law,2019,-0.3198643
MAR,Morocco,rule_of_law,2018,-0.3248223
MAR,Morocco,rule_of_law,2017,-0.3713857
MAR,Morocco,rule_of_law,2016,-0.2935249
MAR,Morocco,rule_of_law,2015,-0.3687701
MAR,Morocco,rule_of_law,2014,-0.372493199999999
MAR,Morocco,rule_of_law,2013,-0.4333613
MAR,Morocco,rule_of_law,2012,-0.3317303
MAR,Morocco,rule_of_law,2011,-0.381967699999999
MAR,Morocco,rule_of_law,2010,-0.3848819
MAR,Morocco,regulatory_quality,2024,-0.0266854999999999
MAR,Morocco,regulatory_quality,2023,-0.0473438
MAR,Morocco,regulatory_quality,2022,-0.0811815999999999
MAR,Morocco,regulatory_quality,2021,-0.0751135
MAR,Morocco,regulatory_quality,2020,0.0648279
MAR,Morocco,regulatory_quality,2019,0.0271992
MAR,Morocco,regulatory_quality,2018,-0.1157961
MAR,Morocco,regulatory_quality,2017,0.0044748
MAR,Morocco,regulatory_quality,2016,0.0139184
MAR,Morocco,regulatory_quality,2015,0.0585252
MAR,Morocco,regulatory_quality,2014,0.0501017
MAR,Morocco,regulatory_quality,2013,0.0197469
MAR,Morocco,regulatory_quality,2012,-0.0055365
MAR,Morocco,regulatory_quality,2011,-0.0756699
MAR,Morocco,regulatory_quality,2010,0.0236412
MAR,Morocco,control_of_corruption,2024,-0.5186913
MAR,Morocco,control_of_corruption,2023,-0.5521901
MAR,Morocco,control_of_corruption,2022,-0.4879114
MAR,Morocco,control_of_corruption,2021,-0.4783966
MAR,Morocco,control_of_corruption,2020,-0.408551999999999
MAR,Morocco,control_of_corruption,2019,-0.425659399999999
MAR,Morocco,control_of_corruption,2018,-0.475142299999999
MAR,Morocco,control_of_corruption,2017,-0.3911459
MAR,Morocco,control_of_corruption,2016,-0.3146541
MAR,Morocco,control_of_corruption,2015,-0.352055199999999
MAR,Morocco,control_of_corruption,2014,-0.4165717
MAR,Morocco,control_of_corruption,2013,-0.4173212
MAR,Morocco,control_of_corruption,2012,-0.5029325
MAR,Morocco,control_of_corruption,2011,-0.5058263
MAR,Morocco,control_of_corruption,2010,-0.3011276
MAR,Morocco,fdi_net_inflows_pct_gdp,2025,1.81954513887835
MAR,Morocco,fdi_net_inflows_pct_gdp,2024,1.08850441035779
MAR,Morocco,fdi_net_inflows_pct_gdp,2023,0.725864122672683
MAR,Morocco,fdi_net_inflows_pct_gdp,2022,1.74814323662076
MAR,Morocco,fdi_net_inflows_pct_gdp,2021,1.59422321445366
MAR,Morocco,fdi_net_inflows_pct_gdp,2020,1.16907334587558
MAR,Morocco,fdi_net_inflows_pct_gdp,2019,1.33479789567415
MAR,Morocco,fdi_net_inflows_pct_gdp,2018,2.78337936840164
MAR,Morocco,fdi_net_inflows_pct_gdp,2017,2.26092196120538
MAR,Morocco,fdi_net_inflows_pct_gdp,2016,1.93000540251056
MAR,Morocco,fdi_net_inflows_pct_gdp,2015,2.94611108390154
MAR,Morocco,fdi_net_inflows_pct_gdp,2014,2.95925435484489
MAR,Morocco,fdi_net_inflows_pct_gdp,2013,2.9038626404404
MAR,Morocco,fdi_net_inflows_pct_gdp,2012,2.65758712641507
MAR,Morocco,fdi_net_inflows_pct_gdp,2011,2.29046840496639
MAR,Morocco,fdi_net_inflows_pct_gdp,2010,1.2299824583835
MAR,Morocco,exports_pct_gdp,2025,41.9692139163022
MAR,Morocco,exports_pct_gdp,2024,41.9985232956684
MAR,Morocco,exports_pct_gdp,2023,42.4176033594569
MAR,Morocco,exports_pct_gdp,2022,44.7116282313453
MAR,Morocco,exports_pct_gdp,2021,33.1360849405787
MAR,Morocco,exports_pct_gdp,2020,30.7941069539783
MAR,Morocco,exports_pct_gdp,2019,34.093057468891
MAR,Morocco,exports_pct_gdp,2018,33.8284373726717
MAR,Morocco,exports_pct_gdp,2017,32.6064609907781
MAR,Morocco,exports_pct_gdp,2016,30.7345951424219
MAR,Morocco,exports_pct_gdp,2015,29.9958538899695
MAR,Morocco,exports_pct_gdp,2014,30.1329866374292
MAR,Morocco,exports_pct_gdp,2013,30.2532656391617
MAR,Morocco,exports_pct_gdp,2012,32.0970961451136
MAR,Morocco,exports_pct_gdp,2011,31.9544842646976
MAR,Morocco,exports_pct_gdp,2010,29.7889486802284
MAR,Morocco,imports_pct_gdp,2025,51.1324428826402
MAR,Morocco,imports_pct_gdp,2024,50.188721310572
MAR,Morocco,imports_pct_gdp,2023,50.7002810585209
MAR,Morocco,imports_pct_gdp,2022,56.1946819703061
MAR,Morocco,imports_pct_gdp,2021,42.3873322350718
MAR,Morocco,imports_pct_gdp,2020,38.0496964364582
MAR,Morocco,imports_pct_gdp,2019,41.9050584109511
MAR,Morocco,imports_pct_gdp,2018,43.4264501517272
MAR,Morocco,imports_pct_gdp,2017,41.5668968878792
MAR,Morocco,imports_pct_gdp,2016,40.3880652392646
MAR,Morocco,imports_pct_gdp,2015,37.2928220354154
MAR,Morocco,imports_pct_gdp,2014,41.7605801165106
MAR,Morocco,imports_pct_gdp,2013,43.6044908923701
MAR,Morocco,imports_pct_gdp,2012,46.1250057504935
MAR,Morocco,imports_pct_gdp,2011,44.8713872259271
MAR,Morocco,imports_pct_gdp,2010,39.7530309299157
MAR,Morocco,official_exchange_rate_lcu_usd,2025,9.35027697089947
MAR,Morocco,official_exchange_rate_lcu_usd,2024,9.94235921679198
MAR,Morocco,official_exchange_rate_lcu_usd,2023,10.1314260970897
MAR,Morocco,official_exchange_rate_lcu_usd,2022,10.1606602430359
MAR,Morocco,official_exchange_rate_lcu_usd,2021,8.98848402414138
MAR,Morocco,official_exchange_rate_lcu_usd,2020,9.49684732221969
MAR,Morocco,official_exchange_rate_lcu_usd,2019,9.61707609950743
MAR,Morocco,official_exchange_rate_lcu_usd,2018,9.38610242091972
MAR,Morocco,official_exchange_rate_lcu_usd,2017,9.6919978888289
MAR,Morocco,official_exchange_rate_lcu_usd,2016,9.8074760315025
MAR,Morocco,official_exchange_rate_lcu_usd,2015,9.76434827950111
MAR,Morocco,official_exchange_rate_lcu_usd,2014,8.40633668826152
MAR,Morocco,official_exchange_rate_lcu_usd,2013,8.4055039167443
MAR,Morocco,official_exchange_rate_lcu_usd,2012,8.62844458333333
MAR,Morocco,official_exchange_rate_lcu_usd,2011,8.089875
MAR,Morocco,official_exchange_rate_lcu_usd,2010,8.41715833333333
MAR,Morocco,gdp_current_usd,2025,182374250612.28
MAR,Morocco,gdp_current_usd,2024,160610994054.734
MAR,Morocco,gdp_current_usd,2023,146036093666.762
MAR,Morocco,gdp_current_usd,2022,131245312804.483
MAR,Morocco,gdp_current_usd,2021,142022058447.231
MAR,Morocco,gdp_current_usd,2020,121353645057.144
MAR,Morocco,gdp_current_usd,2019,128920266409.458
MAR,Morocco,gdp_current_usd,2018,127341147581.818
MAR,Morocco,gdp_current_usd,2017,118540573367.844
MAR,Morocco,gdp_current_usd,2016,111572947004.917
MAR,Morocco,gdp_current_usd,2015,110413823841.592
MAR,Morocco,gdp_current_usd,2014,119130841411.664
MAR,Morocco,gdp_current_usd,2013,115739287305.08
MAR,Morocco,gdp_current_usd,2012,106937392311.129
MAR,Morocco,gdp_current_usd,2011,110080631332.375
MAR,Morocco,gdp_current_usd,2010,100865329473.44
MAR,Morocco,gdp_per_capita_usd,2025,4672.46826171875
MAR,Morocco,gdp_per_capita_usd,2024,4153.1943359375
MAR,Morocco,gdp_per_capita_usd,2023,3813.72607421875
MAR,Morocco,gdp_per_capita_usd,2022,3463.1376953125
MAR,Morocco,gdp_per_capita_usd,2021,3785.93627929688
MAR,Morocco,gdp_per_capita_usd,2020,3268.0302734375
MAR,Morocco,gdp_per_capita_usd,2019,3508.09765625
MAR,Morocco,gdp_per_capita_usd,2018,3501.69799804688
MAR,Morocco,gdp_per_capita_usd,2017,3296.52661132813
MAR,Morocco,gdp_per_capita_usd,2016,3140.85546875
MAR,Morocco,gdp_per_capita_usd,2015,3146.24780273438
MAR,Morocco,gdp_per_capita_usd,2014,3435.40698242188
MAR,Morocco,gdp_per_capita_usd,2013,3379.7431640625
MAR,Morocco,gdp_per_capita_usd,2012,3164.17724609375
MAR,Morocco,gdp_per_capita_usd,2011,3301.98876953125
MAR,Morocco,gdp_per_capita_usd,2010,3067.9853515625
MAR,Morocco,total_reserves_usd,2025,48453629604.878
MAR,Morocco,total_reserves_usd,2024,37133907722.7893
MAR,Morocco,total_reserves_usd,2023,36327701787.7523
MAR,Morocco,total_reserves_usd,2022,32314245660.4383
MAR,Morocco,total_reserves_usd,2021,35648269520.1527
MAR,Morocco,total_reserves_usd,2020,35997639773.4544
MAR,Morocco,total_reserves_usd,2019,26412762236.8499
MAR,Morocco,total_reserves_usd,2018,24461023093.2087
MAR,Morocco,total_reserves_usd,2017,26189585939.2967
MAR,Morocco,total_reserves_usd,2016,25096263443.799
MAR,Morocco,total_reserves_usd,2015,22749566243.6606
MAR,Morocco,total_reserves_usd,2014,20272045638.8487
MAR,Morocco,total_reserves_usd,2013,18797794939.8508
MAR,Morocco,total_reserves_usd,2012,17138210439.2506
MAR,Morocco,total_reserves_usd,2011,20167412691.7066
MAR,Morocco,total_reserves_usd,2010,23709466593.9932
MAR,Morocco,unemployment_rate,2025,9.0
MAR,Morocco,unemployment_rate,2024,9.103
MAR,Morocco,unemployment_rate,2023,8.896
MAR,Morocco,unemployment_rate,2022,9.413
MAR,Morocco,unemployment_rate,2021,10.551
MAR,Morocco,unemployment_rate,2020,11.189
MAR,Morocco,unemployment_rate,2019,9.191
MAR,Morocco,unemployment_rate,2018,9.272
MAR,Morocco,unemployment_rate,2017,9.22
MAR,Morocco,unemployment_rate,2016,9.3
MAR,Morocco,unemployment_rate,2015,9.46
MAR,Morocco,unemployment_rate,2014,9.7
MAR,Morocco,unemployment_rate,2013,9.23
MAR,Morocco,unemployment_rate,2012,8.99
MAR,Morocco,unemployment_rate,2011,8.91
MAR,Morocco,unemployment_rate,2010,9.09
MAR,Morocco,youth_unemployment_rate,2025,21.882
MAR,Morocco,youth_unemployment_rate,2024,22.372
MAR,Morocco,youth_unemployment_rate,2023,21.974
MAR,Morocco,youth_unemployment_rate,2022,22.713
MAR,Morocco,youth_unemployment_rate,2021,25.053
MAR,Morocco,youth_unemployment_rate,2020,26.795
MAR,Morocco,youth_unemployment_rate,2019,22.475
MAR,Morocco,youth_unemployment_rate,2018,22.431
MAR,Morocco,youth_unemployment_rate,2017,22.167
MAR,Morocco,youth_unemployment_rate,2016,22.265
MAR,Morocco,youth_unemployment_rate,2015,20.826
MAR,Morocco,youth_unemployment_rate,2014,19.97
MAR,Morocco,youth_unemployment_rate,2013,19.162
MAR,Morocco,youth_unemployment_rate,2012,18.642
MAR,Morocco,youth_unemployment_rate,2011,17.931
MAR,Morocco,youth_unemployment_rate,2010,17.621
MAR,Morocco,gini_index,2013,39.5
OMN,Oman,current_account_pct_gdp,2024,2.86434019736537
OMN,Oman,current_account_pct_gdp,2023,2.29211299044439
OMN,Oman,current_account_pct_gdp,2022,3.65021452080103
OMN,Oman,current_account_pct_gdp,2021,-5.53764911438897
OMN,Oman,current_account_pct_gdp,2020,-16.5486765828435
OMN,Oman,current_account_pct_gdp,2019,-4.91818869978251
OMN,Oman,current_account_pct_gdp,2018,-4.85027419563219
OMN,Oman,current_account_pct_gdp,2017,-13.6143943671898
OMN,Oman,current_account_pct_gdp,2016,-16.6107645205388
OMN,Oman,current_account_pct_gdp,2015,-13.7812835379107
OMN,Oman,current_account_pct_gdp,2014,4.62995815380296
OMN,Oman,current_account_pct_gdp,2013,5.87992091672239
OMN,Oman,current_account_pct_gdp,2012,8.99068507231773
OMN,Oman,current_account_pct_gdp,2011,11.4435714770699
OMN,Oman,current_account_pct_gdp,2010,7.59476361744698
OMN,Oman,reserves_months_imports,2024,3.68674849054903
OMN,Oman,reserves_months_imports,2023,3.83596093159061
OMN,Oman,reserves_months_imports,2022,3.70600673637267
OMN,Oman,reserves_months_imports,2021,5.25409519559332
OMN,Oman,reserves_months_imports,2020,4.48086343653317
OMN,Oman,reserves_months_imports,2019,5.0046927367051
OMN,Oman,reserves_months_imports,2018,4.97765718217376
OMN,Oman,reserves_months_imports,2017,4.94495511746356
OMN,Oman,reserves_months_imports,2016,7.11426799298371
OMN,Oman,reserves_months_imports,2015,5.31284073750933
OMN,Oman,reserves_months_imports,2014,4.52170368798391
OMN,Oman,reserves_months_imports,2013,4.07750628970272
OMN,Oman,reserves_months_imports,2012,4.36417390706347
OMN,Oman,reserves_months_imports,2011,5.05999040118844
OMN,Oman,reserves_months_imports,2010,5.47673202539588
OMN,Oman,gdp_growth,2025,2.39787382295398
OMN,Oman,gdp_growth,2024,1.63163231397978
OMN,Oman,gdp_growth,2023,1.41401383200161
OMN,Oman,gdp_growth,2022,7.98570728354278
OMN,Oman,gdp_growth,2021,2.5821749892893
OMN,Oman,gdp_growth,2020,-3.37972052697999
OMN,Oman,gdp_growth,2019,-1.12863801728058
OMN,Oman,gdp_growth,2018,1.28710391543288
OMN,Oman,gdp_growth,2017,0.304057565922449
OMN,Oman,gdp_growth,2016,5.04642394571691
OMN,Oman,gdp_growth,2015,5.01705799719045
OMN,Oman,gdp_growth,2014,1.29225229411081
OMN,Oman,gdp_growth,2013,5.22770408145942
OMN,Oman,gdp_growth,2012,8.86312225557018
OMN,Oman,gdp_growth,2011,2.89460973541192
OMN,Oman,gdp_growth,2010,2.47199856582773
OMN,Oman,inflation,2025,0.967741935483928
OMN,Oman,inflation,2024,0.593589236248469
OMN,Oman,inflation,2023,0.950782997762827
OMN,Oman,inflation,2022,2.5061425061425
OMN,Oman,inflation,2021,1.68221185876085
OMN,Oman,inflation,2020,-0.40640291946585
OMN,Oman,inflation,2019,0.490815362820671
OMN,Oman,inflation,2018,0.889312370970404
OMN,Oman,inflation,2017,1.58909413567799
OMN,Oman,inflation,2016,1.10920805807027
OMN,Oman,inflation,2015,0.0652901330286599
OMN,Oman,inflation,2014,1.01401483924156
OMN,Oman,inflation,2013,1.05354820265932
OMN,Oman,inflation,2012,2.94773495257209
OMN,Oman,inflation,2011,4.0421886711639
OMN,Oman,inflation,2010,3.25657959078624
OMN,Oman,political_stability,2024,0.6272361
OMN,Oman,political_stability,2023,0.5521576
OMN,Oman,political_stability,2022,0.4399615
OMN,Oman,political_stability,2021,0.3902352
OMN,Oman,political_stability,2020,0.468834
OMN,Oman,political_stability,2019,0.5167644
OMN,Oman,political_stability,2018,0.5392522
OMN,Oman,political_stability,2017,0.5468563
OMN,Oman,political_stability,2016,0.5065831
OMN,Oman,political_stability,2015,0.6155394
OMN,Oman,political_stability,2014,0.5698008
OMN,Oman,political_stability,2013,0.3339536
OMN,Oman,political_stability,2012,0.3876466
OMN,Oman,political_stability,2011,0.3126716
OMN,Oman,political_stability,2010,0.5865685
OMN,Oman,government_effectiveness,2024,0.5675096
OMN,Oman,government_effectiveness,2023,0.4719959
OMN,Oman,government_effectiveness,2022,0.4468675
OMN,Oman,government_effectiveness,2021,0.102771
OMN,Oman,government_effectiveness,2020,0.1018136
OMN,Oman,government_effectiveness,2019,0.2040481
OMN,Oman,government_effectiveness,2018,0.1114018
OMN,Oman,government_effectiveness,2017,0.1108223
OMN,Oman,government_effectiveness,2016,0.1613756
OMN,Oman,government_effectiveness,2015,0.0805473999999999
OMN,Oman,government_effectiveness,2014,0.138753
OMN,Oman,government_effectiveness,2013,-0.0148916999999999
OMN,Oman,government_effectiveness,2012,0.0510827
OMN,Oman,government_effectiveness,2011,0.0808802
OMN,Oman,government_effectiveness,2010,0.3192865
OMN,Oman,rule_of_law,2024,0.4493583
OMN,Oman,rule_of_law,2023,0.3443083
OMN,Oman,rule_of_law,2022,0.3524322
OMN,Oman,rule_of_law,2021,0.2255117
OMN,Oman,rule_of_law,2020,0.2562542
OMN,Oman,rule_of_law,2019,0.260692
OMN,Oman,rule_of_law,2018,0.1837813
OMN,Oman,rule_of_law,2017,0.1808944
OMN,Oman,rule_of_law,2016,0.2216168
OMN,Oman,rule_of_law,2015,0.2116285
OMN,Oman,rule_of_law,2014,0.2045055
OMN,Oman,rule_of_law,2013,0.2530108
OMN,Oman,rule_of_law,2012,0.3148844
OMN,Oman,rule_of_law,2011,0.2438476
OMN,Oman,rule_of_law,2010,0.4122993
OMN,Oman,regulatory_quality,2024,0.6875152
OMN,Oman,regulatory_quality,2023,0.4701815
OMN,Oman,regulatory_quality,2022,0.4679554
OMN,Oman,regulatory_quality,2021,0.4254017
OMN,Oman,regulatory_quality,2020,0.4719412
OMN,Oman,regulatory_quality,2019,0.5010361
OMN,Oman,regulatory_quality,2018,0.527985
OMN,Oman,regulatory_quality,2017,0.7080042
OMN,Oman,regulatory_quality,2016,0.6980709
OMN,Oman,regulatory_quality,2015,0.6495172
OMN,Oman,regulatory_quality,2014,0.7762583
OMN,Oman,regulatory_quality,2013,0.817822
OMN,Oman,regulatory_quality,2012,0.8307365
OMN,Oman,regulatory_quality,2011,0.7404489
OMN,Oman,regulatory_quality,2010,0.8483843
OMN,Oman,control_of_corruption,2024,0.5072492
OMN,Oman,control_of_corruption,2023,0.227724
OMN,Oman,control_of_corruption,2022,0.0212395
OMN,Oman,control_of_corruption,2021,0.0233919
OMN,Oman,control_of_corruption,2020,0.0239194
OMN,Oman,control_of_corruption,2019,0.1612579
OMN,Oman,control_of_corruption,2018,-0.0203366
OMN,Oman,control_of_corruption,2017,-0.0211191
OMN,Oman,control_of_corruption,2016,-0.020659
OMN,Oman,control_of_corruption,2015,-0.0016798
OMN,Oman,control_of_corruption,2014,0.0116479
OMN,Oman,control_of_corruption,2013,-0.0651045
OMN,Oman,control_of_corruption,2012,-0.0252944999999999
OMN,Oman,control_of_corruption,2011,-0.0352342
OMN,Oman,control_of_corruption,2010,0.276183
OMN,Oman,exports_pct_gdp,2024,66.072566156431
OMN,Oman,exports_pct_gdp,2023,61.5843427989208
OMN,Oman,exports_pct_gdp,2022,63.2505019129513
OMN,Oman,exports_pct_gdp,2021,53.329759351918
OMN,Oman,exports_pct_gdp,2020,47.0548733691481
OMN,Oman,exports_pct_gdp,2019,49.4929030047786
OMN,Oman,exports_pct_gdp,2018,50.6224420190996
OMN,Oman,exports_pct_gdp,2017,45.7165464756476
OMN,Oman,exports_pct_gdp,2016,41.3196247446948
OMN,Oman,exports_pct_gdp,2015,49.652560938135
OMN,Oman,exports_pct_gdp,2014,61.4401786616091
OMN,Oman,exports_pct_gdp,2013,66.0316248510717
OMN,Oman,exports_pct_gdp,2012,62.7218547578454
OMN,Oman,exports_pct_gdp,2011,63.9174704172791
OMN,Oman,exports_pct_gdp,2010,59.0956382553021
OMN,Oman,imports_pct_gdp,2024,48.7801054403878
OMN,Oman,imports_pct_gdp,2023,44.8623883036834
OMN,Oman,imports_pct_gdp,2022,42.4945073677033
OMN,Oman,imports_pct_gdp,2021,42.6197283774124
OMN,Oman,imports_pct_gdp,2020,44.8210174322991
OMN,Oman,imports_pct_gdp,2019,36.9852980265451
OMN,Oman,imports_pct_gdp,2018,38.6567758071851
OMN,Oman,imports_pct_gdp,2017,43.236601542648
OMN,Oman,imports_pct_gdp,2016,41.5446394571953
OMN,Oman,imports_pct_gdp,2015,46.7250192470997
OMN,Oman,imports_pct_gdp,2014,40.8385424265209
OMN,Oman,imports_pct_gdp,2013,46.511896912702
OMN,Oman,imports_pct_gdp,2012,39.3529056464546
OMN,Oman,imports_pct_gdp,2011,37.7242615226627
OMN,Oman,imports_pct_gdp,2010,37.2909163665466
OMN,Oman,official_exchange_rate_lcu_usd,2025,0.3845
OMN,Oman,official_exchange_rate_lcu_usd,2024,0.3845
OMN,Oman,official_exchange_rate_lcu_usd,2023,0.3845
OMN,Oman,official_exchange_rate_lcu_usd,2022,0.3845
OMN,Oman,official_exchange_rate_lcu_usd,2021,0.3845
OMN,Oman,official_exchange_rate_lcu_usd,2020,0.3845
OMN,Oman,official_exchange_rate_lcu_usd,2019,0.3845
OMN,Oman,official_exchange_rate_lcu_usd,2018,0.3845
OMN,Oman,official_exchange_rate_lcu_usd,2017,0.3845
OMN,Oman,official_exchange_rate_lcu_usd,2016,0.3845
OMN,Oman,official_exchange_rate_lcu_usd,2015,0.3845
OMN,Oman,official_exchange_rate_lcu_usd,2014,0.3845
OMN,Oman,official_exchange_rate_lcu_usd,2013,0.3845
OMN,Oman,official_exchange_rate_lcu_usd,2012,0.3845
OMN,Oman,official_exchange_rate_lcu_usd,2011,0.3845
OMN,Oman,official_exchange_rate_lcu_usd,2010,0.3845
OMN,Oman,gdp_current_usd,2025,109604780696.23
OMN,Oman,gdp_current_usd,2024,107137198699.61
OMN,Oman,gdp_current_usd,2023,106174707932.38
OMN,Oman,gdp_current_usd,2022,109852795838.752
OMN,Oman,gdp_current_usd,2021,87323797139.1417
OMN,Oman,gdp_current_usd,2020,75909492847.8544
OMN,Oman,gdp_current_usd,2019,88060858257.4772
OMN,Oman,gdp_current_usd,2018,91505851755.5267
OMN,Oman,gdp_current_usd,2017,80856697009.1027
OMN,Oman,gdp_current_usd,2016,75128738621.5865
OMN,Oman,gdp_current_usd,2015,78710793237.9714
OMN,Oman,gdp_current_usd,2014,92699089726.9181
OMN,Oman,gdp_current_usd,2013,89936020806.2419
OMN,Oman,gdp_current_usd,2012,87408842652.7958
OMN,Oman,gdp_current_usd,2011,77497529258.7776
OMN,Oman,gdp_current_usd,2010,64993498049.4148
OMN,Oman,gdp_per_capita_usd,2025,19947.3966227092
OMN,Oman,gdp_per_capita_usd,2024,20285.2272765262
OMN,Oman,gdp_per_capita_usd,2023,21027.7384572657
OMN,Oman,gdp_per_capita_usd,2022,23223.5829405935
OMN,Oman,gdp_per_capita_usd,2021,19403.4600160211
OMN,Oman,gdp_per_capita_usd,2020,16784.8630630058
OMN,Oman,gdp_per_capita_usd,2019,19180.1864152801
OMN,Oman,gdp_per_capita_usd,2018,19901.7615642016
OMN,Oman,gdp_per_capita_usd,2017,17820.0661809335
OMN,Oman,gdp_per_capita_usd,2016,17110.1897460545
OMN,Oman,gdp_per_capita_usd,2015,18808.3077921839
OMN,Oman,gdp_per_capita_usd,2014,23160.6502252547
OMN,Oman,gdp_per_capita_usd,2013,23458.0233840053
OMN,Oman,gdp_per_capita_usd,2012,24642.2978768596
OMN,Oman,gdp_per_capita_usd,2011,25188.0074151885
OMN,Oman,gdp_per_capita_usd,2010,23570.1798147325
OMN,Oman,total_reserves_usd,2024,18286526117.9972
OMN,Oman,total_reserves_usd,2023,17454630668.5072
OMN,Oman,total_reserves_usd,2022,17606348634.1578
OMN,Oman,total_reserves_usd,2021,19730879938.0596
OMN,Oman,total_reserves_usd,2020,15007356725.394
OMN,Oman,total_reserves_usd,2019,16661756725.189
OMN,Oman,total_reserves_usd,2018,17388370607.2955
OMN,Oman,total_reserves_usd,2017,16088803822.7708
OMN,Oman,total_reserves_usd,2016,20262241805.121
OMN,Oman,total_reserves_usd,2015,17543980312.7005
OMN,Oman,total_reserves_usd,2014,16324457251.6461
OMN,Oman,total_reserves_usd,2013,15951037291.2884
OMN,Oman,total_reserves_usd,2012,14401122657.9676
OMN,Oman,total_reserves_usd,2011,14366193706.0241
OMN,Oman,total_reserves_usd,2010,13025235620.4615
OMN,Oman,unemployment_rate,2025,3.251
OMN,Oman,unemployment_rate,2024,3.203
OMN,Oman,unemployment_rate,2023,3.176
OMN,Oman,unemployment_rate,2022,3.3
OMN,Oman,unemployment_rate,2021,1.9
OMN,Oman,unemployment_rate,2020,2.94
OMN,Oman,unemployment_rate,2019,2.045
OMN,Oman,unemployment_rate,2018,1.8
OMN,Oman,unemployment_rate,2017,2.523
OMN,Oman,unemployment_rate,2016,3.266
OMN,Oman,unemployment_rate,2015,3.403
OMN,Oman,unemployment_rate,2014,3.453
OMN,Oman,unemployment_rate,2013,3.553
OMN,Oman,unemployment_rate,2012,3.753
OMN,Oman,unemployment_rate,2011,3.95
OMN,Oman,unemployment_rate,2010,3.911
OMN,Oman,youth_unemployment_rate,2025,13.885
OMN,Oman,youth_unemployment_rate,2024,13.524
OMN,Oman,youth_unemployment_rate,2023,13.594
OMN,Oman,youth_unemployment_rate,2022,14.562
OMN,Oman,youth_unemployment_rate,2021,9.097
OMN,Oman,youth_unemployment_rate,2020,13.523
OMN,Oman,youth_unemployment_rate,2019,9.015
OMN,Oman,youth_unemployment_rate,2018,7.851
OMN,Oman,youth_unemployment_rate,2017,11.058
OMN,Oman,youth_unemployment_rate,2016,14.199
OMN,Oman,youth_unemployment_rate,2015,15.152
OMN,Oman,youth_unemployment_rate,2014,15.327
OMN,Oman,youth_unemployment_rate,2013,15.453
OMN,Oman,youth_unemployment_rate,2012,15.655
OMN,Oman,youth_unemployment_rate,2011,15.209
OMN,Oman,youth_unemployment_rate,2010,13.873
PSE,Palestine,current_account_pct_gdp,2025,-15.8215746940007
PSE,Palestine,current_account_pct_gdp,2024,-18.0999264452664
PSE,Palestine,current_account_pct_gdp,2023,-15.5371822753305
PSE,Palestine,current_account_pct_gdp,2022,-10.6265229873781
PSE,Palestine,current_account_pct_gdp,2021,-9.81804738509635
PSE,Palestine,current_account_pct_gdp,2020,-12.251111498554
PSE,Palestine,current_account_pct_gdp,2019,-10.3854804313719
PSE,Palestine,current_account_pct_gdp,2018,-13.1500305467431
PSE,Palestine,current_account_pct_gdp,2017,-13.2065607876551
PSE,Palestine,current_account_pct_gdp,2016,-13.90776226662
PSE,Palestine,current_account_pct_gdp,2015,-13.8789175930847
PSE,Palestine,current_account_pct_gdp,2014,-13.5869104014545
PSE,Palestine,current_account_pct_gdp,2013,-14.7723926183376
PSE,Palestine,current_account_pct_gdp,2012,-14.9170751410581
PSE,Palestine,current_account_pct_gdp,2011,-18.500705760576
PSE,Palestine,current_account_pct_gdp,2010,-13.4993932332553
PSE,Palestine,reserves_months_imports,2025,2.34819177993939
PSE,Palestine,reserves_months_imports,2024,1.90727837913163
PSE,Palestine,reserves_months_imports,2023,1.34968969559463
PSE,Palestine,reserves_months_imports,2022,0.867681729377901
PSE,Palestine,reserves_months_imports,2021,1.02275812512689
PSE,Palestine,reserves_months_imports,2020,1.01706322743793
PSE,Palestine,reserves_months_imports,2019,0.845641204299452
PSE,Palestine,reserves_months_imports,2018,0.699911223141067
PSE,Palestine,reserves_months_imports,2017,0.615717802392961
PSE,Palestine,reserves_months_imports,2016,0.469778606419567
PSE,Palestine,reserves_months_imports,2015,0.901149838647809
PSE,Palestine,reserves_months_imports,2014,1.09049149181729
PSE,Palestine,reserves_months_imports,2013,1.18324871085987
PSE,Palestine,reserves_months_imports,2012,1.24818038165305
PSE,Palestine,reserves_months_imports,2011,1.02737618447542
PSE,Palestine,reserves_months_imports,2010,1.18623230311646
PSE,Palestine,gdp_growth,2025,4.34444072337577
PSE,Palestine,gdp_growth,2024,-22.8573273913324
PSE,Palestine,gdp_growth,2023,-0.97217780620403
PSE,Palestine,gdp_growth,2022,4.08276027347105
PSE,Palestine,gdp_growth,2021,7.01198227592003
PSE,Palestine,gdp_growth,2020,-11.3184661065134
PSE,Palestine,gdp_growth,2019,1.36268746558062
PSE,Palestine,gdp_growth,2018,1.22707737782703
PSE,Palestine,gdp_growth,2017,1.41936756294787
PSE,Palestine,gdp_growth,2016,8.86461881995935
PSE,Palestine,gdp_growth,2015,3.72129967114788
PSE,Palestine,gdp_growth,2014,-0.157866650855297
PSE,Palestine,gdp_growth,2013,4.69856986552234
PSE,Palestine,gdp_growth,2012,6.09645656326154
PSE,Palestine,gdp_growth,2011,9.60080848913594
PSE,Palestine,gdp_growth,2010,5.77736205629419
PSE,Palestine,inflation,2025,9.80840118100493
PSE,Palestine,inflation,2024,53.6691458303782
PSE,Palestine,inflation,2023,5.87110177678988
PSE,Palestine,inflation,2022,3.74122391852077
PSE,Palestine,inflation,2021,1.23748102831369
PSE,Palestine,inflation,2020,-0.735332001092191
PSE,Palestine,inflation,2019,1.58018333639455
PSE,Palestine,inflation,2018,-0.195107773730735
PSE,Palestine,inflation,2017,0.212570934228881
PSE,Palestine,inflation,2016,-0.219106604907316
PSE,Palestine,inflation,2015,1.43161145810476
PSE,Palestine,inflation,2014,1.73298510037447
PSE,Palestine,inflation,2013,1.72439933626931
PSE,Palestine,inflation,2012,2.77908768282492
PSE,Palestine,inflation,2011,2.8772435849594
PSE,Palestine,inflation,2010,3.74915727597096
PSE,Palestine,political_stability,2024,-1.8763518
PSE,Palestine,political_stability,2023,-1.619148
PSE,Palestine,political_stability,2022,-1.5318512
PSE,Palestine,political_stability,2021,-1.6333144
PSE,Palestine,political_stability,2020,-1.7401966
PSE,Palestine,political_stability,2019,-1.523121
PSE,Palestine,political_stability,2018,-1.46491939999999
PSE,Palestine,political_stability,2017,-1.3682541
PSE,Palestine,political_stability,2016,-1.69362899999999
PSE,Palestine,political_stability,2015,-1.7310474
PSE,Palestine,political_stability,2014,-1.67333699999999
PSE,Palestine,political_stability,2013,-1.8005748
PSE,Palestine,political_stability,2012,-1.9475989
PSE,Palestine,political_stability,2011,-1.8788223
PSE,Palestine,political_stability,2010,-1.76941969999999
PSE,Palestine,government_effectiveness,2024,-1.0985907
PSE,Palestine,government_effectiveness,2023,-1.04199169999999
PSE,Palestine,government_effectiveness,2022,-0.7155811
PSE,Palestine,government_effectiveness,2021,-0.6289954
PSE,Palestine,government_effectiveness,2020,-0.4497852
PSE,Palestine,government_effectiveness,2019,-0.4472111
PSE,Palestine,government_effectiveness,2018,-0.4655951
PSE,Palestine,government_effectiveness,2017,-0.1394848
PSE,Palestine,government_effectiveness,2016,-0.3087974
PSE,Palestine,government_effectiveness,2015,-0.2500245
PSE,Palestine,government_effectiveness,2014,-0.2718704
PSE,Palestine,government_effectiveness,2013,-0.466682799999999
PSE,Palestine,government_effectiveness,2012,-0.4729661
PSE,Palestine,government_effectiveness,2011,-0.4514793
PSE,Palestine,government_effectiveness,2010,-0.1372251
PSE,Palestine,rule_of_law,2024,-0.989397099999999
PSE,Palestine,rule_of_law,2023,-0.885715399999999
PSE,Palestine,rule_of_law,2022,-0.8475185
PSE,Palestine,rule_of_law,2021,-0.8929068
PSE,Palestine,rule_of_law,2020,-0.884182199999999
PSE,Palestine,rule_of_law,2019,-0.851592599999999
PSE,Palestine,rule_of_law,2018,-0.878078599999999
PSE,Palestine,rule_of_law,2017,-0.8102739
PSE,Palestine,rule_of_law,2016,-0.797525399999999
PSE,Palestine,rule_of_law,2015,-0.869190199999999
PSE,Palestine,rule_of_law,2014,-0.7588315
PSE,Palestine,rule_of_law,2013,-0.769650699999999
PSE,Palestine,rule_of_law,2012,-0.735521099999999
PSE,Palestine,rule_of_law,2011,-0.734252
PSE,Palestine,rule_of_law,2010,-0.5365615
PSE,Palestine,regulatory_quality,2024,-0.4676244
PSE,Palestine,regulatory_quality,2023,-0.360597699999999
PSE,Palestine,regulatory_quality,2022,-0.1550172
PSE,Palestine,regulatory_quality,2021,-0.1524659
PSE,Palestine,regulatory_quality,2020,-0.1515086
PSE,Palestine,regulatory_quality,2019,-0.1491287
PSE,Palestine,regulatory_quality,2018,-0.150526499999999
PSE,Palestine,regulatory_quality,2017,-0.0426241
PSE,Palestine,regulatory_quality,2016,-0.152295899999999
PSE,Palestine,regulatory_quality,2015,-0.1390882
PSE,Palestine,regulatory_quality,2014,-0.1441563
PSE,Palestine,regulatory_quality,2013,-0.359219099999999
PSE,Palestine,regulatory_quality,2012,-0.3584232
PSE,Palestine,regulatory_quality,2011,-0.0709781999999999
PSE,Palestine,regulatory_quality,2010,0.0225555
PSE,Palestine,control_of_corruption,2024,-0.5708422
PSE,Palestine,control_of_corruption,2023,-0.5990356
PSE,Palestine,control_of_corruption,2022,-0.5708588
PSE,Palestine,control_of_corruption,2021,-0.5922462
PSE,Palestine,control_of_corruption,2020,-0.5368921
PSE,Palestine,control_of_corruption,2019,-0.318133699999999
PSE,Palestine,control_of_corruption,2018,-0.303765299999999
PSE,Palestine,control_of_corruption,2017,-0.3074945
PSE,Palestine,control_of_corruption,2016,-0.2822615
PSE,Palestine,control_of_corruption,2015,-0.4552156
PSE,Palestine,control_of_corruption,2014,-0.4330927
PSE,Palestine,control_of_corruption,2013,-0.3344603
PSE,Palestine,control_of_corruption,2012,-0.428972199999999
PSE,Palestine,control_of_corruption,2011,-0.4653574
PSE,Palestine,control_of_corruption,2010,-0.0181378
PSE,Palestine,fdi_net_inflows_pct_gdp,2025,1.9212691698858
PSE,Palestine,fdi_net_inflows_pct_gdp,2024,1.01253497329187
PSE,Palestine,fdi_net_inflows_pct_gdp,2023,0.555593283570762
PSE,Palestine,fdi_net_inflows_pct_gdp,2022,1.62179695015304
PSE,Palestine,fdi_net_inflows_pct_gdp,2021,1.95194132723981
PSE,Palestine,fdi_net_inflows_pct_gdp,2020,0.513433766585376
PSE,Palestine,fdi_net_inflows_pct_gdp,2019,0.769720046510608
PSE,Palestine,fdi_net_inflows_pct_gdp,2018,1.29446294401352
PSE,Palestine,fdi_net_inflows_pct_gdp,2017,1.14056698202946
PSE,Palestine,fdi_net_inflows_pct_gdp,2016,1.92447798073354
PSE,Palestine,fdi_net_inflows_pct_gdp,2015,0.751035803856381
PSE,Palestine,fdi_net_inflows_pct_gdp,2014,1.14163752860063
PSE,Palestine,fdi_net_inflows_pct_gdp,2013,1.40253913684002
PSE,Palestine,fdi_net_inflows_pct_gdp,2012,0.515918270255689
PSE,Palestine,fdi_net_inflows_pct_gdp,2011,2.13515604683715
PSE,Palestine,fdi_net_inflows_pct_gdp,2010,1.85860711452246
PSE,Palestine,exports_pct_gdp,2025,21.2278136668395
PSE,Palestine,exports_pct_gdp,2024,21.8525432511909
PSE,Palestine,exports_pct_gdp,2023,16.9958841111666
PSE,Palestine,exports_pct_gdp,2022,18.4362526414651
PSE,Palestine,exports_pct_gdp,2021,17.3411011099453
PSE,Palestine,exports_pct_gdp,2020,15.3576234410914
PSE,Palestine,exports_pct_gdp,2019,15.5210552426533
PSE,Palestine,exports_pct_gdp,2018,15.961564454493
PSE,Palestine,exports_pct_gdp,2017,15.7242063492063
PSE,Palestine,exports_pct_gdp,2016,14.3267945006296
PSE,Palestine,exports_pct_gdp,2015,16.0623801208096
PSE,Palestine,exports_pct_gdp,2014,15.8230698299463
PSE,Palestine,exports_pct_gdp,2013,15.6198438829492
PSE,Palestine,exports_pct_gdp,2012,15.3263326889683
PSE,Palestine,exports_pct_gdp,2011,16.0860353474401
PSE,Palestine,exports_pct_gdp,2010,14.1228115477973
PSE,Palestine,imports_pct_gdp,2025,53.5326292734358
PSE,Palestine,imports_pct_gdp,2024,52.7355480773433
PSE,Palestine,imports_pct_gdp,2023,59.1775735037644
PSE,Palestine,imports_pct_gdp,2022,63.9586757454802
PSE,Palestine,imports_pct_gdp,2021,55.7424485062676
PSE,Palestine,imports_pct_gdp,2020,51.9305678064861
PSE,Palestine,imports_pct_gdp,2019,53.4724370385502
PSE,Palestine,imports_pct_gdp,2018,55.439710996154
PSE,Palestine,imports_pct_gdp,2017,52.7244543650794
PSE,Palestine,imports_pct_gdp,2016,51.0957196827087
PSE,Palestine,imports_pct_gdp,2015,54.7185880736309
PSE,Palestine,imports_pct_gdp,2014,51.9167673359686
PSE,Palestine,imports_pct_gdp,2013,50.6514742332877
PSE,Palestine,imports_pct_gdp,2012,51.6029946594148
PSE,Palestine,imports_pct_gdp,2011,51.1634975550013
PSE,Palestine,imports_pct_gdp,2010,54.3748386097196
PSE,Palestine,gdp_current_usd,2025,17167100000.0
PSE,Palestine,gdp_current_usd,2024,16016900000.0
PSE,Palestine,gdp_current_usd,2023,18635100000.0
PSE,Palestine,gdp_current_usd,2022,19165500000.0
PSE,Palestine,gdp_current_usd,2021,18109000000.0
PSE,Palestine,gdp_current_usd,2020,15531700000.0
PSE,Palestine,gdp_current_usd,2019,17133500000.0
PSE,Palestine,gdp_current_usd,2018,16276600000.0
PSE,Palestine,gdp_current_usd,2017,16128000000.0
PSE,Palestine,gdp_current_usd,2016,15405400000.0
PSE,Palestine,gdp_current_usd,2015,13972400000.0
PSE,Palestine,gdp_current_usd,2014,13989700000.0
PSE,Palestine,gdp_current_usd,2013,13515500000.0
PSE,Palestine,gdp_current_usd,2012,12208400000.0
PSE,Palestine,gdp_current_usd,2011,11186100000.0
PSE,Palestine,gdp_current_usd,2010,9681500000.0
PSE,Palestine,gdp_per_capita_usd,2025,3171.10844621579
PSE,Palestine,gdp_per_capita_usd,2024,3028.25481286981
PSE,Palestine,gdp_per_capita_usd,2023,3607.41611858821
PSE,Palestine,gdp_per_capita_usd,2022,3799.95527015163
PSE,Palestine,gdp_per_capita_usd,2021,3678.63565662194
PSE,Palestine,gdp_per_capita_usd,2020,3233.56863835858
PSE,Palestine,gdp_per_capita_usd,2019,3656.85827137011
PSE,Palestine,gdp_per_capita_usd,2018,3562.33094270256
PSE,Palestine,gdp_per_capita_usd,2017,3620.36048715937
PSE,Palestine,gdp_per_capita_usd,2016,3527.61382413178
PSE,Palestine,gdp_per_capita_usd,2015,3272.15432360708
PSE,Palestine,gdp_per_capita_usd,2014,3352.11259506043
PSE,Palestine,gdp_per_capita_usd,2013,3315.29753909282
PSE,Palestine,gdp_per_capita_usd,2012,3067.43872735614
PSE,Palestine,gdp_per_capita_usd,2011,2880.79843707909
PSE,Palestine,gdp_per_capita_usd,2010,2557.07562356699
PSE,Palestine,total_reserves_usd,2025,1825200000.0
PSE,Palestine,total_reserves_usd,2024,1328000000.0
PSE,Palestine,total_reserves_usd,2023,1323200000.0
PSE,Palestine,total_reserves_usd,2022,896900000.0
PSE,Palestine,total_reserves_usd,2021,872540971.01
PSE,Palestine,total_reserves_usd,2020,697074683.28
PSE,Palestine,total_reserves_usd,2019,658352116.3
PSE,Palestine,total_reserves_usd,2018,537846124.64
PSE,Palestine,total_reserves_usd,2017,446349334.35
PSE,Palestine,total_reserves_usd,2016,312800333.67
PSE,Palestine,total_reserves_usd,2015,580939642.18
PSE,Palestine,total_reserves_usd,2014,672378108.54
PSE,Palestine,total_reserves_usd,2013,685224934.26
PSE,Palestine,total_reserves_usd,2012,664041719.54
PSE,Palestine,total_reserves_usd,2011,498047447.64
PSE,Palestine,total_reserves_usd,2010,531755697.08
PSE,Palestine,unemployment_rate,2022,24.42
PSE,Palestine,unemployment_rate,2021,26.39
PSE,Palestine,unemployment_rate,2020,25.895
PSE,Palestine,unemployment_rate,2019,25.34
PSE,Palestine,unemployment_rate,2018,26.256
PSE,Palestine,unemployment_rate,2017,25.677
PSE,Palestine,unemployment_rate,2016,23.939
PSE,Palestine,unemployment_rate,2015,23.005
PSE,Palestine,unemployment_rate,2014,20.526
PSE,Palestine,unemployment_rate,2013,19.894
PSE,Palestine,unemployment_rate,2012,19.202
PSE,Palestine,unemployment_rate,2011,17.597
PSE,Palestine,unemployment_rate,2010,21.416
PSE,Palestine,youth_unemployment_rate,2022,36.092
PSE,Palestine,youth_unemployment_rate,2021,41.63
PSE,Palestine,youth_unemployment_rate,2020,42.053
PSE,Palestine,youth_unemployment_rate,2019,40.151
PSE,Palestine,youth_unemployment_rate,2018,42.224
PSE,Palestine,youth_unemployment_rate,2017,41.868
PSE,Palestine,youth_unemployment_rate,2016,38.507
PSE,Palestine,youth_unemployment_rate,2015,37.215
PSE,Palestine,youth_unemployment_rate,2014,36.33
PSE,Palestine,youth_unemployment_rate,2013,37.137
PSE,Palestine,youth_unemployment_rate,2012,34.644
PSE,Palestine,youth_unemployment_rate,2011,31.224
PSE,Palestine,youth_unemployment_rate,2010,36.178
PSE,Palestine,gini_index,2023,36.4
PSE,Palestine,gini_index,2016,33.7
PSE,Palestine,gini_index,2011,34.4
PSE,Palestine,gini_index,2010,35.3
QAT,Qatar,current_account_pct_gdp,2025,14.8111802018003
QAT,Qatar,current_account_pct_gdp,2024,17.5152925396793
QAT,Qatar,current_account_pct_gdp,2023,17.1136863378173
QAT,Qatar,current_account_pct_gdp,2022,26.7778361978623
QAT,Qatar,current_account_pct_gdp,2021,14.6435967825643
QAT,Qatar,current_account_pct_gdp,2020,-2.06750647346493
QAT,Qatar,current_account_pct_gdp,2019,2.41529709778
QAT,Qatar,current_account_pct_gdp,2018,9.08293669883969
QAT,Qatar,current_account_pct_gdp,2017,3.98856887721847
QAT,Qatar,current_account_pct_gdp,2016,-5.45006694867961
QAT,Qatar,current_account_pct_gdp,2015,8.50181028353524
QAT,Qatar,current_account_pct_gdp,2014,23.9592611415734
QAT,Qatar,current_account_pct_gdp,2013,30.4240457483909
QAT,Qatar,current_account_pct_gdp,2012,33.1847245628586
QAT,Qatar,current_account_pct_gdp,2011,31.0675107947676
QAT,Qatar,reserves_months_imports,2025,7.45258764673881
QAT,Qatar,reserves_months_imports,2024,6.69567627121726
QAT,Qatar,reserves_months_imports,2023,6.48104847137267
QAT,Qatar,reserves_months_imports,2022,5.86304657389892
QAT,Qatar,reserves_months_imports,2021,6.81463955622911
QAT,Qatar,reserves_months_imports,2020,6.77351981461538
QAT,Qatar,reserves_months_imports,2019,5.94863841809649
QAT,Qatar,reserves_months_imports,2018,4.69637516299306
QAT,Qatar,reserves_months_imports,2017,2.52957830646864
QAT,Qatar,reserves_months_imports,2016,5.33675404453708
QAT,Qatar,reserves_months_imports,2015,6.33001498015487
QAT,Qatar,reserves_months_imports,2014,6.42598128516767
QAT,Qatar,reserves_months_imports,2013,6.67015979671203
QAT,Qatar,reserves_months_imports,2012,5.43006082958833
QAT,Qatar,reserves_months_imports,2011,3.19016206908009
QAT,Qatar,gdp_growth,2025,2.90166036660493
QAT,Qatar,gdp_growth,2024,3.10963283242745
QAT,Qatar,gdp_growth,2023,1.18715991623776
QAT,Qatar,gdp_growth,2022,4.18500970982862
QAT,Qatar,gdp_growth,2021,1.62684671918775
QAT,Qatar,gdp_growth,2020,-3.5576039896784
QAT,Qatar,gdp_growth,2019,0.688240954592672
QAT,Qatar,gdp_growth,2018,1.23487220191065
QAT,Qatar,gdp_growth,2017,-1.49760470227838
QAT,Qatar,gdp_growth,2016,3.06419188430156
QAT,Qatar,gdp_growth,2015,4.75334572438737
QAT,Qatar,gdp_growth,2014,4.11911527912761
QAT,Qatar,gdp_growth,2013,4.43070196521455
QAT,Qatar,gdp_growth,2012,4.62623675511804
QAT,Qatar,gdp_growth,2011,13.0214050496923
QAT,Qatar,gdp_growth,2010,16.7315558489187
QAT,Qatar,inflation,2024,1.26734310292375
QAT,Qatar,inflation,2023,3.02764899198902
QAT,Qatar,inflation,2022,4.99527553740761
QAT,Qatar,inflation,2021,2.30446565742003
QAT,Qatar,inflation,2020,-2.5403150300476
QAT,Qatar,inflation,2019,-0.666641124861147
QAT,Qatar,inflation,2018,0.255815382724408
QAT,Qatar,inflation,2017,0.394878914083005
QAT,Qatar,inflation,2016,2.6765917009819
QAT,Qatar,inflation,2015,1.8140772393776
QAT,Qatar,inflation,2014,3.34972085659523
QAT,Qatar,inflation,2013,3.22197756829293
QAT,Qatar,inflation,2012,2.31534853431661
QAT,Qatar,inflation,2011,1.13836623529202
QAT,Qatar,inflation,2010,-2.42525675161714
QAT,Qatar,political_stability,2024,0.9511752
QAT,Qatar,political_stability,2023,1.0147153
QAT,Qatar,political_stability,2022,0.9163182
QAT,Qatar,political_stability,2021,0.9259515
QAT,Qatar,political_stability,2020,0.8905079
QAT,Qatar,political_stability,2019,0.882266
QAT,Qatar,political_stability,2018,0.8707185
QAT,Qatar,political_stability,2017,0.8357284
QAT,Qatar,political_stability,2016,0.8292355
QAT,Qatar,political_stability,2015,0.9673463
QAT,Qatar,political_stability,2014,1.1056965
QAT,Qatar,political_stability,2013,1.1121079
QAT,Qatar,political_stability,2012,1.1565419
QAT,Qatar,political_stability,2011,1.0908808
QAT,Qatar,political_stability,2010,1.1765666
QAT,Qatar,government_effectiveness,2024,1.1342702
QAT,Qatar,government_effectiveness,2023,1.1464253
QAT,Qatar,government_effectiveness,2022,1.189094
QAT,Qatar,government_effectiveness,2021,1.1277682
QAT,Qatar,government_effectiveness,2020,0.9642748
QAT,Qatar,government_effectiveness,2019,0.9423676
QAT,Qatar,government_effectiveness,2018,0.8061951
QAT,Qatar,government_effectiveness,2017,0.9701164
QAT,Qatar,government_effectiveness,2016,1.0292498
QAT,Qatar,government_effectiveness,2015,1.0340695
QAT,Qatar,government_effectiveness,2014,0.9830148
QAT,Qatar,government_effectiveness,2013,1.1397085
QAT,Qatar,government_effectiveness,2012,0.9747888
QAT,Qatar,government_effectiveness,2011,1.0080412
QAT,Qatar,government_effectiveness,2010,0.964407
QAT,Qatar,rule_of_law,2024,0.589593
QAT,Qatar,rule_of_law,2023,0.5728637
QAT,Qatar,rule_of_law,2022,0.5977458
QAT,Qatar,rule_of_law,2021,0.5003341
QAT,Qatar,rule_of_law,2020,0.4786325
QAT,Qatar,rule_of_law,2019,0.4938622
QAT,Qatar,rule_of_law,2018,0.4639058
QAT,Qatar,rule_of_law,2017,0.470148
QAT,Qatar,rule_of_law,2016,0.5818673
QAT,Qatar,rule_of_law,2015,0.5358302
QAT,Qatar,rule_of_law,2014,0.5935569
QAT,Qatar,rule_of_law,2013,0.7628549
QAT,Qatar,rule_of_law,2012,0.7277942
QAT,Qatar,rule_of_law,2011,0.641775
QAT,Qatar,rule_of_law,2010,0.7067019
QAT,Qatar,regulatory_quality,2024,0.9663365
QAT,Qatar,regulatory_quality,2023,0.9412093
QAT,Qatar,regulatory_quality,2022,0.8839637
QAT,Qatar,regulatory_quality,2021,0.8424347
QAT,Qatar,regulatory_quality,2020,0.8435123
QAT,Qatar,regulatory_quality,2019,0.7893471
QAT,Qatar,regulatory_quality,2018,0.6770845
QAT,Qatar,regulatory_quality,2017,0.560855
QAT,Qatar,regulatory_quality,2016,0.7654833
QAT,Qatar,regulatory_quality,2015,0.7674283
QAT,Qatar,regulatory_quality,2014,0.7014796
QAT,Qatar,regulatory_quality,2013,0.9455132
QAT,Qatar,regulatory_quality,2012,0.9514299
QAT,Qatar,regulatory_quality,2011,0.8503316
QAT,Qatar,regulatory_quality,2010,0.8609387
QAT,Qatar,control_of_corruption,2024,0.7548293
QAT,Qatar,control_of_corruption,2023,0.7757739
QAT,Qatar,control_of_corruption,2022,0.8197673
QAT,Qatar,control_of_corruption,2021,0.8394432
QAT,Qatar,control_of_corruption,2020,0.8746817
QAT,Qatar,control_of_corruption,2019,0.8776184
QAT,Qatar,control_of_corruption,2018,0.7493739
QAT,Qatar,control_of_corruption,2017,0.7457912
QAT,Qatar,control_of_corruption,2016,0.8601436
QAT,Qatar,control_of_corruption,2015,0.8450167
QAT,Qatar,control_of_corruption,2014,0.8617689
QAT,Qatar,control_of_corruption,2013,1.1766023
QAT,Qatar,control_of_corruption,2012,1.1558661
QAT,Qatar,control_of_corruption,2011,1.1504795
QAT,Qatar,control_of_corruption,2010,1.3446901
QAT,Qatar,fdi_net_inflows_pct_gdp,2025,1.40702006150615
QAT,Qatar,fdi_net_inflows_pct_gdp,2024,0.212749202349259
QAT,Qatar,fdi_net_inflows_pct_gdp,2023,-0.222614821674707
QAT,Qatar,fdi_net_inflows_pct_gdp,2022,0.0322850616403459
QAT,Qatar,fdi_net_inflows_pct_gdp,2021,-0.608353846418717
QAT,Qatar,fdi_net_inflows_pct_gdp,2020,-1.68550858988767
QAT,Qatar,fdi_net_inflows_pct_gdp,2019,-1.59472537643955
QAT,Qatar,fdi_net_inflows_pct_gdp,2018,-1.19249695201383
QAT,Qatar,fdi_net_inflows_pct_gdp,2017,0.612038723345893
QAT,Qatar,fdi_net_inflows_pct_gdp,2016,0.510044137883475
QAT,Qatar,fdi_net_inflows_pct_gdp,2015,0.662099304441699
QAT,Qatar,fdi_net_inflows_pct_gdp,2014,0.504491036758769
QAT,Qatar,fdi_net_inflows_pct_gdp,2013,-0.422882595917482
QAT,Qatar,fdi_net_inflows_pct_gdp,2012,0.21188872224358
QAT,Qatar,fdi_net_inflows_pct_gdp,2011,0.559389030984015
QAT,Qatar,fdi_net_inflows_pct_gdp,2010,3.73261315829573
QAT,Qatar,exports_pct_gdp,2022,68.5984131738821
QAT,Qatar,exports_pct_gdp,2021,58.7260170336864
QAT,Qatar,exports_pct_gdp,2020,49.118878259958
QAT,Qatar,exports_pct_gdp,2019,52.1888599262863
QAT,Qatar,exports_pct_gdp,2018,55.9418631716143
QAT,Qatar,exports_pct_gdp,2017,52.889422628417
QAT,Qatar,exports_pct_gdp,2016,47.7138414909054
QAT,Qatar,exports_pct_gdp,2015,57.061477766584
QAT,Qatar,exports_pct_gdp,2014,67.9981181320016
QAT,Qatar,exports_pct_gdp,2013,72.7178350242963
QAT,Qatar,exports_pct_gdp,2012,76.4724190759864
QAT,Qatar,exports_pct_gdp,2011,72.619706501698
QAT,Qatar,exports_pct_gdp,2010,62.3197092953046
QAT,Qatar,imports_pct_gdp,2022,31.6152340257357
QAT,Qatar,imports_pct_gdp,2021,34.0531415378261
QAT,Qatar,imports_pct_gdp,2020,40.9002166233522
QAT,Qatar,imports_pct_gdp,2019,37.8575156222525
QAT,Qatar,imports_pct_gdp,2018,35.8965858065867
QAT,Qatar,imports_pct_gdp,2017,38.6051652911024
QAT,Qatar,imports_pct_gdp,2016,41.8337586290298
QAT,Qatar,imports_pct_gdp,2015,36.6461264070517
QAT,Qatar,imports_pct_gdp,2014,31.0362566094301
QAT,Qatar,imports_pct_gdp,2013,29.6653730820309
QAT,Qatar,imports_pct_gdp,2012,29.2739243592311
QAT,Qatar,imports_pct_gdp,2011,26.1019286002011
QAT,Qatar,imports_pct_gdp,2010,23.7506175279123
QAT,Qatar,official_exchange_rate_lcu_usd,2025,3.64
QAT,Qatar,official_exchange_rate_lcu_usd,2024,3.64
QAT,Qatar,official_exchange_rate_lcu_usd,2023,3.64
QAT,Qatar,official_exchange_rate_lcu_usd,2022,3.64
QAT,Qatar,official_exchange_rate_lcu_usd,2021,3.64
QAT,Qatar,official_exchange_rate_lcu_usd,2020,3.64
QAT,Qatar,official_exchange_rate_lcu_usd,2019,3.64
QAT,Qatar,official_exchange_rate_lcu_usd,2018,3.64
QAT,Qatar,official_exchange_rate_lcu_usd,2017,3.64
QAT,Qatar,official_exchange_rate_lcu_usd,2016,3.64
QAT,Qatar,official_exchange_rate_lcu_usd,2015,3.64
QAT,Qatar,official_exchange_rate_lcu_usd,2014,3.64
QAT,Qatar,official_exchange_rate_lcu_usd,2013,3.64
QAT,Qatar,official_exchange_rate_lcu_usd,2012,3.64
QAT,Qatar,official_exchange_rate_lcu_usd,2011,3.64
QAT,Qatar,official_exchange_rate_lcu_usd,2010,3.64
QAT,Qatar,gdp_current_usd,2025,215559615384.615
QAT,Qatar,gdp_current_usd,2024,216294505494.505
QAT,Qatar,gdp_current_usd,2023,213002809340.659
QAT,Qatar,gdp_current_usd,2022,235709325714.286
QAT,Qatar,gdp_current_usd,2021,179732009560.44
QAT,Qatar,gdp_current_usd,2020,144411363351.648
QAT,Qatar,gdp_current_usd,2019,176371267692.308
QAT,Qatar,gdp_current_usd,2018,183334953818.681
QAT,Qatar,gdp_current_usd,2017,161099122225.275
QAT,Qatar,gdp_current_usd,2016,151732181868.132
QAT,Qatar,gdp_current_usd,2015,161739955576.923
QAT,Qatar,gdp_current_usd,2014,206224598571.429
QAT,Qatar,gdp_current_usd,2013,198727642967.033
QAT,Qatar,gdp_current_usd,2012,186833502362.637
QAT,Qatar,gdp_current_usd,2011,167775274725.275
QAT,Qatar,gdp_current_usd,2010,125122252747.253
QAT,Qatar,gdp_per_capita_usd,2025,72524.9066385222
QAT,Qatar,gdp_per_capita_usd,2024,75685.0865779973
QAT,Qatar,gdp_per_capita_usd,2023,80195.8746508549
QAT,Qatar,gdp_per_capita_usd,2022,88701.463352273
QAT,Qatar,gdp_per_capita_usd,2021,71751.8831257169
QAT,Qatar,gdp_per_capita_usd,2020,51683.5054376677
QAT,Qatar,gdp_per_capita_usd,2019,66841.3013484919
QAT,Qatar,gdp_per_capita_usd,2018,71039.8490579352
QAT,Qatar,gdp_per_capita_usd,2017,63279.8556949332
QAT,Qatar,gdp_per_capita_usd,2016,61253.6375482797
QAT,Qatar,gdp_per_capita_usd,2015,68985.2946961507
QAT,Qatar,gdp_per_capita_usd,2014,95840.6310094498
QAT,Qatar,gdp_per_capita_usd,2013,103697.008372373
QAT,Qatar,gdp_per_capita_usd,2012,108470.378825036
QAT,Qatar,gdp_per_capita_usd,2011,103261.510293068
QAT,Qatar,gdp_per_capita_usd,2010,77387.2936379616
QAT,Qatar,total_reserves_usd,2025,55847316824.2018
QAT,Qatar,total_reserves_usd,2024,53987415590.4034
QAT,Qatar,total_reserves_usd,2023,51538727785.639
QAT,Qatar,total_reserves_usd,2022,47389335669.7513
QAT,Qatar,total_reserves_usd,2021,42212542110.0839
QAT,Qatar,total_reserves_usd,2020,40972506521.4797
QAT,Qatar,total_reserves_usd,2019,39718464943.2827
QAT,Qatar,total_reserves_usd,2018,30358280804.0766
QAT,Qatar,total_reserves_usd,2017,15007730964.8132
QAT,Qatar,total_reserves_usd,2016,31887349772.9792
QAT,Qatar,total_reserves_usd,2015,37257529105.0352
QAT,Qatar,total_reserves_usd,2014,43215459717.5334
QAT,Qatar,total_reserves_usd,2013,42082172537.965
QAT,Qatar,total_reserves_usd,2012,33185072530.0802
QAT,Qatar,total_reserves_usd,2011,16809490742.533
QAT,Qatar,total_reserves_usd,2010,31181698262.5165
QAT,Qatar,unemployment_rate,2025,0.13
QAT,Qatar,unemployment_rate,2024,0.13
QAT,Qatar,unemployment_rate,2023,0.13
QAT,Qatar,unemployment_rate,2022,0.13
QAT,Qatar,unemployment_rate,2021,0.14
QAT,Qatar,unemployment_rate,2020,0.14
QAT,Qatar,unemployment_rate,2019,0.1
QAT,Qatar,unemployment_rate,2018,0.11
QAT,Qatar,unemployment_rate,2017,0.14
QAT,Qatar,unemployment_rate,2016,0.15
QAT,Qatar,unemployment_rate,2015,0.17
QAT,Qatar,unemployment_rate,2014,0.2
QAT,Qatar,unemployment_rate,2013,0.28
QAT,Qatar,unemployment_rate,2012,0.48
QAT,Qatar,unemployment_rate,2011,0.56
QAT,Qatar,unemployment_rate,2010,0.45
QAT,Qatar,youth_unemployment_rate,2025,0.559
QAT,Qatar,youth_unemployment_rate,2024,0.573
QAT,Qatar,youth_unemployment_rate,2023,0.574
QAT,Qatar,youth_unemployment_rate,2022,0.559
QAT,Qatar,youth_unemployment_rate,2021,0.693
QAT,Qatar,youth_unemployment_rate,2020,0.48
QAT,Qatar,youth_unemployment_rate,2019,0.295
QAT,Qatar,youth_unemployment_rate,2018,0.309
QAT,Qatar,youth_unemployment_rate,2017,0.505
QAT,Qatar,youth_unemployment_rate,2016,0.482
QAT,Qatar,youth_unemployment_rate,2015,0.569
QAT,Qatar,youth_unemployment_rate,2014,0.737
QAT,Qatar,youth_unemployment_rate,2013,1.109
QAT,Qatar,youth_unemployment_rate,2012,1.475
QAT,Qatar,youth_unemployment_rate,2011,1.306
QAT,Qatar,youth_unemployment_rate,2010,1.296
QAT,Qatar,gini_index,2017,35.1
SAU,Saudi Arabia,current_account_pct_gdp,2025,-2.56365940191401
SAU,Saudi Arabia,current_account_pct_gdp,2024,-1.29603148573183
SAU,Saudi Arabia,current_account_pct_gdp,2023,2.12936729495784
SAU,Saudi Arabia,current_account_pct_gdp,2022,11.7294510759777
SAU,Saudi Arabia,current_account_pct_gdp,2021,4.5697627196532
SAU,Saudi Arabia,current_account_pct_gdp,2020,-4.51692116727614
SAU,Saudi Arabia,current_account_pct_gdp,2019,3.64484004485364
SAU,Saudi Arabia,current_account_pct_gdp,2018,7.89890750977747
SAU,Saudi Arabia,current_account_pct_gdp,2017,1.2254608961689
SAU,Saudi Arabia,current_account_pct_gdp,2016,-3.91268584311643
SAU,Saudi Arabia,current_account_pct_gdp,2015,-7.93818281494484
SAU,Saudi Arabia,current_account_pct_gdp,2014,9.86478118777849
SAU,Saudi Arabia,current_account_pct_gdp,2013,18.3253067776542
SAU,Saudi Arabia,current_account_pct_gdp,2012,22.8484723061974
SAU,Saudi Arabia,current_account_pct_gdp,2011,23.8816335912652
SAU,Saudi Arabia,current_account_pct_gdp,2010,13.5423706949189
SAU,Saudi Arabia,reserves_months_imports,2025,15.5945460088131
SAU,Saudi Arabia,reserves_months_imports,2024,15.0571337423468
SAU,Saudi Arabia,reserves_months_imports,2023,16.5690894253073
SAU,Saudi Arabia,reserves_months_imports,2022,20.0230345579448
SAU,Saudi Arabia,reserves_months_imports,2021,25.1183969265183
SAU,Saudi Arabia,reserves_months_imports,2020,27.83499765841
SAU,Saudi Arabia,reserves_months_imports,2019,25.5992015113689
SAU,Saudi Arabia,reserves_months_imports,2018,27.2537617937104
SAU,Saudi Arabia,reserves_months_imports,2017,28.7798542698354
SAU,Saudi Arabia,reserves_months_imports,2016,31.6961891139936
SAU,Saudi Arabia,reserves_months_imports,2015,29.523607332364
SAU,Saudi Arabia,reserves_months_imports,2014,33.5078337240261
SAU,Saudi Arabia,reserves_months_imports,2013,37.373716349245
SAU,Saudi Arabia,reserves_months_imports,2012,36.4747145801621
SAU,Saudi Arabia,reserves_months_imports,2011,32.6137729985206
SAU,Saudi Arabia,reserves_months_imports,2010,30.5395328882404
SAU,Saudi Arabia,gdp_growth,2025,4.50246560191663
SAU,Saudi Arabia,gdp_growth,2024,2.64893068308965
SAU,Saudi Arabia,gdp_growth,2023,0.542592439393161
SAU,Saudi Arabia,gdp_growth,2022,12.0005874752929
SAU,Saudi Arabia,gdp_growth,2021,6.51959698325419
SAU,Saudi Arabia,gdp_growth,2020,-3.80478901996312
SAU,Saudi Arabia,gdp_growth,2019,1.65158925617395
SAU,Saudi Arabia,gdp_growth,2018,3.2269508901591
SAU,Saudi Arabia,gdp_growth,2017,1.18210705878283
SAU,Saudi Arabia,gdp_growth,2016,1.70404739202878
SAU,Saudi Arabia,gdp_growth,2015,4.65512316652699
SAU,Saudi Arabia,gdp_growth,2014,4.02467158380668
SAU,Saudi Arabia,gdp_growth,2013,2.94563789152025
SAU,Saudi Arabia,gdp_growth,2012,5.76157382270968
SAU,Saudi Arabia,gdp_growth,2011,11.758820686671
SAU,Saudi Arabia,gdp_growth,2010,5.0395150823517
SAU,Saudi Arabia,inflation,2025,2.08420853585036
SAU,Saudi Arabia,inflation,2024,1.68792112375809
SAU,Saudi Arabia,inflation,2023,2.32708518362706
SAU,Saudi Arabia,inflation,2022,2.47407371925372
SAU,Saudi Arabia,inflation,2021,3.06328988941548
SAU,Saudi Arabia,inflation,2020,3.37234961012303
SAU,Saudi Arabia,inflation,2019,-1.19298644533328
SAU,Saudi Arabia,inflation,2018,2.46594308994843
SAU,Saudi Arabia,inflation,2017,-0.834845735027162
SAU,Saudi Arabia,inflation,2016,2.05347076823965
SAU,Saudi Arabia,inflation,2015,1.22269318552328
SAU,Saudi Arabia,inflation,2014,2.24185348779063
SAU,Saudi Arabia,inflation,2013,3.51104209799866
SAU,Saudi Arabia,inflation,2012,2.86627029905053
SAU,Saudi Arabia,inflation,2011,5.8262163739404
SAU,Saudi Arabia,inflation,2010,5.33941733020905
SAU,Saudi Arabia,political_stability,2024,-0.048171
SAU,Saudi Arabia,political_stability,2023,-0.2452065
SAU,Saudi Arabia,political_stability,2022,-0.3617761
SAU,Saudi Arabia,political_stability,2021,-0.4672131
SAU,Saudi Arabia,political_stability,2020,-0.5528267
SAU,Saudi Arabia,political_stability,2019,-0.5528727
SAU,Saudi Arabia,political_stability,2018,-0.5983975
SAU,Saudi Arabia,political_stability,2017,-0.667506399999999
SAU,Saudi Arabia,political_stability,2016,-0.5059085
SAU,Saudi Arabia,political_stability,2015,-0.4683535
SAU,Saudi Arabia,political_stability,2014,-0.308626499999999
SAU,Saudi Arabia,political_stability,2013,-0.660277
SAU,Saudi Arabia,political_stability,2012,-0.5972185
SAU,Saudi Arabia,political_stability,2011,-0.512941299999999
SAU,Saudi Arabia,political_stability,2010,-0.295186399999999
SAU,Saudi Arabia,government_effectiveness,2024,0.7833016
SAU,Saudi Arabia,government_effectiveness,2023,0.725856
SAU,Saudi Arabia,government_effectiveness,2022,0.5143289
SAU,Saudi Arabia,government_effectiveness,2021,0.3884752
SAU,Saudi Arabia,government_effectiveness,2020,0.1079226
SAU,Saudi Arabia,government_effectiveness,2019,0.261925
SAU,Saudi Arabia,government_effectiveness,2018,0.2655112
SAU,Saudi Arabia,government_effectiveness,2017,0.1769432
SAU,Saudi Arabia,government_effectiveness,2016,0.2818788
SAU,Saudi Arabia,government_effectiveness,2015,0.0852228999999999
SAU,Saudi Arabia,government_effectiveness,2014,0.075289
SAU,Saudi Arabia,government_effectiveness,2013,-0.0761056
SAU,Saudi Arabia,government_effectiveness,2012,-0.00699619999999999
SAU,Saudi Arabia,government_effectiveness,2011,0.0088158
SAU,Saudi Arabia,government_effectiveness,2010,0.0891481
SAU,Saudi Arabia,rule_of_law,2024,0.2103549
SAU,Saudi Arabia,rule_of_law,2023,0.1165635
SAU,Saudi Arabia,rule_of_law,2022,0.0393234
SAU,Saudi Arabia,rule_of_law,2021,-0.1658751
SAU,Saudi Arabia,rule_of_law,2020,-0.1793363
SAU,Saudi Arabia,rule_of_law,2019,-0.169569499999999
SAU,Saudi Arabia,rule_of_law,2018,-0.2326451
SAU,Saudi Arabia,rule_of_law,2017,-0.3327389
SAU,Saudi Arabia,rule_of_law,2016,-0.199981599999999
SAU,Saudi Arabia,rule_of_law,2015,-0.267793
SAU,Saudi Arabia,rule_of_law,2014,-0.434598
SAU,Saudi Arabia,rule_of_law,2013,-0.2026797
SAU,Saudi Arabia,rule_of_law,2012,-0.186143299999999
SAU,Saudi Arabia,rule_of_law,2011,-0.1576511
SAU,Saudi Arabia,rule_of_law,2010,-0.1795887
SAU,Saudi Arabia,regulatory_quality,2024,0.7102575
SAU,Saudi Arabia,regulatory_quality,2023,0.6101083
SAU,Saudi Arabia,regulatory_quality,2022,0.554186
SAU,Saudi Arabia,regulatory_quality,2021,0.3876301
SAU,Saudi Arabia,regulatory_quality,2020,0.1732095
SAU,Saudi Arabia,regulatory_quality,2019,0.1793192
SAU,Saudi Arabia,regulatory_quality,2018,0.0805221
SAU,Saudi Arabia,regulatory_quality,2017,0.1004204
SAU,Saudi Arabia,regulatory_quality,2016,0.1880057
SAU,Saudi Arabia,regulatory_quality,2015,0.2373094
SAU,Saudi Arabia,regulatory_quality,2014,0.1946553
SAU,Saudi Arabia,regulatory_quality,2013,0.2721716
SAU,Saudi Arabia,regulatory_quality,2012,0.2391932
SAU,Saudi Arabia,regulatory_quality,2011,0.3943428
SAU,Saudi Arabia,regulatory_quality,2010,0.3480315
SAU,Saudi Arabia,control_of_corruption,2024,0.7528275
SAU,Saudi Arabia,control_of_corruption,2023,0.476953
SAU,Saudi Arabia,control_of_corruption,2022,0.2767396
SAU,Saudi Arabia,control_of_corruption,2021,0.2365231
SAU,Saudi Arabia,control_of_corruption,2020,0.32153
SAU,Saudi Arabia,control_of_corruption,2019,0.2130276
SAU,Saudi Arabia,control_of_corruption,2018,0.1556309
SAU,Saudi Arabia,control_of_corruption,2017,0.1100011
SAU,Saudi Arabia,control_of_corruption,2016,0.1203849
SAU,Saudi Arabia,control_of_corruption,2015,-0.140992099999999
SAU,Saudi Arabia,control_of_corruption,2014,-0.2508778
SAU,Saudi Arabia,control_of_corruption,2013,-0.1775677
SAU,Saudi Arabia,control_of_corruption,2012,-0.1950621
SAU,Saudi Arabia,control_of_corruption,2011,-0.2131986
SAU,Saudi Arabia,control_of_corruption,2010,-0.121664399999999
SAU,Saudi Arabia,fdi_net_inflows_pct_gdp,2025,2.55517254024168
SAU,Saudi Arabia,fdi_net_inflows_pct_gdp,2024,1.70136894275871
SAU,Saudi Arabia,fdi_net_inflows_pct_gdp,2023,1.87130991298946
SAU,Saudi Arabia,fdi_net_inflows_pct_gdp,2022,2.1556449627378
SAU,Saudi Arabia,fdi_net_inflows_pct_gdp,2021,2.8850612174452
SAU,Saudi Arabia,fdi_net_inflows_pct_gdp,2020,0.211115523412857
SAU,Saudi Arabia,fdi_net_inflows_pct_gdp,2019,0.346411455797861
SAU,Saudi Arabia,fdi_net_inflows_pct_gdp,2018,1.36945683303735
SAU,Saudi Arabia,fdi_net_inflows_pct_gdp,2017,0.136801407151884
SAU,Saudi Arabia,fdi_net_inflows_pct_gdp,2016,3.18518611850268
SAU,Saudi Arabia,fdi_net_inflows_pct_gdp,2015,0.572622097928938
SAU,Saudi Arabia,fdi_net_inflows_pct_gdp,2014,0.191711517264834
SAU,Saudi Arabia,fdi_net_inflows_pct_gdp,2013,0.437984195574321
SAU,Saudi Arabia,fdi_net_inflows_pct_gdp,2012,0.669626013751334
SAU,Saudi Arabia,fdi_net_inflows_pct_gdp,2011,0.688133631504519
SAU,Saudi Arabia,fdi_net_inflows_pct_gdp,2010,0.923670092367435
SAU,Saudi Arabia,exports_pct_gdp,2025,29.7448740074211
SAU,Saudi Arabia,exports_pct_gdp,2024,29.3880027930942
SAU,Saudi Arabia,exports_pct_gdp,2023,30.7559610678442
SAU,Saudi Arabia,exports_pct_gdp,2022,35.9850098955522
SAU,Saudi Arabia,exports_pct_gdp,2021,29.1556614026837
SAU,Saudi Arabia,exports_pct_gdp,2020,23.8098115262185
SAU,Saudi Arabia,exports_pct_gdp,2019,32.159204977113
SAU,Saudi Arabia,exports_pct_gdp,2018,35.5209831625769
SAU,Saudi Arabia,exports_pct_gdp,2017,32.3625378991189
SAU,Saudi Arabia,exports_pct_gdp,2016,29.1430897114591
SAU,Saudi Arabia,exports_pct_gdp,2015,31.4401316153804
SAU,Saudi Arabia,exports_pct_gdp,2014,45.0958458227862
SAU,Saudi Arabia,exports_pct_gdp,2013,50.3725164415794
SAU,Saudi Arabia,exports_pct_gdp,2012,53.1198476436365
SAU,Saudi Arabia,exports_pct_gdp,2011,55.2733461365779
SAU,Saudi Arabia,exports_pct_gdp,2010,49.5697145263124
SAU,Saudi Arabia,imports_pct_gdp,2025,28.1733498505598
SAU,Saudi Arabia,imports_pct_gdp,2024,27.0169346216948
SAU,Saudi Arabia,imports_pct_gdp,2023,25.0415071647045
SAU,Saudi Arabia,imports_pct_gdp,2022,20.839154879381
SAU,Saudi Arabia,imports_pct_gdp,2021,21.728264937195
SAU,Saudi Arabia,imports_pct_gdp,2020,23.7233476988295
SAU,Saudi Arabia,imports_pct_gdp,2019,24.6346155115383
SAU,Saudi Arabia,imports_pct_gdp,2018,23.5819273071372
SAU,Saudi Arabia,imports_pct_gdp,2017,27.169441258704
SAU,Saudi Arabia,imports_pct_gdp,2016,28.7785737995774
SAU,Saudi Arabia,imports_pct_gdp,2015,35.6651376146789
SAU,Saudi Arabia,imports_pct_gdp,2014,32.9042652949498
SAU,Saudi Arabia,imports_pct_gdp,2013,29.8789849870989
SAU,Saudi Arabia,imports_pct_gdp,2012,28.6208309025235
SAU,Saudi Arabia,imports_pct_gdp,2011,29.0860881073216
SAU,Saudi Arabia,imports_pct_gdp,2010,32.9799704964413
SAU,Saudi Arabia,official_exchange_rate_lcu_usd,2025,3.75
SAU,Saudi Arabia,official_exchange_rate_lcu_usd,2024,3.75
SAU,Saudi Arabia,official_exchange_rate_lcu_usd,2023,3.75
SAU,Saudi Arabia,official_exchange_rate_lcu_usd,2022,3.75
SAU,Saudi Arabia,official_exchange_rate_lcu_usd,2021,3.75
SAU,Saudi Arabia,official_exchange_rate_lcu_usd,2020,3.75
SAU,Saudi Arabia,official_exchange_rate_lcu_usd,2019,3.75
SAU,Saudi Arabia,official_exchange_rate_lcu_usd,2018,3.75
SAU,Saudi Arabia,official_exchange_rate_lcu_usd,2017,3.75
SAU,Saudi Arabia,official_exchange_rate_lcu_usd,2016,3.75
SAU,Saudi Arabia,official_exchange_rate_lcu_usd,2015,3.75
SAU,Saudi Arabia,official_exchange_rate_lcu_usd,2014,3.75
SAU,Saudi Arabia,official_exchange_rate_lcu_usd,2013,3.75
SAU,Saudi Arabia,official_exchange_rate_lcu_usd,2012,3.75
SAU,Saudi Arabia,official_exchange_rate_lcu_usd,2011,3.75
SAU,Saudi Arabia,official_exchange_rate_lcu_usd,2010,3.75
SAU,Saudi Arabia,gdp_current_usd,2025,1276942933333.33
SAU,Saudi Arabia,gdp_current_usd,2024,1254140800000.0
SAU,Saudi Arabia,gdp_current_usd,2023,1218584800000.0
SAU,Saudi Arabia,gdp_current_usd,2022,1239075200000.0
SAU,Saudi Arabia,gdp_current_usd,2021,982661066666.667
SAU,Saudi Arabia,gdp_current_usd,2020,767951200000.0
SAU,Saudi Arabia,gdp_current_usd,2019,888890133333.333
SAU,Saudi Arabia,gdp_current_usd,2018,886564800000.0
SAU,Saudi Arabia,gdp_current_usd,2017,741266133333.333
SAU,Saudi Arabia,gdp_current_usd,2016,689279466666.667
SAU,Saudi Arabia,gdp_current_usd,2015,693414400000.0
SAU,Saudi Arabia,gdp_current_usd,2014,787153066666.667
SAU,Saudi Arabia,gdp_current_usd,2013,769755733333.333
SAU,Saudi Arabia,gdp_current_usd,2012,751921333333.333
SAU,Saudi Arabia,gdp_current_usd,2011,680660800000.0
SAU,Saudi Arabia,gdp_current_usd,2010,528207466666.667
SAU,Saudi Arabia,gdp_per_capita_usd,2025,34536.6555456551
SAU,Saudi Arabia,gdp_per_capita_usd,2024,35527.786181866
SAU,Saudi Arabia,gdp_per_capita_usd,2023,36156.8562500172
SAU,Saudi Arabia,gdp_per_capita_usd,2022,38510.2276211037
SAU,Saudi Arabia,gdp_per_capita_usd,2021,31920.7653655643
SAU,Saudi Arabia,gdp_per_capita_usd,2020,24338.8307301067
SAU,Saudi Arabia,gdp_per_capita_usd,2019,29566.7933827436
SAU,Saudi Arabia,gdp_per_capita_usd,2018,29360.0658968566
SAU,Saudi Arabia,gdp_per_capita_usd,2017,23929.2907135982
SAU,Saudi Arabia,gdp_per_capita_usd,2016,22267.7217050387
SAU,Saudi Arabia,gdp_per_capita_usd,2015,23256.1549553531
SAU,Saudi Arabia,gdp_per_capita_usd,2014,27805.4850319422
SAU,Saudi Arabia,gdp_per_capita_usd,2013,27865.465604962
SAU,Saudi Arabia,gdp_per_capita_usd,2012,28733.4375513452
SAU,Saudi Arabia,gdp_per_capita_usd,2011,27126.7498747702
SAU,Saudi Arabia,gdp_per_capita_usd,2010,22028.3901426586
SAU,Saudi Arabia,total_reserves_usd,2025,505163993094.995
SAU,Saudi Arabia,total_reserves_usd,2024,463869589071.029
SAU,Saudi Arabia,total_reserves_usd,2023,457948635287.488
SAU,Saudi Arabia,total_reserves_usd,2022,478231707665.7
SAU,Saudi Arabia,total_reserves_usd,2021,473889603512.936
SAU,Saudi Arabia,total_reserves_usd,2020,472850970844.846
SAU,Saudi Arabia,total_reserves_usd,2019,514962537825.302
SAU,Saudi Arabia,total_reserves_usd,2018,509468527336.473
SAU,Saudi Arabia,total_reserves_usd,2017,509457096430.156
SAU,Saudi Arabia,total_reserves_usd,2016,547266635919.121
SAU,Saudi Arabia,total_reserves_usd,2015,626989686477.742
SAU,Saudi Arabia,total_reserves_usd,2014,744440513643.462
SAU,Saudi Arabia,total_reserves_usd,2013,737796355078.29
SAU,Saudi Arabia,total_reserves_usd,2012,673739616018.359
SAU,Saudi Arabia,total_reserves_usd,2011,556570950256.256
SAU,Saudi Arabia,total_reserves_usd,2010,459313194915.439
SAU,Saudi Arabia,unemployment_rate,2025,3.038
SAU,Saudi Arabia,unemployment_rate,2024,3.518
SAU,Saudi Arabia,unemployment_rate,2023,4.008
SAU,Saudi Arabia,unemployment_rate,2022,5.589
SAU,Saudi Arabia,unemployment_rate,2021,6.621
SAU,Saudi Arabia,unemployment_rate,2020,7.66
SAU,Saudi Arabia,unemployment_rate,2019,5.636
SAU,Saudi Arabia,unemployment_rate,2018,6.029
SAU,Saudi Arabia,unemployment_rate,2017,5.89
SAU,Saudi Arabia,unemployment_rate,2016,5.6
SAU,Saudi Arabia,unemployment_rate,2015,5.6
SAU,Saudi Arabia,unemployment_rate,2014,5.877
SAU,Saudi Arabia,unemployment_rate,2013,5.6
SAU,Saudi Arabia,unemployment_rate,2012,5.622
SAU,Saudi Arabia,unemployment_rate,2011,5.77
SAU,Saudi Arabia,unemployment_rate,2010,5.55
SAU,Saudi Arabia,youth_unemployment_rate,2025,10.01
SAU,Saudi Arabia,youth_unemployment_rate,2024,11.502
SAU,Saudi Arabia,youth_unemployment_rate,2023,13.474
SAU,Saudi Arabia,youth_unemployment_rate,2022,15.964
SAU,Saudi Arabia,youth_unemployment_rate,2021,19.772
SAU,Saudi Arabia,youth_unemployment_rate,2020,29.627
SAU,Saudi Arabia,youth_unemployment_rate,2019,25.477
SAU,Saudi Arabia,youth_unemployment_rate,2018,30.213
SAU,Saudi Arabia,youth_unemployment_rate,2017,31.504
SAU,Saudi Arabia,youth_unemployment_rate,2016,24.275
SAU,Saudi Arabia,youth_unemployment_rate,2015,28.156
SAU,Saudi Arabia,youth_unemployment_rate,2014,28.603
SAU,Saudi Arabia,youth_unemployment_rate,2013,26.946
SAU,Saudi Arabia,youth_unemployment_rate,2012,24.843
SAU,Saudi Arabia,youth_unemployment_rate,2011,25.11
SAU,Saudi Arabia,youth_unemployment_rate,2010,24.738
SYR,Syria,current_account_pct_gdp,2010,-0.598441906450217
SYR,Syria,reserves_months_imports,2010,11.659017145464
SYR,Syria,gdp_growth,2022,-0.20247264200475
SYR,Syria,gdp_growth,2021,1.7896919997567
SYR,Syria,gdp_growth,2020,0.954914586675713
SYR,Syria,gdp_growth,2019,1.22072818348491
SYR,Syria,gdp_growth,2018,1.39323324059961
SYR,Syria,gdp_growth,2017,-0.723346297115341
SYR,Syria,gdp_growth,2016,-6.40568496867387
SYR,Syria,gdp_growth,2015,-4.17969204561759
SYR,Syria,gdp_growth,2014,-10.3103412087823
SYR,Syria,gdp_growth,2013,-26.3002577493205
SYR,Syria,gdp_growth,2012,-26.338904668983
SYR,Syria,gdp_growth,2011,2.8502205980333
SYR,Syria,gdp_growth,2010,5.19150915015936
SYR,Syria,inflation,2019,13.4175653228571
SYR,Syria,inflation,2018,0.940983843906769
SYR,Syria,inflation,2017,18.0752696281771
SYR,Syria,inflation,2016,47.7051615298923
SYR,Syria,inflation,2015,38.4611429599733
SYR,Syria,inflation,2014,10.9271141804297
SYR,Syria,inflation,2013,40.0318378290723
SYR,Syria,inflation,2012,36.7022953364139
SYR,Syria,inflation,2011,4.7531638888563
SYR,Syria,inflation,2010,4.3974138315007
SYR,Syria,political_stability,2024,-2.3680716
SYR,Syria,political_stability,2023,-2.4379022
SYR,Syria,political_stability,2022,-2.43824749999999
SYR,Syria,political_stability,2021,-2.37452369999999
SYR,Syria,political_stability,2020,-2.35367569999999
SYR,Syria,political_stability,2019,-2.4527063
SYR,Syria,political_stability,2018,-2.4238579
SYR,Syria,political_stability,2017,-2.4453795
SYR,Syria,political_stability,2016,-2.5955347
SYR,Syria,political_stability,2015,-2.4382136
SYR,Syria,political_stability,2014,-2.34971829999999
SYR,Syria,political_stability,2013,-2.46599079999999
SYR,Syria,political_stability,2012,-2.4554347
SYR,Syria,political_stability,2011,-2.13376019999999
SYR,Syria,political_stability,2010,-1.1174939
SYR,Syria,government_effectiveness,2024,-1.6726478
SYR,Syria,government_effectiveness,2023,-1.6144064
SYR,Syria,government_effectiveness,2022,-1.61489209999999
SYR,Syria,government_effectiveness,2021,-1.5265647
SYR,Syria,government_effectiveness,2020,-1.4732889
SYR,Syria,government_effectiveness,2019,-1.58916449999999
SYR,Syria,government_effectiveness,2018,-1.4702578
SYR,Syria,government_effectiveness,2017,-1.4708561
SYR,Syria,government_effectiveness,2016,-1.4709651
SYR,Syria,government_effectiveness,2015,-1.2458592
SYR,Syria,government_effectiveness,2014,-1.0163507
SYR,Syria,government_effectiveness,2013,-1.1353579
SYR,Syria,government_effectiveness,2012,-0.9278318
SYR,Syria,government_effectiveness,2011,-0.6889793
SYR,Syria,government_effectiveness,2010,-0.6941611
SYR,Syria,rule_of_law,2024,-1.813556
SYR,Syria,rule_of_law,2023,-1.8617654
SYR,Syria,rule_of_law,2022,-1.8753611
SYR,Syria,rule_of_law,2021,-1.8887237
SYR,Syria,rule_of_law,2020,-1.8514471
SYR,Syria,rule_of_law,2019,-1.8308474
SYR,Syria,rule_of_law,2018,-1.77685349999999
SYR,Syria,rule_of_law,2017,-1.807304
SYR,Syria,rule_of_law,2016,-1.8462401
SYR,Syria,rule_of_law,2015,-1.6477248
SYR,Syria,rule_of_law,2014,-1.6659053
SYR,Syria,rule_of_law,2013,-1.5882155
SYR,Syria,rule_of_law,2012,-1.3261066
SYR,Syria,rule_of_law,2011,-0.981771
SYR,Syria,rule_of_law,2010,-0.7628841
SYR,Syria,regulatory_quality,2024,-1.9974752
SYR,Syria,regulatory_quality,2023,-1.8919941
SYR,Syria,regulatory_quality,2022,-1.8921267
SYR,Syria,regulatory_quality,2021,-1.75501
SYR,Syria,regulatory_quality,2020,-1.6481019
SYR,Syria,regulatory_quality,2019,-1.5966464
SYR,Syria,regulatory_quality,2018,-1.547928
SYR,Syria,regulatory_quality,2017,-1.63923099999999
SYR,Syria,regulatory_quality,2016,-1.6361409
SYR,Syria,regulatory_quality,2015,-1.54984409999999
SYR,Syria,regulatory_quality,2014,-1.63694459999999
SYR,Syria,regulatory_quality,2013,-1.5261224
SYR,Syria,regulatory_quality,2012,-1.4240012
SYR,Syria,regulatory_quality,2011,-0.837656299999999
SYR,Syria,regulatory_quality,2010,-0.7452067
SYR,Syria,control_of_corruption,2024,-1.70162709999999
SYR,Syria,control_of_corruption,2023,-1.7817933
SYR,Syria,control_of_corruption,2022,-1.79243509999999
SYR,Syria,control_of_corruption,2021,-1.79070699999999
SYR,Syria,control_of_corruption,2020,-1.6873687
SYR,Syria,control_of_corruption,2019,-1.6558161
SYR,Syria,control_of_corruption,2018,-1.5912541
SYR,Syria,control_of_corruption,2017,-1.5920556
SYR,Syria,control_of_corruption,2016,-1.5915844
SYR,Syria,control_of_corruption,2015,-1.5307718
SYR,Syria,control_of_corruption,2014,-1.5306381
SYR,Syria,control_of_corruption,2013,-1.20834819999999
SYR,Syria,control_of_corruption,2012,-1.19016529999999
SYR,Syria,control_of_corruption,2011,-1.106722
SYR,Syria,control_of_corruption,2010,-1.0905246
SYR,Syria,fdi_net_inflows_pct_gdp,2011,1.19065647696386
SYR,Syria,fdi_net_inflows_pct_gdp,2010,2.39318605915641
SYR,Syria,exports_pct_gdp,2022,6.7771895571266
SYR,Syria,exports_pct_gdp,2021,14.9508204374067
SYR,Syria,exports_pct_gdp,2020,13.1892633653515
SYR,Syria,exports_pct_gdp,2019,13.0100655511925
SYR,Syria,exports_pct_gdp,2018,14.9170302242434
SYR,Syria,exports_pct_gdp,2017,19.3396763257828
SYR,Syria,exports_pct_gdp,2016,21.6801002606147
SYR,Syria,exports_pct_gdp,2015,14.2911061178655
SYR,Syria,exports_pct_gdp,2014,7.01577957143612
SYR,Syria,exports_pct_gdp,2013,7.77801797227006
SYR,Syria,exports_pct_gdp,2012,7.71461782136059
SYR,Syria,exports_pct_gdp,2011,19.3693262797983
SYR,Syria,exports_pct_gdp,2010,32.1667841253209
SYR,Syria,imports_pct_gdp,2022,28.6600525880316
SYR,Syria,imports_pct_gdp,2021,44.0511918088493
SYR,Syria,imports_pct_gdp,2020,30.0023561798712
SYR,Syria,imports_pct_gdp,2019,28.9894026254051
SYR,Syria,imports_pct_gdp,2018,35.7420774198957
SYR,Syria,imports_pct_gdp,2017,41.7111781840868
SYR,Syria,imports_pct_gdp,2016,45.4318404760268
SYR,Syria,imports_pct_gdp,2015,36.7951069230783
SYR,Syria,imports_pct_gdp,2014,47.2486429493624
SYR,Syria,imports_pct_gdp,2013,36.9272368113289
SYR,Syria,imports_pct_gdp,2012,27.6540725102336
SYR,Syria,imports_pct_gdp,2011,31.3267640239015
SYR,Syria,imports_pct_gdp,2010,31.843378069124
SYR,Syria,official_exchange_rate_lcu_usd,2022,2505.74691085873
SYR,Syria,official_exchange_rate_lcu_usd,2021,1256.0
SYR,Syria,official_exchange_rate_lcu_usd,2020,877.945250896057
SYR,Syria,official_exchange_rate_lcu_usd,2019,436.5
SYR,Syria,official_exchange_rate_lcu_usd,2018,436.5
SYR,Syria,official_exchange_rate_lcu_usd,2017,492.610833333333
SYR,Syria,official_exchange_rate_lcu_usd,2016,460.275833333333
SYR,Syria,official_exchange_rate_lcu_usd,2015,237.029166666667
SYR,Syria,official_exchange_rate_lcu_usd,2014,154.13
SYR,Syria,official_exchange_rate_lcu_usd,2013,108.733333333333
SYR,Syria,official_exchange_rate_lcu_usd,2012,64.5808333333333
SYR,Syria,official_exchange_rate_lcu_usd,2011,48.3366666666667
SYR,Syria,official_exchange_rate_lcu_usd,2010,11.225
SYR,Syria,gdp_current_usd,2022,23737634644.3994
SYR,Syria,gdp_current_usd,2021,14892885528.1402
SYR,Syria,gdp_current_usd,2020,12501503673.2425
SYR,Syria,gdp_current_usd,2019,22583046644.6891
SYR,Syria,gdp_current_usd,2018,21497779247.9835
SYR,Syria,gdp_current_usd,2017,16369842725.4718
SYR,Syria,gdp_current_usd,2016,12597854088.3602
SYR,Syria,gdp_current_usd,2015,16466861435.0236
SYR,Syria,gdp_current_usd,2014,21502061466.067
SYR,Syria,gdp_current_usd,2013,21361254634.9336
SYR,Syria,gdp_current_usd,2012,43190318032.5627
SYR,Syria,gdp_current_usd,2011,67539433544.3077
SYR,Syria,gdp_current_usd,2010,61390833272.6687
SYR,Syria,gdp_per_capita_usd,2022,1056.78264718197
SYR,Syria,gdp_per_capita_usd,2021,688.566109726934
SYR,Syria,gdp_per_capita_usd,2020,593.911771822527
SYR,Syria,gdp_per_capita_usd,2019,1109.53933821464
SYR,Syria,gdp_per_capita_usd,2018,1098.06667935023
SYR,Syria,gdp_per_capita_usd,2017,851.501972646386
SYR,Syria,gdp_per_capita_usd,2016,656.349017520952
SYR,Syria,gdp_per_capita_usd,2015,847.731545352582
SYR,Syria,gdp_per_capita_usd,2014,1060.59105887433
SYR,Syria,gdp_per_capita_usd,2013,985.892669221634
SYR,Syria,gdp_per_capita_usd,2012,1897.66115018696
SYR,Syria,gdp_per_capita_usd,2011,2952.14372909443
SYR,Syria,gdp_per_capita_usd,2010,2730.61487784917
SYR,Syria,total_reserves_usd,2010,20631907296.8694
SYR,Syria,unemployment_rate,2025,13.569
SYR,Syria,unemployment_rate,2024,13.359
SYR,Syria,unemployment_rate,2023,13.27
SYR,Syria,unemployment_rate,2022,13.245
SYR,Syria,unemployment_rate,2021,14.887
SYR,Syria,unemployment_rate,2020,15.179
SYR,Syria,unemployment_rate,2019,13.369
SYR,Syria,unemployment_rate,2018,13.505
SYR,Syria,unemployment_rate,2017,13.603
SYR,Syria,unemployment_rate,2016,13.798
SYR,Syria,unemployment_rate,2015,14.244
SYR,Syria,unemployment_rate,2014,14.782
SYR,Syria,unemployment_rate,2013,14.5
SYR,Syria,unemployment_rate,2012,13.8
SYR,Syria,unemployment_rate,2011,8.626
SYR,Syria,unemployment_rate,2010,8.61
SYR,Syria,youth_unemployment_rate,2025,33.101
SYR,Syria,youth_unemployment_rate,2024,32.768
SYR,Syria,youth_unemployment_rate,2023,32.26
SYR,Syria,youth_unemployment_rate,2022,31.987
SYR,Syria,youth_unemployment_rate,2021,34.645
SYR,Syria,youth_unemployment_rate,2020,36.288
SYR,Syria,youth_unemployment_rate,2019,32.056
SYR,Syria,youth_unemployment_rate,2018,32.411
SYR,Syria,youth_unemployment_rate,2017,32.888
SYR,Syria,youth_unemployment_rate,2016,33.634
SYR,Syria,youth_unemployment_rate,2015,34.807
SYR,Syria,youth_unemployment_rate,2014,35.979
SYR,Syria,youth_unemployment_rate,2013,35.447
SYR,Syria,youth_unemployment_rate,2012,33.807
SYR,Syria,youth_unemployment_rate,2011,21.107
SYR,Syria,youth_unemployment_rate,2010,20.493
SYR,Syria,gini_index,2022,26.4
TUN,Tunisia,debt_to_gdp,2012,42.5197543010178
TUN,Tunisia,debt_to_gdp,2011,42.4807224505219
TUN,Tunisia,debt_to_gdp,2010,38.7660002963438
TUN,Tunisia,current_account_pct_gdp,2024,-1.50801033952852
TUN,Tunisia,current_account_pct_gdp,2023,-2.30371483601794
TUN,Tunisia,current_account_pct_gdp,2022,-8.83429553808937
TUN,Tunisia,current_account_pct_gdp,2021,-5.88456562547468
TUN,Tunisia,current_account_pct_gdp,2020,-6.01234016088557
TUN,Tunisia,current_account_pct_gdp,2019,-8.04912453318917
TUN,Tunisia,current_account_pct_gdp,2018,-10.7946228980082
TUN,Tunisia,current_account_pct_gdp,2017,-10.0143611259515
TUN,Tunisia,current_account_pct_gdp,2016,-8.52887305480808
TUN,Tunisia,current_account_pct_gdp,2015,-8.57094815049074
TUN,Tunisia,current_account_pct_gdp,2014,-8.87794509825977
TUN,Tunisia,current_account_pct_gdp,2013,-7.96677847902681
TUN,Tunisia,current_account_pct_gdp,2012,-7.86572520912914
TUN,Tunisia,current_account_pct_gdp,2011,-7.03556585573611
TUN,Tunisia,current_account_pct_gdp,2010,-4.55447131361942
TUN,Tunisia,reserves_months_imports,2024,4.51241564590908
TUN,Tunisia,reserves_months_imports,2023,4.59768433456009
TUN,Tunisia,reserves_months_imports,2022,3.99923371559347
TUN,Tunisia,reserves_months_imports,2021,5.30936676331015
TUN,Tunisia,reserves_months_imports,2020,7.22784552607324
TUN,Tunisia,reserves_months_imports,2019,4.96946617760628
TUN,Tunisia,reserves_months_imports,2018,3.36637745948162
TUN,Tunisia,reserves_months_imports,2017,3.05538647744885
TUN,Tunisia,reserves_months_imports,2016,3.22322004504991
TUN,Tunisia,reserves_months_imports,2015,3.81270777807447
TUN,Tunisia,reserves_months_imports,2014,3.11530414077352
TUN,Tunisia,reserves_months_imports,2013,3.16318920380025
TUN,Tunisia,reserves_months_imports,2012,3.67437262137286
TUN,Tunisia,reserves_months_imports,2011,3.30881115159635
TUN,Tunisia,reserves_months_imports,2010,4.40578092536965
TUN,Tunisia,gdp_growth,2025,2.49311010666248
TUN,Tunisia,gdp_growth,2024,1.61444564976986
TUN,Tunisia,gdp_growth,2023,0.184015548469745
TUN,Tunisia,gdp_growth,2022,2.75228761004381
TUN,Tunisia,gdp_growth,2021,4.73603648206102
TUN,Tunisia,gdp_growth,2020,-8.97512622934723
TUN,Tunisia,gdp_growth,2019,1.55009304966742
TUN,Tunisia,gdp_growth,2018,2.60696965356362
TUN,Tunisia,gdp_growth,2017,2.25261437620587
TUN,Tunisia,gdp_growth,2016,1.117231963992
TUN,Tunisia,gdp_growth,2015,0.967834205635981
TUN,Tunisia,gdp_growth,2014,3.09032803070775
TUN,Tunisia,gdp_growth,2013,2.42993096446429
TUN,Tunisia,gdp_growth,2012,4.21667711535632
TUN,Tunisia,gdp_growth,2011,-2.04663389535644
TUN,Tunisia,gdp_growth,2010,2.97113275066512
TUN,Tunisia,inflation,2025,5.15100197572676
TUN,Tunisia,inflation,2024,7.20661657168794
TUN,Tunisia,inflation,2023,9.32899597507865
TUN,Tunisia,inflation,2022,8.30646124447623
TUN,Tunisia,inflation,2021,5.706350208307
TUN,Tunisia,inflation,2020,5.63415115897625
TUN,Tunisia,inflation,2019,6.72007532863799
TUN,Tunisia,inflation,2018,7.30759176031652
TUN,Tunisia,inflation,2017,5.30884839565844
TUN,Tunisia,inflation,2016,3.62939937384381
TUN,Tunisia,inflation,2015,4.437371273215
TUN,Tunisia,inflation,2014,4.62555099534031
TUN,Tunisia,inflation,2013,5.31623531326689
TUN,Tunisia,inflation,2012,4.6118443220664
TUN,Tunisia,inflation,2011,3.24002842009531
TUN,Tunisia,inflation,2010,3.33897963601069
TUN,Tunisia,political_stability,2024,-0.9248175
TUN,Tunisia,political_stability,2023,-0.776038
TUN,Tunisia,political_stability,2022,-0.7395623
TUN,Tunisia,political_stability,2021,-0.6668946
TUN,Tunisia,political_stability,2020,-0.4326193
TUN,Tunisia,political_stability,2019,-0.5613583
TUN,Tunisia,political_stability,2018,-0.5600278
TUN,Tunisia,political_stability,2017,-0.7432926
TUN,Tunisia,political_stability,2016,-0.8275855
TUN,Tunisia,political_stability,2015,-0.681206
TUN,Tunisia,political_stability,2014,-0.6013407
TUN,Tunisia,political_stability,2013,-0.8919899
TUN,Tunisia,political_stability,2012,-0.673659999999999
TUN,Tunisia,political_stability,2011,-0.3780941
TUN,Tunisia,political_stability,2010,-0.255652
TUN,Tunisia,government_effectiveness,2024,-0.2393469
TUN,Tunisia,government_effectiveness,2023,-0.1684668
TUN,Tunisia,government_effectiveness,2022,-0.1524479
TUN,Tunisia,government_effectiveness,2021,-0.0145066999999999
TUN,Tunisia,government_effectiveness,2020,-0.0327607
TUN,Tunisia,government_effectiveness,2019,0.0551904
TUN,Tunisia,government_effectiveness,2018,0.1031302
TUN,Tunisia,government_effectiveness,2017,0.0523774
TUN,Tunisia,government_effectiveness,2016,-0.0573078
TUN,Tunisia,government_effectiveness,2015,-0.0139338999999999
TUN,Tunisia,government_effectiveness,2014,-0.0117935
TUN,Tunisia,government_effectiveness,2013,-0.0619573
TUN,Tunisia,government_effectiveness,2012,0.1317565
TUN,Tunisia,government_effectiveness,2011,0.1431788
TUN,Tunisia,government_effectiveness,2010,0.351978
TUN,Tunisia,rule_of_law,2024,-0.3644942
TUN,Tunisia,rule_of_law,2023,-0.3148235
TUN,Tunisia,rule_of_law,2022,-0.236793299999999
TUN,Tunisia,rule_of_law,2021,-0.0151282999999999
TUN,Tunisia,rule_of_law,2020,-0.0116452999999999
TUN,Tunisia,rule_of_law,2019,-0.0268576999999999
TUN,Tunisia,rule_of_law,2018,-0.0574128
TUN,Tunisia,rule_of_law,2017,-0.0902866
TUN,Tunisia,rule_of_law,2016,-0.1019524
TUN,Tunisia,rule_of_law,2015,-0.1094928
TUN,Tunisia,rule_of_law,2014,-0.152277399999999
TUN,Tunisia,rule_of_law,2013,-0.2216627
TUN,Tunisia,rule_of_law,2012,-0.175204
TUN,Tunisia,rule_of_law,2011,-0.4029909
TUN,Tunisia,rule_of_law,2010,-0.217492599999999
TUN,Tunisia,regulatory_quality,2024,-0.3901173
TUN,Tunisia,regulatory_quality,2023,-0.4344534
TUN,Tunisia,regulatory_quality,2022,-0.3336702
TUN,Tunisia,regulatory_quality,2021,-0.199470099999999
TUN,Tunisia,regulatory_quality,2020,-0.1095893
TUN,Tunisia,regulatory_quality,2019,-0.143639
TUN,Tunisia,regulatory_quality,2018,-0.1170001
TUN,Tunisia,regulatory_quality,2017,-0.120353499999999
TUN,Tunisia,regulatory_quality,2016,-0.4256004
TUN,Tunisia,regulatory_quality,2015,-0.376347899999999
TUN,Tunisia,regulatory_quality,2014,-0.3534173
TUN,Tunisia,regulatory_quality,2013,-0.231884899999999
TUN,Tunisia,regulatory_quality,2012,-0.1699356
TUN,Tunisia,regulatory_quality,2011,-0.2172419
TUN,Tunisia,regulatory_quality,2010,0.0242836
TUN,Tunisia,control_of_corruption,2024,-0.220154599999999
TUN,Tunisia,control_of_corruption,2023,-0.192361099999999
TUN,Tunisia,control_of_corruption,2022,-0.1992466
TUN,Tunisia,control_of_corruption,2021,-0.1415165
TUN,Tunisia,control_of_corruption,2020,-0.019263
TUN,Tunisia,control_of_corruption,2019,-0.0286669999999999
TUN,Tunisia,control_of_corruption,2018,0.00133739999999999
TUN,Tunisia,control_of_corruption,2017,-0.0490023999999999
TUN,Tunisia,control_of_corruption,2016,-0.0577612999999999
TUN,Tunisia,control_of_corruption,2015,-0.0143711
TUN,Tunisia,control_of_corruption,2014,0.012509
TUN,Tunisia,control_of_corruption,2013,-0.0117731
TUN,Tunisia,control_of_corruption,2012,0.0016466
TUN,Tunisia,control_of_corruption,2011,0.0507
TUN,Tunisia,control_of_corruption,2010,-0.1941292
TUN,Tunisia,fdi_net_inflows_pct_gdp,2024,1.47747574805229
TUN,Tunisia,fdi_net_inflows_pct_gdp,2023,1.46351333844229
TUN,Tunisia,fdi_net_inflows_pct_gdp,2022,1.43159199894021
TUN,Tunisia,fdi_net_inflows_pct_gdp,2021,1.16289301361367
TUN,Tunisia,fdi_net_inflows_pct_gdp,2020,1.46634304906862
TUN,Tunisia,fdi_net_inflows_pct_gdp,2019,1.94487649950903
TUN,Tunisia,fdi_net_inflows_pct_gdp,2018,2.32248034984414
TUN,Tunisia,fdi_net_inflows_pct_gdp,2017,1.9233125677007
TUN,Tunisia,fdi_net_inflows_pct_gdp,2016,1.40344558640993
TUN,Tunisia,fdi_net_inflows_pct_gdp,2015,2.11999260597179
TUN,Tunisia,fdi_net_inflows_pct_gdp,2014,2.03842746868013
TUN,Tunisia,fdi_net_inflows_pct_gdp,2013,2.1744128074392
TUN,Tunisia,fdi_net_inflows_pct_gdp,2012,3.28518933963283
TUN,Tunisia,fdi_net_inflows_pct_gdp,2011,0.899077534980039
TUN,Tunisia,fdi_net_inflows_pct_gdp,2010,2.88814231758981
TUN,Tunisia,exports_pct_gdp,2025,46.6517326028796
TUN,Tunisia,exports_pct_gdp,2024,50.0016900287054
TUN,Tunisia,exports_pct_gdp,2023,53.0393939110608
TUN,Tunisia,exports_pct_gdp,2022,51.325939710781
TUN,Tunisia,exports_pct_gdp,2021,41.7802023040094
TUN,Tunisia,exports_pct_gdp,2020,37.9918009809033
TUN,Tunisia,exports_pct_gdp,2019,45.9503306922947
TUN,Tunisia,exports_pct_gdp,2018,45.4857481712255
TUN,Tunisia,exports_pct_gdp,2017,41.7207863819275
TUN,Tunisia,exports_pct_gdp,2016,38.2952955757822
TUN,Tunisia,exports_pct_gdp,2015,38.3998387567342
TUN,Tunisia,exports_pct_gdp,2014,42.947465118132
TUN,Tunisia,exports_pct_gdp,2013,44.889705324588
TUN,Tunisia,exports_pct_gdp,2012,45.9128477724564
TUN,Tunisia,exports_pct_gdp,2011,46.0546537716688
TUN,Tunisia,exports_pct_gdp,2010,47.9597286942428
TUN,Tunisia,imports_pct_gdp,2025,54.7944728488274
TUN,Tunisia,imports_pct_gdp,2024,56.2968591755414
TUN,Tunisia,imports_pct_gdp,2023,59.0894641022935
TUN,Tunisia,imports_pct_gdp,2022,64.7698546733647
TUN,Tunisia,imports_pct_gdp,2021,51.8532117623985
TUN,Tunisia,imports_pct_gdp,2020,46.3415287262734
TUN,Tunisia,imports_pct_gdp,2019,56.3822840334945
TUN,Tunisia,imports_pct_gdp,2018,58.3860760894097
TUN,Tunisia,imports_pct_gdp,2017,54.0884116006529
TUN,Tunisia,imports_pct_gdp,2016,48.7973687883644
TUN,Tunisia,imports_pct_gdp,2015,48.848691902871
TUN,Tunisia,imports_pct_gdp,2014,53.159638737738
TUN,Tunisia,imports_pct_gdp,2013,54.0652513616158
TUN,Tunisia,imports_pct_gdp,2012,55.6378761572116
TUN,Tunisia,imports_pct_gdp,2011,54.0517255325681
TUN,Tunisia,imports_pct_gdp,2010,52.1912811425565
TUN,Tunisia,official_exchange_rate_lcu_usd,2024,3.10745
TUN,Tunisia,official_exchange_rate_lcu_usd,2023,3.10616666666667
TUN,Tunisia,official_exchange_rate_lcu_usd,2022,3.1036
TUN,Tunisia,official_exchange_rate_lcu_usd,2021,2.79446666666667
TUN,Tunisia,official_exchange_rate_lcu_usd,2020,2.81235833333333
TUN,Tunisia,official_exchange_rate_lcu_usd,2019,2.93443333333333
TUN,Tunisia,official_exchange_rate_lcu_usd,2018,2.64686666666667
TUN,Tunisia,official_exchange_rate_lcu_usd,2017,2.419425
TUN,Tunisia,official_exchange_rate_lcu_usd,2016,2.14803333333333
TUN,Tunisia,official_exchange_rate_lcu_usd,2015,1.961625
TUN,Tunisia,official_exchange_rate_lcu_usd,2014,1.697675
TUN,Tunisia,official_exchange_rate_lcu_usd,2013,1.62465833333333
TUN,Tunisia,official_exchange_rate_lcu_usd,2012,1.56189166666667
TUN,Tunisia,official_exchange_rate_lcu_usd,2011,1.40778333333333
TUN,Tunisia,official_exchange_rate_lcu_usd,2010,1.4314
TUN,Tunisia,gdp_current_usd,2025,57502836548.0878
TUN,Tunisia,gdp_current_usd,2024,51412122479.8468
TUN,Tunisia,gdp_current_usd,2023,48205328303.3398
TUN,Tunisia,gdp_current_usd,2022,44929920092.7955
TUN,Tunisia,gdp_current_usd,2021,47073234359.1819
TUN,Tunisia,gdp_current_usd,2020,42491780918.361
TUN,Tunisia,gdp_current_usd,2019,41905642418.825
TUN,Tunisia,gdp_current_usd,2018,42686504459.801
TUN,Tunisia,gdp_current_usd,2017,42163530590.9462
TUN,Tunisia,gdp_current_usd,2016,44360072680.4476
TUN,Tunisia,gdp_current_usd,2015,45779494041.9295
TUN,Tunisia,gdp_current_usd,2014,50271812920.612
TUN,Tunisia,gdp_current_usd,2013,48685446413.953
TUN,Tunisia,gdp_current_usd,2012,47311401812.6733
TUN,Tunisia,gdp_current_usd,2011,48123325825.0739
TUN,Tunisia,gdp_current_usd,2010,46206091937.9628
TUN,Tunisia,gdp_per_capita_usd,2025,4656.63818386852
TUN,Tunisia,gdp_per_capita_usd,2024,4187.64079392362
TUN,Tunisia,gdp_per_capita_usd,2023,3951.11683376921
TUN,Tunisia,gdp_per_capita_usd,2022,3707.29283414381
TUN,Tunisia,gdp_per_capita_usd,2021,3906.93926319391
TUN,Tunisia,gdp_per_capita_usd,2020,3548.65363663803
TUN,Tunisia,gdp_per_capita_usd,2019,3528.87213306798
TUN,Tunisia,gdp_per_capita_usd,2018,3628.10366464236
TUN,Tunisia,gdp_per_capita_usd,2017,3619.03247319953
TUN,Tunisia,gdp_per_capita_usd,2016,3847.80354448809
TUN,Tunisia,gdp_per_capita_usd,2015,4014.94773686432
TUN,Tunisia,gdp_per_capita_usd,2014,4458.97895464547
TUN,Tunisia,gdp_per_capita_usd,2013,4369.79345826358
TUN,Tunisia,gdp_per_capita_usd,2012,4297.26782454273
TUN,Tunisia,gdp_per_capita_usd,2011,4420.64772206537
TUN,Tunisia,gdp_per_capita_usd,2010,4291.86120891575
TUN,Tunisia,total_reserves_usd,2024,9343597097.75793
TUN,Tunisia,total_reserves_usd,2023,9239745488.47506
TUN,Tunisia,total_reserves_usd,2022,8094326708.95378
TUN,Tunisia,total_reserves_usd,2021,8845557076.37304
TUN,Tunisia,total_reserves_usd,2020,9810630874.82627
TUN,Tunisia,total_reserves_usd,2019,7919981404.82365
TUN,Tunisia,total_reserves_usd,2018,5661370258.89029
TUN,Tunisia,total_reserves_usd,2017,6143986079.65126
TUN,Tunisia,total_reserves_usd,2016,6137077790.03259
TUN,Tunisia,total_reserves_usd,2015,7559201960.29189
TUN,Tunisia,total_reserves_usd,2014,7498010302.87675
TUN,Tunisia,total_reserves_usd,2013,7550027499.83122
TUN,Tunisia,total_reserves_usd,2012,8717830200.54899
TUN,Tunisia,total_reserves_usd,2011,7785305507.43057
TUN,Tunisia,total_reserves_usd,2010,9764265037.07788
TUN,Tunisia,unemployment_rate,2025,15.108
TUN,Tunisia,unemployment_rate,2024,15.341
TUN,Tunisia,unemployment_rate,2023,15.106
TUN,Tunisia,unemployment_rate,2022,15.3
TUN,Tunisia,unemployment_rate,2021,16.632
TUN,Tunisia,unemployment_rate,2020,17.651
TUN,Tunisia,unemployment_rate,2019,17.153
TUN,Tunisia,unemployment_rate,2018,15.459
TUN,Tunisia,unemployment_rate,2017,15.33
TUN,Tunisia,unemployment_rate,2016,15.557
TUN,Tunisia,unemployment_rate,2015,15.159
TUN,Tunisia,unemployment_rate,2014,14.259
TUN,Tunisia,unemployment_rate,2013,15.934
TUN,Tunisia,unemployment_rate,2012,17.63
TUN,Tunisia,unemployment_rate,2011,18.334
TUN,Tunisia,unemployment_rate,2010,13.049
TUN,Tunisia,youth_unemployment_rate,2025,38.075
TUN,Tunisia,youth_unemployment_rate,2024,38.85
TUN,Tunisia,youth_unemployment_rate,2023,38.484
TUN,Tunisia,youth_unemployment_rate,2022,37.826
TUN,Tunisia,youth_unemployment_rate,2021,39.309
TUN,Tunisia,youth_unemployment_rate,2020,41.242
TUN,Tunisia,youth_unemployment_rate,2019,37.867
TUN,Tunisia,youth_unemployment_rate,2018,34.877
TUN,Tunisia,youth_unemployment_rate,2017,35.315
TUN,Tunisia,youth_unemployment_rate,2016,35.119
TUN,Tunisia,youth_unemployment_rate,2015,34.967
TUN,Tunisia,youth_unemployment_rate,2014,36.912
TUN,Tunisia,youth_unemployment_rate,2013,34.828
TUN,Tunisia,youth_unemployment_rate,2012,38.444
TUN,Tunisia,youth_unemployment_rate,2011,42.639
TUN,Tunisia,youth_unemployment_rate,2010,29.573
TUN,Tunisia,gini_index,2021,33.7
TUN,Tunisia,gini_index,2015,32.8
TUN,Tunisia,gini_index,2010,38.5
ARE,UAE,debt_to_gdp,2013,1.80326819075483
ARE,UAE,current_account_pct_gdp,2024,14.4792979326645
ARE,UAE,current_account_pct_gdp,2023,13.1295797567307
ARE,UAE,reserves_months_imports,2024,5.19940206842546
ARE,UAE,reserves_months_imports,2023,4.61577821903282
ARE,UAE,gdp_growth,2024,3.99181200361831
ARE,UAE,gdp_growth,2023,4.30113648499413
ARE,UAE,gdp_growth,2022,7.51452414254605
ARE,UAE,gdp_growth,2021,4.55280140106356
ARE,UAE,gdp_growth,2020,-8.69343363776639
ARE,UAE,gdp_growth,2019,1.27129120536284
ARE,UAE,gdp_growth,2018,1.53720634021511
ARE,UAE,gdp_growth,2017,-1.06137114472548
ARE,UAE,gdp_growth,2016,5.65790147196586
ARE,UAE,gdp_growth,2015,7.08766622657654
ARE,UAE,gdp_growth,2014,4.63291785879667
ARE,UAE,gdp_growth,2013,4.9184505919085
ARE,UAE,gdp_growth,2012,4.68325642918792
ARE,UAE,gdp_growth,2011,6.73651167897515
ARE,UAE,gdp_growth,2010,1.60285004336325
ARE,UAE,inflation,2025,1.250865245598
ARE,UAE,inflation,2024,1.66336510224894
ARE,UAE,inflation,2023,1.62670837213248
ARE,UAE,inflation,2022,5.29122604376849
ARE,UAE,inflation,2021,0.179935336174431
ARE,UAE,inflation,2020,-2.07940317940944
ARE,UAE,inflation,2019,-1.93108114782173
ARE,UAE,inflation,2018,3.06863379251997
ARE,UAE,inflation,2017,1.96682557818842
ARE,UAE,inflation,2016,1.61748808904198
ARE,UAE,inflation,2015,4.06996608361593
ARE,UAE,inflation,2014,2.34626865671643
ARE,UAE,inflation,2013,1.1011183637571
ARE,UAE,inflation,2012,0.662268900269009
ARE,UAE,inflation,2011,0.87734659568512
ARE,UAE,inflation,2010,0.877983288285867
ARE,UAE,political_stability,2024,0.7886704
ARE,UAE,political_stability,2023,0.7829523
ARE,UAE,political_stability,2022,0.883216
ARE,UAE,political_stability,2021,0.839581
ARE,UAE,political_stability,2020,0.826942
ARE,UAE,political_stability,2019,0.8295526
ARE,UAE,political_stability,2018,0.8336611
ARE,UAE,political_stability,2017,0.7192871
ARE,UAE,political_stability,2016,0.6925969
ARE,UAE,political_stability,2015,0.8382509
ARE,UAE,political_stability,2014,0.8984847
ARE,UAE,political_stability,2013,0.7738837
ARE,UAE,political_stability,2012,0.8029803
ARE,UAE,political_stability,2011,0.8143482
ARE,UAE,political_stability,2010,0.8134966
ARE,UAE,government_effectiveness,2024,1.2599659
ARE,UAE,government_effectiveness,2023,1.3100836
ARE,UAE,government_effectiveness,2022,1.133184
ARE,UAE,government_effectiveness,2021,1.0744083
ARE,UAE,government_effectiveness,2020,1.0036502
ARE,UAE,government_effectiveness,2019,1.3982083
ARE,UAE,government_effectiveness,2018,1.4114572
ARE,UAE,government_effectiveness,2017,1.3782191
ARE,UAE,government_effectiveness,2016,1.4113666
ARE,UAE,government_effectiveness,2015,1.4040254
ARE,UAE,government_effectiveness,2014,1.4160016
ARE,UAE,government_effectiveness,2013,1.1923106
ARE,UAE,government_effectiveness,2012,1.1560961
ARE,UAE,government_effectiveness,2011,0.9928203
ARE,UAE,government_effectiveness,2010,0.8322561
ARE,UAE,rule_of_law,2024,0.4968448
ARE,UAE,rule_of_law,2023,0.4492886
ARE,UAE,rule_of_law,2022,0.409903
ARE,UAE,rule_of_law,2021,0.338504
ARE,UAE,rule_of_law,2020,0.3974987
ARE,UAE,rule_of_law,2019,0.4262682
ARE,UAE,rule_of_law,2018,0.3893195
ARE,UAE,rule_of_law,2017,0.3834887
ARE,UAE,rule_of_law,2016,0.4205051
ARE,UAE,rule_of_law,2015,0.3509975
ARE,UAE,rule_of_law,2014,0.3502594
ARE,UAE,rule_of_law,2013,0.41415
ARE,UAE,rule_of_law,2012,0.3671791
ARE,UAE,rule_of_law,2011,0.4251627
ARE,UAE,rule_of_law,2010,0.0791468
ARE,UAE,regulatory_quality,2024,1.1257177
ARE,UAE,regulatory_quality,2023,1.105352
ARE,UAE,regulatory_quality,2022,1.0576162
ARE,UAE,regulatory_quality,2021,1.0613347
ARE,UAE,regulatory_quality,2020,1.0663206
ARE,UAE,regulatory_quality,2019,1.1457173
ARE,UAE,regulatory_quality,2018,1.079234
ARE,UAE,regulatory_quality,2017,1.1113817
ARE,UAE,regulatory_quality,2016,1.0781755
ARE,UAE,regulatory_quality,2015,1.1787876
ARE,UAE,regulatory_quality,2014,1.0740464
ARE,UAE,regulatory_quality,2013,0.9903687
ARE,UAE,regulatory_quality,2012,0.8455589
ARE,UAE,regulatory_quality,2011,0.8903942
ARE,UAE,regulatory_quality,2010,0.740264
ARE,UAE,control_of_corruption,2024,1.1702182
ARE,UAE,control_of_corruption,2023,0.9918577
ARE,UAE,control_of_corruption,2022,1.0223468
ARE,UAE,control_of_corruption,2021,1.0349829
ARE,UAE,control_of_corruption,2020,1.0614313
ARE,UAE,control_of_corruption,2019,1.0878297
ARE,UAE,control_of_corruption,2018,1.0948106
ARE,UAE,control_of_corruption,2017,1.0762151
ARE,UAE,control_of_corruption,2016,1.1064348
ARE,UAE,control_of_corruption,2015,0.9199437
ARE,UAE,control_of_corruption,2014,0.9856797
ARE,UAE,control_of_corruption,2013,1.1513193
ARE,UAE,control_of_corruption,2012,1.0894763
ARE,UAE,control_of_corruption,2011,1.1319379
ARE,UAE,control_of_corruption,2010,0.9100894
ARE,UAE,fdi_net_inflows_pct_gdp,2024,8.26261604873876
ARE,UAE,fdi_net_inflows_pct_gdp,2023,5.87183983564899
ARE,UAE,fdi_net_inflows_pct_gdp,2022,4.44591398367961
ARE,UAE,fdi_net_inflows_pct_gdp,2021,4.89230595097426
ARE,UAE,fdi_net_inflows_pct_gdp,2020,5.56735667729859
ARE,UAE,fdi_net_inflows_pct_gdp,2019,4.11928554446951
ARE,UAE,fdi_net_inflows_pct_gdp,2018,2.35729206588897
ARE,UAE,fdi_net_inflows_pct_gdp,2017,2.5669608321193
ARE,UAE,fdi_net_inflows_pct_gdp,2016,2.51620120421066
ARE,UAE,fdi_net_inflows_pct_gdp,2015,2.23861341413826
ARE,UAE,fdi_net_inflows_pct_gdp,2014,2.60546090290076
ARE,UAE,fdi_net_inflows_pct_gdp,2013,2.3838227555723
ARE,UAE,fdi_net_inflows_pct_gdp,2012,2.43554180804761
ARE,UAE,fdi_net_inflows_pct_gdp,2011,1.93886244385384
ARE,UAE,fdi_net_inflows_pct_gdp,2010,2.85854098227163
ARE,UAE,exports_pct_gdp,2023,106.846123390953
ARE,UAE,exports_pct_gdp,2022,102.051988781325
ARE,UAE,exports_pct_gdp,2021,100.642599583908
ARE,UAE,exports_pct_gdp,2020,98.0724956970145
ARE,UAE,exports_pct_gdp,2019,93.3023068879995
ARE,UAE,exports_pct_gdp,2018,90.8429799324319
ARE,UAE,exports_pct_gdp,2017,94.737385589121
ARE,UAE,exports_pct_gdp,2016,94.4747232332881
ARE,UAE,exports_pct_gdp,2015,93.8625203312699
ARE,UAE,exports_pct_gdp,2014,94.7738651442525
ARE,UAE,exports_pct_gdp,2013,95.755207057533
ARE,UAE,exports_pct_gdp,2012,95.6008433485867
ARE,UAE,exports_pct_gdp,2011,85.6286738245297
ARE,UAE,exports_pct_gdp,2010,77.4455521760851
ARE,UAE,imports_pct_gdp,2023,92.1988267361531
ARE,UAE,imports_pct_gdp,2022,83.689671850569
ARE,UAE,imports_pct_gdp,2021,82.2668014928681
ARE,UAE,imports_pct_gdp,2020,83.2194445309836
ARE,UAE,imports_pct_gdp,2019,70.5198421376147
ARE,UAE,imports_pct_gdp,2018,63.9040622338676
ARE,UAE,imports_pct_gdp,2017,70.7391380638734
ARE,UAE,imports_pct_gdp,2016,70.9202430070485
ARE,UAE,imports_pct_gdp,2015,70.4236225679817
ARE,UAE,imports_pct_gdp,2014,64.7417651694601
ARE,UAE,imports_pct_gdp,2013,61.6429155817142
ARE,UAE,imports_pct_gdp,2012,61.036813624374
ARE,UAE,imports_pct_gdp,2011,58.5481559098621
ARE,UAE,imports_pct_gdp,2010,58.040188125584
ARE,UAE,official_exchange_rate_lcu_usd,2025,3.6725
ARE,UAE,official_exchange_rate_lcu_usd,2024,3.6725
ARE,UAE,official_exchange_rate_lcu_usd,2023,3.6725
ARE,UAE,official_exchange_rate_lcu_usd,2022,3.6725
ARE,UAE,official_exchange_rate_lcu_usd,2021,3.6725
ARE,UAE,official_exchange_rate_lcu_usd,2020,3.6725
ARE,UAE,official_exchange_rate_lcu_usd,2019,3.6725
ARE,UAE,official_exchange_rate_lcu_usd,2018,3.6725
ARE,UAE,official_exchange_rate_lcu_usd,2017,3.6725
ARE,UAE,official_exchange_rate_lcu_usd,2016,3.6725
ARE,UAE,official_exchange_rate_lcu_usd,2015,3.6725
ARE,UAE,official_exchange_rate_lcu_usd,2014,3.6725
ARE,UAE,official_exchange_rate_lcu_usd,2013,3.6725
ARE,UAE,official_exchange_rate_lcu_usd,2012,3.6725
ARE,UAE,official_exchange_rate_lcu_usd,2011,3.6725
ARE,UAE,official_exchange_rate_lcu_usd,2010,3.6725
ARE,UAE,gdp_current_usd,2024,552324919095.872
ARE,UAE,gdp_current_usd,2023,522622268401.125
ARE,UAE,gdp_current_usd,2022,511403404642.173
ARE,UAE,gdp_current_usd,2021,422441282436.237
ARE,UAE,gdp_current_usd,2020,357161776271.328
ARE,UAE,gdp_current_usd,2019,433926218686.108
ARE,UAE,gdp_current_usd,2018,440560003161.236
ARE,UAE,gdp_current_usd,2017,403365056078.846
ARE,UAE,gdp_current_usd,2016,381717208620.964
ARE,UAE,gdp_current_usd,2015,381973135513.065
ARE,UAE,gdp_current_usd,2014,424935834104.193
ARE,UAE,gdp_current_usd,2013,409632574702.715
ARE,UAE,gdp_current_usd,2012,392793559050.783
ARE,UAE,gdp_current_usd,2011,368881033962.57
ARE,UAE,gdp_current_usd,2010,307736348527.33
ARE,UAE,gdp_per_capita_usd,2024,50273.5126243239
ARE,UAE,gdp_per_capita_usd,2023,49850.6945082084
ARE,UAE,gdp_per_capita_usd,2022,50759.7590190204
ARE,UAE,gdp_per_capita_usd,2021,44118.4936214315
ARE,UAE,gdp_per_capita_usd,2020,37991.738387966
ARE,UAE,gdp_per_capita_usd,2019,45938.6084572227
ARE,UAE,gdp_per_capita_usd,2018,47135.3478795605
ARE,UAE,gdp_per_capita_usd,2017,43733.6242018215
ARE,UAE,gdp_per_capita_usd,2016,42721.1136110991
ARE,UAE,gdp_per_capita_usd,2015,44910.3458860776
ARE,UAE,gdp_per_capita_usd,2014,52725.2307981936
ARE,UAE,gdp_per_capita_usd,2013,53247.2278745159
ARE,UAE,gdp_per_capita_usd,2012,53141.6251661086
ARE,UAE,gdp_per_capita_usd,2011,51921.8890746408
ARE,UAE,gdp_per_capita_usd,2010,44795.2846234991
ARE,UAE,total_reserves_usd,2025,292319262021.321
ARE,UAE,total_reserves_usd,2024,237931339945.397
ARE,UAE,total_reserves_usd,2023,189490945175.271
ARE,UAE,total_reserves_usd,2022,138433303844.914
ARE,UAE,total_reserves_usd,2021,131116705892.304
ARE,UAE,total_reserves_usd,2020,106701571777.291
ARE,UAE,total_reserves_usd,2019,108359358451.761
ARE,UAE,total_reserves_usd,2018,99503335478.7452
ARE,UAE,total_reserves_usd,2017,95377648625.516
ARE,UAE,total_reserves_usd,2016,85390832746.3078
ARE,UAE,total_reserves_usd,2015,93929134196.4176
ARE,UAE,total_reserves_usd,2014,78424381665.0826
ARE,UAE,total_reserves_usd,2013,68202650660.2746
ARE,UAE,total_reserves_usd,2012,47035150430.9523
ARE,UAE,total_reserves_usd,2011,37269318422.5758
ARE,UAE,total_reserves_usd,2010,32785291883.4009
ARE,UAE,unemployment_rate,2025,2.174
ARE,UAE,unemployment_rate,2024,2.16
ARE,UAE,unemployment_rate,2023,2.151
ARE,UAE,unemployment_rate,2022,2.872
ARE,UAE,unemployment_rate,2021,3.105
ARE,UAE,unemployment_rate,2020,4.294
ARE,UAE,unemployment_rate,2019,2.331
ARE,UAE,unemployment_rate,2018,2.236
ARE,UAE,unemployment_rate,2017,2.462
ARE,UAE,unemployment_rate,2016,1.64
ARE,UAE,unemployment_rate,2015,1.793
ARE,UAE,unemployment_rate,2014,1.999
ARE,UAE,unemployment_rate,2013,2.125
ARE,UAE,unemployment_rate,2012,2.323
ARE,UAE,unemployment_rate,2011,2.587
ARE,UAE,unemployment_rate,2010,2.798
ARE,UAE,youth_unemployment_rate,2025,6.451
ARE,UAE,youth_unemployment_rate,2024,6.425
ARE,UAE,youth_unemployment_rate,2023,6.351
ARE,UAE,youth_unemployment_rate,2022,9.992
ARE,UAE,youth_unemployment_rate,2021,9.737
ARE,UAE,youth_unemployment_rate,2020,13.482
ARE,UAE,youth_unemployment_rate,2019,7.325
ARE,UAE,youth_unemployment_rate,2018,6.747
ARE,UAE,youth_unemployment_rate,2017,7.474
ARE,UAE,youth_unemployment_rate,2016,5.107
ARE,UAE,youth_unemployment_rate,2015,5.444
ARE,UAE,youth_unemployment_rate,2014,5.823
ARE,UAE,youth_unemployment_rate,2013,6.116
ARE,UAE,youth_unemployment_rate,2012,6.467
ARE,UAE,youth_unemployment_rate,2011,6.856
ARE,UAE,youth_unemployment_rate,2010,7.191
ARE,UAE,gini_index,2018,26.4
ARE,UAE,gini_index,2013,32.5
YEM,Yemen,current_account_pct_gdp,2016,-7.72391058547812
YEM,Yemen,current_account_pct_gdp,2015,-7.12936953882745
YEM,Yemen,current_account_pct_gdp,2014,-3.44275275189167
YEM,Yemen,current_account_pct_gdp,2013,-3.78691356368033
YEM,Yemen,current_account_pct_gdp,2012,-0.94521109936014
YEM,Yemen,current_account_pct_gdp,2011,-1.61143995618416
YEM,Yemen,current_account_pct_gdp,2010,-3.41069923528219
YEM,Yemen,reserves_months_imports,2016,1.21909636539694
YEM,Yemen,reserves_months_imports,2015,2.094650527671
YEM,Yemen,reserves_months_imports,2014,3.07503189321236
YEM,Yemen,reserves_months_imports,2013,4.34870138082696
YEM,Yemen,reserves_months_imports,2012,4.85379752011208
YEM,Yemen,reserves_months_imports,2011,4.14595671922282
YEM,Yemen,reserves_months_imports,2010,5.69994246463782
YEM,Yemen,gdp_growth,2018,0.752447592962554
YEM,Yemen,gdp_growth,2017,-5.07179568062152
YEM,Yemen,gdp_growth,2016,-9.37512379736752
YEM,Yemen,gdp_growth,2015,-27.9945462502541
YEM,Yemen,gdp_growth,2014,-0.188690241954504
YEM,Yemen,gdp_growth,2013,4.82351908493912
YEM,Yemen,gdp_growth,2012,2.39299021364694
YEM,Yemen,gdp_growth,2011,-12.7148969035133
YEM,Yemen,gdp_growth,2010,7.70128607527964
YEM,Yemen,inflation,2014,8.10472583623915
YEM,Yemen,inflation,2013,10.9684421500198
YEM,Yemen,inflation,2012,9.88538714484871
YEM,Yemen,inflation,2011,19.5435617131144
YEM,Yemen,inflation,2010,11.1748338605044
YEM,Yemen,political_stability,2024,-2.7505641
YEM,Yemen,political_stability,2023,-2.6264387
YEM,Yemen,political_stability,2022,-2.61245769999999
YEM,Yemen,political_stability,2021,-2.6676713
YEM,Yemen,political_stability,2020,-2.65635899999999
YEM,Yemen,political_stability,2019,-2.6172209
YEM,Yemen,political_stability,2018,-2.7242925
YEM,Yemen,political_stability,2017,-2.7305026
YEM,Yemen,political_stability,2016,-2.6405037
YEM,Yemen,political_stability,2015,-2.52514609999999
YEM,Yemen,political_stability,2014,-2.52247629999999
YEM,Yemen,political_stability,2013,-2.41980069999999
YEM,Yemen,political_stability,2012,-2.36775559999999
YEM,Yemen,political_stability,2011,-2.4714962
YEM,Yemen,political_stability,2010,-2.41400459999999
YEM,Yemen,government_effectiveness,2024,-1.87279819999999
YEM,Yemen,government_effectiveness,2023,-1.8878464
YEM,Yemen,government_effectiveness,2022,-1.79929299999999
YEM,Yemen,government_effectiveness,2021,-1.9786346
YEM,Yemen,government_effectiveness,2020,-2.0039308
YEM,Yemen,government_effectiveness,2019,-1.9649799
YEM,Yemen,government_effectiveness,2018,-1.93574269999999
YEM,Yemen,government_effectiveness,2017,-1.7355866
YEM,Yemen,government_effectiveness,2016,-1.647243
YEM,Yemen,government_effectiveness,2015,-1.5567828
YEM,Yemen,government_effectiveness,2014,-1.4175217
YEM,Yemen,government_effectiveness,2013,-1.1173743
YEM,Yemen,government_effectiveness,2012,-1.1932888
YEM,Yemen,government_effectiveness,2011,-1.1690203
YEM,Yemen,government_effectiveness,2010,-1.0335936
YEM,Yemen,rule_of_law,2024,-1.90158959999999
YEM,Yemen,rule_of_law,2023,-1.9069106
YEM,Yemen,rule_of_law,2022,-1.91002569999999
YEM,Yemen,rule_of_law,2021,-1.8471399
YEM,Yemen,rule_of_law,2020,-1.82232929999999
YEM,Yemen,rule_of_law,2019,-1.6661221
YEM,Yemen,rule_of_law,2018,-1.68525869999999
YEM,Yemen,rule_of_law,2017,-1.6596129
YEM,Yemen,rule_of_law,2016,-1.5674962
YEM,Yemen,rule_of_law,2015,-1.5231762
YEM,Yemen,rule_of_law,2014,-1.39261449999999
YEM,Yemen,rule_of_law,2013,-1.3187001
YEM,Yemen,rule_of_law,2012,-1.34922229999999
YEM,Yemen,rule_of_law,2011,-1.30699989999999
YEM,Yemen,rule_of_law,2010,-1.1088712
YEM,Yemen,regulatory_quality,2024,-1.5841279
YEM,Yemen,regulatory_quality,2023,-1.54049179999999
YEM,Yemen,regulatory_quality,2022,-1.5789729
YEM,Yemen,regulatory_quality,2021,-1.6070255
YEM,Yemen,regulatory_quality,2020,-1.6085384
YEM,Yemen,regulatory_quality,2019,-1.5549794
YEM,Yemen,regulatory_quality,2018,-1.4878274
YEM,Yemen,regulatory_quality,2017,-1.28945319999999
YEM,Yemen,regulatory_quality,2016,-1.3065688
YEM,Yemen,regulatory_quality,2015,-1.1367041
YEM,Yemen,regulatory_quality,2014,-0.949510699999999
YEM,Yemen,regulatory_quality,2013,-0.8665183
YEM,Yemen,regulatory_quality,2012,-0.837000099999999
YEM,Yemen,regulatory_quality,2011,-0.698998
YEM,Yemen,regulatory_quality,2010,-0.4133849
YEM,Yemen,control_of_corruption,2024,-1.63587859999999
YEM,Yemen,control_of_corruption,2023,-1.6020865
YEM,Yemen,control_of_corruption,2022,-1.66627979999999
YEM,Yemen,control_of_corruption,2021,-1.5920705
YEM,Yemen,control_of_corruption,2020,-1.59971739999999
YEM,Yemen,control_of_corruption,2019,-1.7416979
YEM,Yemen,control_of_corruption,2018,-1.7530313
YEM,Yemen,control_of_corruption,2017,-1.59097469999999
YEM,Yemen,control_of_corruption,2016,-1.6101168
YEM,Yemen,control_of_corruption,2015,-1.4855019
YEM,Yemen,control_of_corruption,2014,-1.50166699999999
YEM,Yemen,control_of_corruption,2013,-1.2149396
YEM,Yemen,control_of_corruption,2012,-1.2532021
YEM,Yemen,control_of_corruption,2011,-1.1246744
YEM,Yemen,control_of_corruption,2010,-1.0527598
YEM,Yemen,fdi_net_inflows_pct_gdp,2018,-1.30563839823089
YEM,Yemen,fdi_net_inflows_pct_gdp,2017,-1.00531889341895
YEM,Yemen,fdi_net_inflows_pct_gdp,2016,-1.79131212045889
YEM,Yemen,fdi_net_inflows_pct_gdp,2015,-0.0363882528160336
YEM,Yemen,fdi_net_inflows_pct_gdp,2014,-0.539237328374498
YEM,Yemen,fdi_net_inflows_pct_gdp,2013,-0.330496410064222
YEM,Yemen,fdi_net_inflows_pct_gdp,2012,-0.0402221829314871
YEM,Yemen,fdi_net_inflows_pct_gdp,2011,-1.58233916831705
YEM,Yemen,fdi_net_inflows_pct_gdp,2010,0.610357927076417
YEM,Yemen,exports_pct_gdp,2018,8.75610238271449
YEM,Yemen,exports_pct_gdp,2017,9.68824758544873
YEM,Yemen,exports_pct_gdp,2016,4.80920276121921
YEM,Yemen,exports_pct_gdp,2015,9.05157754562319
YEM,Yemen,exports_pct_gdp,2014,21.4840870786547
YEM,Yemen,exports_pct_gdp,2013,22.3595984891919
YEM,Yemen,exports_pct_gdp,2012,24.8637169658953
YEM,Yemen,exports_pct_gdp,2011,30.3404241701511
YEM,Yemen,exports_pct_gdp,2010,29.9950775630093
YEM,Yemen,imports_pct_gdp,2018,47.3217203387932
YEM,Yemen,imports_pct_gdp,2017,33.2816570867479
YEM,Yemen,imports_pct_gdp,2016,26.2723415296367
YEM,Yemen,imports_pct_gdp,2015,21.3160815388406
YEM,Yemen,imports_pct_gdp,2014,26.7589534336227
YEM,Yemen,imports_pct_gdp,2013,30.152279647517
YEM,Yemen,imports_pct_gdp,2012,36.497920216673
YEM,Yemen,imports_pct_gdp,2011,32.7190337847532
YEM,Yemen,imports_pct_gdp,2010,34.3905592167085
YEM,Yemen,official_exchange_rate_lcu_usd,2023,1355.11637864823
YEM,Yemen,official_exchange_rate_lcu_usd,2022,1115.00238710662
YEM,Yemen,official_exchange_rate_lcu_usd,2021,1028.107754329
YEM,Yemen,official_exchange_rate_lcu_usd,2020,743.005964356532
YEM,Yemen,official_exchange_rate_lcu_usd,2019,486.730922939068
YEM,Yemen,official_exchange_rate_lcu_usd,2018,214.89
YEM,Yemen,official_exchange_rate_lcu_usd,2017,282.195
YEM,Yemen,official_exchange_rate_lcu_usd,2016,283.895833333333
YEM,Yemen,official_exchange_rate_lcu_usd,2015,230.833333333333
YEM,Yemen,official_exchange_rate_lcu_usd,2014,214.89
YEM,Yemen,official_exchange_rate_lcu_usd,2013,214.89
YEM,Yemen,official_exchange_rate_lcu_usd,2012,214.349166666667
YEM,Yemen,official_exchange_rate_lcu_usd,2011,213.8
YEM,Yemen,official_exchange_rate_lcu_usd,2010,219.59
YEM,Yemen,gdp_current_usd,2018,21606160663.0318
YEM,Yemen,gdp_current_usd,2017,26842229044.5848
YEM,Yemen,gdp_current_usd,2016,31317825274.1507
YEM,Yemen,gdp_current_usd,2015,42444490073.8555
YEM,Yemen,gdp_current_usd,2014,43228585321.3272
YEM,Yemen,gdp_current_usd,2013,40415233436.1767
YEM,Yemen,gdp_current_usd,2012,35401331609.5916
YEM,Yemen,gdp_current_usd,2011,32726417878.391
YEM,Yemen,gdp_current_usd,2010,30906749533.221
YEM,Yemen,gdp_per_capita_usd,2018,633.887202451545
YEM,Yemen,gdp_per_capita_usd,2017,811.165970405745
YEM,Yemen,gdp_per_capita_usd,2016,975.359417003225
YEM,Yemen,gdp_per_capita_usd,2015,1362.1738120601
YEM,Yemen,gdp_per_capita_usd,2014,1430.16420964026
YEM,Yemen,gdp_per_capita_usd,2013,1378.75002954928
YEM,Yemen,gdp_per_capita_usd,2012,1245.05068272078
YEM,Yemen,gdp_per_capita_usd,2011,1186.47500581215
YEM,Yemen,gdp_per_capita_usd,2010,1155.20305261418
YEM,Yemen,total_reserves_usd,2022,1250826378.53556
YEM,Yemen,total_reserves_usd,2021,1687999721.249
YEM,Yemen,total_reserves_usd,2020,969612981.567713
YEM,Yemen,total_reserves_usd,2019,1653643445.98599
YEM,Yemen,total_reserves_usd,2018,2983208349.3994
YEM,Yemen,total_reserves_usd,2017,920558927.722887
YEM,Yemen,total_reserves_usd,2016,877442199.453389
YEM,Yemen,total_reserves_usd,2015,1442757093.53636
YEM,Yemen,total_reserves_usd,2014,4357504076.77657
YEM,Yemen,total_reserves_usd,2013,5344296754.57831
YEM,Yemen,total_reserves_usd,2012,6150781007.79467
YEM,Yemen,total_reserves_usd,2011,4525488820.12166
YEM,Yemen,total_reserves_usd,2010,5938628775.49031
YEM,Yemen,unemployment_rate,2025,17.322
YEM,Yemen,unemployment_rate,2024,16.97
YEM,Yemen,unemployment_rate,2023,16.944
YEM,Yemen,unemployment_rate,2022,17.224
YEM,Yemen,unemployment_rate,2021,18.312
YEM,Yemen,unemployment_rate,2020,17.963
YEM,Yemen,unemployment_rate,2019,17.213
YEM,Yemen,unemployment_rate,2018,17.593
YEM,Yemen,unemployment_rate,2017,18.611
YEM,Yemen,unemployment_rate,2016,18.42
YEM,Yemen,unemployment_rate,2015,17.9
YEM,Yemen,unemployment_rate,2014,13.467
YEM,Yemen,unemployment_rate,2013,13.673
YEM,Yemen,unemployment_rate,2012,13.473
YEM,Yemen,unemployment_rate,2011,13.311
YEM,Yemen,unemployment_rate,2010,12.777
YEM,Yemen,youth_unemployment_rate,2025,32.598
YEM,Yemen,youth_unemployment_rate,2024,32.172
YEM,Yemen,youth_unemployment_rate,2023,32.104
YEM,Yemen,youth_unemployment_rate,2022,32.454
YEM,Yemen,youth_unemployment_rate,2021,34.097
YEM,Yemen,youth_unemployment_rate,2020,34.531
YEM,Yemen,youth_unemployment_rate,2019,32.347
YEM,Yemen,youth_unemployment_rate,2018,32.72
YEM,Yemen,youth_unemployment_rate,2017,33.899
YEM,Yemen,youth_unemployment_rate,2016,33.511
YEM,Yemen,youth_unemployment_rate,2015,32.7
YEM,Yemen,youth_unemployment_rate,2014,24.761
YEM,Yemen,youth_unemployment_rate,2013,24.56
YEM,Yemen,youth_unemployment_rate,2012,23.83
YEM,Yemen,youth_unemployment_rate,2011,23.161
YEM,Yemen,youth_unemployment_rate,2010,22.036
YEM,Yemen,gini_index,2014,36.7
AFG,Afghanistan,current_account_pct_gdp,2020,-15.7183027911684
AFG,Afghanistan,current_account_pct_gdp,2019,-20.1704643881064
AFG,Afghanistan,current_account_pct_gdp,2018,-21.5852741164653
AFG,Afghanistan,current_account_pct_gdp,2017,-18.9559612272258
AFG,Afghanistan,current_account_pct_gdp,2016,-14.9501951919169
AFG,Afghanistan,current_account_pct_gdp,2015,-21.9126573355151
AFG,Afghanistan,current_account_pct_gdp,2014,-15.7724198274304
AFG,Afghanistan,current_account_pct_gdp,2013,-25.290058564309
AFG,Afghanistan,current_account_pct_gdp,2012,-25.8706814974751
AFG,Afghanistan,current_account_pct_gdp,2011,-12.6195382087159
AFG,Afghanistan,current_account_pct_gdp,2010,-3.64331388234628
AFG,Afghanistan,reserves_months_imports,2020,16.6316336551941
AFG,Afghanistan,reserves_months_imports,2019,13.7489091058633
AFG,Afghanistan,reserves_months_imports,2018,12.178586861258
AFG,Afghanistan,reserves_months_imports,2017,12.1342766418313
AFG,Afghanistan,reserves_months_imports,2016,11.8280603760738
AFG,Afghanistan,reserves_months_imports,2015,9.77019396043118
AFG,Afghanistan,reserves_months_imports,2014,10.7026948461815
AFG,Afghanistan,reserves_months_imports,2013,8.58813766628177
AFG,Afghanistan,reserves_months_imports,2012,8.67720885361815
AFG,Afghanistan,reserves_months_imports,2011,10.3439728750425
AFG,Afghanistan,reserves_months_imports,2010,10.4573872731044
AFG,Afghanistan,gdp_growth,2024,1.87319280045979
AFG,Afghanistan,gdp_growth,2023,2.26694373649188
AFG,Afghanistan,gdp_growth,2022,-6.24017199240269
AFG,Afghanistan,gdp_growth,2021,-20.7388393676343
AFG,Afghanistan,gdp_growth,2020,-2.35110067203466
AFG,Afghanistan,gdp_growth,2019,3.91160341625552
AFG,Afghanistan,gdp_growth,2018,1.18922812944517
AFG,Afghanistan,gdp_growth,2017,2.6470032027451
AFG,Afghanistan,gdp_growth,2016,2.26031420279821
AFG,Afghanistan,gdp_growth,2015,1.45131466066431
AFG,Afghanistan,gdp_growth,2014,2.72454336219565
AFG,Afghanistan,gdp_growth,2013,5.60074465863221
AFG,Afghanistan,gdp_growth,2012,12.7522870926697
AFG,Afghanistan,gdp_growth,2011,0.426354776777345
AFG,Afghanistan,gdp_growth,2010,14.3624414710737
AFG,Afghanistan,inflation,2024,-6.60118564073726
AFG,Afghanistan,inflation,2023,-4.64470870797775
AFG,Afghanistan,inflation,2022,13.7121023720065
AFG,Afghanistan,inflation,2021,5.13320340824963
AFG,Afghanistan,inflation,2020,5.60188791482224
AFG,Afghanistan,inflation,2019,2.30237251516834
AFG,Afghanistan,inflation,2018,0.626149149168847
AFG,Afghanistan,inflation,2017,4.97595150553833
AFG,Afghanistan,inflation,2016,4.38389195513915
AFG,Afghanistan,inflation,2015,-0.661709164713742
AFG,Afghanistan,inflation,2014,4.67399603536345
AFG,Afghanistan,inflation,2013,7.38577178397855
AFG,Afghanistan,inflation,2012,6.44121280934117
AFG,Afghanistan,inflation,2011,11.8041858089129
AFG,Afghanistan,inflation,2010,2.17853752389419
AFG,Afghanistan,political_stability,2024,-2.2052112
AFG,Afghanistan,political_stability,2023,-2.3922828
AFG,Afghanistan,political_stability,2022,-2.4492487
AFG,Afghanistan,political_stability,2021,-2.4506389
AFG,Afghanistan,political_stability,2020,-2.5896897
AFG,Afghanistan,political_stability,2019,-2.5893714
AFG,Afghanistan,political_stability,2018,-2.5824048
AFG,Afghanistan,political_stability,2017,-2.61393089999999
AFG,Afghanistan,political_stability,2016,-2.4834928
AFG,Afghanistan,political_stability,2015,-2.48125299999999
AFG,Afghanistan,political_stability,2014,-2.3186705
AFG,Afghanistan,political_stability,2013,-2.699732
AFG,Afghanistan,political_stability,2012,-2.5040196
AFG,Afghanistan,political_stability,2011,-2.5512555
AFG,Afghanistan,political_stability,2010,-2.53097419999999
AFG,Afghanistan,government_effectiveness,2024,-1.9339966
AFG,Afghanistan,government_effectiveness,2023,-2.0924592
AFG,Afghanistan,government_effectiveness,2022,-1.9646115
AFG,Afghanistan,government_effectiveness,2021,-1.7059035
AFG,Afghanistan,government_effectiveness,2020,-1.7167282
AFG,Afghanistan,government_effectiveness,2019,-1.65408049999999
AFG,Afghanistan,government_effectiveness,2018,-1.6312498
AFG,Afghanistan,government_effectiveness,2017,-1.4421872
AFG,Afghanistan,government_effectiveness,2016,-1.41773019999999
AFG,Afghanistan,government_effectiveness,2015,-1.4711716
AFG,Afghanistan,government_effectiveness,2014,-1.52460319999999
AFG,Afghanistan,government_effectiveness,2013,-1.50099379999999
AFG,Afghanistan,government_effectiveness,2012,-1.4997935
AFG,Afghanistan,government_effectiveness,2011,-1.6043337
AFG,Afghanistan,government_effectiveness,2010,-1.5857412
AFG,Afghanistan,rule_of_law,2024,-1.93548869999999
AFG,Afghanistan,rule_of_law,2023,-1.89680499999999
AFG,Afghanistan,rule_of_law,2022,-1.8586889
AFG,Afghanistan,rule_of_law,2021,-1.7202682
AFG,Afghanistan,rule_of_law,2020,-1.65566449999999
AFG,Afghanistan,rule_of_law,2019,-1.65715489999999
AFG,Afghanistan,rule_of_law,2018,-1.66687379999999
AFG,Afghanistan,rule_of_law,2017,-1.59509909999999
AFG,Afghanistan,rule_of_law,2016,-1.580107
AFG,Afghanistan,rule_of_law,2015,-1.6427748
AFG,Afghanistan,rule_of_law,2014,-1.63760859999999
AFG,Afghanistan,rule_of_law,2013,-1.70220409999999
AFG,Afghanistan,rule_of_law,2012,-1.8835503
AFG,Afghanistan,rule_of_law,2011,-1.92548149999999
AFG,Afghanistan,rule_of_law,2010,-1.8493765
AFG,Afghanistan,regulatory_quality,2024,-1.538435
AFG,Afghanistan,regulatory_quality,2023,-1.43056079999999
AFG,Afghanistan,regulatory_quality,2022,-1.4229756
AFG,Afghanistan,regulatory_quality,2021,-1.40994469999999
AFG,Afghanistan,regulatory_quality,2020,-1.3026506
AFG,Afghanistan,regulatory_quality,2019,-1.2762178
AFG,Afghanistan,regulatory_quality,2018,-1.3029823
AFG,Afghanistan,regulatory_quality,2017,-1.4164481
AFG,Afghanistan,regulatory_quality,2016,-1.36089939999999
AFG,Afghanistan,regulatory_quality,2015,-1.06718849999999
AFG,Afghanistan,regulatory_quality,2014,-1.1832846
AFG,Afghanistan,regulatory_quality,2013,-1.282454
AFG,Afghanistan,regulatory_quality,2012,-1.2540947
AFG,Afghanistan,regulatory_quality,2011,-1.4373007
AFG,Afghanistan,regulatory_quality,2010,-1.4285697
AFG,Afghanistan,control_of_corruption,2024,-1.3087183
AFG,Afghanistan,control_of_corruption,2023,-1.1987543
AFG,Afghanistan,control_of_corruption,2022,-1.1719937
AFG,Afghanistan,control_of_corruption,2021,-1.22202489999999
AFG,Afghanistan,control_of_corruption,2020,-1.40089
AFG,Afghanistan,control_of_corruption,2019,-1.5013636
AFG,Afghanistan,control_of_corruption,2018,-1.5398439
AFG,Afghanistan,control_of_corruption,2017,-1.54351939999999
AFG,Afghanistan,control_of_corruption,2016,-1.56501159999999
AFG,Afghanistan,control_of_corruption,2015,-1.5195275
AFG,Afghanistan,control_of_corruption,2014,-1.5607981
AFG,Afghanistan,control_of_corruption,2013,-1.5860489
AFG,Afghanistan,control_of_corruption,2012,-1.635471
AFG,Afghanistan,control_of_corruption,2011,-1.5926582
AFG,Afghanistan,control_of_corruption,2010,-1.65416719999999
AFG,Afghanistan,fdi_net_inflows_pct_gdp,2021,0.144466946606861
AFG,Afghanistan,fdi_net_inflows_pct_gdp,2020,0.0649939571808755
AFG,Afghanistan,fdi_net_inflows_pct_gdp,2019,0.124495985291258
AFG,Afghanistan,fdi_net_inflows_pct_gdp,2018,0.661572217787196
AFG,Afghanistan,fdi_net_inflows_pct_gdp,2017,0.274796791572807
AFG,Afghanistan,fdi_net_inflows_pct_gdp,2016,0.516606084523093
AFG,Afghanistan,fdi_net_inflows_pct_gdp,2015,0.88400046336123
AFG,Afghanistan,fdi_net_inflows_pct_gdp,2014,0.209664794672203
AFG,Afghanistan,fdi_net_inflows_pct_gdp,2013,0.239801184405551
AFG,Afghanistan,fdi_net_inflows_pct_gdp,2012,0.285440893554571
AFG,Afghanistan,fdi_net_inflows_pct_gdp,2011,0.293025179616803
AFG,Afghanistan,fdi_net_inflows_pct_gdp,2010,1.20311798981139
AFG,Afghanistan,exports_pct_gdp,2024,15.7027518479481
AFG,Afghanistan,exports_pct_gdp,2023,16.2352784419391
AFG,Afghanistan,exports_pct_gdp,2022,18.3800424016375
AFG,Afghanistan,exports_pct_gdp,2021,14.342152797537
AFG,Afghanistan,exports_pct_gdp,2020,10.4208171386207
AFG,Afghanistan,imports_pct_gdp,2024,68.0602732398198
AFG,Afghanistan,imports_pct_gdp,2023,50.764299620256
AFG,Afghanistan,imports_pct_gdp,2022,54.5054272070161
AFG,Afghanistan,imports_pct_gdp,2021,37.06956357719
AFG,Afghanistan,imports_pct_gdp,2020,36.2890774127896
AFG,Afghanistan,official_exchange_rate_lcu_usd,2020,76.8135364354897
AFG,Afghanistan,official_exchange_rate_lcu_usd,2019,77.7379491783367
AFG,Afghanistan,official_exchange_rate_lcu_usd,2018,72.083247177304
AFG,Afghanistan,official_exchange_rate_lcu_usd,2017,68.0269040822312
AFG,Afghanistan,official_exchange_rate_lcu_usd,2016,67.8660857692308
AFG,Afghanistan,official_exchange_rate_lcu_usd,2015,61.1434615416667
AFG,Afghanistan,official_exchange_rate_lcu_usd,2014,57.2475
AFG,Afghanistan,official_exchange_rate_lcu_usd,2013,55.3775
AFG,Afghanistan,official_exchange_rate_lcu_usd,2012,50.9214
AFG,Afghanistan,official_exchange_rate_lcu_usd,2011,46.747007738581
AFG,Afghanistan,official_exchange_rate_lcu_usd,2010,46.4524610013175
AFG,Afghanistan,gdp_current_usd,2024,17778508875.7396
AFG,Afghanistan,gdp_current_usd,2023,17152234636.8715
AFG,Afghanistan,gdp_current_usd,2022,14497243872.1337
AFG,Afghanistan,gdp_current_usd,2021,14259995441.0759
AFG,Afghanistan,gdp_current_usd,2020,19955929052.1496
AFG,Afghanistan,gdp_current_usd,2019,18799444490.1128
AFG,Afghanistan,gdp_current_usd,2018,18053222687.4126
AFG,Afghanistan,gdp_current_usd,2017,18753456497.8159
AFG,Afghanistan,gdp_current_usd,2016,18116572395.0772
AFG,Afghanistan,gdp_current_usd,2015,19134221644.7325
AFG,Afghanistan,gdp_current_usd,2014,20497128555.6972
AFG,Afghanistan,gdp_current_usd,2013,20146416757.5987
AFG,Afghanistan,gdp_current_usd,2012,19907329777.5872
AFG,Afghanistan,gdp_current_usd,2011,17805098206.3141
AFG,Afghanistan,gdp_current_usd,2010,15856668555.8336
AFG,Afghanistan,gdp_per_capita_usd,2024,416.871146273728
AFG,Afghanistan,gdp_per_capita_usd,2023,413.757894705303
AFG,Afghanistan,gdp_per_capita_usd,2022,357.261152798144
AFG,Afghanistan,gdp_per_capita_usd,2021,356.496214115892
AFG,Afghanistan,gdp_per_capita_usd,2020,510.787063366811
AFG,Afghanistan,gdp_per_capita_usd,2019,496.6025042585
AFG,Afghanistan,gdp_per_capita_usd,2018,491.337221382603
AFG,Afghanistan,gdp_per_capita_usd,2017,525.469770891619
AFG,Afghanistan,gdp_per_capita_usd,2016,522.082215583898
AFG,Afghanistan,gdp_per_capita_usd,2015,565.569730408751
AFG,Afghanistan,gdp_per_capita_usd,2014,625.054941813938
AFG,Afghanistan,gdp_per_capita_usd,2013,637.087099117099
AFG,Afghanistan,gdp_per_capita_usd,2012,651.417134470046
AFG,Afghanistan,gdp_per_capita_usd,2011,606.694676337726
AFG,Afghanistan,gdp_per_capita_usd,2010,560.621505463146
AFG,Afghanistan,total_reserves_usd,2020,9748946326.71795
AFG,Afghanistan,total_reserves_usd,2019,8497655795.34729
AFG,Afghanistan,total_reserves_usd,2018,8206682106.31946
AFG,Afghanistan,total_reserves_usd,2017,8097280955.90196
AFG,Afghanistan,total_reserves_usd,2016,7281910524.1067
AFG,Afghanistan,total_reserves_usd,2015,6976966153.82054
AFG,Afghanistan,total_reserves_usd,2014,7528549879.63682
AFG,Afghanistan,total_reserves_usd,2013,7288702710.90529
AFG,Afghanistan,total_reserves_usd,2012,7152304397.72645
AFG,Afghanistan,total_reserves_usd,2011,6344641959.56008
AFG,Afghanistan,total_reserves_usd,2010,5162440806.75156
AFG,Afghanistan,unemployment_rate,2025,13.351
AFG,Afghanistan,unemployment_rate,2024,13.687
AFG,Afghanistan,unemployment_rate,2023,14.008
AFG,Afghanistan,unemployment_rate,2022,14.1
AFG,Afghanistan,unemployment_rate,2021,12.006
AFG,Afghanistan,unemployment_rate,2020,11.71
AFG,Afghanistan,unemployment_rate,2019,11.187
AFG,Afghanistan,unemployment_rate,2018,11.192
AFG,Afghanistan,unemployment_rate,2017,11.184
AFG,Afghanistan,unemployment_rate,2016,10.116
AFG,Afghanistan,unemployment_rate,2015,9.032
AFG,Afghanistan,unemployment_rate,2014,7.915
AFG,Afghanistan,unemployment_rate,2013,7.921
AFG,Afghanistan,unemployment_rate,2012,7.875
AFG,Afghanistan,unemployment_rate,2011,7.83
AFG,Afghanistan,unemployment_rate,2010,7.809
AFG,Afghanistan,youth_unemployment_rate,2025,16.785
AFG,Afghanistan,youth_unemployment_rate,2024,17.235
AFG,Afghanistan,youth_unemployment_rate,2023,17.494
AFG,Afghanistan,youth_unemployment_rate,2022,17.539
AFG,Afghanistan,youth_unemployment_rate,2021,16.013
AFG,Afghanistan,youth_unemployment_rate,2020,16.053
AFG,Afghanistan,youth_unemployment_rate,2019,15.52
AFG,Afghanistan,youth_unemployment_rate,2018,16.402
AFG,Afghanistan,youth_unemployment_rate,2017,17.31
AFG,Afghanistan,youth_unemployment_rate,2016,14.932
AFG,Afghanistan,youth_unemployment_rate,2015,12.534
AFG,Afghanistan,youth_unemployment_rate,2014,10.094
AFG,Afghanistan,youth_unemployment_rate,2013,10.104
AFG,Afghanistan,youth_unemployment_rate,2012,10.071
AFG,Afghanistan,youth_unemployment_rate,2011,10.044
AFG,Afghanistan,youth_unemployment_rate,2010,10.041
BGD,Bangladesh,current_account_pct_gdp,2025,-0.0524732355435052
BGD,Bangladesh,current_account_pct_gdp,2024,-0.669466607987832
BGD,Bangladesh,current_account_pct_gdp,2023,-1.64602823544154
BGD,Bangladesh,current_account_pct_gdp,2022,-3.81010813041237
BGD,Bangladesh,current_account_pct_gdp,2021,-3.78969259910935
BGD,Bangladesh,current_account_pct_gdp,2020,0.318940441964321
BGD,Bangladesh,current_account_pct_gdp,2019,-0.839485005371136
BGD,Bangladesh,current_account_pct_gdp,2018,-2.20783912081882
BGD,Bangladesh,current_account_pct_gdp,2017,-2.03756600416726
BGD,Bangladesh,current_account_pct_gdp,2016,0.351171861174517
BGD,Bangladesh,current_account_pct_gdp,2015,1.32188871858147
BGD,Bangladesh,current_account_pct_gdp,2014,0.437159797644511
BGD,Bangladesh,current_account_pct_gdp,2013,1.3723251518825
BGD,Bangladesh,current_account_pct_gdp,2012,1.93195276968292
BGD,Bangladesh,current_account_pct_gdp,2011,-0.125842241657654
BGD,Bangladesh,current_account_pct_gdp,2010,1.82909794723498
BGD,Bangladesh,reserves_months_imports,2025,3.91092137452087
BGD,Bangladesh,reserves_months_imports,2024,3.07374348965567
BGD,Bangladesh,reserves_months_imports,2023,3.3558121828929
BGD,Bangladesh,reserves_months_imports,2022,4.18907976493715
BGD,Bangladesh,reserves_months_imports,2021,6.29023985723134
BGD,Bangladesh,reserves_months_imports,2020,8.65813724626272
BGD,Bangladesh,reserves_months_imports,2019,5.85933450460047
BGD,Bangladesh,reserves_months_imports,2018,5.67626909607111
BGD,Bangladesh,reserves_months_imports,2017,6.76886499116675
BGD,Bangladesh,reserves_months_imports,2016,7.60387702099135
BGD,Bangladesh,reserves_months_imports,2015,6.8309139901541
BGD,Bangladesh,reserves_months_imports,2014,5.58168526462513
BGD,Bangladesh,reserves_months_imports,2013,4.90974781514545
BGD,Bangladesh,reserves_months_imports,2012,3.85125480802239
BGD,Bangladesh,reserves_months_imports,2011,2.78355229779506
BGD,Bangladesh,reserves_months_imports,2010,4.32087922221628
BGD,Bangladesh,gdp_growth,2025,3.48990671836833
BGD,Bangladesh,gdp_growth,2024,4.22325911250161
BGD,Bangladesh,gdp_growth,2023,5.77511237007889
BGD,Bangladesh,gdp_growth,2022,7.09982877575158
BGD,Bangladesh,gdp_growth,2021,6.93867912442445
BGD,Bangladesh,gdp_growth,2020,3.44801755122445
BGD,Bangladesh,gdp_growth,2019,7.88191515117722
BGD,Bangladesh,gdp_growth,2018,7.31941263014136
BGD,Bangladesh,gdp_growth,2017,6.59024999794057
BGD,Bangladesh,gdp_growth,2016,7.11347821270093
BGD,Bangladesh,gdp_growth,2015,6.55263987816197
BGD,Bangladesh,gdp_growth,2014,6.0610593588495
BGD,Bangladesh,gdp_growth,2013,6.01360565834344
BGD,Bangladesh,gdp_growth,2012,6.52145877906443
BGD,Bangladesh,gdp_growth,2011,6.46437912497728
BGD,Bangladesh,gdp_growth,2010,5.57178818533122
BGD,Bangladesh,inflation,2025,8.7687628116114
BGD,Bangladesh,inflation,2024,10.4657482763412
BGD,Bangladesh,inflation,2023,9.8835030377921
BGD,Bangladesh,inflation,2022,7.69695437176898
BGD,Bangladesh,inflation,2021,5.54565430773473
BGD,Bangladesh,inflation,2020,5.69107474746211
BGD,Bangladesh,inflation,2019,5.59199639930629
BGD,Bangladesh,inflation,2018,5.54362139486476
BGD,Bangladesh,inflation,2017,5.70207015717239
BGD,Bangladesh,inflation,2016,5.51352572692995
BGD,Bangladesh,inflation,2015,6.19428022984984
BGD,Bangladesh,inflation,2014,6.99163889220849
BGD,Bangladesh,inflation,2013,7.53040640913172
BGD,Bangladesh,inflation,2012,6.21750422069284
BGD,Bangladesh,inflation,2011,11.3951651552399
BGD,Bangladesh,inflation,2010,8.12667639169917
BGD,Bangladesh,political_stability,2024,-1.46295089999999
BGD,Bangladesh,political_stability,2023,-1.0359445
BGD,Bangladesh,political_stability,2022,-1.0954422
BGD,Bangladesh,political_stability,2021,-1.0535518
BGD,Bangladesh,political_stability,2020,-1.01518479999999
BGD,Bangladesh,political_stability,2019,-0.996755
BGD,Bangladesh,political_stability,2018,-1.02517179999999
BGD,Bangladesh,political_stability,2017,-1.3289506
BGD,Bangladesh,political_stability,2016,-1.3416192
BGD,Bangladesh,political_stability,2015,-1.331635
BGD,Bangladesh,political_stability,2014,-1.0510112
BGD,Bangladesh,political_stability,2013,-1.771799
BGD,Bangladesh,political_stability,2012,-1.4690337
BGD,Bangladesh,political_stability,2011,-1.4544464
BGD,Bangladesh,political_stability,2010,-1.4437712
BGD,Bangladesh,government_effectiveness,2024,-0.618974599999999
BGD,Bangladesh,government_effectiveness,2023,-0.5574534
BGD,Bangladesh,government_effectiveness,2022,-0.62345
BGD,Bangladesh,government_effectiveness,2021,-0.563899399999999
BGD,Bangladesh,government_effectiveness,2020,-0.7213698
BGD,Bangladesh,government_effectiveness,2019,-0.5970582
BGD,Bangladesh,government_effectiveness,2018,-0.6193938
BGD,Bangladesh,government_effectiveness,2017,-0.573203
BGD,Bangladesh,government_effectiveness,2016,-0.5337691
BGD,Bangladesh,government_effectiveness,2015,-0.6547007
BGD,Bangladesh,government_effectiveness,2014,-0.6851605
BGD,Bangladesh,government_effectiveness,2013,-0.773905699999999
BGD,Bangladesh,government_effectiveness,2012,-0.7988014
BGD,Bangladesh,government_effectiveness,2011,-0.8372577
BGD,Bangladesh,government_effectiveness,2010,-0.807076799999999
BGD,Bangladesh,rule_of_law,2024,-0.9600594
BGD,Bangladesh,rule_of_law,2023,-0.9020256
BGD,Bangladesh,rule_of_law,2022,-0.973641299999999
BGD,Bangladesh,rule_of_law,2021,-0.974914899999999
BGD,Bangladesh,rule_of_law,2020,-0.8969166
BGD,Bangladesh,rule_of_law,2019,-0.9419472
BGD,Bangladesh,rule_of_law,2018,-0.9096266
BGD,Bangladesh,rule_of_law,2017,-0.924304999999999
BGD,Bangladesh,rule_of_law,2016,-0.9068902
BGD,Bangladesh,rule_of_law,2015,-0.856926099999999
BGD,Bangladesh,rule_of_law,2014,-0.851857499999999
BGD,Bangladesh,rule_of_law,2013,-0.9749211
BGD,Bangladesh,rule_of_law,2012,-0.9887756
BGD,Bangladesh,rule_of_law,2011,-0.6998395
BGD,Bangladesh,rule_of_law,2010,-0.8477644
BGD,Bangladesh,regulatory_quality,2024,-0.9500708
BGD,Bangladesh,regulatory_quality,2023,-0.9009111
BGD,Bangladesh,regulatory_quality,2022,-0.9240476
BGD,Bangladesh,regulatory_quality,2021,-0.871176499999999
BGD,Bangladesh,regulatory_quality,2020,-0.8942304
BGD,Bangladesh,regulatory_quality,2019,-0.8895369
BGD,Bangladesh,regulatory_quality,2018,-0.7854912
BGD,Bangladesh,regulatory_quality,2017,-0.7430899
BGD,Bangladesh,regulatory_quality,2016,-0.7592301
BGD,Bangladesh,regulatory_quality,2015,-0.776809499999999
BGD,Bangladesh,regulatory_quality,2014,-0.8964974
BGD,Bangladesh,regulatory_quality,2013,-0.9494963
BGD,Bangladesh,regulatory_quality,2012,-0.978781999999999
BGD,Bangladesh,regulatory_quality,2011,-0.8270946
BGD,Bangladesh,regulatory_quality,2010,-0.8368896
BGD,Bangladesh,control_of_corruption,2024,-1.1021569
BGD,Bangladesh,control_of_corruption,2023,-1.1987203
BGD,Bangladesh,control_of_corruption,2022,-1.17834859999999
BGD,Bangladesh,control_of_corruption,2021,-1.0928915
BGD,Bangladesh,control_of_corruption,2020,-1.07605779999999
BGD,Bangladesh,control_of_corruption,2019,-1.1006451
BGD,Bangladesh,control_of_corruption,2018,-1.0964787
BGD,Bangladesh,control_of_corruption,2017,-1.062185
BGD,Bangladesh,control_of_corruption,2016,-1.0667924
BGD,Bangladesh,control_of_corruption,2015,-1.0798121
BGD,Bangladesh,control_of_corruption,2014,-1.1845563
BGD,Bangladesh,control_of_corruption,2013,-1.1326018
BGD,Bangladesh,control_of_corruption,2012,-1.12133289999999
BGD,Bangladesh,control_of_corruption,2011,-1.0523775
BGD,Bangladesh,control_of_corruption,2010,-1.0218466
BGD,Bangladesh,fdi_net_inflows_pct_gdp,2025,0.404544313117544
BGD,Bangladesh,fdi_net_inflows_pct_gdp,2024,0.283870773350074
BGD,Bangladesh,fdi_net_inflows_pct_gdp,2023,0.335721505298968
BGD,Bangladesh,fdi_net_inflows_pct_gdp,2022,0.347960024540439
BGD,Bangladesh,fdi_net_inflows_pct_gdp,2021,0.414118154040593
BGD,Bangladesh,fdi_net_inflows_pct_gdp,2020,0.407859894856915
BGD,Bangladesh,fdi_net_inflows_pct_gdp,2019,0.543244141585063
BGD,Bangladesh,fdi_net_inflows_pct_gdp,2018,0.75354913412869
BGD,Bangladesh,fdi_net_inflows_pct_gdp,2017,0.616341784631384
BGD,Bangladesh,fdi_net_inflows_pct_gdp,2016,0.879528340271998
BGD,Bangladesh,fdi_net_inflows_pct_gdp,2015,1.4507824552936
BGD,Bangladesh,fdi_net_inflows_pct_gdp,2014,1.46870305074204
BGD,Bangladesh,fdi_net_inflows_pct_gdp,2013,1.73532012481503
BGD,Bangladesh,fdi_net_inflows_pct_gdp,2012,1.18850391920183
BGD,Bangladesh,fdi_net_inflows_pct_gdp,2011,0.983399364184761
BGD,Bangladesh,fdi_net_inflows_pct_gdp,2010,1.06896766308322
BGD,Bangladesh,exports_pct_gdp,2025,11.1161085689856
BGD,Bangladesh,exports_pct_gdp,2024,10.4611878291715
BGD,Bangladesh,exports_pct_gdp,2023,13.1571638341204
BGD,Bangladesh,exports_pct_gdp,2022,12.8822264348985
BGD,Bangladesh,exports_pct_gdp,2021,10.6627789004134
BGD,Bangladesh,exports_pct_gdp,2020,10.4427880616037
BGD,Bangladesh,exports_pct_gdp,2019,13.0947573353039
BGD,Bangladesh,exports_pct_gdp,2018,12.6747879443391
BGD,Bangladesh,exports_pct_gdp,2017,12.8197468906003
BGD,Bangladesh,exports_pct_gdp,2016,13.9212044814459
BGD,Bangladesh,exports_pct_gdp,2015,17.3366737865485
BGD,Bangladesh,exports_pct_gdp,2014,18.9896599950107
BGD,Bangladesh,exports_pct_gdp,2013,19.5378741098798
BGD,Bangladesh,exports_pct_gdp,2012,20.1615888640625
BGD,Bangladesh,exports_pct_gdp,2011,19.9220749554939
BGD,Bangladesh,exports_pct_gdp,2010,16.0241126856916
BGD,Bangladesh,imports_pct_gdp,2025,16.8344754735707
BGD,Bangladesh,imports_pct_gdp,2024,16.3168879748762
BGD,Bangladesh,imports_pct_gdp,2023,17.8258075763392
BGD,Bangladesh,imports_pct_gdp,2022,20.897740835675
BGD,Bangladesh,imports_pct_gdp,2021,17.0612258032497
BGD,Bangladesh,imports_pct_gdp,2020,15.8286593146113
BGD,Bangladesh,imports_pct_gdp,2019,18.4832971559365
BGD,Bangladesh,imports_pct_gdp,2018,19.8398437797492
BGD,Bangladesh,imports_pct_gdp,2017,17.179983781834
BGD,Bangladesh,imports_pct_gdp,2016,17.4129456531683
BGD,Bangladesh,imports_pct_gdp,2015,24.7493225204896
BGD,Bangladesh,imports_pct_gdp,2014,25.5244202017989
BGD,Bangladesh,imports_pct_gdp,2013,26.7585286129376
BGD,Bangladesh,imports_pct_gdp,2012,27.9493338849842
BGD,Bangladesh,imports_pct_gdp,2011,27.4987748801959
BGD,Bangladesh,imports_pct_gdp,2010,21.7787299851405
BGD,Bangladesh,official_exchange_rate_lcu_usd,2025,121.920836605034
BGD,Bangladesh,official_exchange_rate_lcu_usd,2024,115.603653796648
BGD,Bangladesh,official_exchange_rate_lcu_usd,2023,106.309484297483
BGD,Bangladesh,official_exchange_rate_lcu_usd,2022,91.7454544396961
BGD,Bangladesh,official_exchange_rate_lcu_usd,2021,85.08376325
BGD,Bangladesh,official_exchange_rate_lcu_usd,2020,84.8713916666667
BGD,Bangladesh,official_exchange_rate_lcu_usd,2019,84.4535225
BGD,Bangladesh,official_exchange_rate_lcu_usd,2018,83.4662019166666
BGD,Bangladesh,official_exchange_rate_lcu_usd,2017,80.4375416666667
BGD,Bangladesh,official_exchange_rate_lcu_usd,2016,78.4680916666667
BGD,Bangladesh,official_exchange_rate_lcu_usd,2015,77.9469083333333
BGD,Bangladesh,official_exchange_rate_lcu_usd,2014,77.6414083333333
BGD,Bangladesh,official_exchange_rate_lcu_usd,2013,78.103235
BGD,Bangladesh,official_exchange_rate_lcu_usd,2012,81.8626583333333
BGD,Bangladesh,official_exchange_rate_lcu_usd,2011,74.1524
BGD,Bangladesh,official_exchange_rate_lcu_usd,2010,69.6492916666667
BGD,Bangladesh,gdp_current_usd,2025,456319229255.578
BGD,Bangladesh,gdp_current_usd,2024,450119432068.852
BGD,Bangladesh,gdp_current_usd,2023,437415333018.291
BGD,Bangladesh,gdp_current_usd,2022,460131689083.083
BGD,Bangladesh,gdp_current_usd,2021,416271647911.014
BGD,Bangladesh,gdp_current_usd,2020,373979442362.193
BGD,Bangladesh,gdp_current_usd,2019,351231654603.692
BGD,Bangladesh,gdp_current_usd,2018,321362752441.78
BGD,Bangladesh,gdp_current_usd,2017,293732446624.596
BGD,Bangladesh,gdp_current_usd,2016,265224515675.034
BGD,Bangladesh,gdp_current_usd,2015,195146608978.131
BGD,Bangladesh,gdp_current_usd,2014,172886611653.786
BGD,Bangladesh,gdp_current_usd,2013,149998957434.186
BGD,Bangladesh,gdp_current_usd,2012,133310747603.483
BGD,Bangladesh,gdp_current_usd,2011,128607482310.357
BGD,Bangladesh,gdp_current_usd,2010,115275540051.262
BGD,Bangladesh,gdp_per_capita_usd,2025,2597.34352335275
BGD,Bangladesh,gdp_per_capita_usd,2024,2593.41611680774
BGD,Bangladesh,gdp_per_capita_usd,2023,2551.01773827307
BGD,Bangladesh,gdp_per_capita_usd,2022,2716.48592780431
BGD,Bangladesh,gdp_per_capita_usd,2021,2482.84917843357
BGD,Bangladesh,gdp_per_capita_usd,2020,2248.85078828233
BGD,Bangladesh,gdp_per_capita_usd,2019,2129.79896954606
BGD,Bangladesh,gdp_per_capita_usd,2018,1965.24372731467
BGD,Bangladesh,gdp_per_capita_usd,2017,1811.08221668646
BGD,Bangladesh,gdp_per_capita_usd,2016,1649.28380858601
BGD,Bangladesh,gdp_per_capita_usd,2015,1224.38647668165
BGD,Bangladesh,gdp_per_capita_usd,2014,1094.46199702838
BGD,Bangladesh,gdp_per_capita_usd,2013,958.262989798283
BGD,Bangladesh,gdp_per_capita_usd,2012,859.680536375497
BGD,Bangladesh,gdp_per_capita_usd,2011,837.336944695647
BGD,Bangladesh,gdp_per_capita_usd,2010,757.385280361508
BGD,Bangladesh,total_reserves_usd,2025,28562651500.7357
BGD,Bangladesh,total_reserves_usd,2024,21394795733.0405
BGD,Bangladesh,total_reserves_usd,2023,21859709190.8892
BGD,Bangladesh,total_reserves_usd,2022,33747202271.7021
BGD,Bangladesh,total_reserves_usd,2021,46165532457.1555
BGD,Bangladesh,total_reserves_usd,2020,43171735335.8001
BGD,Bangladesh,total_reserves_usd,2019,32696936140.2925
BGD,Bangladesh,total_reserves_usd,2018,32028383716.595
BGD,Bangladesh,total_reserves_usd,2017,33431482893.1712
BGD,Bangladesh,total_reserves_usd,2016,32283838538.9037
BGD,Bangladesh,total_reserves_usd,2015,27493077971.9949
BGD,Bangladesh,total_reserves_usd,2014,22319788312.4798
BGD,Bangladesh,total_reserves_usd,2013,18087689200.062
BGD,Bangladesh,total_reserves_usd,2012,12754226899.6072
BGD,Bangladesh,total_reserves_usd,2011,9174749651.12681
BGD,Bangladesh,total_reserves_usd,2010,11174828666.9521
BGD,Bangladesh,unemployment_rate,2025,3.778
BGD,Bangladesh,unemployment_rate,2024,3.635
BGD,Bangladesh,unemployment_rate,2023,3.352
BGD,Bangladesh,unemployment_rate,2022,4.593
BGD,Bangladesh,unemployment_rate,2021,5.457
BGD,Bangladesh,unemployment_rate,2020,5.539
BGD,Bangladesh,unemployment_rate,2019,4.504
BGD,Bangladesh,unemployment_rate,2018,4.439
BGD,Bangladesh,unemployment_rate,2017,4.372
BGD,Bangladesh,unemployment_rate,2016,4.35
BGD,Bangladesh,unemployment_rate,2015,4.397
BGD,Bangladesh,unemployment_rate,2014,4.417
BGD,Bangladesh,unemployment_rate,2013,4.426
BGD,Bangladesh,unemployment_rate,2012,4.07
BGD,Bangladesh,unemployment_rate,2011,3.737
BGD,Bangladesh,unemployment_rate,2010,3.379
BGD,Bangladesh,youth_unemployment_rate,2025,9.385
BGD,Bangladesh,youth_unemployment_rate,2024,9.097
BGD,Bangladesh,youth_unemployment_rate,2023,7.905
BGD,Bangladesh,youth_unemployment_rate,2022,10.985
BGD,Bangladesh,youth_unemployment_rate,2021,12.72
BGD,Bangladesh,youth_unemployment_rate,2020,13.473
BGD,Bangladesh,youth_unemployment_rate,2019,11.742
BGD,Bangladesh,youth_unemployment_rate,2018,11.907
BGD,Bangladesh,youth_unemployment_rate,2017,12.101
BGD,Bangladesh,youth_unemployment_rate,2016,10.956
BGD,Bangladesh,youth_unemployment_rate,2015,10.561
BGD,Bangladesh,youth_unemployment_rate,2014,10.122
BGD,Bangladesh,youth_unemployment_rate,2013,9.674
BGD,Bangladesh,youth_unemployment_rate,2012,8.538
BGD,Bangladesh,youth_unemployment_rate,2011,7.429
BGD,Bangladesh,youth_unemployment_rate,2010,6.289
BGD,Bangladesh,gini_index,2022,30.9
BGD,Bangladesh,gini_index,2016,32.4
BGD,Bangladesh,gini_index,2010,32.1
BTN,Bhutan,debt_to_gdp,2020,111.007884099526
BTN,Bhutan,debt_to_gdp,2019,90.3573525676224
BTN,Bhutan,debt_to_gdp,2018,95.847821202237
BTN,Bhutan,debt_to_gdp,2017,95.7786849944102
BTN,Bhutan,debt_to_gdp,2016,92.2912012820179
BTN,Bhutan,debt_to_gdp,2015,81.0505609933361
BTN,Bhutan,debt_to_gdp,2014,84.9990711320017
BTN,Bhutan,debt_to_gdp,2013,88.9492144824279
BTN,Bhutan,debt_to_gdp,2012,67.0148156229242
BTN,Bhutan,debt_to_gdp,2011,57.5496480907902
BTN,Bhutan,debt_to_gdp,2010,50.9195301727763
BTN,Bhutan,current_account_pct_gdp,2024,-19.4017852146799
BTN,Bhutan,current_account_pct_gdp,2023,-33.907387068313
BTN,Bhutan,current_account_pct_gdp,2022,-27.8005472490936
BTN,Bhutan,current_account_pct_gdp,2021,-11.5313120542653
BTN,Bhutan,current_account_pct_gdp,2020,-15.5091108691023
BTN,Bhutan,current_account_pct_gdp,2019,-18.3062679862316
BTN,Bhutan,current_account_pct_gdp,2018,-18.5091513975915
BTN,Bhutan,current_account_pct_gdp,2017,-20.854696561702
BTN,Bhutan,current_account_pct_gdp,2016,-26.4131091642844
BTN,Bhutan,current_account_pct_gdp,2015,-25.0627177353296
BTN,Bhutan,current_account_pct_gdp,2014,-23.4688052620108
BTN,Bhutan,current_account_pct_gdp,2013,-24.293493248344
BTN,Bhutan,current_account_pct_gdp,2012,-19.1060720878636
BTN,Bhutan,current_account_pct_gdp,2011,-26.6070202039628
BTN,Bhutan,current_account_pct_gdp,2010,-18.9069431459851
BTN,Bhutan,reserves_months_imports,2024,6.61474201389783
BTN,Bhutan,reserves_months_imports,2023,4.0132493332428
BTN,Bhutan,reserves_months_imports,2022,5.60738875203101
BTN,Bhutan,reserves_months_imports,2021,10.468479173115
BTN,Bhutan,reserves_months_imports,2020,12.5303950802887
BTN,Bhutan,reserves_months_imports,2019,9.98564557325312
BTN,Bhutan,reserves_months_imports,2018,7.89747826994493
BTN,Bhutan,reserves_months_imports,2017,9.88572466303793
BTN,Bhutan,reserves_months_imports,2016,9.43703232126751
BTN,Bhutan,reserves_months_imports,2015,9.6061172441657
BTN,Bhutan,reserves_months_imports,2014,11.8031415958018
BTN,Bhutan,reserves_months_imports,2013,9.26353916294235
BTN,Bhutan,reserves_months_imports,2012,8.55745154197408
BTN,Bhutan,reserves_months_imports,2011,6.64779532318253
BTN,Bhutan,reserves_months_imports,2010,11.746972451322
BTN,Bhutan,gdp_growth,2025,8.00502716233098
BTN,Bhutan,gdp_growth,2024,7.49856206754038
BTN,Bhutan,gdp_growth,2023,4.63215702969933
BTN,Bhutan,gdp_growth,2022,5.21386783786224
BTN,Bhutan,gdp_growth,2021,4.42136738945015
BTN,Bhutan,gdp_growth,2020,-10.2183974208569
BTN,Bhutan,gdp_growth,2019,5.75514851246506
BTN,Bhutan,gdp_growth,2018,3.50187185732737
BTN,Bhutan,gdp_growth,2017,2.08684522733067
BTN,Bhutan,gdp_growth,2016,8.47594339232963
BTN,Bhutan,gdp_growth,2015,6.66080128866197
BTN,Bhutan,gdp_growth,2014,5.88108550658288
BTN,Bhutan,gdp_growth,2013,1.73634039505693
BTN,Bhutan,gdp_growth,2012,5.16482012683895
BTN,Bhutan,gdp_growth,2011,8.4892584842808
BTN,Bhutan,gdp_growth,2010,11.9318738376229
BTN,Bhutan,inflation,2025,3.55513663074987
BTN,Bhutan,inflation,2024,2.76131569624098
BTN,Bhutan,inflation,2023,4.22934419929251
BTN,Bhutan,inflation,2022,5.6391667139637
BTN,Bhutan,inflation,2021,7.3468144053353
BTN,Bhutan,inflation,2020,5.62936522632508
BTN,Bhutan,inflation,2019,2.72643037388832
BTN,Bhutan,inflation,2018,2.72396386183713
BTN,Bhutan,inflation,2017,4.95508366985129
BTN,Bhutan,inflation,2016,3.21988689395718
BTN,Bhutan,inflation,2015,4.54814395082205
BTN,Bhutan,inflation,2014,8.27106093949328
BTN,Bhutan,inflation,2013,8.77638345268213
BTN,Bhutan,inflation,2012,10.919656944683
BTN,Bhutan,inflation,2011,8.848985699468
BTN,Bhutan,inflation,2010,7.03638316073019
BTN,Bhutan,political_stability,2024,1.3541153
BTN,Bhutan,political_stability,2023,1.3322654
BTN,Bhutan,political_stability,2022,1.3224382
BTN,Bhutan,political_stability,2021,0.9391838
BTN,Bhutan,political_stability,2020,1.1154419
BTN,Bhutan,political_stability,2019,1.1641113
BTN,Bhutan,political_stability,2018,1.1151798
BTN,Bhutan,political_stability,2017,1.1177867
BTN,Bhutan,political_stability,2016,1.1113941
BTN,Bhutan,political_stability,2015,0.9981818
BTN,Bhutan,political_stability,2014,1.1573285
BTN,Bhutan,political_stability,2013,0.7771733
BTN,Bhutan,political_stability,2012,0.7756826
BTN,Bhutan,political_stability,2011,0.7467369
BTN,Bhutan,political_stability,2010,0.7505364
BTN,Bhutan,government_effectiveness,2024,0.5808357
BTN,Bhutan,government_effectiveness,2023,0.5353028
BTN,Bhutan,government_effectiveness,2022,0.5347986
BTN,Bhutan,government_effectiveness,2021,0.5963822
BTN,Bhutan,government_effectiveness,2020,0.4837444
BTN,Bhutan,government_effectiveness,2019,0.4846393
BTN,Bhutan,government_effectiveness,2018,0.5384773
BTN,Bhutan,government_effectiveness,2017,0.4832628
BTN,Bhutan,government_effectiveness,2016,0.440651
BTN,Bhutan,government_effectiveness,2015,0.3649184
BTN,Bhutan,government_effectiveness,2014,0.4198133
BTN,Bhutan,government_effectiveness,2013,0.6398365
BTN,Bhutan,government_effectiveness,2012,0.5172017
BTN,Bhutan,government_effectiveness,2011,0.4711814
BTN,Bhutan,government_effectiveness,2010,0.4330688
BTN,Bhutan,rule_of_law,2024,0.7902665
BTN,Bhutan,rule_of_law,2023,0.7200012
BTN,Bhutan,rule_of_law,2022,0.6837835
BTN,Bhutan,rule_of_law,2021,0.6782878
BTN,Bhutan,rule_of_law,2020,0.6470186
BTN,Bhutan,rule_of_law,2019,0.6618686
BTN,Bhutan,rule_of_law,2018,0.6674477
BTN,Bhutan,rule_of_law,2017,0.6206244
BTN,Bhutan,rule_of_law,2016,0.5150738
BTN,Bhutan,rule_of_law,2015,0.5171592
BTN,Bhutan,rule_of_law,2014,0.3487073
BTN,Bhutan,rule_of_law,2013,0.2565264
BTN,Bhutan,rule_of_law,2012,0.1873333
BTN,Bhutan,rule_of_law,2011,0.2019468
BTN,Bhutan,rule_of_law,2010,0.1661014
BTN,Bhutan,regulatory_quality,2024,-0.0912943
BTN,Bhutan,regulatory_quality,2023,-0.109245
BTN,Bhutan,regulatory_quality,2022,-0.109357799999999
BTN,Bhutan,regulatory_quality,2021,-0.0451337
BTN,Bhutan,regulatory_quality,2020,-0.0309429
BTN,Bhutan,regulatory_quality,2019,-0.0695533
BTN,Bhutan,regulatory_quality,2018,-0.0472384
BTN,Bhutan,regulatory_quality,2017,-0.1285626
BTN,Bhutan,regulatory_quality,2016,-0.344325999999999
BTN,Bhutan,regulatory_quality,2015,-0.401577299999999
BTN,Bhutan,regulatory_quality,2014,-0.727548099999999
BTN,Bhutan,regulatory_quality,2013,-0.8405889
BTN,Bhutan,regulatory_quality,2012,-0.8397388
BTN,Bhutan,regulatory_quality,2011,-0.8648393
BTN,Bhutan,regulatory_quality,2010,-0.867229399999999
BTN,Bhutan,control_of_corruption,2024,1.4722389
BTN,Bhutan,control_of_corruption,2023,1.3563935
BTN,Bhutan,control_of_corruption,2022,1.357056
BTN,Bhutan,control_of_corruption,2021,1.3198694
BTN,Bhutan,control_of_corruption,2020,1.3421241
BTN,Bhutan,control_of_corruption,2019,1.4640293
BTN,Bhutan,control_of_corruption,2018,1.4519306
BTN,Bhutan,control_of_corruption,2017,1.4511886
BTN,Bhutan,control_of_corruption,2016,1.169102
BTN,Bhutan,control_of_corruption,2015,1.0788548
BTN,Bhutan,control_of_corruption,2014,1.0904024
BTN,Bhutan,control_of_corruption,2013,0.785208
BTN,Bhutan,control_of_corruption,2012,0.8135637
BTN,Bhutan,control_of_corruption,2011,0.7141101
BTN,Bhutan,control_of_corruption,2010,0.7720446
BTN,Bhutan,fdi_net_inflows_pct_gdp,2024,0.0841982308924301
BTN,Bhutan,fdi_net_inflows_pct_gdp,2023,0.338339566522946
BTN,Bhutan,fdi_net_inflows_pct_gdp,2022,0.289904655137253
BTN,Bhutan,fdi_net_inflows_pct_gdp,2021,0.244983575408047
BTN,Bhutan,fdi_net_inflows_pct_gdp,2020,-0.113401528947433
BTN,Bhutan,fdi_net_inflows_pct_gdp,2019,0.475617042344246
BTN,Bhutan,fdi_net_inflows_pct_gdp,2018,0.10255942689779
BTN,Bhutan,fdi_net_inflows_pct_gdp,2017,-0.638806366922729
BTN,Bhutan,fdi_net_inflows_pct_gdp,2016,0.504099187674602
BTN,Bhutan,fdi_net_inflows_pct_gdp,2015,0.294858179551153
BTN,Bhutan,fdi_net_inflows_pct_gdp,2014,1.12656942719562
BTN,Bhutan,fdi_net_inflows_pct_gdp,2013,1.05127659163372
BTN,Bhutan,fdi_net_inflows_pct_gdp,2012,1.2354733641673
BTN,Bhutan,fdi_net_inflows_pct_gdp,2011,1.57461513860453
BTN,Bhutan,fdi_net_inflows_pct_gdp,2010,4.40487201345335
BTN,Bhutan,exports_pct_gdp,2024,31.4948602422141
BTN,Bhutan,exports_pct_gdp,2023,28.3881078975658
BTN,Bhutan,exports_pct_gdp,2022,25.4988399587876
BTN,Bhutan,exports_pct_gdp,2021,29.1987406924537
BTN,Bhutan,exports_pct_gdp,2020,28.0656355144502
BTN,Bhutan,exports_pct_gdp,2019,31.4575032617598
BTN,Bhutan,exports_pct_gdp,2018,29.1897191930732
BTN,Bhutan,exports_pct_gdp,2017,28.4464080232377
BTN,Bhutan,exports_pct_gdp,2016,27.1228339132394
BTN,Bhutan,exports_pct_gdp,2015,31.5360910045004
BTN,Bhutan,exports_pct_gdp,2014,34.1893414068432
BTN,Bhutan,exports_pct_gdp,2013,37.4343659431634
BTN,Bhutan,exports_pct_gdp,2012,35.7881097866179
BTN,Bhutan,exports_pct_gdp,2011,37.9232018736818
BTN,Bhutan,exports_pct_gdp,2010,39.3870452376357
BTN,Bhutan,imports_pct_gdp,2024,47.8676815531182
BTN,Bhutan,imports_pct_gdp,2023,53.3485199564153
BTN,Bhutan,imports_pct_gdp,2022,60.0723765638263
BTN,Bhutan,imports_pct_gdp,2021,48.3837075785288
BTN,Bhutan,imports_pct_gdp,2020,43.7647155250135
BTN,Bhutan,imports_pct_gdp,2019,44.6660134423907
BTN,Bhutan,imports_pct_gdp,2018,50.550001136535
BTN,Bhutan,imports_pct_gdp,2017,48.3419936617844
BTN,Bhutan,imports_pct_gdp,2016,49.2619189365981
BTN,Bhutan,imports_pct_gdp,2015,58.1030694550492
BTN,Bhutan,imports_pct_gdp,2014,53.7449147944863
BTN,Bhutan,imports_pct_gdp,2013,57.618172334879
BTN,Bhutan,imports_pct_gdp,2012,58.2569173603391
BTN,Bhutan,imports_pct_gdp,2011,64.8723983474244
BTN,Bhutan,imports_pct_gdp,2010,65.623621455957
BTN,Bhutan,official_exchange_rate_lcu_usd,2025,87.1584483507393
BTN,Bhutan,official_exchange_rate_lcu_usd,2024,83.669281580941
BTN,Bhutan,official_exchange_rate_lcu_usd,2023,82.5992764460784
BTN,Bhutan,official_exchange_rate_lcu_usd,2022,78.6044905829916
BTN,Bhutan,official_exchange_rate_lcu_usd,2021,73.9180128154351
BTN,Bhutan,official_exchange_rate_lcu_usd,2020,74.0995668836052
BTN,Bhutan,official_exchange_rate_lcu_usd,2019,70.4203405359551
BTN,Bhutan,official_exchange_rate_lcu_usd,2018,68.3894670935422
BTN,Bhutan,official_exchange_rate_lcu_usd,2017,65.1215686450659
BTN,Bhutan,official_exchange_rate_lcu_usd,2016,67.1953128073894
BTN,Bhutan,official_exchange_rate_lcu_usd,2015,64.1519444632786
BTN,Bhutan,official_exchange_rate_lcu_usd,2014,61.0295144607843
BTN,Bhutan,official_exchange_rate_lcu_usd,2013,58.5978454166667
BTN,Bhutan,official_exchange_rate_lcu_usd,2012,53.4372333333333
BTN,Bhutan,official_exchange_rate_lcu_usd,2011,46.6704666666667
BTN,Bhutan,official_exchange_rate_lcu_usd,2010,45.7258121212121
BTN,Bhutan,gdp_current_usd,2025,3579320145.13077
BTN,Bhutan,gdp_current_usd,2024,3346603858.7495
BTN,Bhutan,gdp_current_usd,2023,3012896789.79753
BTN,Bhutan,gdp_current_usd,2022,2898227743.75576
BTN,Bhutan,gdp_current_usd,2021,2768802960.11204
BTN,Bhutan,gdp_current_usd,2020,2457604333.90927
BTN,Bhutan,gdp_current_usd,2019,2735683570.46155
BTN,Bhutan,gdp_current_usd,2018,2583335721.85904
BTN,Bhutan,gdp_current_usd,2017,2591358009.20276
BTN,Bhutan,gdp_current_usd,2016,2357504760.78592
BTN,Bhutan,gdp_current_usd,2015,2187815803.36833
BTN,Bhutan,gdp_current_usd,2014,2089079570.58285
BTN,Bhutan,gdp_current_usd,2013,1943696951.65411
BTN,Bhutan,gdp_current_usd,2012,1973387227.96519
BTN,Bhutan,gdp_current_usd,2011,1977728658.68259
BTN,Bhutan,gdp_current_usd,2010,1708880730.20989
BTN,Bhutan,gdp_per_capita_usd,2025,4492.78400306618
BTN,Bhutan,gdp_per_capita_usd,2024,4228.05102403654
BTN,Bhutan,gdp_per_capita_usd,2023,3831.32535564326
BTN,Bhutan,gdp_per_capita_usd,2022,3711.32767981591
BTN,Bhutan,gdp_per_capita_usd,2021,3570.61257980872
BTN,Bhutan,gdp_per_capita_usd,2020,3191.66906999331
BTN,Bhutan,gdp_per_capita_usd,2019,3576.87987100503
BTN,Bhutan,gdp_per_capita_usd,2018,3400.20417245342
BTN,Bhutan,gdp_per_capita_usd,2017,3435.28804735662
BTN,Bhutan,gdp_per_capita_usd,2016,3152.30905106786
BTN,Bhutan,gdp_per_capita_usd,2015,2954.04081911097
BTN,Bhutan,gdp_per_capita_usd,2014,2849.49998647303
BTN,Bhutan,gdp_per_capita_usd,2013,2679.95217201538
BTN,Bhutan,gdp_per_capita_usd,2012,2751.2128864294
BTN,Bhutan,gdp_per_capita_usd,2011,2787.97967608562
BTN,Bhutan,gdp_per_capita_usd,2010,2435.5798056672
BTN,Bhutan,total_reserves_usd,2025,1191252357.26907
BTN,Bhutan,total_reserves_usd,2024,941017689.206037
BTN,Bhutan,total_reserves_usd,2023,654480752.429944
BTN,Bhutan,total_reserves_usd,2022,825755411.679767
BTN,Bhutan,total_reserves_usd,2021,1049605755.17506
BTN,Bhutan,total_reserves_usd,2020,1426914817.73783
BTN,Bhutan,total_reserves_usd,2019,1238371618.29552
BTN,Bhutan,total_reserves_usd,2018,987247035.583982
BTN,Bhutan,total_reserves_usd,2017,1206238190.85106
BTN,Bhutan,total_reserves_usd,2016,1127277331.66278
BTN,Bhutan,total_reserves_usd,2015,1103179128.57933
BTN,Bhutan,total_reserves_usd,2014,1245086666.63096
BTN,Bhutan,total_reserves_usd,2013,991306676.488434
BTN,Bhutan,total_reserves_usd,2012,954678385.085582
BTN,Bhutan,total_reserves_usd,2011,789643751.580542
BTN,Bhutan,total_reserves_usd,2010,1002139101.89679
BTN,Bhutan,unemployment_rate,2025,3.227
BTN,Bhutan,unemployment_rate,2024,3.282
BTN,Bhutan,unemployment_rate,2023,3.126
BTN,Bhutan,unemployment_rate,2022,5.947
BTN,Bhutan,unemployment_rate,2021,4.803
BTN,Bhutan,unemployment_rate,2020,5.03
BTN,Bhutan,unemployment_rate,2019,2.72
BTN,Bhutan,unemployment_rate,2018,3.35
BTN,Bhutan,unemployment_rate,2017,3.027
BTN,Bhutan,unemployment_rate,2016,2.707
BTN,Bhutan,unemployment_rate,2015,2.45
BTN,Bhutan,unemployment_rate,2014,2.63
BTN,Bhutan,unemployment_rate,2013,2.87
BTN,Bhutan,unemployment_rate,2012,2.05
BTN,Bhutan,unemployment_rate,2011,3.23
BTN,Bhutan,unemployment_rate,2010,3.32
BTN,Bhutan,youth_unemployment_rate,2025,17.052
BTN,Bhutan,youth_unemployment_rate,2024,17.934
BTN,Bhutan,youth_unemployment_rate,2023,14.939
BTN,Bhutan,youth_unemployment_rate,2022,27.177
BTN,Bhutan,youth_unemployment_rate,2021,20.609
BTN,Bhutan,youth_unemployment_rate,2020,21.989
BTN,Bhutan,youth_unemployment_rate,2019,11.56
BTN,Bhutan,youth_unemployment_rate,2018,15.199
BTN,Bhutan,youth_unemployment_rate,2017,13.355
BTN,Bhutan,youth_unemployment_rate,2016,11.614
BTN,Bhutan,youth_unemployment_rate,2015,10.115
BTN,Bhutan,youth_unemployment_rate,2014,9.023
BTN,Bhutan,youth_unemployment_rate,2013,9.389
BTN,Bhutan,youth_unemployment_rate,2012,6.982
BTN,Bhutan,youth_unemployment_rate,2011,8.911
BTN,Bhutan,youth_unemployment_rate,2010,8.784
BTN,Bhutan,gini_index,2022,28.5
BTN,Bhutan,gini_index,2017,37.4
BTN,Bhutan,gini_index,2012,38.8
IND,India,debt_to_gdp,2018,46.5224986659322
IND,India,debt_to_gdp,2017,47.5836093800197
IND,India,debt_to_gdp,2016,47.6337555915272
IND,India,debt_to_gdp,2015,49.9647183856551
IND,India,debt_to_gdp,2014,49.9009248748319
IND,India,debt_to_gdp,2013,50.3118273627008
IND,India,debt_to_gdp,2012,50.6780305618952
IND,India,debt_to_gdp,2011,51.5565536600977
IND,India,debt_to_gdp,2010,51.5919103003897
IND,India,current_account_pct_gdp,2025,-0.416854153498652
IND,India,current_account_pct_gdp,2024,-0.851289719084462
IND,India,current_account_pct_gdp,2023,-0.912777939495827
IND,India,current_account_pct_gdp,2022,-2.43238270956779
IND,India,current_account_pct_gdp,2021,-1.05524166809383
IND,India,current_account_pct_gdp,2020,1.22362111042791
IND,India,current_account_pct_gdp,2019,-1.04961203910072
IND,India,current_account_pct_gdp,2018,-2.42697545810527
IND,India,current_account_pct_gdp,2017,-1.43948820320989
IND,India,current_account_pct_gdp,2016,-0.52788060603752
IND,India,current_account_pct_gdp,2015,-1.06754907167965
IND,India,current_account_pct_gdp,2014,-1.33950896483453
IND,India,current_account_pct_gdp,2013,-2.64566711733892
IND,India,current_account_pct_gdp,2012,-5.00488971805303
IND,India,current_account_pct_gdp,2011,-3.42928468606061
IND,India,current_account_pct_gdp,2010,-3.25348368945179
IND,India,reserves_months_imports,2025,7.8761457217327
IND,India,reserves_months_imports,2024,7.52136088188696
IND,India,reserves_months_imports,2023,7.97237314389747
IND,India,reserves_months_imports,2022,7.00951210544359
IND,India,reserves_months_imports,2021,9.84238574452328
IND,India,reserves_months_imports,2020,12.9323281065786
IND,India,reserves_months_imports,2019,8.27365940048396
IND,India,reserves_months_imports,2018,6.90105548512364
IND,India,reserves_months_imports,2017,8.16271866943629
IND,India,reserves_months_imports,2016,8.43013905768235
IND,India,reserves_months_imports,2015,8.00309182929653
IND,India,reserves_months_imports,2014,6.5991330802017
IND,India,reserves_months_imports,2013,6.02774649537524
IND,India,reserves_months_imports,2012,5.90371509588661
IND,India,reserves_months_imports,2011,6.18879010347658
IND,India,reserves_months_imports,2010,7.76063411026838
IND,India,gdp_growth,2025,7.56666179284244
IND,India,gdp_growth,2024,7.09927893176518
IND,India,gdp_growth,2023,7.210224629335
IND,India,gdp_growth,2022,7.6093649776932
IND,India,gdp_growth,2021,9.68959249191741
IND,India,gdp_growth,2020,-5.77772470687303
IND,India,gdp_growth,2019,3.87143694070524
IND,India,gdp_growth,2018,6.45385134495295
IND,India,gdp_growth,2017,6.79538341902422
IND,India,gdp_growth,2016,8.25630550176662
IND,India,gdp_growth,2015,7.99625378567987
IND,India,gdp_growth,2014,7.41022760516977
IND,India,gdp_growth,2013,6.38610640091713
IND,India,gdp_growth,2012,5.45638755164772
IND,India,gdp_growth,2011,5.24131620024293
IND,India,gdp_growth,2010,8.49758470165625
IND,India,inflation,2025,2.39884954182294
IND,India,inflation,2024,4.95303550973661
IND,India,inflation,2023,5.64914318907925
IND,India,inflation,2022,6.69903414079858
IND,India,inflation,2021,5.13140747176364
IND,India,inflation,2020,6.6234367762853
IND,India,inflation,2019,3.72950573539123
IND,India,inflation,2018,3.93882646691643
IND,India,inflation,2017,3.32817337461305
IND,India,inflation,2016,4.94821634062134
IND,India,inflation,2015,4.90697344127249
IND,India,inflation,2014,6.66565671867899
IND,India,inflation,2013,10.0178784746104
IND,India,inflation,2012,9.47899691419793
IND,India,inflation,2011,8.9117933648336
IND,India,inflation,2010,11.9893899204245
IND,India,political_stability,2024,-0.785762499999999
IND,India,political_stability,2023,-0.837974
IND,India,political_stability,2022,-0.7535037
IND,India,political_stability,2021,-0.6015988
IND,India,political_stability,2020,-0.720631199999999
IND,India,political_stability,2019,-0.590466199999999
IND,India,political_stability,2018,-0.6785888
IND,India,political_stability,2017,-0.572111399999999
IND,India,political_stability,2016,-0.7362183
IND,India,political_stability,2015,-0.7619187
IND,India,political_stability,2014,-0.817516599999999
IND,India,political_stability,2013,-1.17090389999999
IND,India,political_stability,2012,-1.15725679999999
IND,India,political_stability,2011,-1.1659038
IND,India,political_stability,2010,-0.942319199999999
IND,India,government_effectiveness,2024,0.4046051
IND,India,government_effectiveness,2023,0.422603
IND,India,government_effectiveness,2022,0.3392526
IND,India,government_effectiveness,2021,0.2400136
IND,India,government_effectiveness,2020,0.3492894
IND,India,government_effectiveness,2019,0.5054858
IND,India,government_effectiveness,2018,0.5015296
IND,India,government_effectiveness,2017,0.3527821
IND,India,government_effectiveness,2016,0.3761225
IND,India,government_effectiveness,2015,0.3968483
IND,India,government_effectiveness,2014,-0.0134938
IND,India,government_effectiveness,2013,-0.0587027
IND,India,government_effectiveness,2012,-0.0887591
IND,India,government_effectiveness,2011,-0.0726295
IND,India,government_effectiveness,2010,-0.114147699999999
IND,India,rule_of_law,2024,-0.0392287
IND,India,rule_of_law,2023,-0.0879069
IND,India,rule_of_law,2022,-0.1104884
IND,India,rule_of_law,2021,-0.1841026
IND,India,rule_of_law,2020,-0.1029725
IND,India,rule_of_law,2019,-0.0201063
IND,India,rule_of_law,2018,0.020334
IND,India,rule_of_law,2017,-0.0399917
IND,India,rule_of_law,2016,-0.0823440999999999
IND,India,rule_of_law,2015,-0.1374229
IND,India,rule_of_law,2014,-0.165636199999999
IND,India,rule_of_law,2013,-0.1159615
IND,India,rule_of_law,2012,-0.1308812
IND,India,rule_of_law,2011,-0.0132833999999999
IND,India,rule_of_law,2010,0.0630896
IND,India,regulatory_quality,2024,-0.0960695999999999
IND,India,regulatory_quality,2023,-0.1271699
IND,India,regulatory_quality,2022,-0.087658
IND,India,regulatory_quality,2021,-0.169914899999999
IND,India,regulatory_quality,2020,-0.1486534
IND,India,regulatory_quality,2019,-0.0981205
IND,India,regulatory_quality,2018,-0.1555625
IND,India,regulatory_quality,2017,-0.215826699999999
IND,India,regulatory_quality,2016,-0.2535746
IND,India,regulatory_quality,2015,-0.3303195
IND,India,regulatory_quality,2014,-0.380901899999999
IND,India,regulatory_quality,2013,-0.3722425
IND,India,regulatory_quality,2012,-0.3740965
IND,India,regulatory_quality,2011,-0.3395793
IND,India,regulatory_quality,2010,-0.277761
IND,India,control_of_corruption,2024,-0.2953362
IND,India,control_of_corruption,2023,-0.3353176
IND,India,control_of_corruption,2022,-0.2924866
IND,India,control_of_corruption,2021,-0.300757
IND,India,control_of_corruption,2020,-0.254487099999999
IND,India,control_of_corruption,2019,-0.2183329
IND,India,control_of_corruption,2018,-0.2079644
IND,India,control_of_corruption,2017,-0.2244224
IND,India,control_of_corruption,2016,-0.2852229
IND,India,control_of_corruption,2015,-0.3449931
IND,India,control_of_corruption,2014,-0.4139641
IND,India,control_of_corruption,2013,-0.4708017
IND,India,control_of_corruption,2012,-0.5029878
IND,India,control_of_corruption,2011,-0.4906967
IND,India,control_of_corruption,2010,-0.3618247
IND,India,fdi_net_inflows_pct_gdp,2025,0.988285383995246
IND,India,fdi_net_inflows_pct_gdp,2024,0.721648483526777
IND,India,fdi_net_inflows_pct_gdp,2023,0.802254995836756
IND,India,fdi_net_inflows_pct_gdp,2022,1.53665241748393
IND,India,fdi_net_inflows_pct_gdp,2021,1.41217101040888
IND,India,fdi_net_inflows_pct_gdp,2020,2.40620322673636
IND,India,fdi_net_inflows_pct_gdp,2019,1.78482633957161
IND,India,fdi_net_inflows_pct_gdp,2018,1.55821483801456
IND,India,fdi_net_inflows_pct_gdp,2017,1.50731583255894
IND,India,fdi_net_inflows_pct_gdp,2016,1.9373641224439
IND,India,fdi_net_inflows_pct_gdp,2015,2.09211521443253
IND,India,fdi_net_inflows_pct_gdp,2014,1.69565958990806
IND,India,fdi_net_inflows_pct_gdp,2013,1.5162764665975
IND,India,fdi_net_inflows_pct_gdp,2012,1.31293453035323
IND,India,fdi_net_inflows_pct_gdp,2011,2.0020634629993
IND,India,fdi_net_inflows_pct_gdp,2010,1.6350340943491
IND,India,exports_pct_gdp,2025,22.2630410669804
IND,India,exports_pct_gdp,2024,22.0639816354399
IND,India,exports_pct_gdp,2023,22.354801966733
IND,India,exports_pct_gdp,2022,24.0401716365956
IND,India,exports_pct_gdp,2021,21.3991583305515
IND,India,exports_pct_gdp,2020,18.6824769296756
IND,India,exports_pct_gdp,2019,18.664264897257
IND,India,exports_pct_gdp,2018,19.9278285988562
IND,India,exports_pct_gdp,2017,18.7917648392982
IND,India,exports_pct_gdp,2016,19.1582349105946
IND,India,exports_pct_gdp,2015,19.8131891564045
IND,India,exports_pct_gdp,2014,22.9679630081172
IND,India,exports_pct_gdp,2013,25.430861300519
IND,India,exports_pct_gdp,2012,24.534430661418
IND,India,exports_pct_gdp,2011,24.5404113195713
IND,India,exports_pct_gdp,2010,22.4009332487945
IND,India,imports_pct_gdp,2025,24.0051596190103
IND,India,imports_pct_gdp,2024,23.8527091324349
IND,India,imports_pct_gdp,2023,23.9681500915008
IND,India,imports_pct_gdp,2022,26.6577666392086
IND,India,imports_pct_gdp,2021,24.0239304534931
IND,India,imports_pct_gdp,2020,19.0756283996012
IND,India,imports_pct_gdp,2019,21.2411386333872
IND,India,imports_pct_gdp,2018,23.6891407335327
IND,India,imports_pct_gdp,2017,21.9507321152243
IND,India,imports_pct_gdp,2016,20.9242508026814
IND,India,imports_pct_gdp,2015,22.1097247094602
IND,India,imports_pct_gdp,2014,25.9542227389497
IND,India,imports_pct_gdp,2013,28.4132706461587
IND,India,imports_pct_gdp,2012,31.2592910673332
IND,India,imports_pct_gdp,2011,31.0834686939585
IND,India,imports_pct_gdp,2010,26.8542732486216
IND,India,official_exchange_rate_lcu_usd,2025,87.1584483507393
IND,India,official_exchange_rate_lcu_usd,2024,83.669281580941
IND,India,official_exchange_rate_lcu_usd,2023,82.5992764460784
IND,India,official_exchange_rate_lcu_usd,2022,78.6044905829916
IND,India,official_exchange_rate_lcu_usd,2021,73.9180128154351
IND,India,official_exchange_rate_lcu_usd,2020,74.0995668836052
IND,India,official_exchange_rate_lcu_usd,2019,70.4203405359551
IND,India,official_exchange_rate_lcu_usd,2018,68.3894670935422
IND,India,official_exchange_rate_lcu_usd,2017,65.1215686450659
IND,India,official_exchange_rate_lcu_usd,2016,67.1953128073894
IND,India,official_exchange_rate_lcu_usd,2015,64.1519444632786
IND,India,official_exchange_rate_lcu_usd,2014,61.0295144607843
IND,India,official_exchange_rate_lcu_usd,2013,58.5978454166667
IND,India,official_exchange_rate_lcu_usd,2012,53.4372333333333
IND,India,official_exchange_rate_lcu_usd,2011,46.6704666666667
IND,India,official_exchange_rate_lcu_usd,2010,45.7258121212121
IND,India,gdp_current_usd,2025,3956067115771.63
IND,India,gdp_current_usd,2024,3760813470500.86
IND,India,gdp_current_usd,2023,3500906030644.76
IND,India,gdp_current_usd,2022,3249938492013.47
IND,India,gdp_current_usd,2021,3167270623260.47
IND,India,gdp_current_usd,2020,2674851578587.27
IND,India,gdp_current_usd,2019,2835606256558.19
IND,India,gdp_current_usd,2018,2702929641648.74
IND,India,gdp_current_usd,2017,2651474262755.45
IND,India,gdp_current_usd,2016,2294796885663.16
IND,India,gdp_current_usd,2015,2103588360044.94
IND,India,gdp_current_usd,2014,2039126479154.52
IND,India,gdp_current_usd,2013,1856721507621.58
IND,India,gdp_current_usd,2012,1827637590410.41
IND,India,gdp_current_usd,2011,1823051829894.55
IND,India,gdp_current_usd,2010,1675615519484.96
IND,India,gdp_per_capita_usd,2025,2702.47987141553
IND,India,gdp_per_capita_usd,2024,2591.9916607122
IND,India,gdp_per_capita_usd,2023,2434.44826340989
IND,India,gdp_per_capita_usd,2022,2279.98145719369
IND,India,gdp_per_capita_usd,2021,2239.61384367482
IND,India,gdp_per_capita_usd,2020,1907.04251637669
IND,India,gdp_per_capita_usd,2019,2041.42863698585
IND,India,gdp_per_capita_usd,2018,1966.25455171679
IND,India,gdp_per_capita_usd,2017,1950.10468280866
IND,India,gdp_per_capita_usd,2016,1707.50892912243
IND,India,gdp_per_capita_usd,2015,1583.99815907985
IND,India,gdp_per_capita_usd,2014,1553.88396075118
IND,India,gdp_per_capita_usd,2013,1432.84397512195
IND,India,gdp_per_capita_usd,2012,1429.32199520032
IND,India,gdp_per_capita_usd,2011,1445.46127486037
IND,India,gdp_per_capita_usd,2010,1347.51939071367
IND,India,total_reserves_usd,2025,700073798240.701
IND,India,total_reserves_usd,2024,643042560625.541
IND,India,total_reserves_usd,2023,627792750126.715
IND,India,total_reserves_usd,2022,567298153917.14
IND,India,total_reserves_usd,2021,638484779930.836
IND,India,total_reserves_usd,2020,590227359928.896
IND,India,total_reserves_usd,2019,463469902152.507
IND,India,total_reserves_usd,2018,399167159226.682
IND,India,total_reserves_usd,2017,412613792019.924
IND,India,total_reserves_usd,2016,361694321972.036
IND,India,total_reserves_usd,2015,353319061013.224
IND,India,total_reserves_usd,2014,325081035127.891
IND,India,total_reserves_usd,2013,298092478740.581
IND,India,total_reserves_usd,2012,300425517446.546
IND,India,total_reserves_usd,2011,298739463090.872
IND,India,total_reserves_usd,2010,300480168786.346
IND,India,unemployment_rate,2025,4.219
IND,India,unemployment_rate,2024,4.173
IND,India,unemployment_rate,2023,4.172
IND,India,unemployment_rate,2022,4.822
IND,India,unemployment_rate,2021,6.38
IND,India,unemployment_rate,2020,7.859
IND,India,unemployment_rate,2019,6.51
IND,India,unemployment_rate,2018,7.652
IND,India,unemployment_rate,2017,7.626
IND,India,unemployment_rate,2016,7.611
IND,India,unemployment_rate,2015,7.629
IND,India,unemployment_rate,2014,7.656
IND,India,unemployment_rate,2013,7.678
IND,India,unemployment_rate,2012,7.645
IND,India,unemployment_rate,2011,7.609
IND,India,unemployment_rate,2010,7.631
IND,India,youth_unemployment_rate,2025,16.022
IND,India,youth_unemployment_rate,2024,15.746
IND,India,youth_unemployment_rate,2023,15.595
IND,India,youth_unemployment_rate,2022,17.732
IND,India,youth_unemployment_rate,2021,20.824
IND,India,youth_unemployment_rate,2020,24.666
IND,India,youth_unemployment_rate,2019,22.947
IND,India,youth_unemployment_rate,2018,26.003
IND,India,youth_unemployment_rate,2017,25.591
IND,India,youth_unemployment_rate,2016,25.23
IND,India,youth_unemployment_rate,2015,24.959
IND,India,youth_unemployment_rate,2014,24.709
IND,India,youth_unemployment_rate,2013,24.473
IND,India,youth_unemployment_rate,2012,24.135
IND,India,youth_unemployment_rate,2011,23.641
IND,India,youth_unemployment_rate,2010,23.299
IND,India,gini_index,2022,25.5
IND,India,gini_index,2011,28.8
MDV,Maldives,debt_to_gdp,2011,57.2981206101706
MDV,Maldives,debt_to_gdp,2010,54.8854181471638
MDV,Maldives,current_account_pct_gdp,2024,-18.6788603634035
MDV,Maldives,current_account_pct_gdp,2023,-21.1388087335441
MDV,Maldives,current_account_pct_gdp,2022,-16.868196658323
MDV,Maldives,current_account_pct_gdp,2021,-8.63308174559145
MDV,Maldives,current_account_pct_gdp,2020,-35.7483018974442
MDV,Maldives,current_account_pct_gdp,2019,-25.8168822522057
MDV,Maldives,current_account_pct_gdp,2018,-27.8019976962882
MDV,Maldives,current_account_pct_gdp,2017,-21.267761433937
MDV,Maldives,current_account_pct_gdp,2016,-23.4109557277276
MDV,Maldives,current_account_pct_gdp,2015,-7.30588031911147
MDV,Maldives,current_account_pct_gdp,2014,-3.18665825232612
MDV,Maldives,current_account_pct_gdp,2013,-3.86626742586717
MDV,Maldives,current_account_pct_gdp,2012,-6.3922910977274
MDV,Maldives,current_account_pct_gdp,2011,-13.8208553363039
MDV,Maldives,current_account_pct_gdp,2010,-7.57604640472633
MDV,Maldives,reserves_months_imports,2024,1.30326255855386
MDV,Maldives,reserves_months_imports,2023,1.22268411034082
MDV,Maldives,reserves_months_imports,2022,1.7561190597792
MDV,Maldives,reserves_months_imports,2021,2.39926419178858
MDV,Maldives,reserves_months_imports,2020,4.26800654955113
MDV,Maldives,reserves_months_imports,2019,1.94023487520687
MDV,Maldives,reserves_months_imports,2018,1.85236771712501
MDV,Maldives,reserves_months_imports,2017,1.81237537862057
MDV,Maldives,reserves_months_imports,2016,1.5734155106328
MDV,Maldives,reserves_months_imports,2015,2.17458725383259
MDV,Maldives,reserves_months_imports,2014,2.36806725354456
MDV,Maldives,reserves_months_imports,2013,1.59704253211411
MDV,Maldives,reserves_months_imports,2012,1.5082286570409
MDV,Maldives,reserves_months_imports,2011,1.54809073830576
MDV,Maldives,reserves_months_imports,2010,2.09173932917729
MDV,Maldives,gdp_growth,2025,6.31092335003081
MDV,Maldives,gdp_growth,2024,3.49440422654285
MDV,Maldives,gdp_growth,2023,4.94286301229583
MDV,Maldives,gdp_growth,2022,13.8260895184139
MDV,Maldives,gdp_growth,2021,37.507870124321
MDV,Maldives,gdp_growth,2020,-32.9088287752921
MDV,Maldives,gdp_growth,2019,6.92305989050099
MDV,Maldives,gdp_growth,2018,8.5689555834747
MDV,Maldives,gdp_growth,2017,7.07442863215275
MDV,Maldives,gdp_growth,2016,6.37528306716864
MDV,Maldives,gdp_growth,2015,3.86813536494475
MDV,Maldives,gdp_growth,2014,7.86068643108074
MDV,Maldives,gdp_growth,2013,6.97496226412528
MDV,Maldives,gdp_growth,2012,2.38928797963442
MDV,Maldives,gdp_growth,2011,8.84342600490342
MDV,Maldives,gdp_growth,2010,6.7854678229144
MDV,Maldives,inflation,2025,4.00578494118752
MDV,Maldives,inflation,2024,1.41093527910134
MDV,Maldives,inflation,2023,2.90372427754586
MDV,Maldives,inflation,2022,2.3305404647725
MDV,Maldives,inflation,2021,0.543149688737013
MDV,Maldives,inflation,2020,-1.36977425569811
MDV,Maldives,inflation,2019,0.220029731065383
MDV,Maldives,inflation,2018,-0.133373386117595
MDV,Maldives,inflation,2017,2.81747338234509
MDV,Maldives,inflation,2016,0.502509413611612
MDV,Maldives,inflation,2015,0.953206658777607
MDV,Maldives,inflation,2014,2.12000175718134
MDV,Maldives,inflation,2013,3.8056300091943
MDV,Maldives,inflation,2012,10.884695658563
MDV,Maldives,inflation,2011,11.2734146055937
MDV,Maldives,inflation,2010,6.14988536750173
MDV,Maldives,political_stability,2024,-0.0544563
MDV,Maldives,political_stability,2023,0.0832571999999999
MDV,Maldives,political_stability,2022,0.2721525
MDV,Maldives,political_stability,2021,0.4430279
MDV,Maldives,political_stability,2020,0.2036825
MDV,Maldives,political_stability,2019,-0.0811059
MDV,Maldives,political_stability,2018,-0.135999999999999
MDV,Maldives,political_stability,2017,-0.0431782999999999
MDV,Maldives,political_stability,2016,0.079118
MDV,Maldives,political_stability,2015,0.0821002
MDV,Maldives,political_stability,2014,0.4805132
MDV,Maldives,political_stability,2013,-0.0388545999999999
MDV,Maldives,political_stability,2012,-0.3264349
MDV,Maldives,political_stability,2011,-0.2839227
MDV,Maldives,political_stability,2010,-0.1410869
MDV,Maldives,government_effectiveness,2024,-0.221286999999999
MDV,Maldives,government_effectiveness,2023,-0.220344899999999
MDV,Maldives,government_effectiveness,2022,-0.2212354
MDV,Maldives,government_effectiveness,2021,0.1471021
MDV,Maldives,government_effectiveness,2020,-0.0983054999999999
MDV,Maldives,government_effectiveness,2019,0.00704069999999999
MDV,Maldives,government_effectiveness,2018,-0.3083187
MDV,Maldives,government_effectiveness,2017,-0.3095637
MDV,Maldives,government_effectiveness,2016,-0.06644
MDV,Maldives,government_effectiveness,2015,-0.232125
MDV,Maldives,government_effectiveness,2014,-0.1718945
MDV,Maldives,government_effectiveness,2013,-0.0966727
MDV,Maldives,government_effectiveness,2012,-0.0383274
MDV,Maldives,government_effectiveness,2011,-0.0970951999999999
MDV,Maldives,government_effectiveness,2010,-0.0057589
MDV,Maldives,rule_of_law,2024,0.0443492
MDV,Maldives,rule_of_law,2023,0.096589
MDV,Maldives,rule_of_law,2022,0.1059573
MDV,Maldives,rule_of_law,2021,-0.1352825
MDV,Maldives,rule_of_law,2020,-0.3114817
MDV,Maldives,rule_of_law,2019,-0.483730999999999
MDV,Maldives,rule_of_law,2018,-0.6259826
MDV,Maldives,rule_of_law,2017,-0.6815256
MDV,Maldives,rule_of_law,2016,-0.623651
MDV,Maldives,rule_of_law,2015,-0.6506457
MDV,Maldives,rule_of_law,2014,-0.5612798
MDV,Maldives,rule_of_law,2013,-0.774328
MDV,Maldives,rule_of_law,2012,-0.531052299999999
MDV,Maldives,rule_of_law,2011,-0.481858199999999
MDV,Maldives,rule_of_law,2010,-0.203502
MDV,Maldives,regulatory_quality,2024,-0.2353508
MDV,Maldives,regulatory_quality,2023,-0.3521418
MDV,Maldives,regulatory_quality,2022,-0.3523685
MDV,Maldives,regulatory_quality,2021,-0.2598203
MDV,Maldives,regulatory_quality,2020,-0.3494424
MDV,Maldives,regulatory_quality,2019,-0.225761599999999
MDV,Maldives,regulatory_quality,2018,-0.2269273
MDV,Maldives,regulatory_quality,2017,-0.227357299999999
MDV,Maldives,regulatory_quality,2016,-0.228403
MDV,Maldives,regulatory_quality,2015,-0.3073858
MDV,Maldives,regulatory_quality,2014,-0.2630012
MDV,Maldives,regulatory_quality,2013,-0.275600199999999
MDV,Maldives,regulatory_quality,2012,-0.2539345
MDV,Maldives,regulatory_quality,2011,-0.245051499999999
MDV,Maldives,regulatory_quality,2010,-0.173058799999999
MDV,Maldives,control_of_corruption,2024,-0.335953799999999
MDV,Maldives,control_of_corruption,2023,-0.2664677
MDV,Maldives,control_of_corruption,2022,-0.265023299999999
MDV,Maldives,control_of_corruption,2021,-0.1632074
MDV,Maldives,control_of_corruption,2020,-0.1711344
MDV,Maldives,control_of_corruption,2019,-0.520747899999999
MDV,Maldives,control_of_corruption,2018,-0.892958399999999
MDV,Maldives,control_of_corruption,2017,-0.8676893
MDV,Maldives,control_of_corruption,2016,-0.764795
MDV,Maldives,control_of_corruption,2015,-0.587453
MDV,Maldives,control_of_corruption,2014,-0.5760219
MDV,Maldives,control_of_corruption,2013,-0.763904599999999
MDV,Maldives,control_of_corruption,2012,-0.7108251
MDV,Maldives,control_of_corruption,2011,-0.542532799999999
MDV,Maldives,control_of_corruption,2010,-0.555744799999999
MDV,Maldives,fdi_net_inflows_pct_gdp,2024,11.416720004027
MDV,Maldives,fdi_net_inflows_pct_gdp,2023,11.5818458756845
MDV,Maldives,fdi_net_inflows_pct_gdp,2022,11.8454662775286
MDV,Maldives,fdi_net_inflows_pct_gdp,2021,12.238665987932
MDV,Maldives,fdi_net_inflows_pct_gdp,2020,11.8706880719155
MDV,Maldives,fdi_net_inflows_pct_gdp,2019,16.7834728448357
MDV,Maldives,fdi_net_inflows_pct_gdp,2018,10.6517647807373
MDV,Maldives,fdi_net_inflows_pct_gdp,2017,9.50514529202919
MDV,Maldives,fdi_net_inflows_pct_gdp,2016,10.3547618700189
MDV,Maldives,fdi_net_inflows_pct_gdp,2015,7.21577938190819
MDV,Maldives,fdi_net_inflows_pct_gdp,2014,9.01659145068896
MDV,Maldives,fdi_net_inflows_pct_gdp,2013,10.9503892160384
MDV,Maldives,fdi_net_inflows_pct_gdp,2012,7.89895747225905
MDV,Maldives,fdi_net_inflows_pct_gdp,2011,15.2659407539778
MDV,Maldives,fdi_net_inflows_pct_gdp,2010,8.36376433060736
MDV,Maldives,exports_pct_gdp,2024,78.214216540835
MDV,Maldives,exports_pct_gdp,2023,74.0437692661116
MDV,Maldives,exports_pct_gdp,2022,82.6708555603035
MDV,Maldives,exports_pct_gdp,2021,76.0989851624572
MDV,Maldives,exports_pct_gdp,2020,48.2411996300086
MDV,Maldives,exports_pct_gdp,2019,65.5134179400092
MDV,Maldives,exports_pct_gdp,2018,66.4483006480268
MDV,Maldives,exports_pct_gdp,2017,69.0594484485378
MDV,Maldives,exports_pct_gdp,2016,71.6136331301194
MDV,Maldives,exports_pct_gdp,2015,76.4277887724561
MDV,Maldives,exports_pct_gdp,2014,91.2941274036136
MDV,Maldives,imports_pct_gdp,2024,78.2597392001761
MDV,Maldives,imports_pct_gdp,2023,75.3062069113229
MDV,Maldives,imports_pct_gdp,2022,79.5725773733522
MDV,Maldives,imports_pct_gdp,2021,66.5083115338037
MDV,Maldives,imports_pct_gdp,2020,66.1207032743183
MDV,Maldives,imports_pct_gdp,2019,71.6118129351757
MDV,Maldives,imports_pct_gdp,2018,76.0428278985911
MDV,Maldives,imports_pct_gdp,2017,72.8526621264145
MDV,Maldives,imports_pct_gdp,2016,72.7665791488222
MDV,Maldives,imports_pct_gdp,2015,67.2927178888456
MDV,Maldives,imports_pct_gdp,2014,74.6851237568163
MDV,Maldives,official_exchange_rate_lcu_usd,2025,15.415677547363
MDV,Maldives,official_exchange_rate_lcu_usd,2024,15.3891963292547
MDV,Maldives,official_exchange_rate_lcu_usd,2023,15.3867943548387
MDV,Maldives,official_exchange_rate_lcu_usd,2022,15.386625
MDV,Maldives,official_exchange_rate_lcu_usd,2021,15.3726984126984
MDV,Maldives,official_exchange_rate_lcu_usd,2020,15.3812695278705
MDV,Maldives,official_exchange_rate_lcu_usd,2019,15.3820419226831
MDV,Maldives,official_exchange_rate_lcu_usd,2018,15.3908372695852
MDV,Maldives,official_exchange_rate_lcu_usd,2017,15.3869685099846
MDV,Maldives,official_exchange_rate_lcu_usd,2016,15.3684076818158
MDV,Maldives,official_exchange_rate_lcu_usd,2015,15.3663312211982
MDV,Maldives,official_exchange_rate_lcu_usd,2014,15.3803935180893
MDV,Maldives,official_exchange_rate_lcu_usd,2013,15.3667100302841
MDV,Maldives,official_exchange_rate_lcu_usd,2012,15.3648353163596
MDV,Maldives,official_exchange_rate_lcu_usd,2011,14.6020084036964
MDV,Maldives,official_exchange_rate_lcu_usd,2010,12.8
MDV,Maldives,gdp_current_usd,2025,7741066860.6337
MDV,Maldives,gdp_current_usd,2024,7061608267.25451
MDV,Maldives,gdp_current_usd,2023,6621008703.95743
MDV,Maldives,gdp_current_usd,2022,6177123352.26211
MDV,Maldives,gdp_current_usd,2021,5252457369.55218
MDV,Maldives,gdp_current_usd,2020,3712604583.36665
MDV,Maldives,gdp_current_usd,2019,5726094799.37709
MDV,Maldives,gdp_current_usd,2018,5404344162.69888
MDV,Maldives,gdp_current_usd,2017,4816426256.52914
MDV,Maldives,gdp_current_usd,2016,4409942623.85538
MDV,Maldives,gdp_current_usd,2015,4129505319.12921
MDV,Maldives,gdp_current_usd,2014,3697353039.20043
MDV,Maldives,gdp_current_usd,2013,3295009237.50107
MDV,Maldives,gdp_current_usd,2012,2886163997.20531
MDV,Maldives,gdp_current_usd,2011,2774350240.04918
MDV,Maldives,gdp_current_usd,2010,2588176054.6875
MDV,Maldives,gdp_per_capita_usd,2025,14614.7208116541
MDV,Maldives,gdp_per_capita_usd,2024,13379.3513577224
MDV,Maldives,gdp_per_capita_usd,2023,12587.6126038651
MDV,Maldives,gdp_per_capita_usd,2022,11786.0191492983
MDV,Maldives,gdp_per_capita_usd,2021,10176.143882547
MDV,Maldives,gdp_per_capita_usd,2020,7393.8886543933
MDV,Maldives,gdp_per_capita_usd,2019,11740.2724029785
MDV,Maldives,gdp_per_capita_usd,2018,11423.2838427029
MDV,Maldives,gdp_per_capita_usd,2017,10509.628805812
MDV,Maldives,gdp_per_capita_usd,2016,9947.80744731739
MDV,Maldives,gdp_per_capita_usd,2015,9644.90655028145
MDV,Maldives,gdp_per_capita_usd,2014,8939.07416571472
MDV,Maldives,gdp_per_capita_usd,2013,8236.08177944126
MDV,Maldives,gdp_per_capita_usd,2012,7461.29703686309
MDV,Maldives,gdp_per_capita_usd,2011,7424.520410971
MDV,Maldives,gdp_per_capita_usd,2010,7173.59601844692
MDV,Maldives,total_reserves_usd,2025,984573591.713979
MDV,Maldives,total_reserves_usd,2024,673885912.694607
MDV,Maldives,total_reserves_usd,2023,590522550.56534
MDV,Maldives,total_reserves_usd,2022,832094352.898169
MDV,Maldives,total_reserves_usd,2021,805808189.424559
MDV,Maldives,total_reserves_usd,2020,984930745.339245
MDV,Maldives,total_reserves_usd,2019,753496279.806938
MDV,Maldives,total_reserves_usd,2018,712157733.781107
MDV,Maldives,total_reserves_usd,2017,587346816.807916
MDV,Maldives,total_reserves_usd,2016,467323386.048191
MDV,Maldives,total_reserves_usd,2015,563873734.60286
MDV,Maldives,total_reserves_usd,2014,614684246.485376
MDV,Maldives,total_reserves_usd,2013,368315038.589918
MDV,Maldives,total_reserves_usd,2012,304506181.012498
MDV,Maldives,total_reserves_usd,2011,334913163.216004
MDV,Maldives,total_reserves_usd,2010,350103579.326899
MDV,Maldives,unemployment_rate,2025,4.514
MDV,Maldives,unemployment_rate,2024,4.278
MDV,Maldives,unemployment_rate,2023,4.019
MDV,Maldives,unemployment_rate,2022,4.303
MDV,Maldives,unemployment_rate,2021,5.016
MDV,Maldives,unemployment_rate,2020,5.42
MDV,Maldives,unemployment_rate,2019,4.562
MDV,Maldives,unemployment_rate,2018,4.962
MDV,Maldives,unemployment_rate,2017,5.377
MDV,Maldives,unemployment_rate,2016,5.771
MDV,Maldives,unemployment_rate,2015,6.611
MDV,Maldives,unemployment_rate,2014,7.461
MDV,Maldives,unemployment_rate,2013,8.295
MDV,Maldives,unemployment_rate,2012,9.134
MDV,Maldives,unemployment_rate,2011,10.043
MDV,Maldives,unemployment_rate,2010,10.875
MDV,Maldives,youth_unemployment_rate,2025,15.694
MDV,Maldives,youth_unemployment_rate,2024,14.809
MDV,Maldives,youth_unemployment_rate,2023,14.124
MDV,Maldives,youth_unemployment_rate,2022,14.27
MDV,Maldives,youth_unemployment_rate,2021,15.319
MDV,Maldives,youth_unemployment_rate,2020,16.149
MDV,Maldives,youth_unemployment_rate,2019,13.496
MDV,Maldives,youth_unemployment_rate,2018,14.024
MDV,Maldives,youth_unemployment_rate,2017,14.589
MDV,Maldives,youth_unemployment_rate,2016,15.126
MDV,Maldives,youth_unemployment_rate,2015,16.833
MDV,Maldives,youth_unemployment_rate,2014,18.374
MDV,Maldives,youth_unemployment_rate,2013,19.636
MDV,Maldives,youth_unemployment_rate,2012,20.815
MDV,Maldives,youth_unemployment_rate,2011,22.11
MDV,Maldives,youth_unemployment_rate,2010,23.344
MDV,Maldives,gini_index,2019,29.3
MDV,Maldives,gini_index,2016,31.3
NPL,Nepal,debt_to_gdp,2021,39.9222686422289
NPL,Nepal,debt_to_gdp,2020,39.0485631284493
NPL,Nepal,debt_to_gdp,2019,31.7771473472895
NPL,Nepal,debt_to_gdp,2010,33.8625212320188
NPL,Nepal,current_account_pct_gdp,2024,3.87803253239857
NPL,Nepal,current_account_pct_gdp,2023,2.45040193651298
NPL,Nepal,current_account_pct_gdp,2022,-5.76692963076819
NPL,Nepal,current_account_pct_gdp,2021,-14.5240163530399
NPL,Nepal,current_account_pct_gdp,2020,-0.251653542060189
NPL,Nepal,current_account_pct_gdp,2019,-5.12963069016168
NPL,Nepal,current_account_pct_gdp,2018,-8.30080510271615
NPL,Nepal,current_account_pct_gdp,2017,-3.56432924017778
NPL,Nepal,current_account_pct_gdp,2016,-0.684346638551882
NPL,Nepal,current_account_pct_gdp,2015,10.0433083922087
NPL,Nepal,current_account_pct_gdp,2014,2.18298241690426
NPL,Nepal,current_account_pct_gdp,2013,5.23137372695534
NPL,Nepal,current_account_pct_gdp,2012,2.66070688066427
NPL,Nepal,current_account_pct_gdp,2011,1.33775079697372
NPL,Nepal,current_account_pct_gdp,2010,-0.79746599292911
NPL,Nepal,reserves_months_imports,2024,12.9718425174618
NPL,Nepal,reserves_months_imports,2023,10.4169326092974
NPL,Nepal,reserves_months_imports,2022,7.11844228100773
NPL,Nepal,reserves_months_imports,2021,6.72298272086257
NPL,Nepal,reserves_months_imports,2020,12.4797850993123
NPL,Nepal,reserves_months_imports,2019,7.45868343240889
NPL,Nepal,reserves_months_imports,2018,6.61464333893592
NPL,Nepal,reserves_months_imports,2017,9.35380252386608
NPL,Nepal,reserves_months_imports,2016,10.2885647962681
NPL,Nepal,reserves_months_imports,2015,12.5337607363715
NPL,Nepal,reserves_months_imports,2014,8.43501141324674
NPL,Nepal,reserves_months_imports,2013,8.56836277441355
NPL,Nepal,reserves_months_imports,2012,7.60892634309321
NPL,Nepal,reserves_months_imports,2011,6.74453820987915
NPL,Nepal,reserves_months_imports,2010,6.01052214363673
NPL,Nepal,gdp_growth,2025,4.43073194983359
NPL,Nepal,gdp_growth,2024,3.67787459697703
NPL,Nepal,gdp_growth,2023,1.98254843461849
NPL,Nepal,gdp_growth,2022,5.6313145568451
NPL,Nepal,gdp_growth,2021,4.838149614115
NPL,Nepal,gdp_growth,2020,-2.3696206292072
NPL,Nepal,gdp_growth,2019,6.65705543110468
NPL,Nepal,gdp_growth,2018,7.62237610397933
NPL,Nepal,gdp_growth,2017,8.97727935643466
NPL,Nepal,gdp_growth,2016,0.433113719381524
NPL,Nepal,gdp_growth,2015,3.97605327162971
NPL,Nepal,gdp_growth,2014,6.01148284250441
NPL,Nepal,gdp_growth,2013,3.52515317129149
NPL,Nepal,gdp_growth,2012,4.67014192446953
NPL,Nepal,gdp_growth,2011,3.42180870116162
NPL,Nepal,gdp_growth,2010,4.81641464694573
NPL,Nepal,inflation,2025,2.65334269811436
NPL,Nepal,inflation,2024,4.6850965426577
NPL,Nepal,inflation,2023,7.11587261530826
NPL,Nepal,inflation,2022,7.6702057938028
NPL,Nepal,inflation,2021,4.12676744440695
NPL,Nepal,inflation,2020,5.05635826238499
NPL,Nepal,inflation,2019,5.56616035243723
NPL,Nepal,inflation,2018,4.40659410175714
NPL,Nepal,inflation,2017,2.77703998300211
NPL,Nepal,inflation,2016,8.7903433200464
NPL,Nepal,inflation,2015,7.86890895590891
NPL,Nepal,inflation,2014,8.36415469659563
NPL,Nepal,inflation,2013,9.04016311917645
NPL,Nepal,inflation,2012,9.45980980357125
NPL,Nepal,inflation,2011,9.2270754612596
NPL,Nepal,inflation,2010,9.32650410745395
NPL,Nepal,political_stability,2024,-0.414613399999999
NPL,Nepal,political_stability,2023,-0.312959
NPL,Nepal,political_stability,2022,-0.3755496
NPL,Nepal,political_stability,2021,-0.2520173
NPL,Nepal,political_stability,2020,-0.250305599999999
NPL,Nepal,political_stability,2019,-0.4056357
NPL,Nepal,political_stability,2018,-0.495786599999999
NPL,Nepal,political_stability,2017,-0.5502541
NPL,Nepal,political_stability,2016,-0.9210801
NPL,Nepal,political_stability,2015,-1.0154123
NPL,Nepal,political_stability,2014,-0.8435975
NPL,Nepal,political_stability,2013,-1.2264145
NPL,Nepal,political_stability,2012,-1.4781419
NPL,Nepal,political_stability,2011,-1.5205463
NPL,Nepal,political_stability,2010,-1.5990906
NPL,Nepal,government_effectiveness,2024,-0.8845295
NPL,Nepal,government_effectiveness,2023,-0.844047999999999
NPL,Nepal,government_effectiveness,2022,-0.954515799999999
NPL,Nepal,government_effectiveness,2021,-0.9460782
NPL,Nepal,government_effectiveness,2020,-1.0263856
NPL,Nepal,government_effectiveness,2019,-1.1116758
NPL,Nepal,government_effectiveness,2018,-0.9143987
NPL,Nepal,government_effectiveness,2017,-0.927736599999999
NPL,Nepal,government_effectiveness,2016,-0.981872499999999
NPL,Nepal,government_effectiveness,2015,-1.16337389999999
NPL,Nepal,government_effectiveness,2014,-0.8952954
NPL,Nepal,government_effectiveness,2013,-1.0517978
NPL,Nepal,government_effectiveness,2012,-1.10949989999999
NPL,Nepal,government_effectiveness,2011,-0.7963154
NPL,Nepal,government_effectiveness,2010,-0.6925409
NPL,Nepal,rule_of_law,2024,-0.303653399999999
NPL,Nepal,rule_of_law,2023,-0.3365421
NPL,Nepal,rule_of_law,2022,-0.3340683
NPL,Nepal,rule_of_law,2021,-0.3560122
NPL,Nepal,rule_of_law,2020,-0.3725321
NPL,Nepal,rule_of_law,2019,-0.4127847
NPL,Nepal,rule_of_law,2018,-0.367187899999999
NPL,Nepal,rule_of_law,2017,-0.443938399999999
NPL,Nepal,rule_of_law,2016,-0.5665318
NPL,Nepal,rule_of_law,2015,-0.5990489
NPL,Nepal,rule_of_law,2014,-0.576151499999999
NPL,Nepal,rule_of_law,2013,-0.6010709
NPL,Nepal,rule_of_law,2012,-0.594797
NPL,Nepal,rule_of_law,2011,-0.8779526
NPL,Nepal,rule_of_law,2010,-0.947927899999999
NPL,Nepal,regulatory_quality,2024,-0.552333499999999
NPL,Nepal,regulatory_quality,2023,-0.607287799999999
NPL,Nepal,regulatory_quality,2022,-0.5966637
NPL,Nepal,regulatory_quality,2021,-0.6375284
NPL,Nepal,regulatory_quality,2020,-0.663949999999999
NPL,Nepal,regulatory_quality,2019,-0.5734193
NPL,Nepal,regulatory_quality,2018,-0.5915737
NPL,Nepal,regulatory_quality,2017,-0.656910099999999
NPL,Nepal,regulatory_quality,2016,-0.6483257
NPL,Nepal,regulatory_quality,2015,-0.6993283
NPL,Nepal,regulatory_quality,2014,-0.716785799999999
NPL,Nepal,regulatory_quality,2013,-0.813687899999999
NPL,Nepal,regulatory_quality,2012,-0.7926961
NPL,Nepal,regulatory_quality,2011,-0.8068972
NPL,Nepal,regulatory_quality,2010,-0.835548499999999
NPL,Nepal,control_of_corruption,2024,-0.632602
NPL,Nepal,control_of_corruption,2023,-0.629219899999999
NPL,Nepal,control_of_corruption,2022,-0.652050399999999
NPL,Nepal,control_of_corruption,2021,-0.624520499999999
NPL,Nepal,control_of_corruption,2020,-0.701156999999999
NPL,Nepal,control_of_corruption,2019,-0.7367895
NPL,Nepal,control_of_corruption,2018,-0.7384128
NPL,Nepal,control_of_corruption,2017,-0.781145
NPL,Nepal,control_of_corruption,2016,-0.846169499999999
NPL,Nepal,control_of_corruption,2015,-0.830829399999999
NPL,Nepal,control_of_corruption,2014,-0.8428983
NPL,Nepal,control_of_corruption,2013,-0.9181893
NPL,Nepal,control_of_corruption,2012,-0.9736551
NPL,Nepal,control_of_corruption,2011,-0.8315433
NPL,Nepal,control_of_corruption,2010,-0.727675499999999
NPL,Nepal,fdi_net_inflows_pct_gdp,2024,0.131412557108071
NPL,Nepal,fdi_net_inflows_pct_gdp,2023,0.18227214989517
NPL,Nepal,fdi_net_inflows_pct_gdp,2022,0.160405405048333
NPL,Nepal,fdi_net_inflows_pct_gdp,2021,0.531690906776232
NPL,Nepal,fdi_net_inflows_pct_gdp,2020,0.378739091402959
NPL,Nepal,fdi_net_inflows_pct_gdp,2019,0.542801979747667
NPL,Nepal,fdi_net_inflows_pct_gdp,2018,0.206157201926214
NPL,Nepal,fdi_net_inflows_pct_gdp,2017,0.677439884182991
NPL,Nepal,fdi_net_inflows_pct_gdp,2016,0.432212944008614
NPL,Nepal,fdi_net_inflows_pct_gdp,2015,0.213029527712984
NPL,Nepal,fdi_net_inflows_pct_gdp,2014,0.133746236524448
NPL,Nepal,fdi_net_inflows_pct_gdp,2013,0.334712330597339
NPL,Nepal,fdi_net_inflows_pct_gdp,2012,0.42369151125933
NPL,Nepal,fdi_net_inflows_pct_gdp,2011,0.435814930594323
NPL,Nepal,fdi_net_inflows_pct_gdp,2010,0.548294665887946
NPL,Nepal,exports_pct_gdp,2025,8.82763359925247
NPL,Nepal,exports_pct_gdp,2024,7.55423347172655
NPL,Nepal,exports_pct_gdp,2023,7.00596728086136
NPL,Nepal,exports_pct_gdp,2022,6.7023908652401
NPL,Nepal,exports_pct_gdp,2021,5.11917148482606
NPL,Nepal,exports_pct_gdp,2020,6.80529835537229
NPL,Nepal,exports_pct_gdp,2019,7.77993647445109
NPL,Nepal,exports_pct_gdp,2018,7.81564102219889
NPL,Nepal,exports_pct_gdp,2017,7.8121886555374
NPL,Nepal,exports_pct_gdp,2016,8.17957803966234
NPL,Nepal,exports_pct_gdp,2015,10.2145885930146
NPL,Nepal,exports_pct_gdp,2014,10.124042118155
NPL,Nepal,exports_pct_gdp,2013,9.2946586776145
NPL,Nepal,exports_pct_gdp,2012,8.75029128721577
NPL,Nepal,exports_pct_gdp,2011,7.80613567968357
NPL,Nepal,exports_pct_gdp,2010,9.58253617198229
NPL,Nepal,imports_pct_gdp,2025,33.7244112435844
NPL,Nepal,imports_pct_gdp,2024,32.6157766909588
NPL,Nepal,imports_pct_gdp,2023,34.5641830123854
NPL,Nepal,imports_pct_gdp,2022,42.27101061478
NPL,Nepal,imports_pct_gdp,2021,37.9346333063959
NPL,Nepal,imports_pct_gdp,2020,34.1135757694721
NPL,Nepal,imports_pct_gdp,2019,41.4695901124501
NPL,Nepal,imports_pct_gdp,2018,40.6317459241789
NPL,Nepal,imports_pct_gdp,2017,36.8302219662053
NPL,Nepal,imports_pct_gdp,2016,33.9359080825022
NPL,Nepal,imports_pct_gdp,2015,36.4511417965013
NPL,Nepal,imports_pct_gdp,2014,35.8585994934377
NPL,Nepal,imports_pct_gdp,2013,32.5707170600577
NPL,Nepal,imports_pct_gdp,2012,29.1716147715423
NPL,Nepal,imports_pct_gdp,2011,28.4906232102531
NPL,Nepal,imports_pct_gdp,2010,36.4023696022884
NPL,Nepal,official_exchange_rate_lcu_usd,2025,139.115437592696
NPL,Nepal,official_exchange_rate_lcu_usd,2024,133.726644315443
NPL,Nepal,official_exchange_rate_lcu_usd,2023,132.115460088756
NPL,Nepal,official_exchange_rate_lcu_usd,2022,125.199457792609
NPL,Nepal,official_exchange_rate_lcu_usd,2021,118.134081604947
NPL,Nepal,official_exchange_rate_lcu_usd,2020,118.345187275986
NPL,Nepal,official_exchange_rate_lcu_usd,2019,112.609482758621
NPL,Nepal,official_exchange_rate_lcu_usd,2018,108.930134109273
NPL,Nepal,official_exchange_rate_lcu_usd,2017,104.511885242862
NPL,Nepal,official_exchange_rate_lcu_usd,2016,107.383815174654
NPL,Nepal,official_exchange_rate_lcu_usd,2015,102.405134331356
NPL,Nepal,official_exchange_rate_lcu_usd,2014,97.5548421567946
NPL,Nepal,official_exchange_rate_lcu_usd,2013,93.0843938075485
NPL,Nepal,official_exchange_rate_lcu_usd,2012,85.2257559923835
NPL,Nepal,official_exchange_rate_lcu_usd,2011,74.02
NPL,Nepal,official_exchange_rate_lcu_usd,2010,73.2623590158046
NPL,Nepal,gdp_current_usd,2025,45489810283.1132
NPL,Nepal,gdp_current_usd,2024,43298911699.9284
NPL,Nepal,gdp_current_usd,2023,41049329851.0546
NPL,Nepal,gdp_current_usd,2022,41182939519.8161
NPL,Nepal,gdp_current_usd,2021,36924841394.2605
NPL,Nepal,gdp_current_usd,2020,33433659301.2466
NPL,Nepal,gdp_current_usd,2019,34186180699.0255
NPL,Nepal,gdp_current_usd,2018,33111525237.149
NPL,Nepal,gdp_current_usd,2017,28971588940.364
NPL,Nepal,gdp_current_usd,2016,24524109483.5293
NPL,Nepal,gdp_current_usd,2015,24360801286.7638
NPL,Nepal,gdp_current_usd,2014,22731612922.1906
NPL,Nepal,gdp_current_usd,2013,22162204924.5726
NPL,Nepal,gdp_current_usd,2012,21703100877.1309
NPL,Nepal,gdp_current_usd,2011,21573872420.7008
NPL,Nepal,gdp_current_usd,2010,16002656434.4746
NPL,Nepal,gdp_per_capita_usd,2025,1535.87781246307
NPL,Nepal,gdp_per_capita_usd,2024,1460.28237984149
NPL,Nepal,gdp_per_capita_usd,2023,1382.38300895424
NPL,Nepal,gdp_per_capita_usd,2022,1385.91066002922
NPL,Nepal,gdp_per_capita_usd,2021,1252.75076731986
NPL,Nepal,gdp_per_capita_usd,2020,1154.21517578318
NPL,Nepal,gdp_per_capita_usd,2019,1203.14294706401
NPL,Nepal,gdp_per_capita_usd,2018,1179.19843190389
NPL,Nepal,gdp_per_capita_usd,2017,1034.28374906846
NPL,Nepal,gdp_per_capita_usd,2016,877.256454696737
NPL,Nepal,gdp_per_capita_usd,2015,875.543635474862
NPL,Nepal,gdp_per_capita_usd,2014,821.455224911731
NPL,Nepal,gdp_per_capita_usd,2013,803.269595420477
NPL,Nepal,gdp_per_capita_usd,2012,788.202937148377
NPL,Nepal,gdp_per_capita_usd,2011,785.518656222132
NPL,Nepal,gdp_per_capita_usd,2010,585.278491984574
NPL,Nepal,total_reserves_usd,2025,21100332321.6852
NPL,Nepal,total_reserves_usd,2024,15846781298.75
NPL,Nepal,total_reserves_usd,2023,12456122668.8948
NPL,Nepal,total_reserves_usd,2022,9319150273.48101
NPL,Nepal,total_reserves_usd,2021,9638842483.90472
NPL,Nepal,total_reserves_usd,2020,11467799301.6084
NPL,Nepal,total_reserves_usd,2019,8713166195.10835
NPL,Nepal,total_reserves_usd,2018,8335473017.41812
NPL,Nepal,total_reserves_usd,2017,9435255966.98232
NPL,Nepal,total_reserves_usd,2016,8734510298.83136
NPL,Nepal,total_reserves_usd,2015,8145463907.87798
NPL,Nepal,total_reserves_usd,2014,6216255070.07087
NPL,Nepal,total_reserves_usd,2013,5434181403.11911
NPL,Nepal,total_reserves_usd,2012,4417738496.0606
NPL,Nepal,total_reserves_usd,2011,3702502162.26324
NPL,Nepal,total_reserves_usd,2010,3002724838.43341
NPL,Nepal,unemployment_rate,2025,10.465
NPL,Nepal,unemployment_rate,2024,10.5
NPL,Nepal,unemployment_rate,2023,10.437
NPL,Nepal,unemployment_rate,2022,10.661
NPL,Nepal,unemployment_rate,2021,12.241
NPL,Nepal,unemployment_rate,2020,13.037
NPL,Nepal,unemployment_rate,2019,10.477
NPL,Nepal,unemployment_rate,2018,10.593
NPL,Nepal,unemployment_rate,2017,10.66
NPL,Nepal,unemployment_rate,2016,10.714
NPL,Nepal,unemployment_rate,2015,10.643
NPL,Nepal,unemployment_rate,2014,10.62
NPL,Nepal,unemployment_rate,2013,10.666
NPL,Nepal,unemployment_rate,2012,10.632
NPL,Nepal,unemployment_rate,2011,10.627
NPL,Nepal,unemployment_rate,2010,10.563
NPL,Nepal,youth_unemployment_rate,2025,20.559
NPL,Nepal,youth_unemployment_rate,2024,20.638
NPL,Nepal,youth_unemployment_rate,2023,20.43
NPL,Nepal,youth_unemployment_rate,2022,20.607
NPL,Nepal,youth_unemployment_rate,2021,22.639
NPL,Nepal,youth_unemployment_rate,2020,24.072
NPL,Nepal,youth_unemployment_rate,2019,19.679
NPL,Nepal,youth_unemployment_rate,2018,19.604
NPL,Nepal,youth_unemployment_rate,2017,19.571
NPL,Nepal,youth_unemployment_rate,2016,19.548
NPL,Nepal,youth_unemployment_rate,2015,19.403
NPL,Nepal,youth_unemployment_rate,2014,19.348
NPL,Nepal,youth_unemployment_rate,2013,19.377
NPL,Nepal,youth_unemployment_rate,2012,19.306
NPL,Nepal,youth_unemployment_rate,2011,19.294
NPL,Nepal,youth_unemployment_rate,2010,19.207
NPL,Nepal,gini_index,2022,30.0
NPL,Nepal,gini_index,2010,32.8
PAK,Pakistan,current_account_pct_gdp,2025,-0.109990064562897
PAK,Pakistan,current_account_pct_gdp,2024,0.124893414067427
PAK,Pakistan,current_account_pct_gdp,2023,-0.308630136387276
PAK,Pakistan,current_account_pct_gdp,2022,-3.25858181478804
PAK,Pakistan,current_account_pct_gdp,2021,-3.52439577565177
PAK,Pakistan,current_account_pct_gdp,2020,-0.216650637871501
PAK,Pakistan,current_account_pct_gdp,2019,-2.66677325730292
PAK,Pakistan,current_account_pct_gdp,2018,-5.29556175645778
PAK,Pakistan,current_account_pct_gdp,2017,-4.76985760466006
PAK,Pakistan,current_account_pct_gdp,2016,-2.29279660651385
PAK,Pakistan,current_account_pct_gdp,2015,-0.934446742353906
PAK,Pakistan,current_account_pct_gdp,2014,-1.34787339235798
PAK,Pakistan,current_account_pct_gdp,2013,-1.70727876868057
PAK,Pakistan,current_account_pct_gdp,2012,-0.936399348037174
PAK,Pakistan,current_account_pct_gdp,2011,-0.957124213324854
PAK,Pakistan,current_account_pct_gdp,2010,-0.688324235118166
PAK,Pakistan,reserves_months_imports,2025,3.75530612751488
PAK,Pakistan,reserves_months_imports,2024,2.84569889190225
PAK,Pakistan,reserves_months_imports,2023,2.50011507119078
PAK,Pakistan,reserves_months_imports,2022,1.44062158684771
PAK,Pakistan,reserves_months_imports,2021,3.35726367831547
PAK,Pakistan,reserves_months_imports,2020,3.8689080390316
PAK,Pakistan,reserves_months_imports,2019,3.08190201214363
PAK,Pakistan,reserves_months_imports,2018,1.90523052542491
PAK,Pakistan,reserves_months_imports,2017,3.14740277594098
PAK,Pakistan,reserves_months_imports,2016,4.59066972648983
PAK,Pakistan,reserves_months_imports,2015,4.42784130835912
PAK,Pakistan,reserves_months_imports,2014,3.06826560863817
PAK,Pakistan,reserves_months_imports,2013,1.71197854264599
PAK,Pakistan,reserves_months_imports,2012,3.10654658664889
PAK,Pakistan,reserves_months_imports,2011,4.15696352930241
PAK,Pakistan,reserves_months_imports,2010,4.71850424926723
PAK,Pakistan,gdp_growth,2025,3.69842668749033
PAK,Pakistan,gdp_growth,2024,3.08176295579301
PAK,Pakistan,gdp_growth,2023,-0.414935997088406
PAK,Pakistan,gdp_growth,2022,4.7781068690358
PAK,Pakistan,gdp_growth,2021,6.51388575852702
PAK,Pakistan,gdp_growth,2020,-1.27408744338709
PAK,Pakistan,gdp_growth,2019,2.49763692943365
PAK,Pakistan,gdp_growth,2018,6.15170261099519
PAK,Pakistan,gdp_growth,2017,4.43262590683975
PAK,Pakistan,gdp_growth,2016,6.57383828511043
PAK,Pakistan,gdp_growth,2015,4.21794209572506
PAK,Pakistan,gdp_growth,2014,4.11642817161422
PAK,Pakistan,gdp_growth,2013,4.36686504978387
PAK,Pakistan,gdp_growth,2012,3.02758391088629
PAK,Pakistan,gdp_growth,2011,2.68011685421705
PAK,Pakistan,gdp_growth,2010,1.50171752152883
PAK,Pakistan,inflation,2025,3.54555214890893
PAK,Pakistan,inflation,2024,12.6325318530452
PAK,Pakistan,inflation,2023,30.7681280657005
PAK,Pakistan,inflation,2022,19.8738599646655
PAK,Pakistan,inflation,2021,9.49641577285205
PAK,Pakistan,inflation,2020,9.74011619320125
PAK,Pakistan,inflation,2019,10.5780305672025
PAK,Pakistan,inflation,2018,5.07805725868917
PAK,Pakistan,inflation,2017,4.08537368032608
PAK,Pakistan,inflation,2016,3.7651191635658
PAK,Pakistan,inflation,2015,2.52932817254229
PAK,Pakistan,inflation,2014,7.18938402847028
PAK,Pakistan,inflation,2013,7.69215611899565
PAK,Pakistan,inflation,2012,9.68235186055684
PAK,Pakistan,inflation,2011,11.9160927116277
PAK,Pakistan,inflation,2010,12.9388705634889
PAK,Pakistan,political_stability,2024,-2.0634311
PAK,Pakistan,political_stability,2023,-1.9403838
PAK,Pakistan,political_stability,2022,-1.7555938
PAK,Pakistan,political_stability,2021,-1.6496402
PAK,Pakistan,political_stability,2020,-1.5881564
PAK,Pakistan,political_stability,2019,-1.9293422
PAK,Pakistan,political_stability,2018,-1.9857782
PAK,Pakistan,political_stability,2017,-2.2184098
PAK,Pakistan,political_stability,2016,-2.3350493
PAK,Pakistan,political_stability,2015,-2.4299435
PAK,Pakistan,political_stability,2014,-2.46216149999999
PAK,Pakistan,political_stability,2013,-2.6678365
PAK,Pakistan,political_stability,2012,-2.6807174
PAK,Pakistan,political_stability,2011,-2.7114561
PAK,Pakistan,political_stability,2010,-2.45869169999999
PAK,Pakistan,government_effectiveness,2024,-0.6003273
PAK,Pakistan,government_effectiveness,2023,-0.6585378
PAK,Pakistan,government_effectiveness,2022,-0.682084
PAK,Pakistan,government_effectiveness,2021,-0.5170351
PAK,Pakistan,government_effectiveness,2020,-0.614966799999999
PAK,Pakistan,government_effectiveness,2019,-0.4968027
PAK,Pakistan,government_effectiveness,2018,-0.507337599999999
PAK,Pakistan,government_effectiveness,2017,-0.4213336
PAK,Pakistan,government_effectiveness,2016,-0.5304516
PAK,Pakistan,government_effectiveness,2015,-0.6105847
PAK,Pakistan,government_effectiveness,2014,-0.6822115
PAK,Pakistan,government_effectiveness,2013,-0.6600164
PAK,Pakistan,government_effectiveness,2012,-0.650064499999999
PAK,Pakistan,government_effectiveness,2011,-0.8257262
PAK,Pakistan,government_effectiveness,2010,-0.7771494
PAK,Pakistan,rule_of_law,2024,-1.017096
PAK,Pakistan,rule_of_law,2023,-1.0042887
PAK,Pakistan,rule_of_law,2022,-0.9108794
PAK,Pakistan,rule_of_law,2021,-0.8231206
PAK,Pakistan,rule_of_law,2020,-0.812966099999999
PAK,Pakistan,rule_of_law,2019,-0.8122676
PAK,Pakistan,rule_of_law,2018,-0.8396216
PAK,Pakistan,rule_of_law,2017,-0.865480199999999
PAK,Pakistan,rule_of_law,2016,-0.9129583
PAK,Pakistan,rule_of_law,2015,-0.914828299999999
PAK,Pakistan,rule_of_law,2014,-0.970695
PAK,Pakistan,rule_of_law,2013,-1.04881279999999
PAK,Pakistan,rule_of_law,2012,-1.0639182
PAK,Pakistan,rule_of_law,2011,-1.15049009999999
PAK,Pakistan,rule_of_law,2010,-0.8136536
PAK,Pakistan,regulatory_quality,2024,-0.7928043
PAK,Pakistan,regulatory_quality,2023,-0.821984199999999
PAK,Pakistan,regulatory_quality,2022,-0.7653493
PAK,Pakistan,regulatory_quality,2021,-0.6543467
PAK,Pakistan,regulatory_quality,2020,-0.7006155
PAK,Pakistan,regulatory_quality,2019,-0.620266299999999
PAK,Pakistan,regulatory_quality,2018,-0.662304799999999
PAK,Pakistan,regulatory_quality,2017,-0.664221899999999
PAK,Pakistan,regulatory_quality,2016,-0.6596324
PAK,Pakistan,regulatory_quality,2015,-0.6860082
PAK,Pakistan,regulatory_quality,2014,-0.7484896
PAK,Pakistan,regulatory_quality,2013,-0.8058791
PAK,Pakistan,regulatory_quality,2012,-0.80848
PAK,Pakistan,regulatory_quality,2011,-0.758093999999999
PAK,Pakistan,regulatory_quality,2010,-0.687742299999999
PAK,Pakistan,control_of_corruption,2024,-1.0656237
PAK,Pakistan,control_of_corruption,2023,-1.0461855
PAK,Pakistan,control_of_corruption,2022,-0.9459689
PAK,Pakistan,control_of_corruption,2021,-0.906181199999999
PAK,Pakistan,control_of_corruption,2020,-0.9370003
PAK,Pakistan,control_of_corruption,2019,-0.9714617
PAK,Pakistan,control_of_corruption,2018,-0.9640896
PAK,Pakistan,control_of_corruption,2017,-0.935033999999999
PAK,Pakistan,control_of_corruption,2016,-0.9729255
PAK,Pakistan,control_of_corruption,2015,-0.981116999999999
PAK,Pakistan,control_of_corruption,2014,-1.0043761
PAK,Pakistan,control_of_corruption,2013,-1.1290617
PAK,Pakistan,control_of_corruption,2012,-1.24519539999999
PAK,Pakistan,control_of_corruption,2011,-1.2203431
PAK,Pakistan,control_of_corruption,2010,-1.2022076
PAK,Pakistan,fdi_net_inflows_pct_gdp,2025,0.454693640126553
PAK,Pakistan,fdi_net_inflows_pct_gdp,2024,0.716885239403099
PAK,Pakistan,fdi_net_inflows_pct_gdp,2023,0.608281270820624
PAK,Pakistan,fdi_net_inflows_pct_gdp,2022,0.389980753542853
PAK,Pakistan,fdi_net_inflows_pct_gdp,2021,0.616039439073827
PAK,Pakistan,fdi_net_inflows_pct_gdp,2020,0.684695289874347
PAK,Pakistan,fdi_net_inflows_pct_gdp,2019,0.696146480411465
PAK,Pakistan,fdi_net_inflows_pct_gdp,2018,0.487745750658143
PAK,Pakistan,fdi_net_inflows_pct_gdp,2017,0.735837049658425
PAK,Pakistan,fdi_net_inflows_pct_gdp,2016,0.821349998064174
PAK,Pakistan,fdi_net_inflows_pct_gdp,2015,0.557734356032139
PAK,Pakistan,fdi_net_inflows_pct_gdp,2014,0.695308116834202
PAK,Pakistan,fdi_net_inflows_pct_gdp,2013,0.515353849332245
PAK,Pakistan,fdi_net_inflows_pct_gdp,2012,0.343453048660945
PAK,Pakistan,fdi_net_inflows_pct_gdp,2011,0.575055145839944
PAK,Pakistan,fdi_net_inflows_pct_gdp,2010,1.02791108080423
PAK,Pakistan,exports_pct_gdp,2025,9.98520671042165
PAK,Pakistan,exports_pct_gdp,2024,10.3855031331012
PAK,Pakistan,exports_pct_gdp,2023,10.4939587511564
PAK,Pakistan,exports_pct_gdp,2022,10.5405902721041
PAK,Pakistan,exports_pct_gdp,2021,9.05159988878188
PAK,Pakistan,exports_pct_gdp,2020,9.29855944234725
PAK,Pakistan,exports_pct_gdp,2019,9.3908635386027
PAK,Pakistan,exports_pct_gdp,2018,8.58179960556073
PAK,Pakistan,exports_pct_gdp,2017,8.22161134395559
PAK,Pakistan,exports_pct_gdp,2016,8.73671639116568
PAK,Pakistan,exports_pct_gdp,2015,9.97457095124036
PAK,Pakistan,exports_pct_gdp,2014,11.1949717426146
PAK,Pakistan,exports_pct_gdp,2013,12.1774992040696
PAK,Pakistan,exports_pct_gdp,2012,11.8739641473238
PAK,Pakistan,exports_pct_gdp,2011,13.4825548617217
PAK,Pakistan,exports_pct_gdp,2010,12.6372245592948
PAK,Pakistan,imports_pct_gdp,2025,17.2083306683448
PAK,Pakistan,imports_pct_gdp,2024,17.1798277774783
PAK,Pakistan,imports_pct_gdp,2023,17.9737337958273
PAK,Pakistan,imports_pct_gdp,2022,22.4907632059279
PAK,Pakistan,imports_pct_gdp,2021,17.9788205237729
PAK,Pakistan,imports_pct_gdp,2020,17.4177212905341
PAK,Pakistan,imports_pct_gdp,2019,19.5147134481005
PAK,Pakistan,imports_pct_gdp,2018,19.044257474073
PAK,Pakistan,imports_pct_gdp,2017,17.2504236583884
PAK,Pakistan,imports_pct_gdp,2016,15.9648616568916
PAK,Pakistan,imports_pct_gdp,2015,16.7136150659843
PAK,Pakistan,imports_pct_gdp,2014,18.2748539477852
PAK,Pakistan,imports_pct_gdp,2013,18.7127751361147
PAK,Pakistan,imports_pct_gdp,2012,19.4450091286838
PAK,Pakistan,imports_pct_gdp,2011,18.8800834134221
PAK,Pakistan,imports_pct_gdp,2010,19.3517774869368
PAK,Pakistan,official_exchange_rate_lcu_usd,2025,281.143001173202
PAK,Pakistan,official_exchange_rate_lcu_usd,2024,278.580716167563
PAK,Pakistan,official_exchange_rate_lcu_usd,2023,280.356111655149
PAK,Pakistan,official_exchange_rate_lcu_usd,2022,204.867187469982
PAK,Pakistan,official_exchange_rate_lcu_usd,2021,162.906253747418
PAK,Pakistan,official_exchange_rate_lcu_usd,2020,161.838479684718
PAK,Pakistan,official_exchange_rate_lcu_usd,2019,150.036253839864
PAK,Pakistan,official_exchange_rate_lcu_usd,2018,121.824068875756
PAK,Pakistan,official_exchange_rate_lcu_usd,2017,105.455162087938
PAK,Pakistan,official_exchange_rate_lcu_usd,2016,104.769117033301
PAK,Pakistan,official_exchange_rate_lcu_usd,2015,102.769271604675
PAK,Pakistan,official_exchange_rate_lcu_usd,2014,101.100088423521
PAK,Pakistan,official_exchange_rate_lcu_usd,2013,101.628899206349
PAK,Pakistan,official_exchange_rate_lcu_usd,2012,93.3951972222222
PAK,Pakistan,official_exchange_rate_lcu_usd,2011,86.3433833333333
PAK,Pakistan,official_exchange_rate_lcu_usd,2010,85.1938163257576
PAK,Pakistan,gdp_current_usd,2025,407307214476.222
PAK,Pakistan,gdp_current_usd,2024,371747087751.306
PAK,Pakistan,gdp_current_usd,2023,336686348609.266
PAK,Pakistan,gdp_current_usd,2022,374890295666.694
PAK,Pakistan,gdp_current_usd,2021,348516647445.148
PAK,Pakistan,gdp_current_usd,2020,300425609817.981
PAK,Pakistan,gdp_current_usd,2019,320909472770.669
PAK,Pakistan,gdp_current_usd,2018,356128166704.921
PAK,Pakistan,gdp_current_usd,2017,339205534861.1
PAK,Pakistan,gdp_current_usd,2016,313630000130.435
PAK,Pakistan,gdp_current_usd,2015,299963590534.773
PAK,Pakistan,gdp_current_usd,2014,271390474857.632
PAK,Pakistan,gdp_current_usd,2013,258657231672.412
PAK,Pakistan,gdp_current_usd,2012,250106966104.704
PAK,Pakistan,gdp_current_usd,2011,230586581059.665
PAK,Pakistan,gdp_current_usd,2010,196709621849.586
PAK,Pakistan,gdp_per_capita_usd,2025,1595.90912252837
PAK,Pakistan,gdp_per_capita_usd,2024,1479.47755241191
PAK,Pakistan,gdp_per_capita_usd,2023,1360.32417758419
PAK,Pakistan,gdp_per_capita_usd,2022,1538.3228133171
PAK,Pakistan,gdp_per_capita_usd,2021,1455.31922370186
PAK,Pakistan,gdp_per_capita_usd,2020,1278.39735206896
PAK,Pakistan,gdp_per_capita_usd,2019,1390.41690981745
PAK,Pakistan,gdp_per_capita_usd,2018,1569.33814626355
PAK,Pakistan,gdp_per_capita_usd,2017,1519.23459514248
PAK,Pakistan,gdp_per_capita_usd,2016,1424.69161195897
PAK,Pakistan,gdp_per_capita_usd,2015,1380.47020838317
PAK,Pakistan,gdp_per_capita_usd,2014,1266.61340849959
PAK,Pakistan,gdp_per_capita_usd,2013,1225.4340119198
PAK,Pakistan,gdp_per_capita_usd,2012,1204.36475491585
PAK,Pakistan,gdp_per_capita_usd,2011,1131.73513834324
PAK,Pakistan,gdp_per_capita_usd,2010,987.304571124485
PAK,Pakistan,total_reserves_usd,2025,26455819675.7312
PAK,Pakistan,total_reserves_usd,2024,18407745860.6666
PAK,Pakistan,total_reserves_usd,2023,13730353485.3454
PAK,Pakistan,total_reserves_usd,2022,9926587077.28489
PAK,Pakistan,total_reserves_usd,2021,22811522857.5295
PAK,Pakistan,total_reserves_usd,2020,18521734363.9531
PAK,Pakistan,total_reserves_usd,2019,16586046186.2171
PAK,Pakistan,total_reserves_usd,2018,11837177725.8521
PAK,Pakistan,total_reserves_usd,2017,18455861310.286
PAK,Pakistan,total_reserves_usd,2016,22027605269.5237
PAK,Pakistan,total_reserves_usd,2015,20027864211.2597
PAK,Pakistan,total_reserves_usd,2014,14306811155.4783
PAK,Pakistan,total_reserves_usd,2013,7651260101.72058
PAK,Pakistan,total_reserves_usd,2012,13688479776.3039
PAK,Pakistan,total_reserves_usd,2011,17697925812.3776
PAK,Pakistan,total_reserves_usd,2010,17255570039.5703
PAK,Pakistan,unemployment_rate,2025,5.42
PAK,Pakistan,unemployment_rate,2024,5.492
PAK,Pakistan,unemployment_rate,2023,5.237
PAK,Pakistan,unemployment_rate,2022,5.291
PAK,Pakistan,unemployment_rate,2021,6.338
PAK,Pakistan,unemployment_rate,2020,5.994
PAK,Pakistan,unemployment_rate,2019,4.83
PAK,Pakistan,unemployment_rate,2018,4.083
PAK,Pakistan,unemployment_rate,2017,3.204
PAK,Pakistan,unemployment_rate,2016,2.285
PAK,Pakistan,unemployment_rate,2015,3.566
PAK,Pakistan,unemployment_rate,2014,1.827
PAK,Pakistan,unemployment_rate,2013,2.954
PAK,Pakistan,unemployment_rate,2012,3.667
PAK,Pakistan,unemployment_rate,2011,0.796
PAK,Pakistan,unemployment_rate,2010,0.653
PAK,Pakistan,youth_unemployment_rate,2025,9.594
PAK,Pakistan,youth_unemployment_rate,2024,9.521
PAK,Pakistan,youth_unemployment_rate,2023,9.423
PAK,Pakistan,youth_unemployment_rate,2022,9.448
PAK,Pakistan,youth_unemployment_rate,2021,11.053
PAK,Pakistan,youth_unemployment_rate,2020,10.739
PAK,Pakistan,youth_unemployment_rate,2019,9.599
PAK,Pakistan,youth_unemployment_rate,2018,7.864
PAK,Pakistan,youth_unemployment_rate,2017,6.519
PAK,Pakistan,youth_unemployment_rate,2016,5.165
PAK,Pakistan,youth_unemployment_rate,2015,6.682
PAK,Pakistan,youth_unemployment_rate,2014,4.052
PAK,Pakistan,youth_unemployment_rate,2013,5.98
PAK,Pakistan,youth_unemployment_rate,2012,7.556
PAK,Pakistan,youth_unemployment_rate,2011,1.719
PAK,Pakistan,youth_unemployment_rate,2010,1.287
PAK,Pakistan,gini_index,2024,33.5
PAK,Pakistan,gini_index,2018,29.6
PAK,Pakistan,gini_index,2015,31.3
PAK,Pakistan,gini_index,2013,29.5
PAK,Pakistan,gini_index,2011,29.7
PAK,Pakistan,gini_index,2010,28.8
LKA,Sri Lanka,debt_to_gdp,2015,73.5126591623625
LKA,Sri Lanka,debt_to_gdp,2014,68.5910423360777
LKA,Sri Lanka,debt_to_gdp,2013,68.353616559854
LKA,Sri Lanka,debt_to_gdp,2012,66.747235367261
LKA,Sri Lanka,debt_to_gdp,2011,68.5257394060365
LKA,Sri Lanka,debt_to_gdp,2010,69.2530251841062
LKA,Sri Lanka,current_account_pct_gdp,2024,1.21048332599166
LKA,Sri Lanka,current_account_pct_gdp,2023,1.71159541534782
LKA,Sri Lanka,current_account_pct_gdp,2022,-1.95359411068218
LKA,Sri Lanka,current_account_pct_gdp,2021,-3.70866603299245
LKA,Sri Lanka,current_account_pct_gdp,2020,-1.40761495020573
LKA,Sri Lanka,current_account_pct_gdp,2019,-2.07126631647205
LKA,Sri Lanka,current_account_pct_gdp,2018,-2.96352841915887
LKA,Sri Lanka,current_account_pct_gdp,2017,-2.4467643490753
LKA,Sri Lanka,current_account_pct_gdp,2016,-1.97999493165089
LKA,Sri Lanka,current_account_pct_gdp,2015,-2.21267766608825
LKA,Sri Lanka,current_account_pct_gdp,2014,-2.40840557196081
LKA,Sri Lanka,current_account_pct_gdp,2013,-3.30046822137757
LKA,Sri Lanka,current_account_pct_gdp,2012,-5.69099820826854
LKA,Sri Lanka,current_account_pct_gdp,2011,-6.81209765681019
LKA,Sri Lanka,current_account_pct_gdp,2010,-1.83339431574737
LKA,Sri Lanka,reserves_months_imports,2024,2.86493580597895
LKA,Sri Lanka,reserves_months_imports,2023,2.38312008892393
LKA,Sri Lanka,reserves_months_imports,2022,1.06429793828172
LKA,Sri Lanka,reserves_months_imports,2021,1.59499450325141
LKA,Sri Lanka,reserves_months_imports,2020,3.28744685628801
LKA,Sri Lanka,reserves_months_imports,2019,3.36492073802705
LKA,Sri Lanka,reserves_months_imports,2018,2.81773247932961
LKA,Sri Lanka,reserves_months_imports,2017,3.42413053355997
LKA,Sri Lanka,reserves_months_imports,2016,2.79773151721733
LKA,Sri Lanka,reserves_months_imports,2015,3.48457714580902
LKA,Sri Lanka,reserves_months_imports,2014,3.92468380375978
LKA,Sri Lanka,reserves_months_imports,2013,3.84760389405601
LKA,Sri Lanka,reserves_months_imports,2012,3.68897815263594
LKA,Sri Lanka,reserves_months_imports,2011,3.46079601554795
LKA,Sri Lanka,reserves_months_imports,2010,5.34354431776972
LKA,Sri Lanka,gdp_growth,2025,4.9534339114043
LKA,Sri Lanka,gdp_growth,2024,4.99241614398109
LKA,Sri Lanka,gdp_growth,2023,-2.0289296690344
LKA,Sri Lanka,gdp_growth,2022,-7.34919311146656
LKA,Sri Lanka,gdp_growth,2021,4.2074764950026
LKA,Sri Lanka,gdp_growth,2020,-4.62451503712715
LKA,Sri Lanka,gdp_growth,2019,-0.220483886824823
LKA,Sri Lanka,gdp_growth,2018,2.31008425504933
LKA,Sri Lanka,gdp_growth,2017,6.46068127080994
LKA,Sri Lanka,gdp_growth,2016,5.05362488993089
LKA,Sri Lanka,gdp_growth,2015,4.20595547501601
LKA,Sri Lanka,gdp_growth,2014,6.37797889684965
LKA,Sri Lanka,gdp_growth,2013,4.0517463303875
LKA,Sri Lanka,gdp_growth,2012,8.6321813769906
LKA,Sri Lanka,gdp_growth,2011,8.66948301160571
LKA,Sri Lanka,gdp_growth,2010,8.01596737040464
LKA,Sri Lanka,inflation,2025,-4.76386036960983
LKA,Sri Lanka,inflation,2024,-0.42936004906973
LKA,Sri Lanka,inflation,2023,16.5411742279832
LKA,Sri Lanka,inflation,2022,49.7211021114327
LKA,Sri Lanka,inflation,2021,7.01478071238195
LKA,Sri Lanka,inflation,2020,6.15394508391738
LKA,Sri Lanka,inflation,2019,3.52839358231811
LKA,Sri Lanka,inflation,2018,2.135037737132
LKA,Sri Lanka,inflation,2017,7.70413767850602
LKA,Sri Lanka,inflation,2016,3.9588884659307
LKA,Sri Lanka,inflation,2015,3.76836783062096
LKA,Sri Lanka,inflation,2014,3.1790022823606
LKA,Sri Lanka,inflation,2013,6.90845034828452
LKA,Sri Lanka,inflation,2012,7.54291373239437
LKA,Sri Lanka,inflation,2011,6.7167684358854
LKA,Sri Lanka,inflation,2010,6.2176488930462
LKA,Sri Lanka,political_stability,2024,-0.350302399999999
LKA,Sri Lanka,political_stability,2023,-0.670013
LKA,Sri Lanka,political_stability,2022,-0.7621199
LKA,Sri Lanka,political_stability,2021,-0.510938
LKA,Sri Lanka,political_stability,2020,-0.1154138
LKA,Sri Lanka,political_stability,2019,-0.173798099999999
LKA,Sri Lanka,political_stability,2018,-0.2597255
LKA,Sri Lanka,political_stability,2017,-0.179121299999999
LKA,Sri Lanka,political_stability,2016,-0.1436337
LKA,Sri Lanka,political_stability,2015,-0.0885947
LKA,Sri Lanka,political_stability,2014,-0.553597999999999
LKA,Sri Lanka,political_stability,2013,-0.8585581
LKA,Sri Lanka,political_stability,2012,-0.9606693
LKA,Sri Lanka,political_stability,2011,-0.7674257
LKA,Sri Lanka,political_stability,2010,-0.779023999999999
LKA,Sri Lanka,government_effectiveness,2024,-0.2745215
LKA,Sri Lanka,government_effectiveness,2023,-0.2845545
LKA,Sri Lanka,government_effectiveness,2022,-0.503783099999999
LKA,Sri Lanka,government_effectiveness,2021,-0.2353399
LKA,Sri Lanka,government_effectiveness,2020,-0.1134357
LKA,Sri Lanka,government_effectiveness,2019,-0.0713311
LKA,Sri Lanka,government_effectiveness,2018,-0.0975670999999999
LKA,Sri Lanka,government_effectiveness,2017,-0.0698946
LKA,Sri Lanka,government_effectiveness,2016,-0.0370534999999999
LKA,Sri Lanka,government_effectiveness,2015,0.0898368
LKA,Sri Lanka,government_effectiveness,2014,0.1397088
LKA,Sri Lanka,government_effectiveness,2013,-0.1437062
LKA,Sri Lanka,government_effectiveness,2012,-0.1739743
LKA,Sri Lanka,government_effectiveness,2011,-0.1636119
LKA,Sri Lanka,government_effectiveness,2010,-0.185523
LKA,Sri Lanka,rule_of_law,2024,-0.2577461
LKA,Sri Lanka,rule_of_law,2023,-0.31553
LKA,Sri Lanka,rule_of_law,2022,-0.3299184
LKA,Sri Lanka,rule_of_law,2021,-0.2315397
LKA,Sri Lanka,rule_of_law,2020,-0.1909487
LKA,Sri Lanka,rule_of_law,2019,-0.0781005999999999
LKA,Sri Lanka,rule_of_law,2018,-0.0575940999999999
LKA,Sri Lanka,rule_of_law,2017,-0.111659899999999
LKA,Sri Lanka,rule_of_law,2016,-0.1066651
LKA,Sri Lanka,rule_of_law,2015,-0.110513199999999
LKA,Sri Lanka,rule_of_law,2014,-0.3605151
LKA,Sri Lanka,rule_of_law,2013,-0.3561281
LKA,Sri Lanka,rule_of_law,2012,-0.1436392
LKA,Sri Lanka,rule_of_law,2011,-0.2864777
LKA,Sri Lanka,rule_of_law,2010,-0.2305758
LKA,Sri Lanka,regulatory_quality,2024,-0.299213499999999
LKA,Sri Lanka,regulatory_quality,2023,-0.3799918
LKA,Sri Lanka,regulatory_quality,2022,-0.456906
LKA,Sri Lanka,regulatory_quality,2021,-0.1629445
LKA,Sri Lanka,regulatory_quality,2020,-0.1122765
LKA,Sri Lanka,regulatory_quality,2019,-0.186002
LKA,Sri Lanka,regulatory_quality,2018,-0.1897983
LKA,Sri Lanka,regulatory_quality,2017,-0.1170039
LKA,Sri Lanka,regulatory_quality,2016,-0.0445476
LKA,Sri Lanka,regulatory_quality,2015,0.0306457
LKA,Sri Lanka,regulatory_quality,2014,-0.0063463
LKA,Sri Lanka,regulatory_quality,2013,-0.0763977
LKA,Sri Lanka,regulatory_quality,2012,0.00718909999999999
LKA,Sri Lanka,regulatory_quality,2011,0.0210493
LKA,Sri Lanka,regulatory_quality,2010,-0.0753803
LKA,Sri Lanka,control_of_corruption,2024,-0.384770899999999
LKA,Sri Lanka,control_of_corruption,2023,-0.3868314
LKA,Sri Lanka,control_of_corruption,2022,-0.3533578
LKA,Sri Lanka,control_of_corruption,2021,-0.3367364
LKA,Sri Lanka,control_of_corruption,2020,-0.2760375
LKA,Sri Lanka,control_of_corruption,2019,-0.1639347
LKA,Sri Lanka,control_of_corruption,2018,-0.2047049
LKA,Sri Lanka,control_of_corruption,2017,-0.307832799999999
LKA,Sri Lanka,control_of_corruption,2016,-0.2510246
LKA,Sri Lanka,control_of_corruption,2015,-0.3413605
LKA,Sri Lanka,control_of_corruption,2014,-0.4501459
LKA,Sri Lanka,control_of_corruption,2013,-0.3103438
LKA,Sri Lanka,control_of_corruption,2012,-0.3066483
LKA,Sri Lanka,control_of_corruption,2011,-0.2480769
LKA,Sri Lanka,control_of_corruption,2010,-0.2614436
LKA,Sri Lanka,fdi_net_inflows_pct_gdp,2024,0.764077754153862
LKA,Sri Lanka,fdi_net_inflows_pct_gdp,2023,0.848017076796717
LKA,Sri Lanka,fdi_net_inflows_pct_gdp,2022,1.19249322162632
LKA,Sri Lanka,fdi_net_inflows_pct_gdp,2021,0.668825708548416
LKA,Sri Lanka,fdi_net_inflows_pct_gdp,2020,0.514700553944402
LKA,Sri Lanka,fdi_net_inflows_pct_gdp,2019,0.835367460265196
LKA,Sri Lanka,fdi_net_inflows_pct_gdp,2018,1.70888696252064
LKA,Sri Lanka,fdi_net_inflows_pct_gdp,2017,1.45462805110061
LKA,Sri Lanka,fdi_net_inflows_pct_gdp,2016,1.01937184801285
LKA,Sri Lanka,fdi_net_inflows_pct_gdp,2015,0.798746316666859
LKA,Sri Lanka,fdi_net_inflows_pct_gdp,2014,1.08277813405104
LKA,Sri Lanka,fdi_net_inflows_pct_gdp,2013,1.21148000059153
LKA,Sri Lanka,fdi_net_inflows_pct_gdp,2012,1.33591734742632
LKA,Sri Lanka,fdi_net_inflows_pct_gdp,2011,1.41088360151362
LKA,Sri Lanka,fdi_net_inflows_pct_gdp,2010,0.814446067583227
LKA,Sri Lanka,exports_pct_gdp,2025,18.9673796128721
LKA,Sri Lanka,exports_pct_gdp,2024,19.7559774138192
LKA,Sri Lanka,exports_pct_gdp,2023,20.5995283672112
LKA,Sri Lanka,exports_pct_gdp,2022,21.5595624612904
LKA,Sri Lanka,exports_pct_gdp,2021,16.9214215897796
LKA,Sri Lanka,exports_pct_gdp,2020,15.4576399170356
LKA,Sri Lanka,exports_pct_gdp,2019,21.8235309246323
LKA,Sri Lanka,exports_pct_gdp,2018,21.4462486145463
LKA,Sri Lanka,exports_pct_gdp,2017,20.2242000359935
LKA,Sri Lanka,exports_pct_gdp,2016,19.824036042668
LKA,Sri Lanka,exports_pct_gdp,2015,19.893383820467
LKA,Sri Lanka,imports_pct_gdp,2025,22.8416230396327
LKA,Sri Lanka,imports_pct_gdp,2024,22.3636324192921
LKA,Sri Lanka,imports_pct_gdp,2023,22.7481397523022
LKA,Sri Lanka,imports_pct_gdp,2022,25.1230455566456
LKA,Sri Lanka,imports_pct_gdp,2021,24.3074247397182
LKA,Sri Lanka,imports_pct_gdp,2020,21.6314789397836
LKA,Sri Lanka,imports_pct_gdp,2019,27.6019929606444
LKA,Sri Lanka,imports_pct_gdp,2018,28.3631481374973
LKA,Sri Lanka,imports_pct_gdp,2017,26.9162097641559
LKA,Sri Lanka,imports_pct_gdp,2016,26.6475009824081
LKA,Sri Lanka,imports_pct_gdp,2015,27.0245869884029
LKA,Sri Lanka,official_exchange_rate_lcu_usd,2023,327.506533333333
LKA,Sri Lanka,official_exchange_rate_lcu_usd,2022,322.632674256475
LKA,Sri Lanka,official_exchange_rate_lcu_usd,2021,198.764316844656
LKA,Sri Lanka,official_exchange_rate_lcu_usd,2020,185.592557772213
LKA,Sri Lanka,official_exchange_rate_lcu_usd,2019,178.744925045848
LKA,Sri Lanka,official_exchange_rate_lcu_usd,2018,162.464858736778
LKA,Sri Lanka,official_exchange_rate_lcu_usd,2017,152.446413948767
LKA,Sri Lanka,official_exchange_rate_lcu_usd,2016,145.581667492026
LKA,Sri Lanka,official_exchange_rate_lcu_usd,2015,135.856912797089
LKA,Sri Lanka,official_exchange_rate_lcu_usd,2014,130.564685218829
LKA,Sri Lanka,official_exchange_rate_lcu_usd,2013,129.069030932888
LKA,Sri Lanka,official_exchange_rate_lcu_usd,2012,127.60335350681
LKA,Sri Lanka,official_exchange_rate_lcu_usd,2011,110.565207851396
LKA,Sri Lanka,official_exchange_rate_lcu_usd,2010,113.064480448821
LKA,Sri Lanka,gdp_current_usd,2025,108825231671.196
LKA,Sri Lanka,gdp_current_usd,2024,99616111265.7633
LKA,Sri Lanka,gdp_current_usd,2023,84080307355.5983
LKA,Sri Lanka,gdp_current_usd,2022,74143020303.663
LKA,Sri Lanka,gdp_current_usd,2021,88556699052.2008
LKA,Sri Lanka,gdp_current_usd,2020,84335574372.2997
LKA,Sri Lanka,gdp_current_usd,2019,88998706177.9986
LKA,Sri Lanka,gdp_current_usd,2018,94450015982.806
LKA,Sri Lanka,gdp_current_usd,2017,94369350439.4732
LKA,Sri Lanka,gdp_current_usd,2016,88000210878.1236
LKA,Sri Lanka,gdp_current_usd,2015,85090300895.6546
LKA,Sri Lanka,gdp_current_usd,2014,82531125461.843
LKA,Sri Lanka,gdp_current_usd,2013,76976204074.978
LKA,Sri Lanka,gdp_current_usd,2012,70447216891.3366
LKA,Sri Lanka,gdp_current_usd,2011,67753285882.299
LKA,Sri Lanka,gdp_current_usd,2010,58636049581.1712
LKA,Sri Lanka,gdp_per_capita_usd,2025,5002.07904353724
LKA,Sri Lanka,gdp_per_capita_usd,2024,4545.36006870612
LKA,Sri Lanka,gdp_per_capita_usd,2023,3815.41531767474
LKA,Sri Lanka,gdp_per_capita_usd,2022,3342.63650438046
LKA,Sri Lanka,gdp_per_capita_usd,2021,3996.96240531688
LKA,Sri Lanka,gdp_per_capita_usd,2020,3847.60136741182
LKA,Sri Lanka,gdp_per_capita_usd,2019,4081.94772178134
LKA,Sri Lanka,gdp_per_capita_usd,2018,4358.56095905888
LKA,Sri Lanka,gdp_per_capita_usd,2017,4398.88828786059
LKA,Sri Lanka,gdp_per_capita_usd,2016,4149.19189391879
LKA,Sri Lanka,gdp_per_capita_usd,2015,4057.71582716521
LKA,Sri Lanka,gdp_per_capita_usd,2014,3972.04377042271
LKA,Sri Lanka,gdp_per_capita_usd,2013,3739.43182292825
LKA,Sri Lanka,gdp_per_capita_usd,2012,3327.77612404326
LKA,Sri Lanka,gdp_per_capita_usd,2011,3224.95745082305
LKA,Sri Lanka,gdp_per_capita_usd,2010,2808.36245207687
LKA,Sri Lanka,total_reserves_usd,2024,6093946546.37437
LKA,Sri Lanka,total_reserves_usd,2023,4405117005.00662
LKA,Sri Lanka,total_reserves_usd,2022,1896231717.15846
LKA,Sri Lanka,total_reserves_usd,2021,3136991506.34787
LKA,Sri Lanka,total_reserves_usd,2020,5663994385.32784
LKA,Sri Lanka,total_reserves_usd,2019,7648305273.42442
LKA,Sri Lanka,total_reserves_usd,2018,6920825566.09992
LKA,Sri Lanka,total_reserves_usd,2017,7959047614.93675
LKA,Sri Lanka,total_reserves_usd,2016,6008199165.17799
LKA,Sri Lanka,total_reserves_usd,2015,7302096590.22385
LKA,Sri Lanka,total_reserves_usd,2014,8210750127.74159
LKA,Sri Lanka,total_reserves_usd,2013,7500000871.53903
LKA,Sri Lanka,total_reserves_usd,2012,7106460348.66884
LKA,Sri Lanka,total_reserves_usd,2011,6739196545.08981
LKA,Sri Lanka,total_reserves_usd,2010,7195358507.00001
LKA,Sri Lanka,unemployment_rate,2025,4.005
LKA,Sri Lanka,unemployment_rate,2024,4.239
LKA,Sri Lanka,unemployment_rate,2023,4.528
LKA,Sri Lanka,unemployment_rate,2022,4.528
LKA,Sri Lanka,unemployment_rate,2021,4.981
LKA,Sri Lanka,unemployment_rate,2020,5.364
LKA,Sri Lanka,unemployment_rate,2019,4.67
LKA,Sri Lanka,unemployment_rate,2018,4.318
LKA,Sri Lanka,unemployment_rate,2017,4.046
LKA,Sri Lanka,unemployment_rate,2016,4.242
LKA,Sri Lanka,unemployment_rate,2015,4.519
LKA,Sri Lanka,unemployment_rate,2014,4.157
LKA,Sri Lanka,unemployment_rate,2013,4.186
LKA,Sri Lanka,unemployment_rate,2012,3.88
LKA,Sri Lanka,unemployment_rate,2011,4.118
LKA,Sri Lanka,unemployment_rate,2010,4.784
LKA,Sri Lanka,youth_unemployment_rate,2025,18.578
LKA,Sri Lanka,youth_unemployment_rate,2024,19.062
LKA,Sri Lanka,youth_unemployment_rate,2023,20.342
LKA,Sri Lanka,youth_unemployment_rate,2022,21.732
LKA,Sri Lanka,youth_unemployment_rate,2021,25.371
LKA,Sri Lanka,youth_unemployment_rate,2020,25.449
LKA,Sri Lanka,youth_unemployment_rate,2019,20.425
LKA,Sri Lanka,youth_unemployment_rate,2018,20.496
LKA,Sri Lanka,youth_unemployment_rate,2017,17.391
LKA,Sri Lanka,youth_unemployment_rate,2016,20.07
LKA,Sri Lanka,youth_unemployment_rate,2015,19.231
LKA,Sri Lanka,youth_unemployment_rate,2014,18.781
LKA,Sri Lanka,youth_unemployment_rate,2013,17.939
LKA,Sri Lanka,youth_unemployment_rate,2012,16.795
LKA,Sri Lanka,youth_unemployment_rate,2011,16.758
LKA,Sri Lanka,youth_unemployment_rate,2010,18.684
LKA,Sri Lanka,gini_index,2019,37.7
LKA,Sri Lanka,gini_index,2016,39.3
LKA,Sri Lanka,gini_index,2012,38.7
TUR,Turkey,debt_to_gdp,2024,26.6192344930079
TUR,Turkey,debt_to_gdp,2023,33.2548360254558
TUR,Turkey,debt_to_gdp,2022,35.3300843740665
TUR,Turkey,debt_to_gdp,2021,41.6375124693568
TUR,Turkey,debt_to_gdp,2020,41.0396523893444
TUR,Turkey,debt_to_gdp,2019,33.4600744570718
TUR,Turkey,debt_to_gdp,2018,29.3999927208091
TUR,Turkey,debt_to_gdp,2017,29.5734179673603
TUR,Turkey,debt_to_gdp,2016,30.075201418508
TUR,Turkey,debt_to_gdp,2015,29.145145266046
TUR,Turkey,debt_to_gdp,2014,31.1206735016751
TUR,Turkey,debt_to_gdp,2013,31.7836465280795
TUR,Turkey,debt_to_gdp,2012,37.6997174684634
TUR,Turkey,debt_to_gdp,2011,39.9693425323809
TUR,Turkey,debt_to_gdp,2010,45.1797411840038
TUR,Turkey,current_account_pct_gdp,2024,-0.766008235540632
TUR,Turkey,current_account_pct_gdp,2023,-3.63367003503212
TUR,Turkey,current_account_pct_gdp,2022,-4.99763806227356
TUR,Turkey,current_account_pct_gdp,2021,-0.74064931592423
TUR,Turkey,current_account_pct_gdp,2020,-4.22284721473811
TUR,Turkey,current_account_pct_gdp,2019,1.9351600379275
TUR,Turkey,current_account_pct_gdp,2018,-1.85233343060557
TUR,Turkey,current_account_pct_gdp,2017,-4.06783613710293
TUR,Turkey,current_account_pct_gdp,2016,-2.54530792537505
TUR,Turkey,current_account_pct_gdp,2015,-2.46735825450658
TUR,Turkey,current_account_pct_gdp,2014,-3.40746259930754
TUR,Turkey,current_account_pct_gdp,2013,-5.12686124176872
TUR,Turkey,current_account_pct_gdp,2012,-4.72096418758118
TUR,Turkey,current_account_pct_gdp,2011,-8.81351105932507
TUR,Turkey,current_account_pct_gdp,2010,-5.70254261669491
TUR,Turkey,reserves_months_imports,2024,4.72961263910876
TUR,Turkey,reserves_months_imports,2023,4.15773246137926
TUR,Turkey,reserves_months_imports,2022,3.88032643940638
TUR,Turkey,reserves_months_imports,2021,4.45898866581647
TUR,Turkey,reserves_months_imports,2020,4.62292551551256
TUR,Turkey,reserves_months_imports,2019,5.18429649280588
TUR,Turkey,reserves_months_imports,2018,4.21759333209898
TUR,Turkey,reserves_months_imports,2017,4.7879486495226
TUR,Turkey,reserves_months_imports,2016,5.43169973687983
TUR,Turkey,reserves_months_imports,2015,5.46401299517088
TUR,Turkey,reserves_months_imports,2014,5.46656223125612
TUR,Turkey,reserves_months_imports,2013,5.46467548164703
TUR,Turkey,reserves_months_imports,2012,5.52884305144567
TUR,Turkey,reserves_months_imports,2011,4.01504832644044
TUR,Turkey,reserves_months_imports,2010,4.98149669912827
TUR,Turkey,gdp_growth,2025,3.60462514082589
TUR,Turkey,gdp_growth,2024,3.3276230893799
TUR,Turkey,gdp_growth,2023,5.04512369812289
TUR,Turkey,gdp_growth,2022,5.44122511322401
TUR,Turkey,gdp_growth,2021,11.811094450607
TUR,Turkey,gdp_growth,2020,1.80306247087255
TUR,Turkey,gdp_growth,2019,1.30162365464503
TUR,Turkey,gdp_growth,2018,3.46815306092219
TUR,Turkey,gdp_growth,2017,7.82585730002594
TUR,Turkey,gdp_growth,2016,3.32366508200445
TUR,Turkey,gdp_growth,2015,5.80557386628684
TUR,Turkey,gdp_growth,2014,4.60079447270559
TUR,Turkey,gdp_growth,2013,8.48825689298511
TUR,Turkey,gdp_growth,2012,4.80762696633448
TUR,Turkey,gdp_growth,2011,10.9799625273598
TUR,Turkey,gdp_growth,2010,8.54219848467686
TUR,Turkey,inflation,2025,34.8811629820306
TUR,Turkey,inflation,2024,58.5064507300342
TUR,Turkey,inflation,2023,53.8594087593315
TUR,Turkey,inflation,2022,72.3088359891207
TUR,Turkey,inflation,2021,19.5964926913324
TUR,Turkey,inflation,2020,12.2789574462574
TUR,Turkey,inflation,2019,15.1768215720022
TUR,Turkey,inflation,2018,16.3324638988929
TUR,Turkey,inflation,2017,11.1443110840764
TUR,Turkey,inflation,2016,7.7751341532833
TUR,Turkey,inflation,2015,7.67085364845885
TUR,Turkey,inflation,2014,8.85457271364316
TUR,Turkey,inflation,2013,7.49309030547693
TUR,Turkey,inflation,2012,8.89156996512163
TUR,Turkey,inflation,2011,6.471879671151
TUR,Turkey,inflation,2010,8.56644420552976
TUR,Turkey,political_stability,2024,-0.970710499999999
TUR,Turkey,political_stability,2023,-0.884477
TUR,Turkey,political_stability,2022,-0.935033599999999
TUR,Turkey,political_stability,2021,-0.9721057
TUR,Turkey,political_stability,2020,-1.0396051
TUR,Turkey,political_stability,2019,-1.1924541
TUR,Turkey,political_stability,2018,-1.1241116
TUR,Turkey,political_stability,2017,-1.70623179999999
TUR,Turkey,political_stability,2016,-1.7801696
TUR,Turkey,political_stability,2015,-1.10934889999999
TUR,Turkey,political_stability,2014,-0.7998074
TUR,Turkey,political_stability,2013,-1.0321782
TUR,Turkey,political_stability,2012,-0.9196869
TUR,Turkey,political_stability,2011,-0.6966163
TUR,Turkey,political_stability,2010,-0.5486911
TUR,Turkey,government_effectiveness,2024,-0.0707153
TUR,Turkey,government_effectiveness,2023,-0.114084999999999
TUR,Turkey,government_effectiveness,2022,-0.0247938999999999
TUR,Turkey,government_effectiveness,2021,0.0250833
TUR,Turkey,government_effectiveness,2020,0.070917
TUR,Turkey,government_effectiveness,2019,0.2099076
TUR,Turkey,government_effectiveness,2018,0.0477841
TUR,Turkey,government_effectiveness,2017,0.2874577
TUR,Turkey,government_effectiveness,2016,0.2092276
TUR,Turkey,government_effectiveness,2015,0.3331512
TUR,Turkey,government_effectiveness,2014,0.4793163
TUR,Turkey,government_effectiveness,2013,0.3007252
TUR,Turkey,government_effectiveness,2012,0.3847742
TUR,Turkey,government_effectiveness,2011,0.3221463
TUR,Turkey,government_effectiveness,2010,0.2639953
TUR,Turkey,rule_of_law,2024,-0.8434149
TUR,Turkey,rule_of_law,2023,-0.799233499999999
TUR,Turkey,rule_of_law,2022,-0.7798318
TUR,Turkey,rule_of_law,2021,-0.775344399999999
TUR,Turkey,rule_of_law,2020,-0.709944799999999
TUR,Turkey,rule_of_law,2019,-0.5970473
TUR,Turkey,rule_of_law,2018,-0.7089454
TUR,Turkey,rule_of_law,2017,-0.615377
TUR,Turkey,rule_of_law,2016,-0.5458731
TUR,Turkey,rule_of_law,2015,-0.4773732
TUR,Turkey,rule_of_law,2014,-0.3611001
TUR,Turkey,rule_of_law,2013,-0.1149216
TUR,Turkey,rule_of_law,2012,-0.1061886
TUR,Turkey,rule_of_law,2011,-0.0879284999999999
TUR,Turkey,rule_of_law,2010,0.0494591
TUR,Turkey,regulatory_quality,2024,-0.2112376
TUR,Turkey,regulatory_quality,2023,-0.2108777
TUR,Turkey,regulatory_quality,2022,-0.229146699999999
TUR,Turkey,regulatory_quality,2021,-0.123133799999999
TUR,Turkey,regulatory_quality,2020,-0.1651388
TUR,Turkey,regulatory_quality,2019,-0.0157501
TUR,Turkey,regulatory_quality,2018,0.0517731
TUR,Turkey,regulatory_quality,2017,0.1437151
TUR,Turkey,regulatory_quality,2016,0.1543103
TUR,Turkey,regulatory_quality,2015,0.2171826
TUR,Turkey,regulatory_quality,2014,0.368902
TUR,Turkey,regulatory_quality,2013,0.4789095
TUR,Turkey,regulatory_quality,2012,0.4714134
TUR,Turkey,regulatory_quality,2011,0.3816131
TUR,Turkey,regulatory_quality,2010,0.3744715
TUR,Turkey,control_of_corruption,2024,-0.5632153
TUR,Turkey,control_of_corruption,2023,-0.4374572
TUR,Turkey,control_of_corruption,2022,-0.4324578
TUR,Turkey,control_of_corruption,2021,-0.3992138
TUR,Turkey,control_of_corruption,2020,-0.3242268
TUR,Turkey,control_of_corruption,2019,-0.1801871
TUR,Turkey,control_of_corruption,2018,-0.2317166
TUR,Turkey,control_of_corruption,2017,-0.0665516
TUR,Turkey,control_of_corruption,2016,-0.0845918
TUR,Turkey,control_of_corruption,2015,-0.1063785
TUR,Turkey,control_of_corruption,2014,-0.1089047
TUR,Turkey,control_of_corruption,2013,0.1399698
TUR,Turkey,control_of_corruption,2012,0.1585192
TUR,Turkey,control_of_corruption,2011,0.0464784
TUR,Turkey,control_of_corruption,2010,0.0487911
TUR,Turkey,fdi_net_inflows_pct_gdp,2024,0.860701598247461
TUR,Turkey,fdi_net_inflows_pct_gdp,2023,0.933806495534912
TUR,Turkey,fdi_net_inflows_pct_gdp,2022,1.48839623728753
TUR,Turkey,fdi_net_inflows_pct_gdp,2021,1.50891969619413
TUR,Turkey,fdi_net_inflows_pct_gdp,2020,1.02531493703228
TUR,Turkey,fdi_net_inflows_pct_gdp,2019,1.22536076199392
TUR,Turkey,fdi_net_inflows_pct_gdp,2018,1.57923380202967
TUR,Turkey,fdi_net_inflows_pct_gdp,2017,1.29532700760314
TUR,Turkey,fdi_net_inflows_pct_gdp,2016,1.58873607703875
TUR,Turkey,fdi_net_inflows_pct_gdp,2015,2.225752648523
TUR,Turkey,fdi_net_inflows_pct_gdp,2014,1.41530142282668
TUR,Turkey,fdi_net_inflows_pct_gdp,2013,1.40962960980578
TUR,Turkey,fdi_net_inflows_pct_gdp,2012,1.55241965245755
TUR,Turkey,fdi_net_inflows_pct_gdp,2011,1.91686136260632
TUR,Turkey,fdi_net_inflows_pct_gdp,2010,1.16274364749147
TUR,Turkey,exports_pct_gdp,2025,24.8497719904256
TUR,Turkey,exports_pct_gdp,2024,27.5682232095509
TUR,Turkey,exports_pct_gdp,2023,31.9135926809724
TUR,Turkey,exports_pct_gdp,2022,38.1412107474416
TUR,Turkey,exports_pct_gdp,2021,35.0536332850518
TUR,Turkey,exports_pct_gdp,2020,28.7400043468285
TUR,Turkey,exports_pct_gdp,2019,33.0298811646869
TUR,Turkey,exports_pct_gdp,2018,31.7278536539697
TUR,Turkey,exports_pct_gdp,2017,26.5394989930636
TUR,Turkey,exports_pct_gdp,2016,23.6322024334399
TUR,Turkey,exports_pct_gdp,2015,25.280784580735
TUR,Turkey,exports_pct_gdp,2014,25.8173246854016
TUR,Turkey,exports_pct_gdp,2013,24.403259811358
TUR,Turkey,exports_pct_gdp,2012,24.9658181147838
TUR,Turkey,exports_pct_gdp,2011,23.4903574412774
TUR,Turkey,exports_pct_gdp,2010,21.5899457839207
TUR,Turkey,imports_pct_gdp,2025,25.0849063722672
TUR,Turkey,imports_pct_gdp,2024,27.0305829100406
TUR,Turkey,imports_pct_gdp,2023,33.7696157928943
TUR,Turkey,imports_pct_gdp,2022,41.7570614839925
TUR,Turkey,imports_pct_gdp,2021,34.5552643235919
TUR,Turkey,imports_pct_gdp,2020,31.6498487704686
TUR,Turkey,imports_pct_gdp,2019,29.548577767937
TUR,Turkey,imports_pct_gdp,2018,31.0972787311468
TUR,Turkey,imports_pct_gdp,2017,29.5961595228053
TUR,Turkey,imports_pct_gdp,2016,25.2379813745471
TUR,Turkey,imports_pct_gdp,2015,26.5941406789482
TUR,Turkey,imports_pct_gdp,2014,28.4894493558784
TUR,Turkey,imports_pct_gdp,2013,28.6650931929463
TUR,Turkey,imports_pct_gdp,2012,28.3619431820769
TUR,Turkey,imports_pct_gdp,2011,30.1612264563406
TUR,Turkey,imports_pct_gdp,2010,25.3533908870685
TUR,Turkey,official_exchange_rate_lcu_usd,2025,39.4548130977983
TUR,Turkey,official_exchange_rate_lcu_usd,2024,32.8058614432703
TUR,Turkey,official_exchange_rate_lcu_usd,2023,23.7385661219918
TUR,Turkey,official_exchange_rate_lcu_usd,2022,16.5488604173067
TUR,Turkey,official_exchange_rate_lcu_usd,2021,8.85040754928315
TUR,Turkey,official_exchange_rate_lcu_usd,2020,7.00860541558522
TUR,Turkey,official_exchange_rate_lcu_usd,2019,5.67381930843574
TUR,Turkey,official_exchange_rate_lcu_usd,2018,4.82837014720942
TUR,Turkey,official_exchange_rate_lcu_usd,2017,3.64813263536867
TUR,Turkey,official_exchange_rate_lcu_usd,2016,3.02013474808043
TUR,Turkey,official_exchange_rate_lcu_usd,2015,2.72000852790578
TUR,Turkey,official_exchange_rate_lcu_usd,2014,2.18854241775473
TUR,Turkey,official_exchange_rate_lcu_usd,2013,1.90376824244752
TUR,Turkey,official_exchange_rate_lcu_usd,2012,1.79600094441355
TUR,Turkey,official_exchange_rate_lcu_usd,2011,1.67495455197133
TUR,Turkey,official_exchange_rate_lcu_usd,2010,1.5028486296723
TUR,Turkey,gdp_current_usd,2025,1597293229287.0
TUR,Turkey,gdp_current_usd,2024,1359123768774.12
TUR,Turkey,gdp_current_usd,2023,1141242864657.45
TUR,Turkey,gdp_current_usd,2022,926097476913.818
TUR,Turkey,gdp_current_usd,2021,839938668172.134
TUR,Turkey,gdp_current_usd,2020,733628247119.077
TUR,Turkey,gdp_current_usd,2019,775853144222.613
TUR,Turkey,gdp_current_usd,2018,788356985773.667
TUR,Turkey,gdp_current_usd,2017,863874522365.276
TUR,Turkey,gdp_current_usd,2016,870818016909.84
TUR,Turkey,gdp_current_usd,2015,865460050683.656
TUR,Turkey,gdp_current_usd,2014,942343431928.654
TUR,Turkey,gdp_current_usd,2013,962167643588.925
TUR,Turkey,gdp_current_usd,2012,885327622479.052
TUR,Turkey,gdp_current_usd,2011,844192507380.795
TUR,Turkey,gdp_current_usd,2010,782545664268.333
TUR,Turkey,gdp_per_capita_usd,2025,18599.4420922378
TUR,Turkey,gdp_per_capita_usd,2024,15892.7157287241
TUR,Turkey,gdp_per_capita_usd,2023,13375.0947282864
TUR,Turkey,gdp_per_capita_usd,2022,10897.8397861365
TUR,Turkey,gdp_per_capita_usd,2021,9981.76398411336
TUR,Turkey,gdp_per_capita_usd,2020,8798.11791709313
TUR,Turkey,gdp_per_capita_usd,2019,9395.23378001368
TUR,Turkey,gdp_per_capita_usd,2018,9684.11819884721
TUR,Turkey,gdp_per_capita_usd,2017,10756.3877677883
TUR,Turkey,gdp_per_capita_usd,2016,10984.3643169061
TUR,Turkey,gdp_per_capita_usd,2015,11064.6494504662
TUR,Turkey,gdp_per_capita_usd,2014,12209.3862327674
TUR,Turkey,gdp_per_capita_usd,2013,12635.5570016068
TUR,Turkey,gdp_per_capita_usd,2012,11776.7593362033
TUR,Turkey,gdp_per_capita_usd,2011,11373.6355760885
TUR,Turkey,gdp_per_capita_usd,2010,10698.9699409757
TUR,Turkey,total_reserves_usd,2025,185567690700.458
TUR,Turkey,total_reserves_usd,2024,155548682878.169
TUR,Turkey,total_reserves_usd,2023,140868480001.696
TUR,Turkey,total_reserves_usd,2022,128735003395.893
TUR,Turkey,total_reserves_usd,2021,111184882382.134
TUR,Turkey,total_reserves_usd,2020,93584577917.0715
TUR,Turkey,total_reserves_usd,2019,105619672447.934
TUR,Turkey,total_reserves_usd,2018,92997230040.5605
TUR,Turkey,total_reserves_usd,2017,107657025384.516
TUR,Turkey,total_reserves_usd,2016,104810530764.478
TUR,Turkey,total_reserves_usd,2015,110489628113.015
TUR,Turkey,total_reserves_usd,2014,127421921235.759
TUR,Turkey,total_reserves_usd,2013,131053847400.859
TUR,Turkey,total_reserves_usd,2012,119182965975.41
TUR,Turkey,total_reserves_usd,2011,87937253858.338
TUR,Turkey,total_reserves_usd,2010,85959461665.9826
TUR,Turkey,unemployment_rate,2025,8.52
TUR,Turkey,unemployment_rate,2024,8.8
TUR,Turkey,unemployment_rate,2023,9.388
TUR,Turkey,unemployment_rate,2022,10.465
TUR,Turkey,unemployment_rate,2021,11.969
TUR,Turkey,unemployment_rate,2020,13.148
TUR,Turkey,unemployment_rate,2019,13.73
TUR,Turkey,unemployment_rate,2018,10.956
TUR,Turkey,unemployment_rate,2017,10.919
TUR,Turkey,unemployment_rate,2016,10.899
TUR,Turkey,unemployment_rate,2015,10.304
TUR,Turkey,unemployment_rate,2014,9.901
TUR,Turkey,unemployment_rate,2013,9.713
TUR,Turkey,unemployment_rate,2012,9.21
TUR,Turkey,unemployment_rate,2011,9.789
TUR,Turkey,unemployment_rate,2010,11.879
TUR,Turkey,youth_unemployment_rate,2025,16.042
TUR,Turkey,youth_unemployment_rate,2024,16.287
TUR,Turkey,youth_unemployment_rate,2023,17.306
TUR,Turkey,youth_unemployment_rate,2022,19.289
TUR,Turkey,youth_unemployment_rate,2021,22.36
TUR,Turkey,youth_unemployment_rate,2020,24.919
TUR,Turkey,youth_unemployment_rate,2019,25.039
TUR,Turkey,youth_unemployment_rate,2018,20.011
TUR,Turkey,youth_unemployment_rate,2017,20.469
TUR,Turkey,youth_unemployment_rate,2016,19.369
TUR,Turkey,youth_unemployment_rate,2015,18.299
TUR,Turkey,youth_unemployment_rate,2014,17.698
TUR,Turkey,youth_unemployment_rate,2013,18.442
TUR,Turkey,youth_unemployment_rate,2012,17.342
TUR,Turkey,youth_unemployment_rate,2011,18.208
TUR,Turkey,youth_unemployment_rate,2010,21.578
TUR,Turkey,gini_index,2023,43.7
TUR,Turkey,gini_index,2022,44.5
TUR,Turkey,gini_index,2021,44.4
TUR,Turkey,gini_index,2020,43.0
TUR,Turkey,gini_index,2019,43.8
TUR,Turkey,gini_index,2018,42.4
TUR,Turkey,gini_index,2017,43.5
TUR,Turkey,gini_index,2016,41.9
TUR,Turkey,gini_index,2015,42.9
TUR,Turkey,gini_index,2014,41.2
TUR,Turkey,gini_index,2013,40.2
TUR,Turkey,gini_index,2012,40.2
TUR,Turkey,gini_index,2011,40.0
TUR,Turkey,gini_index,2010,38.8
SDN,Sudan,current_account_pct_gdp,2022,-8.59889945377348
SDN,Sudan,current_account_pct_gdp,2021,-7.65468962500371
SDN,Sudan,current_account_pct_gdp,2020,-21.6064794369516
SDN,Sudan,current_account_pct_gdp,2019,-14.7808388986177
SDN,Sudan,current_account_pct_gdp,2018,-14.4693934170139
SDN,Sudan,current_account_pct_gdp,2017,-11.1697054533751
SDN,Sudan,current_account_pct_gdp,2016,-9.88346111101847
SDN,Sudan,current_account_pct_gdp,2015,-10.5569345811594
SDN,Sudan,current_account_pct_gdp,2014,-7.16013618473832
SDN,Sudan,current_account_pct_gdp,2013,-13.5321488136858
SDN,Sudan,current_account_pct_gdp,2012,-16.6318777556219
SDN,Sudan,current_account_pct_gdp,2011,-4.82188496528231
SDN,Sudan,current_account_pct_gdp,2010,-2.92618988919934
SDN,Sudan,reserves_months_imports,2017,0.186146721322576
SDN,Sudan,reserves_months_imports,2016,0.206371176337176
SDN,Sudan,reserves_months_imports,2015,0.183852571194075
SDN,Sudan,reserves_months_imports,2014,0.194994810038632
SDN,Sudan,reserves_months_imports,2013,0.170670884074813
SDN,Sudan,reserves_months_imports,2012,0.188390712083205
SDN,Sudan,reserves_months_imports,2011,0.155870348159297
SDN,Sudan,reserves_months_imports,2010,0.793170652584922
SDN,Sudan,gdp_growth,2025,3.06427942935869
SDN,Sudan,gdp_growth,2024,-13.9643378424022
SDN,Sudan,gdp_growth,2023,-29.4332716274387
SDN,Sudan,gdp_growth,2022,-0.957816591119183
SDN,Sudan,gdp_growth,2021,-1.8685204827207
SDN,Sudan,gdp_growth,2020,-3.62980082410752
SDN,Sudan,gdp_growth,2019,-2.17825104530091
SDN,Sudan,gdp_growth,2018,-2.6809305497999
SDN,Sudan,gdp_growth,2017,0.70925628476644
SDN,Sudan,gdp_growth,2016,3.46764218409288
SDN,Sudan,gdp_growth,2015,1.91017689052751
SDN,Sudan,gdp_growth,2014,4.66137954229873
SDN,Sudan,gdp_growth,2013,1.95514463302422
SDN,Sudan,gdp_growth,2012,-17.0046884048945
SDN,Sudan,gdp_growth,2011,-3.21353209253371
SDN,Sudan,gdp_growth,2010,3.85824195230107
SDN,Sudan,inflation,2022,138.80846024176
SDN,Sudan,inflation,2021,359.093040778999
SDN,Sudan,inflation,2020,163.257782355458
SDN,Sudan,inflation,2019,50.9940515002965
SDN,Sudan,inflation,2018,63.2925073455888
SDN,Sudan,inflation,2017,32.3516260968437
SDN,Sudan,inflation,2016,17.750253831196
SDN,Sudan,inflation,2015,16.9095706050977
SDN,Sudan,inflation,2014,36.9066427863595
SDN,Sudan,inflation,2013,36.5223449139154
SDN,Sudan,inflation,2012,35.5590574147024
SDN,Sudan,inflation,2011,18.0966171221351
SDN,Sudan,inflation,2010,12.9776663898014
SDN,Sudan,political_stability,2024,-2.0243381
SDN,Sudan,political_stability,2023,-2.0604154
SDN,Sudan,political_stability,2022,-1.92571989999999
SDN,Sudan,political_stability,2021,-1.7826483
SDN,Sudan,political_stability,2020,-1.3881394
SDN,Sudan,political_stability,2019,-1.65533209999999
SDN,Sudan,political_stability,2018,-1.71645009999999
SDN,Sudan,political_stability,2017,-1.9473364
SDN,Sudan,political_stability,2016,-2.16225439999999
SDN,Sudan,political_stability,2015,-2.0365601
SDN,Sudan,political_stability,2014,-2.2236606
SDN,Sudan,political_stability,2013,-2.2572174
SDN,Sudan,political_stability,2012,-2.3155934
SDN,Sudan,political_stability,2011,-2.3438684
SDN,Sudan,political_stability,2010,-2.4305404
SDN,Sudan,government_effectiveness,2024,-1.79393619999999
SDN,Sudan,government_effectiveness,2023,-1.7726125
SDN,Sudan,government_effectiveness,2022,-1.5360265
SDN,Sudan,government_effectiveness,2021,-1.4426029
SDN,Sudan,government_effectiveness,2020,-1.4293287
SDN,Sudan,government_effectiveness,2019,-1.41919669999999
SDN,Sudan,government_effectiveness,2018,-1.49191189999999
SDN,Sudan,government_effectiveness,2017,-1.24182669999999
SDN,Sudan,government_effectiveness,2016,-1.2725849
SDN,Sudan,government_effectiveness,2015,-1.29342999999999
SDN,Sudan,government_effectiveness,2014,-1.3093428
SDN,Sudan,government_effectiveness,2013,-1.3113659
SDN,Sudan,government_effectiveness,2012,-1.3159644
SDN,Sudan,government_effectiveness,2011,-1.3212982
SDN,Sudan,government_effectiveness,2010,-1.3183855
SDN,Sudan,rule_of_law,2024,-1.7733122
SDN,Sudan,rule_of_law,2023,-1.65553779999999
SDN,Sudan,rule_of_law,2022,-1.4230148
SDN,Sudan,rule_of_law,2021,-1.3405003
SDN,Sudan,rule_of_law,2020,-1.344873
SDN,Sudan,rule_of_law,2019,-1.4223111
SDN,Sudan,rule_of_law,2018,-1.3679719
SDN,Sudan,rule_of_law,2017,-1.3822481
SDN,Sudan,rule_of_law,2016,-1.4810009
SDN,Sudan,rule_of_law,2015,-1.4901668
SDN,Sudan,rule_of_law,2014,-1.4368402
SDN,Sudan,rule_of_law,2013,-1.4727537
SDN,Sudan,rule_of_law,2012,-1.42399229999999
SDN,Sudan,rule_of_law,2011,-1.4311591
SDN,Sudan,rule_of_law,2010,-1.383167
SDN,Sudan,regulatory_quality,2024,-1.6627093
SDN,Sudan,regulatory_quality,2023,-1.6040918
SDN,Sudan,regulatory_quality,2022,-1.5498089
SDN,Sudan,regulatory_quality,2021,-1.48846139999999
SDN,Sudan,regulatory_quality,2020,-1.50085769999999
SDN,Sudan,regulatory_quality,2019,-1.5295444
SDN,Sudan,regulatory_quality,2018,-1.50539159999999
SDN,Sudan,regulatory_quality,2017,-1.4265577
SDN,Sudan,regulatory_quality,2016,-1.4119321
SDN,Sudan,regulatory_quality,2015,-1.4597243
SDN,Sudan,regulatory_quality,2014,-1.431484
SDN,Sudan,regulatory_quality,2013,-1.47720309999999
SDN,Sudan,regulatory_quality,2012,-1.39933059999999
SDN,Sudan,regulatory_quality,2011,-1.3131857
SDN,Sudan,regulatory_quality,2010,-1.32794979999999
SDN,Sudan,control_of_corruption,2024,-1.557432
SDN,Sudan,control_of_corruption,2023,-1.4513517
SDN,Sudan,control_of_corruption,2022,-1.4462818
SDN,Sudan,control_of_corruption,2021,-1.292527
SDN,Sudan,control_of_corruption,2020,-1.3828975
SDN,Sudan,control_of_corruption,2019,-1.47108899999999
SDN,Sudan,control_of_corruption,2018,-1.5184609
SDN,Sudan,control_of_corruption,2017,-1.480461
SDN,Sudan,control_of_corruption,2016,-1.4810828
SDN,Sudan,control_of_corruption,2015,-1.4808042
SDN,Sudan,control_of_corruption,2014,-1.5461064
SDN,Sudan,control_of_corruption,2013,-1.5693861
SDN,Sudan,control_of_corruption,2012,-1.57216549999999
SDN,Sudan,control_of_corruption,2011,-1.46601389999999
SDN,Sudan,control_of_corruption,2010,-1.4777406
SDN,Sudan,fdi_net_inflows_pct_gdp,2023,1.37399372870934
SDN,Sudan,fdi_net_inflows_pct_gdp,2022,1.11000421594226
SDN,Sudan,fdi_net_inflows_pct_gdp,2021,1.52754029838982
SDN,Sudan,fdi_net_inflows_pct_gdp,2020,2.65193447042229
SDN,Sudan,fdi_net_inflows_pct_gdp,2019,2.55226968828806
SDN,Sudan,fdi_net_inflows_pct_gdp,2018,3.51269523880448
SDN,Sudan,fdi_net_inflows_pct_gdp,2017,2.58043876395005
SDN,Sudan,fdi_net_inflows_pct_gdp,2016,2.49532759301928
SDN,Sudan,fdi_net_inflows_pct_gdp,2015,3.34135261447755
SDN,Sudan,fdi_net_inflows_pct_gdp,2014,2.52698516017578
SDN,Sudan,fdi_net_inflows_pct_gdp,2013,3.92312074519106
SDN,Sudan,fdi_net_inflows_pct_gdp,2012,6.14212434699966
SDN,Sudan,fdi_net_inflows_pct_gdp,2011,3.15234852962884
SDN,Sudan,fdi_net_inflows_pct_gdp,2010,3.50004539535845
SDN,Sudan,exports_pct_gdp,2025,1.1030420269355
SDN,Sudan,exports_pct_gdp,2024,0.720930190156301
SDN,Sudan,exports_pct_gdp,2023,1.10810859308483
SDN,Sudan,exports_pct_gdp,2022,1.57116183055586
SDN,Sudan,exports_pct_gdp,2021,2.2498704277993
SDN,Sudan,exports_pct_gdp,2020,5.12531269468598
SDN,Sudan,exports_pct_gdp,2019,8.45298341762853
SDN,Sudan,exports_pct_gdp,2018,7.65020198466392
SDN,Sudan,exports_pct_gdp,2017,6.11214425821293
SDN,Sudan,exports_pct_gdp,2016,5.00449100738247
SDN,Sudan,exports_pct_gdp,2015,6.42291092918573
SDN,Sudan,exports_pct_gdp,2014,7.60891112283276
SDN,Sudan,exports_pct_gdp,2013,9.50689116839014
SDN,Sudan,exports_pct_gdp,2012,6.85645263673087
SDN,Sudan,exports_pct_gdp,2011,12.4787060282521
SDN,Sudan,exports_pct_gdp,2010,17.4756063457453
SDN,Sudan,imports_pct_gdp,2025,1.27888825694147
SDN,Sudan,imports_pct_gdp,2024,1.27448191209378
SDN,Sudan,imports_pct_gdp,2023,1.36562018959182
SDN,Sudan,imports_pct_gdp,2022,1.12767260530269
SDN,Sudan,imports_pct_gdp,2021,1.87767821048496
SDN,Sudan,imports_pct_gdp,2020,4.82983238157553
SDN,Sudan,imports_pct_gdp,2019,17.666637037634
SDN,Sudan,imports_pct_gdp,2018,14.2177167427683
SDN,Sudan,imports_pct_gdp,2017,11.7192455714973
SDN,Sudan,imports_pct_gdp,2016,10.2771788829636
SDN,Sudan,imports_pct_gdp,2015,11.9553619254684
SDN,Sudan,imports_pct_gdp,2014,13.2361978812986
SDN,Sudan,imports_pct_gdp,2013,17.3516333336233
SDN,Sudan,imports_pct_gdp,2012,14.9997218879992
SDN,Sudan,imports_pct_gdp,2011,15.0336329952659
SDN,Sudan,imports_pct_gdp,2010,15.2527036042897
SDN,Sudan,official_exchange_rate_lcu_usd,2022,546.75885
SDN,Sudan,official_exchange_rate_lcu_usd,2021,370.790583333333
SDN,Sudan,official_exchange_rate_lcu_usd,2020,53.9960119047619
SDN,Sudan,official_exchange_rate_lcu_usd,2019,45.7670454545455
SDN,Sudan,official_exchange_rate_lcu_usd,2018,24.3289109018116
SDN,Sudan,official_exchange_rate_lcu_usd,2017,6.68336
SDN,Sudan,official_exchange_rate_lcu_usd,2016,6.21171364583333
SDN,Sudan,official_exchange_rate_lcu_usd,2015,6.02573259791667
SDN,Sudan,official_exchange_rate_lcu_usd,2014,5.73686666666667
SDN,Sudan,official_exchange_rate_lcu_usd,2013,4.75676054708821
SDN,Sudan,official_exchange_rate_lcu_usd,2012,3.57295833333333
SDN,Sudan,official_exchange_rate_lcu_usd,2011,2.66661962177469
SDN,Sudan,official_exchange_rate_lcu_usd,2010,2.30600092016667
SDN,Sudan,gdp_current_usd,2025,60162634574.4689
SDN,Sudan,gdp_current_usd,2024,49672435513.1126
SDN,Sudan,gdp_current_usd,2023,39898289820.7951
SDN,Sudan,gdp_current_usd,2022,51666875363.0963
SDN,Sudan,gdp_current_usd,2021,34229513774.9936
SDN,Sudan,gdp_current_usd,2020,27034593750.0
SDN,Sudan,gdp_current_usd,2019,32338079165.2893
SDN,Sudan,gdp_current_usd,2018,32333780383.2924
SDN,Sudan,gdp_current_usd,2017,41283617976.1905
SDN,Sudan,gdp_current_usd,2016,42630376000.0
SDN,Sudan,gdp_current_usd,2015,51726758676.7677
SDN,Sudan,gdp_current_usd,2014,49516748617.9775
SDN,Sudan,gdp_current_usd,2013,43024018082.1918
SDN,Sudan,gdp_current_usd,2012,37632919966.6667
SDN,Sudan,gdp_current_usd,2011,55018567210.5263
SDN,Sudan,gdp_current_usd,2010,58962978034.4828
SDN,Sudan,gdp_per_capita_usd,2025,1164.53991699219
SDN,Sudan,gdp_per_capita_usd,2024,984.607666015625
SDN,Sudan,gdp_per_capita_usd,2023,797.283447265625
SDN,Sudan,gdp_per_capita_usd,2022,1046.24084472656
SDN,Sudan,gdp_per_capita_usd,2021,712.122009277344
SDN,Sudan,gdp_per_capita_usd,2020,577.795227050781
SDN,Sudan,gdp_per_capita_usd,2019,709.975280761719
SDN,Sudan,gdp_per_capita_usd,2018,731.027465820313
SDN,Sudan,gdp_per_capita_usd,2017,966.505676269531
SDN,Sudan,gdp_per_capita_usd,2016,1033.21594238281
SDN,Sudan,gdp_per_capita_usd,2015,1292.37963867188
SDN,Sudan,gdp_per_capita_usd,2014,1275.43835449219
SDN,Sudan,gdp_per_capita_usd,2013,1138.62780761719
SDN,Sudan,gdp_per_capita_usd,2012,1019.22210693359
SDN,Sudan,gdp_per_capita_usd,2011,1332.6572265625
SDN,Sudan,gdp_per_capita_usd,2010,1305.63598632813
SDN,Sudan,total_reserves_usd,2017,177933851.813136
SDN,Sudan,total_reserves_usd,2016,168284353.053784
SDN,Sudan,total_reserves_usd,2015,173516490.886743
SDN,Sudan,total_reserves_usd,2014,181457168.977028
SDN,Sudan,total_reserves_usd,2013,192956941.623251
SDN,Sudan,total_reserves_usd,2012,192632614.669593
SDN,Sudan,total_reserves_usd,2011,192529339.697522
SDN,Sudan,total_reserves_usd,2010,1036244170.70595
SDN,Sudan,unemployment_rate,2022,7.53
SDN,Sudan,unemployment_rate,2021,11.087
SDN,Sudan,unemployment_rate,2020,11.995
SDN,Sudan,unemployment_rate,2019,11.697
SDN,Sudan,unemployment_rate,2018,12.347
SDN,Sudan,unemployment_rate,2017,13.0
SDN,Sudan,unemployment_rate,2016,13.656
SDN,Sudan,unemployment_rate,2015,14.39
SDN,Sudan,unemployment_rate,2014,15.41
SDN,Sudan,unemployment_rate,2013,16.273
SDN,Sudan,unemployment_rate,2012,16.973
SDN,Sudan,unemployment_rate,2011,17.44
SDN,Sudan,unemployment_rate,2010,15.168
SDN,Sudan,youth_unemployment_rate,2022,12.0
SDN,Sudan,youth_unemployment_rate,2021,17.406
SDN,Sudan,youth_unemployment_rate,2020,19.783
SDN,Sudan,youth_unemployment_rate,2019,19.37
SDN,Sudan,youth_unemployment_rate,2018,20.795
SDN,Sudan,youth_unemployment_rate,2017,22.198
SDN,Sudan,youth_unemployment_rate,2016,23.625
SDN,Sudan,youth_unemployment_rate,2015,25.229
SDN,Sudan,youth_unemployment_rate,2014,27.283
SDN,Sudan,youth_unemployment_rate,2013,29.155
SDN,Sudan,youth_unemployment_rate,2012,30.834
SDN,Sudan,youth_unemployment_rate,2011,32.17
SDN,Sudan,youth_unemployment_rate,2010,26.4
SDN,Sudan,gini_index,2014,34.2
SSD,South Sudan,current_account_pct_gdp,2023,7.93071136684621
SSD,South Sudan,current_account_pct_gdp,2022,-11.2233718358258
SSD,South Sudan,current_account_pct_gdp,2021,-0.13161314202058
SSD,South Sudan,current_account_pct_gdp,2020,-35.0491711578272
SSD,South Sudan,current_account_pct_gdp,2019,-4.15741601037528
SSD,South Sudan,current_account_pct_gdp,2018,-9.0382483224269
SSD,South Sudan,current_account_pct_gdp,2017,8.30684638743949
SSD,South Sudan,current_account_pct_gdp,2016,-5.76700049530002
SSD,South Sudan,current_account_pct_gdp,2015,-4.169014055128
SSD,South Sudan,current_account_pct_gdp,2014,-5.65945565697319
SSD,South Sudan,reserves_months_imports,2023,0.174842702708606
SSD,South Sudan,reserves_months_imports,2022,0.161236777638856
SSD,South Sudan,reserves_months_imports,2021,0.885919595057179
SSD,South Sudan,reserves_months_imports,2020,0.453781682593365
SSD,South Sudan,reserves_months_imports,2019,1.03609029459434
SSD,South Sudan,reserves_months_imports,2018,0.109546774819367
SSD,South Sudan,reserves_months_imports,2017,0.182679467354685
SSD,South Sudan,reserves_months_imports,2016,0.361618094817873
SSD,South Sudan,reserves_months_imports,2015,0.759703291939908
SSD,South Sudan,reserves_months_imports,2014,0.951484917211162
SSD,South Sudan,gdp_growth,2015,-10.7933646271143
SSD,South Sudan,gdp_growth,2014,3.37364847715736
SSD,South Sudan,gdp_growth,2013,13.1297311406943
SSD,South Sudan,gdp_growth,2012,-46.0821223743007
SSD,South Sudan,gdp_growth,2011,-4.64031673600859
SSD,South Sudan,gdp_growth,2010,5.49341639529945
SSD,South Sudan,inflation,2024,91.4408220769046
SSD,South Sudan,inflation,2023,2.38280434813754
SSD,South Sudan,inflation,2022,-6.68732094212668
SSD,South Sudan,inflation,2021,10.5167158294358
SSD,South Sudan,inflation,2020,29.6758435538572
SSD,South Sudan,inflation,2019,87.2413641500032
SSD,South Sudan,inflation,2018,83.5015294922
SSD,South Sudan,inflation,2017,187.851630279442
SSD,South Sudan,inflation,2016,379.999585624026
SSD,South Sudan,inflation,2015,52.7663304192143
SSD,South Sudan,inflation,2014,1.6742990629552
SSD,South Sudan,inflation,2013,-0.0580909784225664
SSD,South Sudan,inflation,2012,45.5258978371706
SSD,South Sudan,inflation,2011,46.8521757193597
SSD,South Sudan,inflation,2010,1.16962180301108
SSD,South Sudan,political_stability,2024,-1.4896464
SSD,South Sudan,political_stability,2023,-1.52967079999999
SSD,South Sudan,political_stability,2022,-1.6425543
SSD,South Sudan,political_stability,2021,-2.21948739999999
SSD,South Sudan,political_stability,2020,-2.1055063
SSD,South Sudan,political_stability,2019,-2.39114589999999
SSD,South Sudan,political_stability,2018,-2.3307387
SSD,South Sudan,political_stability,2017,-2.44555199999999
SSD,South Sudan,political_stability,2016,-2.33343
SSD,South Sudan,political_stability,2015,-2.2792733
SSD,South Sudan,political_stability,2014,-2.5030889
SSD,South Sudan,political_stability,2013,-2.0671128
SSD,South Sudan,political_stability,2012,-1.4983578
SSD,South Sudan,political_stability,2011,-1.51136989999999
SSD,South Sudan,government_effectiveness,2024,-2.1728459
SSD,South Sudan,government_effectiveness,2023,-2.2060236
SSD,South Sudan,government_effectiveness,2022,-2.2168775
SSD,South Sudan,government_effectiveness,2021,-2.2425859
SSD,South Sudan,government_effectiveness,2020,-2.16308659999999
SSD,South Sudan,government_effectiveness,2019,-2.09482199999999
SSD,South Sudan,government_effectiveness,2018,-2.0765061
SSD,South Sudan,government_effectiveness,2017,-2.13822209999999
SSD,South Sudan,government_effectiveness,2016,-2.05300419999999
SSD,South Sudan,government_effectiveness,2015,-1.981766
SSD,South Sudan,government_effectiveness,2014,-1.8301131
SSD,South Sudan,government_effectiveness,2013,-1.6555038
SSD,South Sudan,government_effectiveness,2012,-1.4942658
SSD,South Sudan,government_effectiveness,2011,-1.57631069999999
SSD,South Sudan,rule_of_law,2024,-1.9725304
SSD,South Sudan,rule_of_law,2023,-2.00017059999999
SSD,South Sudan,rule_of_law,2022,-1.9298809
SSD,South Sudan,rule_of_law,2021,-1.97781689999999
SSD,South Sudan,rule_of_law,2020,-1.90756779999999
SSD,South Sudan,rule_of_law,2019,-1.87228589999999
SSD,South Sudan,rule_of_law,2018,-1.8708086
SSD,South Sudan,rule_of_law,2017,-1.7533888
SSD,South Sudan,rule_of_law,2016,-1.7566012
SSD,South Sudan,rule_of_law,2015,-1.6930815
SSD,South Sudan,rule_of_law,2014,-1.6791346
SSD,South Sudan,rule_of_law,2013,-1.3517382
SSD,South Sudan,rule_of_law,2012,-1.1549676
SSD,South Sudan,rule_of_law,2011,-1.3454875
SSD,South Sudan,regulatory_quality,2024,-1.9295182
SSD,South Sudan,regulatory_quality,2023,-2.0014186
SSD,South Sudan,regulatory_quality,2022,-1.934717
SSD,South Sudan,regulatory_quality,2021,-1.93385449999999
SSD,South Sudan,regulatory_quality,2020,-1.9522498
SSD,South Sudan,regulatory_quality,2019,-1.8807648
SSD,South Sudan,regulatory_quality,2018,-1.8857358
SSD,South Sudan,regulatory_quality,2017,-1.79473739999999
SSD,South Sudan,regulatory_quality,2016,-1.75850469999999
SSD,South Sudan,regulatory_quality,2015,-1.6736197
SSD,South Sudan,regulatory_quality,2014,-1.66875929999999
SSD,South Sudan,regulatory_quality,2013,-1.5704737
SSD,South Sudan,regulatory_quality,2012,-1.4227969
SSD,South Sudan,regulatory_quality,2011,-1.5768821
SSD,South Sudan,control_of_corruption,2024,-2.0647211
SSD,South Sudan,control_of_corruption,2023,-1.87741769999999
SSD,South Sudan,control_of_corruption,2022,-1.861122
SSD,South Sudan,control_of_corruption,2021,-1.82343179999999
SSD,South Sudan,control_of_corruption,2020,-1.80683669999999
SSD,South Sudan,control_of_corruption,2019,-1.8861426
SSD,South Sudan,control_of_corruption,2018,-1.8304337
SSD,South Sudan,control_of_corruption,2017,-1.7562035
SSD,South Sudan,control_of_corruption,2016,-1.7919554
SSD,South Sudan,control_of_corruption,2015,-1.77074769999999
SSD,South Sudan,control_of_corruption,2014,-1.71827969999999
SSD,South Sudan,control_of_corruption,2013,-1.4236144
SSD,South Sudan,control_of_corruption,2012,-1.34178249999999
SSD,South Sudan,control_of_corruption,2011,-1.2275676
SSD,South Sudan,control_of_corruption,2010,-0.214174099999999
SSD,South Sudan,fdi_net_inflows_pct_gdp,2015,0.0012502291294692
SSD,South Sudan,fdi_net_inflows_pct_gdp,2014,0.00741877910985015
SSD,South Sudan,fdi_net_inflows_pct_gdp,2013,-4.30359174766787
SSD,South Sudan,fdi_net_inflows_pct_gdp,2012,1.34937246395858
SSD,South Sudan,exports_pct_gdp,2015,36.6513492804707
SSD,South Sudan,exports_pct_gdp,2014,38.3916172930278
SSD,South Sudan,exports_pct_gdp,2013,9.74075785850552
SSD,South Sudan,exports_pct_gdp,2012,42.8320523585268
SSD,South Sudan,exports_pct_gdp,2011,66.0761203752424
SSD,South Sudan,exports_pct_gdp,2010,61.4344828173072
SSD,South Sudan,imports_pct_gdp,2015,28.8999999040295
SSD,South Sudan,imports_pct_gdp,2014,26.2429005140531
SSD,South Sudan,imports_pct_gdp,2013,41.0704887322407
SSD,South Sudan,imports_pct_gdp,2012,28.7877590362221
SSD,South Sudan,imports_pct_gdp,2011,27.1507393796766
SSD,South Sudan,imports_pct_gdp,2010,29.5089655488059
SSD,South Sudan,official_exchange_rate_lcu_usd,2024,2163.10387269883
SSD,South Sudan,official_exchange_rate_lcu_usd,2023,930.331429534051
SSD,South Sudan,official_exchange_rate_lcu_usd,2022,534.511188691756
SSD,South Sudan,official_exchange_rate_lcu_usd,2021,306.354619937276
SSD,South Sudan,official_exchange_rate_lcu_usd,2020,165.907316666667
SSD,South Sudan,official_exchange_rate_lcu_usd,2019,157.999166666667
SSD,South Sudan,official_exchange_rate_lcu_usd,2018,141.385833333333
SSD,South Sudan,official_exchange_rate_lcu_usd,2017,113.6475
SSD,South Sudan,official_exchange_rate_lcu_usd,2016,46.7291666666667
SSD,South Sudan,official_exchange_rate_lcu_usd,2015,3.60416666666667
SSD,South Sudan,official_exchange_rate_lcu_usd,2014,2.95
SSD,South Sudan,official_exchange_rate_lcu_usd,2013,2.95
SSD,South Sudan,official_exchange_rate_lcu_usd,2012,2.95
SSD,South Sudan,official_exchange_rate_lcu_usd,2011,2.98895
SSD,South Sudan,gdp_current_usd,2015,11997800760.2242
SSD,South Sudan,gdp_current_usd,2014,13962212847.4576
SSD,South Sudan,gdp_current_usd,2013,18426469016.9492
SSD,South Sudan,gdp_current_usd,2012,11931472169.4915
SSD,South Sudan,gdp_current_usd,2011,14907308932.7534
SSD,South Sudan,gdp_current_usd,2010,14602072410.9506
SSD,South Sudan,gdp_per_capita_usd,2015,1080.14718624765
SSD,South Sudan,gdp_per_capita_usd,2014,1242.73450181032
SSD,South Sudan,gdp_per_capita_usd,2013,1650.18943353528
SSD,South Sudan,gdp_per_capita_usd,2012,1109.26050083408
SSD,South Sudan,gdp_per_capita_usd,2011,1448.98435006408
SSD,South Sudan,gdp_per_capita_usd,2010,1498.27034985194
SSD,South Sudan,total_reserves_usd,2024,15961778.4894403
SSD,South Sudan,total_reserves_usd,2023,72880855.2161365
SSD,South Sudan,total_reserves_usd,2022,94914465.1760948
SSD,South Sudan,total_reserves_usd,2021,341932479.973586
SSD,South Sudan,total_reserves_usd,2020,183614816.68196
SSD,South Sudan,total_reserves_usd,2019,378281747.007865
SSD,South Sudan,total_reserves_usd,2018,36396368.1998606
SSD,South Sudan,total_reserves_usd,2017,33820210.9558201
SSD,South Sudan,total_reserves_usd,2016,68159818.6400242
SSD,South Sudan,total_reserves_usd,2015,229880518.366327
SSD,South Sudan,total_reserves_usd,2014,416808670.07584
SSD,South Sudan,total_reserves_usd,2013,947810456.615822
SSD,South Sudan,total_reserves_usd,2012,1282090260.28818
SSD,South Sudan,unemployment_rate,2023,12.374
SSD,South Sudan,unemployment_rate,2022,12.475
SSD,South Sudan,unemployment_rate,2021,13.95
SSD,South Sudan,unemployment_rate,2020,14.246
SSD,South Sudan,unemployment_rate,2019,12.656
SSD,South Sudan,unemployment_rate,2018,12.853
SSD,South Sudan,unemployment_rate,2017,12.983
SSD,South Sudan,unemployment_rate,2016,12.854
SSD,South Sudan,unemployment_rate,2015,12.464
SSD,South Sudan,unemployment_rate,2014,12.561
SSD,South Sudan,unemployment_rate,2013,12.665
SSD,South Sudan,unemployment_rate,2012,12.803
SSD,South Sudan,unemployment_rate,2011,12.585
SSD,South Sudan,unemployment_rate,2010,12.473
SSD,South Sudan,youth_unemployment_rate,2023,18.524
SSD,South Sudan,youth_unemployment_rate,2022,18.717
SSD,South Sudan,youth_unemployment_rate,2021,20.797
SSD,South Sudan,youth_unemployment_rate,2020,21.846
SSD,South Sudan,youth_unemployment_rate,2019,19.263
SSD,South Sudan,youth_unemployment_rate,2018,19.555
SSD,South Sudan,youth_unemployment_rate,2017,19.849
SSD,South Sudan,youth_unemployment_rate,2016,19.847
SSD,South Sudan,youth_unemployment_rate,2015,19.419
SSD,South Sudan,youth_unemployment_rate,2014,19.576
SSD,South Sudan,youth_unemployment_rate,2013,19.733
SSD,South Sudan,youth_unemployment_rate,2012,19.907
SSD,South Sudan,youth_unemployment_rate,2011,19.605
SSD,South Sudan,youth_unemployment_rate,2010,19.401
SSD,South Sudan,gini_index,2016,44.0
ETH,Ethiopia,debt_to_gdp,2019,31.4488445666124
ETH,Ethiopia,debt_to_gdp,2018,32.5332245901733
ETH,Ethiopia,debt_to_gdp,2017,30.0951138170263
ETH,Ethiopia,debt_to_gdp,2016,29.0056817322355
ETH,Ethiopia,debt_to_gdp,2015,27.9431250379303
ETH,Ethiopia,debt_to_gdp,2014,26.9372797365191
ETH,Ethiopia,debt_to_gdp,2013,10.733283781495
ETH,Ethiopia,current_account_pct_gdp,2024,-2.53176480495898
ETH,Ethiopia,current_account_pct_gdp,2023,-3.52359702026291
ETH,Ethiopia,current_account_pct_gdp,2022,-4.19066632561125
ETH,Ethiopia,current_account_pct_gdp,2021,-4.13241831248994
ETH,Ethiopia,current_account_pct_gdp,2020,-2.75526110013781
ETH,Ethiopia,current_account_pct_gdp,2019,-5.47194445069538
ETH,Ethiopia,current_account_pct_gdp,2018,-5.53324917435327
ETH,Ethiopia,current_account_pct_gdp,2017,-7.76343039992897
ETH,Ethiopia,current_account_pct_gdp,2016,-11.5449209376397
ETH,Ethiopia,current_account_pct_gdp,2015,-12.1838327178753
ETH,Ethiopia,current_account_pct_gdp,2014,-10.3781721184148
ETH,Ethiopia,current_account_pct_gdp,2013,-6.36626399169653
ETH,Ethiopia,current_account_pct_gdp,2012,-7.10674868080212
ETH,Ethiopia,current_account_pct_gdp,2011,-3.30367964138339
ETH,Ethiopia,current_account_pct_gdp,2010,-2.1222608717343
ETH,Ethiopia,reserves_months_imports,2024,1.7806234891991
ETH,Ethiopia,reserves_months_imports,2023,1.04253332393312
ETH,Ethiopia,reserves_months_imports,2022,0.578588743645571
ETH,Ethiopia,reserves_months_imports,2021,0.92146131951932
ETH,Ethiopia,reserves_months_imports,2020,2.04857901561174
ETH,Ethiopia,reserves_months_imports,2019,1.80527864372518
ETH,Ethiopia,reserves_months_imports,2018,2.35373732912292
ETH,Ethiopia,reserves_months_imports,2017,1.84484716277073
ETH,Ethiopia,reserves_months_imports,2016,1.78101039203727
ETH,Ethiopia,reserves_months_imports,2015,2.28152768719768
ETH,Ethiopia,reserves_months_imports,2014,2.3002950163837
ETH,Ethiopia,reserves_months_imports,2013,1.97097009114637
ETH,Ethiopia,reserves_months_imports,2012,1.94022284437674
ETH,Ethiopia,reserves_months_imports,2011,2.87144325080088
ETH,Ethiopia,reserves_months_imports,2010,2.69323946325897
ETH,Ethiopia,gdp_growth,2025,9.7715182202934
ETH,Ethiopia,gdp_growth,2024,7.61277447616879
ETH,Ethiopia,gdp_growth,2023,6.59424599054353
ETH,Ethiopia,gdp_growth,2022,5.32175988485454
ETH,Ethiopia,gdp_growth,2021,5.64153069324176
ETH,Ethiopia,gdp_growth,2020,6.05953089248577
ETH,Ethiopia,gdp_growth,2019,8.36408573111346
ETH,Ethiopia,gdp_growth,2018,6.81614778557282
ETH,Ethiopia,gdp_growth,2017,9.56418965754014
ETH,Ethiopia,gdp_growth,2016,9.43348265981905
ETH,Ethiopia,gdp_growth,2015,10.3924630141307
ETH,Ethiopia,gdp_growth,2014,10.2574929627477
ETH,Ethiopia,gdp_growth,2013,10.5822700502552
ETH,Ethiopia,gdp_growth,2012,8.64781163513926
ETH,Ethiopia,gdp_growth,2011,11.1782962297008
ETH,Ethiopia,gdp_growth,2010,12.5505383347633
ETH,Ethiopia,inflation,2025,13.2296432836809
ETH,Ethiopia,inflation,2024,21.0377460577711
ETH,Ethiopia,inflation,2023,30.2188278135278
ETH,Ethiopia,inflation,2022,33.8898797100898
ETH,Ethiopia,inflation,2021,26.8395221557722
ETH,Ethiopia,inflation,2020,20.3563468559061
ETH,Ethiopia,inflation,2019,15.8096321719344
ETH,Ethiopia,inflation,2018,13.8330356586661
ETH,Ethiopia,inflation,2017,10.6871150284238
ETH,Ethiopia,inflation,2016,6.62813337230924
ETH,Ethiopia,inflation,2015,9.56889955968623
ETH,Ethiopia,inflation,2014,6.89001951597192
ETH,Ethiopia,inflation,2013,7.46402192944517
ETH,Ethiopia,inflation,2012,23.600417677317
ETH,Ethiopia,inflation,2011,33.2499598823344
ETH,Ethiopia,inflation,2010,8.14926402965082
ETH,Ethiopia,political_stability,2024,-1.88497389999999
ETH,Ethiopia,political_stability,2023,-1.86375129999999
ETH,Ethiopia,political_stability,2022,-1.8659545
ETH,Ethiopia,political_stability,2021,-2.0139565
ETH,Ethiopia,political_stability,2020,-1.5934093
ETH,Ethiopia,political_stability,2019,-1.1789771
ETH,Ethiopia,political_stability,2018,-1.2054246
ETH,Ethiopia,political_stability,2017,-1.5195725
ETH,Ethiopia,political_stability,2016,-1.43965759999999
ETH,Ethiopia,political_stability,2015,-1.26354339999999
ETH,Ethiopia,political_stability,2014,-1.1765231
ETH,Ethiopia,political_stability,2013,-1.3952471
ETH,Ethiopia,political_stability,2012,-1.613535
ETH,Ethiopia,political_stability,2011,-1.5281949
ETH,Ethiopia,political_stability,2010,-1.5760665
ETH,Ethiopia,government_effectiveness,2024,-0.645991
ETH,Ethiopia,government_effectiveness,2023,-0.6883758
ETH,Ethiopia,government_effectiveness,2022,-0.7000773
ETH,Ethiopia,government_effectiveness,2021,-0.650462099999999
ETH,Ethiopia,government_effectiveness,2020,-0.551689499999999
ETH,Ethiopia,government_effectiveness,2019,-0.5253376
ETH,Ethiopia,government_effectiveness,2018,-0.5328814
ETH,Ethiopia,government_effectiveness,2017,-0.5281279
ETH,Ethiopia,government_effectiveness,2016,-0.4771006
ETH,Ethiopia,government_effectiveness,2015,-0.5298526
ETH,Ethiopia,government_effectiveness,2014,-0.451422999999999
ETH,Ethiopia,government_effectiveness,2013,-0.5207719
ETH,Ethiopia,government_effectiveness,2012,-0.4212532
ETH,Ethiopia,government_effectiveness,2011,-0.5169232
ETH,Ethiopia,government_effectiveness,2010,-0.4772744
ETH,Ethiopia,rule_of_law,2024,-1.04892419999999
ETH,Ethiopia,rule_of_law,2023,-1.03931399999999
ETH,Ethiopia,rule_of_law,2022,-0.9181925
ETH,Ethiopia,rule_of_law,2021,-0.9484534
ETH,Ethiopia,rule_of_law,2020,-0.8139468
ETH,Ethiopia,rule_of_law,2019,-0.7767788
ETH,Ethiopia,rule_of_law,2018,-0.7938799
ETH,Ethiopia,rule_of_law,2017,-0.782502799999999
ETH,Ethiopia,rule_of_law,2016,-0.798565
ETH,Ethiopia,rule_of_law,2015,-0.805187299999999
ETH,Ethiopia,rule_of_law,2014,-0.7533654
ETH,Ethiopia,rule_of_law,2013,-0.8458441
ETH,Ethiopia,rule_of_law,2012,-0.7490211
ETH,Ethiopia,rule_of_law,2011,-0.847511
ETH,Ethiopia,rule_of_law,2010,-0.8369645
ETH,Ethiopia,regulatory_quality,2024,-0.8332379
ETH,Ethiopia,regulatory_quality,2023,-0.8373693
ETH,Ethiopia,regulatory_quality,2022,-0.7815691
ETH,Ethiopia,regulatory_quality,2021,-0.7684521
ETH,Ethiopia,regulatory_quality,2020,-0.8158694
ETH,Ethiopia,regulatory_quality,2019,-0.828078099999999
ETH,Ethiopia,regulatory_quality,2018,-0.846342199999999
ETH,Ethiopia,regulatory_quality,2017,-0.898545399999999
ETH,Ethiopia,regulatory_quality,2016,-0.9613611
ETH,Ethiopia,regulatory_quality,2015,-0.902880599999999
ETH,Ethiopia,regulatory_quality,2014,-0.9043825
ETH,Ethiopia,regulatory_quality,2013,-1.06822369999999
ETH,Ethiopia,regulatory_quality,2012,-0.917400999999999
ETH,Ethiopia,regulatory_quality,2011,-0.861597699999999
ETH,Ethiopia,regulatory_quality,2010,-0.7207448
ETH,Ethiopia,control_of_corruption,2024,-0.437863299999999
ETH,Ethiopia,control_of_corruption,2023,-0.4629488
ETH,Ethiopia,control_of_corruption,2022,-0.406565399999999
ETH,Ethiopia,control_of_corruption,2021,-0.4003096
ETH,Ethiopia,control_of_corruption,2020,-0.368558799999999
ETH,Ethiopia,control_of_corruption,2019,-0.4268519
ETH,Ethiopia,control_of_corruption,2018,-0.4565279
ETH,Ethiopia,control_of_corruption,2017,-0.5649481
ETH,Ethiopia,control_of_corruption,2016,-0.435890499999999
ETH,Ethiopia,control_of_corruption,2015,-0.5196265
ETH,Ethiopia,control_of_corruption,2014,-0.5429668
ETH,Ethiopia,control_of_corruption,2013,-0.5672534
ETH,Ethiopia,control_of_corruption,2012,-0.6106685
ETH,Ethiopia,control_of_corruption,2011,-0.6055573
ETH,Ethiopia,control_of_corruption,2010,-0.6997533
ETH,Ethiopia,fdi_net_inflows_pct_gdp,2024,2.68582028017543
ETH,Ethiopia,fdi_net_inflows_pct_gdp,2023,2.40146315356828
ETH,Ethiopia,fdi_net_inflows_pct_gdp,2022,2.98033315911234
ETH,Ethiopia,fdi_net_inflows_pct_gdp,2021,3.90520609775086
ETH,Ethiopia,fdi_net_inflows_pct_gdp,2020,2.4279259279615
ETH,Ethiopia,fdi_net_inflows_pct_gdp,2019,2.77536541538477
ETH,Ethiopia,fdi_net_inflows_pct_gdp,2018,4.03228222144798
ETH,Ethiopia,fdi_net_inflows_pct_gdp,2017,5.26039764214773
ETH,Ethiopia,fdi_net_inflows_pct_gdp,2016,6.0502150951561
ETH,Ethiopia,fdi_net_inflows_pct_gdp,2015,4.22926466080082
ETH,Ethiopia,fdi_net_inflows_pct_gdp,2014,3.33569111068815
ETH,Ethiopia,fdi_net_inflows_pct_gdp,2013,2.82040845857162
ETH,Ethiopia,fdi_net_inflows_pct_gdp,2012,0.643172898229037
ETH,Ethiopia,fdi_net_inflows_pct_gdp,2011,1.96735663905254
ETH,Ethiopia,fdi_net_inflows_pct_gdp,2010,0.963030625359937
ETH,Ethiopia,exports_pct_gdp,2025,13.2837545839474
ETH,Ethiopia,exports_pct_gdp,2024,5.53927082166771
ETH,Ethiopia,exports_pct_gdp,2023,6.59591829052029
ETH,Ethiopia,exports_pct_gdp,2022,8.24396037766464
ETH,Ethiopia,exports_pct_gdp,2021,7.63170919167145
ETH,Ethiopia,exports_pct_gdp,2020,7.12719989764702
ETH,Ethiopia,exports_pct_gdp,2019,7.93996502525176
ETH,Ethiopia,exports_pct_gdp,2018,8.37267815589761
ETH,Ethiopia,exports_pct_gdp,2017,7.62937471525016
ETH,Ethiopia,exports_pct_gdp,2016,7.8120625822914
ETH,Ethiopia,exports_pct_gdp,2015,9.36331359735926
ETH,Ethiopia,exports_pct_gdp,2014,11.6416199095703
ETH,Ethiopia,exports_pct_gdp,2013,12.484073558977
ETH,Ethiopia,exports_pct_gdp,2012,13.7672981990263
ETH,Ethiopia,exports_pct_gdp,2011,16.6868531997337
ETH,Ethiopia,imports_pct_gdp,2025,20.176028072184
ETH,Ethiopia,imports_pct_gdp,2024,11.8611650370138
ETH,Ethiopia,imports_pct_gdp,2023,14.0022832166203
ETH,Ethiopia,imports_pct_gdp,2022,18.351539318761
ETH,Ethiopia,imports_pct_gdp,2021,16.7133482738948
ETH,Ethiopia,imports_pct_gdp,2020,16.8789144437579
ETH,Ethiopia,imports_pct_gdp,2019,20.8753289040091
ETH,Ethiopia,imports_pct_gdp,2018,22.8266908218905
ETH,Ethiopia,imports_pct_gdp,2017,23.4742747776515
ETH,Ethiopia,imports_pct_gdp,2016,27.0869584993198
ETH,Ethiopia,imports_pct_gdp,2015,30.2928105475922
ETH,Ethiopia,imports_pct_gdp,2014,29.0994642402923
ETH,Ethiopia,imports_pct_gdp,2013,28.9877135217855
ETH,Ethiopia,imports_pct_gdp,2012,31.630605984481
ETH,Ethiopia,imports_pct_gdp,2011,31.5460822119553
ETH,Ethiopia,official_exchange_rate_lcu_usd,2024,82.6013363504764
ETH,Ethiopia,official_exchange_rate_lcu_usd,2023,54.6009480676569
ETH,Ethiopia,official_exchange_rate_lcu_usd,2022,51.7562150334169
ETH,Ethiopia,official_exchange_rate_lcu_usd,2021,43.73377831884
ETH,Ethiopia,official_exchange_rate_lcu_usd,2020,34.9271654040404
ETH,Ethiopia,official_exchange_rate_lcu_usd,2019,29.06975
ETH,Ethiopia,official_exchange_rate_lcu_usd,2018,27.4293865941667
ETH,Ethiopia,official_exchange_rate_lcu_usd,2017,23.8661044574125
ETH,Ethiopia,official_exchange_rate_lcu_usd,2016,21.7315472222222
ETH,Ethiopia,official_exchange_rate_lcu_usd,2015,20.57684875
ETH,Ethiopia,official_exchange_rate_lcu_usd,2014,19.585789907695
ETH,Ethiopia,official_exchange_rate_lcu_usd,2013,18.6266289575478
ETH,Ethiopia,official_exchange_rate_lcu_usd,2012,17.7047613782674
ETH,Ethiopia,official_exchange_rate_lcu_usd,2011,16.8992257595275
ETH,Ethiopia,official_exchange_rate_lcu_usd,2010,14.4095898080066
ETH,Ethiopia,gdp_current_usd,2025,126358758448.356
ETH,Ethiopia,gdp_current_usd,2024,149740297952.375
ETH,Ethiopia,gdp_current_usd,2023,135874093203.18
ETH,Ethiopia,gdp_current_usd,2022,123140304665.399
ETH,Ethiopia,gdp_current_usd,2021,109070960370.972
ETH,Ethiopia,gdp_current_usd,2020,98676811061.9985
ETH,Ethiopia,gdp_current_usd,2019,91834517113.6386
ETH,Ethiopia,gdp_current_usd,2018,83337901071.9697
ETH,Ethiopia,gdp_current_usd,2017,76366081766.6667
ETH,Ethiopia,gdp_current_usd,2016,68475871209.607
ETH,Ethiopia,gdp_current_usd,2015,62103418181.8182
ETH,Ethiopia,gdp_current_usd,2014,55612228233.5179
ETH,Ethiopia,gdp_current_usd,2013,47648276605.0123
ETH,Ethiopia,gdp_current_usd,2012,43310721414.0829
ETH,Ethiopia,gdp_current_usd,2011,31952763089.33
ETH,Ethiopia,gdp_current_usd,2010,29933790334.3418
ETH,Ethiopia,gdp_per_capita_usd,2025,932.729352775179
ETH,Ethiopia,gdp_per_capita_usd,2024,1133.88279681256
ETH,Ethiopia,gdp_per_capita_usd,2023,1055.81091593061
ETH,Ethiopia,gdp_per_capita_usd,2022,982.103161502198
ETH,Ethiopia,gdp_per_capita_usd,2021,893.009835441784
ETH,Ethiopia,gdp_per_capita_usd,2020,829.790982552951
ETH,Ethiopia,gdp_per_capita_usd,2019,793.473247218996
ETH,Ethiopia,gdp_per_capita_usd,2018,739.702022272086
ETH,Ethiopia,gdp_per_capita_usd,2017,696.348429076216
ETH,Ethiopia,gdp_per_capita_usd,2016,641.651523286233
ETH,Ethiopia,gdp_per_capita_usd,2015,597.912113218663
ETH,Ethiopia,gdp_per_capita_usd,2014,549.986577082588
ETH,Ethiopia,gdp_per_capita_usd,2013,484.039833104062
ETH,Ethiopia,gdp_per_capita_usd,2012,452.101031885754
ETH,Ethiopia,gdp_per_capita_usd,2011,343.024942351887
ETH,Ethiopia,gdp_per_capita_usd,2010,330.619412798644
ETH,Ethiopia,total_reserves_usd,2024,3784387425.19121
ETH,Ethiopia,total_reserves_usd,2023,2028214254.61106
ETH,Ethiopia,total_reserves_usd,2022,1191712941.06266
ETH,Ethiopia,total_reserves_usd,2021,1644005887.02273
ETH,Ethiopia,total_reserves_usd,2020,3046114358.80765
ETH,Ethiopia,total_reserves_usd,2019,2992704274.84051
ETH,Ethiopia,total_reserves_usd,2018,3987464165.90059
ETH,Ethiopia,total_reserves_usd,2017,3045571314.79781
ETH,Ethiopia,total_reserves_usd,2016,3030943950.63996
ETH,Ethiopia,total_reserves_usd,2015,3835287576.46954
ETH,Ethiopia,total_reserves_usd,2014,3525244981.05226
ETH,Ethiopia,total_reserves_usd,2013,2363513607.3673
ETH,Ethiopia,total_reserves_usd,2012,2301655547.62419
ETH,Ethiopia,total_reserves_usd,2011,2837310958.4935
ETH,Ethiopia,total_reserves_usd,2010,2241164555.88825
ETH,Ethiopia,unemployment_rate,2025,3.323
ETH,Ethiopia,unemployment_rate,2024,3.357
ETH,Ethiopia,unemployment_rate,2023,3.375
ETH,Ethiopia,unemployment_rate,2022,3.386
ETH,Ethiopia,unemployment_rate,2021,3.935
ETH,Ethiopia,unemployment_rate,2020,3.998
ETH,Ethiopia,unemployment_rate,2019,2.928
ETH,Ethiopia,unemployment_rate,2018,2.811
ETH,Ethiopia,unemployment_rate,2017,2.665
ETH,Ethiopia,unemployment_rate,2016,2.556
ETH,Ethiopia,unemployment_rate,2015,2.442
ETH,Ethiopia,unemployment_rate,2014,2.361
ETH,Ethiopia,unemployment_rate,2013,2.251
ETH,Ethiopia,unemployment_rate,2012,2.252
ETH,Ethiopia,unemployment_rate,2011,2.27
ETH,Ethiopia,unemployment_rate,2010,2.295
ETH,Ethiopia,youth_unemployment_rate,2025,5.353
ETH,Ethiopia,youth_unemployment_rate,2024,5.449
ETH,Ethiopia,youth_unemployment_rate,2023,5.455
ETH,Ethiopia,youth_unemployment_rate,2022,5.45
ETH,Ethiopia,youth_unemployment_rate,2021,6.246
ETH,Ethiopia,youth_unemployment_rate,2020,6.356
ETH,Ethiopia,youth_unemployment_rate,2019,4.752
ETH,Ethiopia,youth_unemployment_rate,2018,4.515
ETH,Ethiopia,youth_unemployment_rate,2017,4.25
ETH,Ethiopia,youth_unemployment_rate,2016,4.031
ETH,Ethiopia,youth_unemployment_rate,2015,3.813
ETH,Ethiopia,youth_unemployment_rate,2014,3.634
ETH,Ethiopia,youth_unemployment_rate,2013,3.429
ETH,Ethiopia,youth_unemployment_rate,2012,3.414
ETH,Ethiopia,youth_unemployment_rate,2011,3.42
ETH,Ethiopia,youth_unemployment_rate,2010,3.435
ETH,Ethiopia,gini_index,2021,31.1
ETH,Ethiopia,gini_index,2015,35.0
ETH,Ethiopia,gini_index,2010,33.2
SOM,Somalia,debt_to_gdp,2024,12.6627391994652
SOM,Somalia,debt_to_gdp,2022,43.3780260707635
SOM,Somalia,debt_to_gdp,2021,47.306970368027
SOM,Somalia,gdp_growth,2025,2.99114404482197
SOM,Somalia,gdp_growth,2024,4.11139335779471
SOM,Somalia,gdp_growth,2023,4.17524257571303
SOM,Somalia,gdp_growth,2022,2.71821202053759
SOM,Somalia,gdp_growth,2021,3.44719850031242
SOM,Somalia,gdp_growth,2020,-2.76455696202532
SOM,Somalia,gdp_growth,2019,2.80033312513012
SOM,Somalia,gdp_growth,2018,2.05431507261069
SOM,Somalia,gdp_growth,2017,14.7357956045195
SOM,Somalia,gdp_growth,2016,7.03487260042162
SOM,Somalia,gdp_growth,2015,10.4621881235147
SOM,Somalia,gdp_growth,2014,8.97800590574617
SOM,Somalia,gdp_growth,2013,10.9592986164311
SOM,Somalia,gdp_growth,2012,6.69435192556698
SOM,Somalia,gdp_growth,2011,6.69435192567755
SOM,Somalia,gdp_growth,2010,6.69435192550543
SOM,Somalia,political_stability,2024,-2.2630781
SOM,Somalia,political_stability,2023,-2.1717975
SOM,Somalia,political_stability,2022,-2.092858
SOM,Somalia,political_stability,2021,-2.60696149999999
SOM,Somalia,political_stability,2020,-2.3507544
SOM,Somalia,political_stability,2019,-2.0704895
SOM,Somalia,political_stability,2018,-2.06147769999999
SOM,Somalia,political_stability,2017,-2.022776
SOM,Somalia,political_stability,2016,-2.2701767
SOM,Somalia,political_stability,2015,-2.2815589
SOM,Somalia,political_stability,2014,-2.4369844
SOM,Somalia,political_stability,2013,-2.85136569999999
SOM,Somalia,political_stability,2012,-2.90139839999999
SOM,Somalia,political_stability,2011,-3.01651169999999
SOM,Somalia,political_stability,2010,-2.9277889
SOM,Somalia,government_effectiveness,2024,-1.95005229999999
SOM,Somalia,government_effectiveness,2023,-1.8653529
SOM,Somalia,government_effectiveness,2022,-1.94568789999999
SOM,Somalia,government_effectiveness,2021,-1.96354459999999
SOM,Somalia,government_effectiveness,2020,-1.9389024
SOM,Somalia,government_effectiveness,2019,-2.0111906
SOM,Somalia,government_effectiveness,2018,-2.0330208
SOM,Somalia,government_effectiveness,2017,-2.00100279999999
SOM,Somalia,government_effectiveness,2016,-1.97665619999999
SOM,Somalia,government_effectiveness,2015,-2.050969
SOM,Somalia,government_effectiveness,2014,-2.2056492
SOM,Somalia,government_effectiveness,2013,-2.0903583
SOM,Somalia,government_effectiveness,2012,-2.06505629999999
SOM,Somalia,government_effectiveness,2011,-2.09105699999999
SOM,Somalia,government_effectiveness,2010,-2.0844758
SOM,Somalia,rule_of_law,2024,-2.2054496
SOM,Somalia,rule_of_law,2023,-2.1303739
SOM,Somalia,rule_of_law,2022,-2.2051746
SOM,Somalia,rule_of_law,2021,-2.16817529999999
SOM,Somalia,rule_of_law,2020,-2.18341659999999
SOM,Somalia,rule_of_law,2019,-2.27689089999999
SOM,Somalia,rule_of_law,2018,-2.3047801
SOM,Somalia,rule_of_law,2017,-2.3167845
SOM,Somalia,rule_of_law,2016,-2.2378636
SOM,Somalia,rule_of_law,2015,-2.1954112
SOM,Somalia,rule_of_law,2014,-2.2284291
SOM,Somalia,rule_of_law,2013,-2.3576872
SOM,Somalia,rule_of_law,2012,-2.35479259999999
SOM,Somalia,rule_of_law,2011,-2.380498
SOM,Somalia,rule_of_law,2010,-2.3849652
SOM,Somalia,regulatory_quality,2024,-1.72760539999999
SOM,Somalia,regulatory_quality,2023,-1.6997338
SOM,Somalia,regulatory_quality,2022,-1.7887408
SOM,Somalia,regulatory_quality,2021,-1.7880177
SOM,Somalia,regulatory_quality,2020,-1.8686121
SOM,Somalia,regulatory_quality,2019,-1.9736596
SOM,Somalia,regulatory_quality,2018,-1.9778262
SOM,Somalia,regulatory_quality,2017,-2.0883575
SOM,Somalia,regulatory_quality,2016,-2.08945249999999
SOM,Somalia,regulatory_quality,2015,-2.0369376
SOM,Somalia,regulatory_quality,2014,-2.0809389
SOM,Somalia,regulatory_quality,2013,-2.2176149
SOM,Somalia,regulatory_quality,2012,-2.1097626
SOM,Somalia,regulatory_quality,2011,-2.19839659999999
SOM,Somalia,regulatory_quality,2010,-2.16569539999999
SOM,Somalia,control_of_corruption,2024,-1.7861136
SOM,Somalia,control_of_corruption,2023,-1.61685259999999
SOM,Somalia,control_of_corruption,2022,-1.59878449999999
SOM,Somalia,control_of_corruption,2021,-1.6031075
SOM,Somalia,control_of_corruption,2020,-1.5494727
SOM,Somalia,control_of_corruption,2019,-1.6343465
SOM,Somalia,control_of_corruption,2018,-1.80642059999999
SOM,Somalia,control_of_corruption,2017,-1.721871
SOM,Somalia,control_of_corruption,2016,-1.7350014
SOM,Somalia,control_of_corruption,2015,-1.7297878
SOM,Somalia,control_of_corruption,2014,-1.73994569999999
SOM,Somalia,control_of_corruption,2013,-1.64551309999999
SOM,Somalia,control_of_corruption,2012,-1.649052
SOM,Somalia,control_of_corruption,2011,-1.6615444
SOM,Somalia,control_of_corruption,2010,-1.684578
SOM,Somalia,fdi_net_inflows_pct_gdp,2024,6.39257959388318
SOM,Somalia,fdi_net_inflows_pct_gdp,2023,6.17357181967512
SOM,Somalia,fdi_net_inflows_pct_gdp,2022,6.23346074683917
SOM,Somalia,fdi_net_inflows_pct_gdp,2021,6.33765685964357
SOM,Somalia,fdi_net_inflows_pct_gdp,2020,6.18915159944367
SOM,Somalia,fdi_net_inflows_pct_gdp,2019,5.16404805914972
SOM,Somalia,fdi_net_inflows_pct_gdp,2018,5.18226851263813
SOM,Somalia,fdi_net_inflows_pct_gdp,2017,4.84156553446397
SOM,Somalia,fdi_net_inflows_pct_gdp,2016,4.9896102178043
SOM,Somalia,fdi_net_inflows_pct_gdp,2015,4.92510820324606
SOM,Somalia,fdi_net_inflows_pct_gdp,2014,4.55624629490798
SOM,Somalia,fdi_net_inflows_pct_gdp,2013,5.09591217775954
SOM,Somalia,fdi_net_inflows_pct_gdp,2012,2.45906325256211
SOM,Somalia,fdi_net_inflows_pct_gdp,2011,3.50997923598382
SOM,Somalia,fdi_net_inflows_pct_gdp,2010,4.16696585149836
SOM,Somalia,exports_pct_gdp,2025,29.2484917491797
SOM,Somalia,exports_pct_gdp,2024,31.2108297819002
SOM,Somalia,exports_pct_gdp,2023,21.9383099105676
SOM,Somalia,exports_pct_gdp,2022,17.6810741938645
SOM,Somalia,exports_pct_gdp,2021,16.1552251397237
SOM,Somalia,exports_pct_gdp,2020,13.6532220676866
SOM,Somalia,exports_pct_gdp,2019,13.0660813308688
SOM,Somalia,exports_pct_gdp,2018,14.2131334942208
SOM,Somalia,exports_pct_gdp,2017,13.0465010418362
SOM,Somalia,exports_pct_gdp,2016,16.1359579394828
SOM,Somalia,exports_pct_gdp,2015,16.8715688310983
SOM,Somalia,exports_pct_gdp,2014,19.1628937165159
SOM,Somalia,exports_pct_gdp,2013,18.6178689226979
SOM,Somalia,exports_pct_gdp,2012,19.5524000374862
SOM,Somalia,imports_pct_gdp,2025,98.8149470599555
SOM,Somalia,imports_pct_gdp,2024,99.1142308013704
SOM,Somalia,imports_pct_gdp,2023,81.1826975725497
SOM,Somalia,imports_pct_gdp,2022,73.0765461138881
SOM,Somalia,imports_pct_gdp,2021,62.9442159654118
SOM,Somalia,imports_pct_gdp,2020,62.0421882243857
SOM,Somalia,imports_pct_gdp,2019,57.231977818854
SOM,Somalia,imports_pct_gdp,2018,59.6087895338499
SOM,Somalia,imports_pct_gdp,2017,55.6291480514478
SOM,Somalia,imports_pct_gdp,2016,58.225604612142
SOM,Somalia,imports_pct_gdp,2015,59.6077634074256
SOM,Somalia,imports_pct_gdp,2014,62.5381477394163
SOM,Somalia,imports_pct_gdp,2013,64.7231302031399
SOM,Somalia,imports_pct_gdp,2012,69.0212460407427
SOM,Somalia,official_exchange_rate_lcu_usd,2017,23097.9873219373
SOM,Somalia,official_exchange_rate_lcu_usd,2016,23061.7843138651
SOM,Somalia,official_exchange_rate_lcu_usd,2015,22254.2356837607
SOM,Somalia,official_exchange_rate_lcu_usd,2014,20230.9291310541
SOM,Somalia,official_exchange_rate_lcu_usd,2013,19283.7999504521
SOM,Somalia,official_exchange_rate_lcu_usd,2012,22516.0002967711
SOM,Somalia,official_exchange_rate_lcu_usd,2011,29966.8354404084
SOM,Somalia,official_exchange_rate_lcu_usd,2010,31269.6625712251
SOM,Somalia,gdp_current_usd,2025,12995200000.2658
SOM,Somalia,gdp_current_usd,2024,11967000000.0
SOM,Somalia,gdp_current_usd,2023,10958000000.0
SOM,Somalia,gdp_current_usd,2022,10203000000.0
SOM,Somalia,gdp_current_usd,2021,9483000000.0
SOM,Somalia,gdp_current_usd,2020,8628000000.0
SOM,Somalia,gdp_current_usd,2019,8656000000.0
SOM,Somalia,gdp_current_usd,2018,7873000000.0
SOM,Somalia,gdp_current_usd,2017,7621501710.0012
SOM,Somalia,gdp_current_usd,2016,6613743069.99912
SOM,Somalia,gdp_current_usd,2015,6152149099.99942
SOM,Somalia,gdp_current_usd,2014,5728399719.99958
SOM,Somalia,gdp_current_usd,2013,5062881600.00104
SOM,Somalia,gdp_current_usd,2012,4364670159.99578
SOM,Somalia,gdp_current_usd,2011,2906000096.93249
SOM,Somalia,gdp_current_usd,2010,2687807003.73935
SOM,Somalia,gdp_per_capita_usd,2025,661.173877723116
SOM,Somalia,gdp_per_capita_usd,2024,629.538899449007
SOM,Somalia,gdp_per_capita_usd,2023,596.885985135589
SOM,Somalia,gdp_per_capita_usd,2022,573.141165798229
SOM,Somalia,gdp_per_capita_usd,2021,549.056994756254
SOM,Somalia,gdp_per_capita_usd,2020,518.16113333875
SOM,Somalia,gdp_per_capita_usd,2019,539.954816211694
SOM,Somalia,gdp_per_capita_usd,2018,509.497273804534
SOM,Somalia,gdp_per_capita_usd,2017,510.939952317726
SOM,Somalia,gdp_per_capita_usd,2016,460.928490585175
SOM,Somalia,gdp_per_capita_usd,2015,445.583080073396
SOM,Somalia,gdp_per_capita_usd,2014,429.431656725102
SOM,Somalia,gdp_per_capita_usd,2013,393.398703952979
SOM,Somalia,gdp_per_capita_usd,2012,350.261946720512
SOM,Somalia,gdp_per_capita_usd,2011,235.325945610434
SOM,Somalia,gdp_per_capita_usd,2010,219.202453852397
SOM,Somalia,unemployment_rate,2025,18.948
SOM,Somalia,unemployment_rate,2024,18.949
SOM,Somalia,unemployment_rate,2023,18.96
SOM,Somalia,unemployment_rate,2022,19.112
SOM,Somalia,unemployment_rate,2021,19.662
SOM,Somalia,unemployment_rate,2020,19.414
SOM,Somalia,unemployment_rate,2019,18.828
SOM,Somalia,unemployment_rate,2018,18.7
SOM,Somalia,unemployment_rate,2017,18.455
SOM,Somalia,unemployment_rate,2016,18.611
SOM,Somalia,unemployment_rate,2015,18.495
SOM,Somalia,unemployment_rate,2014,18.595
SOM,Somalia,unemployment_rate,2013,18.655
SOM,Somalia,unemployment_rate,2012,18.771
SOM,Somalia,unemployment_rate,2011,18.761
SOM,Somalia,unemployment_rate,2010,18.741
SOM,Somalia,youth_unemployment_rate,2025,34.23
SOM,Somalia,youth_unemployment_rate,2024,34.137
SOM,Somalia,youth_unemployment_rate,2023,34.091
SOM,Somalia,youth_unemployment_rate,2022,34.286
SOM,Somalia,youth_unemployment_rate,2021,35.287
SOM,Somalia,youth_unemployment_rate,2020,35.91
SOM,Somalia,youth_unemployment_rate,2019,33.844
SOM,Somalia,youth_unemployment_rate,2018,33.602
SOM,Somalia,youth_unemployment_rate,2017,33.201
SOM,Somalia,youth_unemployment_rate,2016,33.467
SOM,Somalia,youth_unemployment_rate,2015,33.352
SOM,Somalia,youth_unemployment_rate,2014,33.548
SOM,Somalia,youth_unemployment_rate,2013,33.655
SOM,Somalia,youth_unemployment_rate,2012,33.826
SOM,Somalia,youth_unemployment_rate,2011,33.743
SOM,Somalia,youth_unemployment_rate,2010,33.644
DJI,Djibouti,current_account_pct_gdp,2024,14.6941756648345
DJI,Djibouti,current_account_pct_gdp,2023,18.5034837806032
DJI,Djibouti,current_account_pct_gdp,2022,18.418217152052
DJI,Djibouti,current_account_pct_gdp,2021,-6.63481531701171
DJI,Djibouti,current_account_pct_gdp,2020,11.6521171854969
DJI,Djibouti,current_account_pct_gdp,2019,18.2584391861665
DJI,Djibouti,current_account_pct_gdp,2018,14.711779905443
DJI,Djibouti,current_account_pct_gdp,2017,-4.79510874009854
DJI,Djibouti,current_account_pct_gdp,2016,-1.00034788975653
DJI,Djibouti,current_account_pct_gdp,2015,29.4599511791353
DJI,Djibouti,current_account_pct_gdp,2014,23.8932174835351
DJI,Djibouti,current_account_pct_gdp,2013,-30.7512096888003
DJI,Djibouti,current_account_pct_gdp,2012,-10.9311673573902
DJI,Djibouti,current_account_pct_gdp,2011,-13.8678242864019
DJI,Djibouti,current_account_pct_gdp,2010,4.47357137871551
DJI,Djibouti,reserves_months_imports,2024,0.850017224988693
DJI,Djibouti,reserves_months_imports,2023,1.10411747889346
DJI,Djibouti,reserves_months_imports,2022,1.34430440635494
DJI,Djibouti,reserves_months_imports,2021,1.25571117105207
DJI,Djibouti,reserves_months_imports,2020,2.29585382544443
DJI,Djibouti,reserves_months_imports,2019,1.21983600051018
DJI,Djibouti,reserves_months_imports,2018,1.24125456382954
DJI,Djibouti,reserves_months_imports,2017,1.49154157981283
DJI,Djibouti,reserves_months_imports,2016,1.64742258520207
DJI,Djibouti,reserves_months_imports,2015,1.43676965414638
DJI,Djibouti,reserves_months_imports,2014,1.48167498855892
DJI,Djibouti,reserves_months_imports,2013,1.28168987137256
DJI,Djibouti,reserves_months_imports,2012,4.01859282386055
DJI,Djibouti,reserves_months_imports,2011,4.17092204640401
DJI,Djibouti,reserves_months_imports,2010,5.87691030696574
DJI,Djibouti,gdp_growth,2025,6.4954610524268
DJI,Djibouti,gdp_growth,2024,6.98048467276334
DJI,Djibouti,gdp_growth,2023,6.80733529403308
DJI,Djibouti,gdp_growth,2022,5.16653702854374
DJI,Djibouti,gdp_growth,2021,4.40715667561153
DJI,Djibouti,gdp_growth,2020,1.2021151728969
DJI,Djibouti,gdp_growth,2019,5.54508081154978
DJI,Djibouti,gdp_growth,2018,4.77433934943193
DJI,Djibouti,gdp_growth,2017,5.458091517212
DJI,Djibouti,gdp_growth,2016,7.1234323372872
DJI,Djibouti,gdp_growth,2015,7.30898563450799
DJI,Djibouti,gdp_growth,2014,7.19298728463697
DJI,Djibouti,inflation,2025,-0.313731799533481
DJI,Djibouti,inflation,2024,2.1120116728497
DJI,Djibouti,inflation,2023,1.44905087029086
DJI,Djibouti,inflation,2022,5.17222088647606
DJI,Djibouti,inflation,2021,1.18086783934059
DJI,Djibouti,inflation,2020,1.77900535643955
DJI,Djibouti,inflation,2019,3.31763203299603
DJI,Djibouti,inflation,2018,0.138836400011405
DJI,Djibouti,inflation,2017,0.577285724560661
DJI,Djibouti,inflation,2016,2.4025290543489
DJI,Djibouti,inflation,2015,-0.522166521445793
DJI,Djibouti,inflation,2014,1.34186494340162
DJI,Djibouti,inflation,2013,2.70603242872186
DJI,Djibouti,inflation,2012,3.73120950756887
DJI,Djibouti,inflation,2011,5.0687139477798
DJI,Djibouti,inflation,2010,3.95007875923886
DJI,Djibouti,political_stability,2024,-0.5563593
DJI,Djibouti,political_stability,2023,-0.4640183
DJI,Djibouti,political_stability,2022,-0.4774121
DJI,Djibouti,political_stability,2021,-0.5273642
DJI,Djibouti,political_stability,2020,-0.4591955
DJI,Djibouti,political_stability,2019,-0.3842768
DJI,Djibouti,political_stability,2018,-0.296717499999999
DJI,Djibouti,political_stability,2017,-0.7552217
DJI,Djibouti,political_stability,2016,-0.7074408
DJI,Djibouti,political_stability,2015,-0.493180099999999
DJI,Djibouti,political_stability,2014,-0.3843552
DJI,Djibouti,political_stability,2013,-0.2955231
DJI,Djibouti,political_stability,2012,0.1173704
DJI,Djibouti,political_stability,2011,0.1177782
DJI,Djibouti,political_stability,2010,0.3584284
DJI,Djibouti,government_effectiveness,2024,-0.4930443
DJI,Djibouti,government_effectiveness,2023,-0.536184
DJI,Djibouti,government_effectiveness,2022,-0.5581809
DJI,Djibouti,government_effectiveness,2021,-0.647701299999999
DJI,Djibouti,government_effectiveness,2020,-0.675007399999999
DJI,Djibouti,government_effectiveness,2019,-0.6529552
DJI,Djibouti,government_effectiveness,2018,-0.772010699999999
DJI,Djibouti,government_effectiveness,2017,-0.779234499999999
DJI,Djibouti,government_effectiveness,2016,-0.712875399999999
DJI,Djibouti,government_effectiveness,2015,-0.7524266
DJI,Djibouti,government_effectiveness,2014,-0.6905333
DJI,Djibouti,government_effectiveness,2013,-0.7216376
DJI,Djibouti,government_effectiveness,2012,-0.768965799999999
DJI,Djibouti,government_effectiveness,2011,-0.725115499999999
DJI,Djibouti,government_effectiveness,2010,-0.729241799999999
DJI,Djibouti,rule_of_law,2024,-1.01039869999999
DJI,Djibouti,rule_of_law,2023,-1.03950379999999
DJI,Djibouti,rule_of_law,2022,-1.0215603
DJI,Djibouti,rule_of_law,2021,-1.0311038
DJI,Djibouti,rule_of_law,2020,-1.0447412
DJI,Djibouti,rule_of_law,2019,-1.0072723
DJI,Djibouti,rule_of_law,2018,-0.9865925
DJI,Djibouti,rule_of_law,2017,-1.01021689999999
DJI,Djibouti,rule_of_law,2016,-1.0026644
DJI,Djibouti,rule_of_law,2015,-1.0027773
DJI,Djibouti,rule_of_law,2014,-1.0251459
DJI,Djibouti,rule_of_law,2013,-0.917468
DJI,Djibouti,rule_of_law,2012,-0.865352799999999
DJI,Djibouti,rule_of_law,2011,-0.864629
DJI,Djibouti,rule_of_law,2010,-0.7820756
DJI,Djibouti,regulatory_quality,2024,-0.852795899999999
DJI,Djibouti,regulatory_quality,2023,-0.788349299999999
DJI,Djibouti,regulatory_quality,2022,-0.769363799999999
DJI,Djibouti,regulatory_quality,2021,-0.7686696
DJI,Djibouti,regulatory_quality,2020,-0.830967799999999
DJI,Djibouti,regulatory_quality,2019,-0.772907799999999
DJI,Djibouti,regulatory_quality,2018,-0.7398709
DJI,Djibouti,regulatory_quality,2017,-0.6812526
DJI,Djibouti,regulatory_quality,2016,-0.715720799999999
DJI,Djibouti,regulatory_quality,2015,-0.7293921
DJI,Djibouti,regulatory_quality,2014,-0.7204568
DJI,Djibouti,regulatory_quality,2013,-0.753186199999999
DJI,Djibouti,regulatory_quality,2012,-0.689775799999999
DJI,Djibouti,regulatory_quality,2011,-0.7534194
DJI,Djibouti,regulatory_quality,2010,-0.7631836
DJI,Djibouti,control_of_corruption,2024,-0.8908098
DJI,Djibouti,control_of_corruption,2023,-0.905052699999999
DJI,Djibouti,control_of_corruption,2022,-0.9087909
DJI,Djibouti,control_of_corruption,2021,-0.9086172
DJI,Djibouti,control_of_corruption,2020,-0.814078299999999
DJI,Djibouti,control_of_corruption,2019,-0.9286163
DJI,Djibouti,control_of_corruption,2018,-0.821555599999999
DJI,Djibouti,control_of_corruption,2017,-0.7643067
DJI,Djibouti,control_of_corruption,2016,-0.7112911
DJI,Djibouti,control_of_corruption,2015,-0.729731599999999
DJI,Djibouti,control_of_corruption,2014,-0.7346191
DJI,Djibouti,control_of_corruption,2013,-0.620851399999999
DJI,Djibouti,control_of_corruption,2012,-0.5478799
DJI,Djibouti,control_of_corruption,2011,-0.5260663
DJI,Djibouti,control_of_corruption,2010,-0.5264958
DJI,Djibouti,fdi_net_inflows_pct_gdp,2024,1.63337101411676
DJI,Djibouti,fdi_net_inflows_pct_gdp,2023,3.51446231641349
DJI,Djibouti,fdi_net_inflows_pct_gdp,2022,5.24930012962196
DJI,Djibouti,fdi_net_inflows_pct_gdp,2021,4.91482788768696
DJI,Djibouti,fdi_net_inflows_pct_gdp,2020,5.03254315668511
DJI,Djibouti,fdi_net_inflows_pct_gdp,2019,5.66550441566635
DJI,Djibouti,fdi_net_inflows_pct_gdp,2018,5.83497725047345
DJI,Djibouti,fdi_net_inflows_pct_gdp,2017,5.97013597143086
DJI,Djibouti,fdi_net_inflows_pct_gdp,2016,6.1420623506391
DJI,Djibouti,fdi_net_inflows_pct_gdp,2015,5.93271216592944
DJI,Djibouti,fdi_net_inflows_pct_gdp,2014,6.88983261287099
DJI,Djibouti,fdi_net_inflows_pct_gdp,2013,13.9893763417185
DJI,Djibouti,fdi_net_inflows_pct_gdp,2012,8.1261509172004
DJI,Djibouti,fdi_net_inflows_pct_gdp,2011,6.37538483893525
DJI,Djibouti,fdi_net_inflows_pct_gdp,2010,3.23415329697175
DJI,Djibouti,exports_pct_gdp,2025,110.493588636595
DJI,Djibouti,exports_pct_gdp,2024,126.415267144255
DJI,Djibouti,exports_pct_gdp,2023,150.741322598259
DJI,Djibouti,exports_pct_gdp,2022,159.250735528808
DJI,Djibouti,exports_pct_gdp,2021,142.728193974095
DJI,Djibouti,exports_pct_gdp,2020,117.134854035476
DJI,Djibouti,exports_pct_gdp,2019,166.717864481384
DJI,Djibouti,exports_pct_gdp,2018,156.619986522272
DJI,Djibouti,exports_pct_gdp,2017,150.098361470494
DJI,Djibouti,exports_pct_gdp,2016,103.764025112093
DJI,Djibouti,exports_pct_gdp,2015,145.421307480105
DJI,Djibouti,exports_pct_gdp,2014,157.949327841603
DJI,Djibouti,exports_pct_gdp,2013,156.414102493532
DJI,Djibouti,imports_pct_gdp,2025,95.8024545556204
DJI,Djibouti,imports_pct_gdp,2024,114.822195954032
DJI,Djibouti,imports_pct_gdp,2023,135.160721202385
DJI,Djibouti,imports_pct_gdp,2022,143.034673702738
DJI,Djibouti,imports_pct_gdp,2021,120.749534759797
DJI,Djibouti,imports_pct_gdp,2020,108.610017288247
DJI,Djibouti,imports_pct_gdp,2019,154.221365882795
DJI,Djibouti,imports_pct_gdp,2018,143.778914001572
DJI,Djibouti,imports_pct_gdp,2017,155.869604932974
DJI,Djibouti,imports_pct_gdp,2016,109.307973495828
DJI,Djibouti,imports_pct_gdp,2015,122.942148774525
DJI,Djibouti,imports_pct_gdp,2014,140.615207979648
DJI,Djibouti,imports_pct_gdp,2013,191.30621456487
DJI,Djibouti,official_exchange_rate_lcu_usd,2025,177.721
DJI,Djibouti,official_exchange_rate_lcu_usd,2024,177.721
DJI,Djibouti,official_exchange_rate_lcu_usd,2023,177.721
DJI,Djibouti,official_exchange_rate_lcu_usd,2022,177.721
DJI,Djibouti,official_exchange_rate_lcu_usd,2021,177.721
DJI,Djibouti,official_exchange_rate_lcu_usd,2020,177.721
DJI,Djibouti,official_exchange_rate_lcu_usd,2019,177.721
DJI,Djibouti,official_exchange_rate_lcu_usd,2018,177.721
DJI,Djibouti,official_exchange_rate_lcu_usd,2017,177.721
DJI,Djibouti,official_exchange_rate_lcu_usd,2016,177.721
DJI,Djibouti,official_exchange_rate_lcu_usd,2015,177.721
DJI,Djibouti,official_exchange_rate_lcu_usd,2014,177.721
DJI,Djibouti,official_exchange_rate_lcu_usd,2013,177.721
DJI,Djibouti,official_exchange_rate_lcu_usd,2012,177.721
DJI,Djibouti,official_exchange_rate_lcu_usd,2011,177.721
DJI,Djibouti,official_exchange_rate_lcu_usd,2010,177.721
DJI,Djibouti,gdp_current_usd,2025,4624533092.31886
DJI,Djibouti,gdp_current_usd,2024,4152145939.98458
DJI,Djibouti,gdp_current_usd,2023,3898447007.38798
DJI,Djibouti,gdp_current_usd,2022,3562814908.76149
DJI,Djibouti,gdp_current_usd,2021,3392796953.08939
DJI,Djibouti,gdp_current_usd,2020,3144136196.6228
DJI,Djibouti,gdp_current_usd,2019,3088851450.30694
DJI,Djibouti,gdp_current_usd,2018,2913464658.08768
DJI,Djibouti,gdp_current_usd,2017,2762581334.22612
DJI,Djibouti,gdp_current_usd,2016,2604955228.70117
DJI,Djibouti,gdp_current_usd,2015,2424391785.43897
DJI,Djibouti,gdp_current_usd,2014,2220637966.25047
DJI,Djibouti,gdp_current_usd,2013,2044440443.16654
DJI,Djibouti,gdp_current_usd,2012,1353632941.5207
DJI,Djibouti,gdp_current_usd,2011,1239144501.77525
DJI,Djibouti,gdp_current_usd,2010,1128611700.3618
DJI,Djibouti,gdp_per_capita_usd,2025,3905.604954681
DJI,Djibouti,gdp_per_capita_usd,2024,3552.72335079222
DJI,Djibouti,gdp_per_capita_usd,2023,3381.29779710722
DJI,Djibouti,gdp_per_capita_usd,2022,3133.25779772463
DJI,Djibouti,gdp_per_capita_usd,2021,3025.91126413549
DJI,Djibouti,gdp_per_capita_usd,2020,2844.88810647853
DJI,Djibouti,gdp_per_capita_usd,2019,2837.16902340932
DJI,Djibouti,gdp_per_capita_usd,2018,2718.08338799203
DJI,Djibouti,gdp_per_capita_usd,2017,2618.95521147369
DJI,Djibouti,gdp_per_capita_usd,2016,2510.4300076241
DJI,Djibouti,gdp_per_capita_usd,2015,2376.12554719873
DJI,Djibouti,gdp_per_capita_usd,2014,2214.62084142432
DJI,Djibouti,gdp_per_capita_usd,2013,2075.94498424748
DJI,Djibouti,gdp_per_capita_usd,2012,1400.19357858954
DJI,Djibouti,gdp_per_capita_usd,2011,1306.34552844977
DJI,Djibouti,gdp_per_capita_usd,2010,1213.23352553429
DJI,Djibouti,total_reserves_usd,2025,655743660.361958
DJI,Djibouti,total_reserves_usd,2024,348725427.269846
DJI,Djibouti,total_reserves_usd,2023,502033555.759362
DJI,Djibouti,total_reserves_usd,2022,589437241.827389
DJI,Djibouti,total_reserves_usd,2021,588417559.788355
DJI,Djibouti,total_reserves_usd,2020,686339280.94212
DJI,Djibouti,total_reserves_usd,2019,501857934.384136
DJI,Djibouti,total_reserves_usd,2018,454193909.718601
DJI,Djibouti,total_reserves_usd,2017,556097628.852465
DJI,Djibouti,total_reserves_usd,2016,407414266.733581
DJI,Djibouti,total_reserves_usd,2015,364857284.064063
DJI,Djibouti,total_reserves_usd,2014,393148391.657684
DJI,Djibouti,total_reserves_usd,2013,424961509.881339
DJI,Djibouti,total_reserves_usd,2012,248630000.267239
DJI,Djibouti,total_reserves_usd,2011,244112095.169796
DJI,Djibouti,total_reserves_usd,2010,248997896.289132
DJI,Djibouti,unemployment_rate,2025,26.015
DJI,Djibouti,unemployment_rate,2024,26.007
DJI,Djibouti,unemployment_rate,2023,26.074
DJI,Djibouti,unemployment_rate,2022,26.272
DJI,Djibouti,unemployment_rate,2021,27.628
DJI,Djibouti,unemployment_rate,2020,27.701
DJI,Djibouti,unemployment_rate,2019,26.257
DJI,Djibouti,unemployment_rate,2018,26.18
DJI,Djibouti,unemployment_rate,2017,26.064
DJI,Djibouti,unemployment_rate,2016,25.982
DJI,Djibouti,unemployment_rate,2015,26.063
DJI,Djibouti,unemployment_rate,2014,26.16
DJI,Djibouti,unemployment_rate,2013,26.149
DJI,Djibouti,unemployment_rate,2012,26.179
DJI,Djibouti,unemployment_rate,2011,26.31
DJI,Djibouti,unemployment_rate,2010,26.368
DJI,Djibouti,youth_unemployment_rate,2025,76.766
DJI,Djibouti,youth_unemployment_rate,2024,76.494
DJI,Djibouti,youth_unemployment_rate,2023,76.393
DJI,Djibouti,youth_unemployment_rate,2022,76.609
DJI,Djibouti,youth_unemployment_rate,2021,79.377
DJI,Djibouti,youth_unemployment_rate,2020,81.882
DJI,Djibouti,youth_unemployment_rate,2019,75.906
DJI,Djibouti,youth_unemployment_rate,2018,74.98
DJI,Djibouti,youth_unemployment_rate,2017,73.951
DJI,Djibouti,youth_unemployment_rate,2016,73.014
DJI,Djibouti,youth_unemployment_rate,2015,72.492
DJI,Djibouti,youth_unemployment_rate,2014,72.035
DJI,Djibouti,youth_unemployment_rate,2013,71.343
DJI,Djibouti,youth_unemployment_rate,2012,70.783
DJI,Djibouti,youth_unemployment_rate,2011,70.486
DJI,Djibouti,youth_unemployment_rate,2010,70.021
DJI,Djibouti,gini_index,2017,41.6
DJI,Djibouti,gini_index,2013,44.1
DJI,Djibouti,gini_index,2012,45.1
ERI,Eritrea,gdp_growth,2011,8.67980010138049
ERI,Eritrea,gdp_growth,2010,2.19419034888082
ERI,Eritrea,political_stability,2024,-0.7086146
ERI,Eritrea,political_stability,2023,-0.7897784
ERI,Eritrea,political_stability,2022,-1.0696541
ERI,Eritrea,political_stability,2021,-1.02707899999999
ERI,Eritrea,political_stability,2020,-1.0705711
ERI,Eritrea,political_stability,2019,-0.9764301
ERI,Eritrea,political_stability,2018,-0.9260353
ERI,Eritrea,political_stability,2017,-0.834184199999999
ERI,Eritrea,political_stability,2016,-0.7487988
ERI,Eritrea,political_stability,2015,-0.7893504
ERI,Eritrea,political_stability,2014,-0.651784799999999
ERI,Eritrea,political_stability,2013,-0.983509699999999
ERI,Eritrea,political_stability,2012,-0.9125405
ERI,Eritrea,political_stability,2011,-0.8949954
ERI,Eritrea,political_stability,2010,-0.8910469
ERI,Eritrea,government_effectiveness,2024,-1.45617889999999
ERI,Eritrea,government_effectiveness,2023,-1.3802453
ERI,Eritrea,government_effectiveness,2022,-1.34348739999999
ERI,Eritrea,government_effectiveness,2021,-1.394653
ERI,Eritrea,government_effectiveness,2020,-1.3975653
ERI,Eritrea,government_effectiveness,2019,-1.4628029
ERI,Eritrea,government_effectiveness,2018,-1.42377589999999
ERI,Eritrea,government_effectiveness,2017,-1.2739169
ERI,Eritrea,government_effectiveness,2016,-1.2669749
ERI,Eritrea,government_effectiveness,2015,-1.2742181
ERI,Eritrea,government_effectiveness,2014,-1.2490594
ERI,Eritrea,government_effectiveness,2013,-1.3919184
ERI,Eritrea,government_effectiveness,2012,-1.3263806
ERI,Eritrea,government_effectiveness,2011,-1.2937716
ERI,Eritrea,government_effectiveness,2010,-1.1909988
ERI,Eritrea,rule_of_law,2024,-1.8026292
ERI,Eritrea,rule_of_law,2023,-1.79714659999999
ERI,Eritrea,rule_of_law,2022,-1.7694664
ERI,Eritrea,rule_of_law,2021,-1.6516587
ERI,Eritrea,rule_of_law,2020,-1.6238593
ERI,Eritrea,rule_of_law,2019,-1.6886873
ERI,Eritrea,rule_of_law,2018,-1.6817801
ERI,Eritrea,rule_of_law,2017,-1.633707
ERI,Eritrea,rule_of_law,2016,-1.6534478
ERI,Eritrea,rule_of_law,2015,-1.6533883
ERI,Eritrea,rule_of_law,2014,-1.676812
ERI,Eritrea,rule_of_law,2013,-1.570103
ERI,Eritrea,rule_of_law,2012,-1.51498929999999
ERI,Eritrea,rule_of_law,2011,-1.5167327
ERI,Eritrea,rule_of_law,2010,-1.5184043
ERI,Eritrea,regulatory_quality,2024,-2.0353648
ERI,Eritrea,regulatory_quality,2023,-2.0283618
ERI,Eritrea,regulatory_quality,2022,-1.9894957
ERI,Eritrea,regulatory_quality,2021,-1.98880149999999
ERI,Eritrea,regulatory_quality,2020,-1.95704219999999
ERI,Eritrea,regulatory_quality,2019,-1.9646637
ERI,Eritrea,regulatory_quality,2018,-1.9132827
ERI,Eritrea,regulatory_quality,2017,-1.9095327
ERI,Eritrea,regulatory_quality,2016,-1.92438579999999
ERI,Eritrea,regulatory_quality,2015,-1.8843157
ERI,Eritrea,regulatory_quality,2014,-1.9053624
ERI,Eritrea,regulatory_quality,2013,-1.9571541
ERI,Eritrea,regulatory_quality,2012,-1.8952942
ERI,Eritrea,regulatory_quality,2011,-1.87367889999999
ERI,Eritrea,regulatory_quality,2010,-1.8738187
ERI,Eritrea,control_of_corruption,2024,-1.6331361
ERI,Eritrea,control_of_corruption,2023,-1.4131414
ERI,Eritrea,control_of_corruption,2022,-1.3644356
ERI,Eritrea,control_of_corruption,2021,-1.36851339999999
ERI,Eritrea,control_of_corruption,2020,-1.3612091
ERI,Eritrea,control_of_corruption,2019,-1.4238042
ERI,Eritrea,control_of_corruption,2018,-1.4338129
ERI,Eritrea,control_of_corruption,2017,-1.320663
ERI,Eritrea,control_of_corruption,2016,-1.35281649999999
ERI,Eritrea,control_of_corruption,2015,-1.3519275
ERI,Eritrea,control_of_corruption,2014,-1.124763
ERI,Eritrea,control_of_corruption,2013,-0.9908114
ERI,Eritrea,control_of_corruption,2012,-0.872825699999999
ERI,Eritrea,control_of_corruption,2011,-0.7517438
ERI,Eritrea,control_of_corruption,2010,-0.720041399999999
ERI,Eritrea,fdi_net_inflows_pct_gdp,2011,1.8886183675912
ERI,Eritrea,fdi_net_inflows_pct_gdp,2010,5.72501513985957
ERI,Eritrea,exports_pct_gdp,2011,18.1548372567671
ERI,Eritrea,exports_pct_gdp,2010,6.37837659786896
ERI,Eritrea,imports_pct_gdp,2011,29.2389528621013
ERI,Eritrea,imports_pct_gdp,2010,31.0930888587001
ERI,Eritrea,official_exchange_rate_lcu_usd,2025,15.075
ERI,Eritrea,official_exchange_rate_lcu_usd,2024,15.075
ERI,Eritrea,official_exchange_rate_lcu_usd,2023,15.075
ERI,Eritrea,official_exchange_rate_lcu_usd,2022,15.075
ERI,Eritrea,official_exchange_rate_lcu_usd,2021,15.075
ERI,Eritrea,official_exchange_rate_lcu_usd,2020,15.075
ERI,Eritrea,official_exchange_rate_lcu_usd,2019,15.075
ERI,Eritrea,official_exchange_rate_lcu_usd,2018,15.075
ERI,Eritrea,official_exchange_rate_lcu_usd,2017,15.075
ERI,Eritrea,official_exchange_rate_lcu_usd,2016,15.35
ERI,Eritrea,official_exchange_rate_lcu_usd,2015,15.375
ERI,Eritrea,official_exchange_rate_lcu_usd,2014,15.375
ERI,Eritrea,official_exchange_rate_lcu_usd,2013,15.375
ERI,Eritrea,official_exchange_rate_lcu_usd,2012,15.375
ERI,Eritrea,official_exchange_rate_lcu_usd,2011,15.375
ERI,Eritrea,official_exchange_rate_lcu_usd,2010,15.375
ERI,Eritrea,gdp_current_usd,2011,2065001626.01626
ERI,Eritrea,gdp_current_usd,2010,1589515447.15447
ERI,Eritrea,gdp_per_capita_usd,2011,688.68165957684
ERI,Eritrea,gdp_per_capita_usd,2010,539.699512069686
ERI,Eritrea,total_reserves_usd,2019,191694416.403147
ERI,Eritrea,total_reserves_usd,2018,163033689.39269
ERI,Eritrea,total_reserves_usd,2017,143412422.685212
ERI,Eritrea,total_reserves_usd,2016,145371150.939987
ERI,Eritrea,total_reserves_usd,2015,145070693.229695
ERI,Eritrea,total_reserves_usd,2014,151753160.388458
ERI,Eritrea,total_reserves_usd,2013,133338047.50637
ERI,Eritrea,total_reserves_usd,2012,132764717.792848
ERI,Eritrea,total_reserves_usd,2011,115328815.906209
ERI,Eritrea,total_reserves_usd,2010,114149602.728927
ERI,Eritrea,unemployment_rate,2025,5.978
ERI,Eritrea,unemployment_rate,2024,5.947
ERI,Eritrea,unemployment_rate,2023,5.909
ERI,Eritrea,unemployment_rate,2022,6.033
ERI,Eritrea,unemployment_rate,2021,6.489
ERI,Eritrea,unemployment_rate,2020,6.375
ERI,Eritrea,unemployment_rate,2019,5.812
ERI,Eritrea,unemployment_rate,2018,5.756
ERI,Eritrea,unemployment_rate,2017,5.804
ERI,Eritrea,unemployment_rate,2016,5.772
ERI,Eritrea,unemployment_rate,2015,5.751
ERI,Eritrea,unemployment_rate,2014,5.637
ERI,Eritrea,unemployment_rate,2013,5.624
ERI,Eritrea,unemployment_rate,2012,5.692
ERI,Eritrea,unemployment_rate,2011,5.801
ERI,Eritrea,unemployment_rate,2010,5.854
ERI,Eritrea,youth_unemployment_rate,2025,10.241
ERI,Eritrea,youth_unemployment_rate,2024,10.056
ERI,Eritrea,youth_unemployment_rate,2023,9.965
ERI,Eritrea,youth_unemployment_rate,2022,10.186
ERI,Eritrea,youth_unemployment_rate,2021,10.976
ERI,Eritrea,youth_unemployment_rate,2020,11.1
ERI,Eritrea,youth_unemployment_rate,2019,9.845
ERI,Eritrea,youth_unemployment_rate,2018,9.802
ERI,Eritrea,youth_unemployment_rate,2017,9.989
ERI,Eritrea,youth_unemployment_rate,2016,9.998
ERI,Eritrea,youth_unemployment_rate,2015,10.034
ERI,Eritrea,youth_unemployment_rate,2014,9.896
ERI,Eritrea,youth_unemployment_rate,2013,9.945
ERI,Eritrea,youth_unemployment_rate,2012,10.103
ERI,Eritrea,youth_unemployment_rate,2011,10.326
ERI,Eritrea,youth_unemployment_rate,2010,10.469
AFG,Afghanistan,currency_depreciation_pct,2011,0.634082093637926
AFG,Afghanistan,currency_depreciation_pct,2012,8.929752861965138
AFG,Afghanistan,currency_depreciation_pct,2013,8.750937719701342
AFG,Afghanistan,currency_depreciation_pct,2014,3.376822716807376
AFG,Afghanistan,currency_depreciation_pct,2015,6.805470180648414
AFG,Afghanistan,currency_depreciation_pct,2016,10.994837482308583
AFG,Afghanistan,currency_depreciation_pct,2017,0.23696417905584116
AFG,Afghanistan,currency_depreciation_pct,2018,5.96285124216366
AFG,Afghanistan,currency_depreciation_pct,2019,7.844682672415917
AFG,Afghanistan,currency_depreciation_pct,2020,-1.1891396063540838
ARE,UAE,currency_depreciation_pct,2011,0.0
ARE,UAE,currency_depreciation_pct,2012,0.0
ARE,UAE,currency_depreciation_pct,2013,0.0
ARE,UAE,currency_depreciation_pct,2014,0.0
ARE,UAE,currency_depreciation_pct,2015,0.0
ARE,UAE,currency_depreciation_pct,2016,0.0
ARE,UAE,currency_depreciation_pct,2017,0.0
ARE,UAE,currency_depreciation_pct,2018,0.0
ARE,UAE,currency_depreciation_pct,2019,0.0
ARE,UAE,currency_depreciation_pct,2020,0.0
ARE,UAE,currency_depreciation_pct,2021,0.0
ARE,UAE,currency_depreciation_pct,2022,0.0
ARE,UAE,currency_depreciation_pct,2023,0.0
ARE,UAE,currency_depreciation_pct,2024,0.0
ARE,UAE,currency_depreciation_pct,2025,0.0
BGD,Bangladesh,currency_depreciation_pct,2011,6.46540435024759
BGD,Bangladesh,currency_depreciation_pct,2012,10.397854059117844
BGD,Bangladesh,currency_depreciation_pct,2013,-4.592354328423414
BGD,Bangladesh,currency_depreciation_pct,2014,-0.5913028655812983
BGD,Bangladesh,currency_depreciation_pct,2015,0.39347560349293226
BGD,Bangladesh,currency_depreciation_pct,2016,0.668638878022719
BGD,Bangladesh,currency_depreciation_pct,2017,2.5098737055646185
BGD,Bangladesh,currency_depreciation_pct,2018,3.765232237641815
BGD,Bangladesh,currency_depreciation_pct,2019,1.1828986591712287
BGD,Bangladesh,currency_depreciation_pct,2020,0.49479187403543845
BGD,Bangladesh,currency_depreciation_pct,2021,0.2502275256277164
BGD,Bangladesh,currency_depreciation_pct,2022,7.829568104694876
BGD,Bangladesh,currency_depreciation_pct,2023,15.874388487943856
BGD,Bangladesh,currency_depreciation_pct,2024,8.742559105222805
BGD,Bangladesh,currency_depreciation_pct,2025,5.464518292387368
BHR,Bahrain,currency_depreciation_pct,2011,0.0
BHR,Bahrain,currency_depreciation_pct,2012,0.0
BHR,Bahrain,currency_depreciation_pct,2013,0.0
BHR,Bahrain,currency_depreciation_pct,2014,0.0
BHR,Bahrain,currency_depreciation_pct,2015,0.0
BHR,Bahrain,currency_depreciation_pct,2016,0.0
BHR,Bahrain,currency_depreciation_pct,2017,0.0
BHR,Bahrain,currency_depreciation_pct,2018,0.0
BHR,Bahrain,currency_depreciation_pct,2019,0.0
BHR,Bahrain,currency_depreciation_pct,2020,0.0
BHR,Bahrain,currency_depreciation_pct,2021,0.0
BHR,Bahrain,currency_depreciation_pct,2022,0.0
BHR,Bahrain,currency_depreciation_pct,2023,0.0
BHR,Bahrain,currency_depreciation_pct,2024,0.0
BHR,Bahrain,currency_depreciation_pct,2025,0.0
BTN,Bhutan,currency_depreciation_pct,2011,2.0659109190897755
BTN,Bhutan,currency_depreciation_pct,2012,14.499033650116921
BTN,Bhutan,currency_depreciation_pct,2013,9.657333962524381
BTN,Bhutan,currency_depreciation_pct,2014,4.149758454132462
BTN,Bhutan,currency_depreciation_pct,2015,5.116262238167855
BTN,Bhutan,currency_depreciation_pct,2016,4.7440001539670655
BTN,Bhutan,currency_depreciation_pct,2017,-3.086144071190997
BTN,Bhutan,currency_depreciation_pct,2018,5.018150693340044
BTN,Bhutan,currency_depreciation_pct,2019,2.9695705036495017
BTN,Bhutan,currency_depreciation_pct,2020,5.224664237134109
BTN,Bhutan,currency_depreciation_pct,2021,-0.24501366985759046
BTN,Bhutan,currency_depreciation_pct,2022,6.340102485246864
BTN,Bhutan,currency_depreciation_pct,2023,5.082134409190095
BTN,Bhutan,currency_depreciation_pct,2024,1.2954170797865368
BTN,Bhutan,currency_depreciation_pct,2025,4.1701885134784025
DJI,Djibouti,currency_depreciation_pct,2011,0.0
DJI,Djibouti,currency_depreciation_pct,2012,0.0
DJI,Djibouti,currency_depreciation_pct,2013,0.0
DJI,Djibouti,currency_depreciation_pct,2014,0.0
DJI,Djibouti,currency_depreciation_pct,2015,0.0
DJI,Djibouti,currency_depreciation_pct,2016,0.0
DJI,Djibouti,currency_depreciation_pct,2017,0.0
DJI,Djibouti,currency_depreciation_pct,2018,0.0
DJI,Djibouti,currency_depreciation_pct,2019,0.0
DJI,Djibouti,currency_depreciation_pct,2020,0.0
DJI,Djibouti,currency_depreciation_pct,2021,0.0
DJI,Djibouti,currency_depreciation_pct,2022,0.0
DJI,Djibouti,currency_depreciation_pct,2023,0.0
DJI,Djibouti,currency_depreciation_pct,2024,0.0
DJI,Djibouti,currency_depreciation_pct,2025,0.0
DZA,Algeria,currency_depreciation_pct,2011,-1.9467377254540972
DZA,Algeria,currency_depreciation_pct,2012,6.304108541674699
DZA,Algeria,currency_depreciation_pct,2013,2.363333317569994
DZA,Algeria,currency_depreciation_pct,2014,1.5253131808965652
DZA,Algeria,currency_depreciation_pct,2015,24.95986858448006
DZA,Algeria,currency_depreciation_pct,2016,8.691537148311552
DZA,Algeria,currency_depreciation_pct,2017,1.3979414563188364
DZA,Algeria,currency_depreciation_pct,2018,5.064992525960884
DZA,Algeria,currency_depreciation_pct,2019,2.36699281086592
DZA,Algeria,currency_depreciation_pct,2020,6.219539467717602
DZA,Algeria,currency_depreciation_pct,2021,6.536888715705882
DZA,Algeria,currency_depreciation_pct,2022,5.131577380535806
DZA,Algeria,currency_depreciation_pct,2023,-4.332577027227198
DZA,Algeria,currency_depreciation_pct,2024,-1.3174713050950169
DZA,Algeria,currency_depreciation_pct,2025,-1.8256303512244836
EGY,Egypt,currency_depreciation_pct,2011,5.529845081329735
EGY,Egypt,currency_depreciation_pct,2012,2.0770986291285394
EGY,Egypt,currency_depreciation_pct,2013,13.445489158927698
EGY,Egypt,currency_depreciation_pct,2014,3.017085226769617
EGY,Egypt,currency_depreciation_pct,2015,8.670298271973422
EGY,Egypt,currency_depreciation_pct,2016,30.34799188966484
EGY,Egypt,currency_depreciation_pct,2017,77.37478919924301
EGY,Egypt,currency_depreciation_pct,2018,-0.08571946871344145
EGY,Egypt,currency_depreciation_pct,2019,-5.609795051871632
EGY,Egypt,currency_depreciation_pct,2020,-6.030851736007124
EGY,Egypt,currency_depreciation_pct,2021,-0.7274851260382598
EGY,Egypt,currency_depreciation_pct,2022,22.47375328827103
EGY,Egypt,currency_depreciation_pct,2023,59.84191444282786
EGY,Egypt,currency_depreciation_pct,2024,47.90912330330136
EGY,Egypt,currency_depreciation_pct,2025,8.672317899527059
ERI,Eritrea,currency_depreciation_pct,2011,0.0
ERI,Eritrea,currency_depreciation_pct,2012,0.0
ERI,Eritrea,currency_depreciation_pct,2013,0.0
ERI,Eritrea,currency_depreciation_pct,2014,0.0
ERI,Eritrea,currency_depreciation_pct,2015,0.0
ERI,Eritrea,currency_depreciation_pct,2016,-0.1626016260162625
ERI,Eritrea,currency_depreciation_pct,2017,-1.7915309446254093
ERI,Eritrea,currency_depreciation_pct,2018,0.0
ERI,Eritrea,currency_depreciation_pct,2019,0.0
ERI,Eritrea,currency_depreciation_pct,2020,0.0
ERI,Eritrea,currency_depreciation_pct,2021,0.0
ERI,Eritrea,currency_depreciation_pct,2022,0.0
ERI,Eritrea,currency_depreciation_pct,2023,0.0
ERI,Eritrea,currency_depreciation_pct,2024,0.0
ERI,Eritrea,currency_depreciation_pct,2025,0.0
ETH,Ethiopia,currency_depreciation_pct,2011,17.277632359371868
ETH,Ethiopia,currency_depreciation_pct,2012,4.7667013282295
ETH,Ethiopia,currency_depreciation_pct,2013,5.206890731732735
ETH,Ethiopia,currency_depreciation_pct,2014,5.149407079151218
ETH,Ethiopia,currency_depreciation_pct,2015,5.060091254811365
ETH,Ethiopia,currency_depreciation_pct,2016,5.611639013589001
ETH,Ethiopia,currency_depreciation_pct,2017,9.822389604213495
ETH,Ethiopia,currency_depreciation_pct,2018,14.930304789005861
ETH,Ethiopia,currency_depreciation_pct,2019,5.980313851357318
ETH,Ethiopia,currency_depreciation_pct,2020,20.14952107961163
ETH,Ethiopia,currency_depreciation_pct,2021,25.214221689404106
ETH,Ethiopia,currency_depreciation_pct,2022,18.34379974236282
ETH,Ethiopia,currency_depreciation_pct,2023,5.4964085615674785
ETH,Ethiopia,currency_depreciation_pct,2024,51.28187197065475
IND,India,currency_depreciation_pct,2011,2.0659109190897755
IND,India,currency_depreciation_pct,2012,14.499033650116921
IND,India,currency_depreciation_pct,2013,9.657333962524381
IND,India,currency_depreciation_pct,2014,4.149758454132462
IND,India,currency_depreciation_pct,2015,5.116262238167855
IND,India,currency_depreciation_pct,2016,4.7440001539670655
IND,India,currency_depreciation_pct,2017,-3.086144071190997
IND,India,currency_depreciation_pct,2018,5.018150693340044
IND,India,currency_depreciation_pct,2019,2.9695705036495017
IND,India,currency_depreciation_pct,2020,5.224664237134109
IND,India,currency_depreciation_pct,2021,-0.24501366985759046
IND,India,currency_depreciation_pct,2022,6.340102485246864
IND,India,currency_depreciation_pct,2023,5.082134409190095
IND,India,currency_depreciation_pct,2024,1.2954170797865368
IND,India,currency_depreciation_pct,2025,4.1701885134784025
IRN,Iran,currency_depreciation_pct,2011,3.531538341161331
IRN,Iran,currency_depreciation_pct,2012,14.687222502275826
IRN,Iran,currency_depreciation_pct,2013,51.241235190055924
IRN,Iran,currency_depreciation_pct,2014,40.87668623277139
IRN,Iran,currency_depreciation_pct,2015,11.833578660739237
IRN,Iran,currency_depreciation_pct,2016,6.560714285613374
IRN,Iran,currency_depreciation_pct,2017,7.47681303308492
IRN,Iran,currency_depreciation_pct,2018,22.98790801890661
IRN,Iran,currency_depreciation_pct,2019,2.779125505648911
IRN,Iran,currency_depreciation_pct,2020,0.0
IRN,Iran,currency_depreciation_pct,2021,0.0
IRN,Iran,currency_depreciation_pct,2022,0.0
IRN,Iran,currency_depreciation_pct,2023,0.0
IRQ,Iraq,currency_depreciation_pct,2011,0.0
IRQ,Iraq,currency_depreciation_pct,2012,-0.3276353276350491
IRQ,Iraq,currency_depreciation_pct,2013,-0.014291839360005021
IRQ,Iraq,currency_depreciation_pct,2014,0.0
IRQ,Iraq,currency_depreciation_pct,2015,0.11435105774700466
IRQ,Iraq,currency_depreciation_pct,2016,1.256424900057393
IRQ,Iraq,currency_depreciation_pct,2017,0.1692047377326565
IRQ,Iraq,currency_depreciation_pct,2018,-0.10557432432432433
IRQ,Iraq,currency_depreciation_pct,2019,-0.06341154090044387
IRQ,Iraq,currency_depreciation_pct,2020,0.8460236886632826
IRQ,Iraq,currency_depreciation_pct,2021,21.644295302013422
IRQ,Iraq,currency_depreciation_pct,2022,0.0
IRQ,Iraq,currency_depreciation_pct,2023,-9.482758620689655
IRQ,Iraq,currency_depreciation_pct,2024,-0.9523809523809524
ISR,Israel,currency_depreciation_pct,2011,-4.301865986798518
ISR,Israel,currency_depreciation_pct,2012,7.763624380310255
ISR,Israel,currency_depreciation_pct,2013,-6.358103280225841
ISR,Israel,currency_depreciation_pct,2014,-0.9093196027610997
ISR,Israel,currency_depreciation_pct,2015,8.633728581044322
ISR,Israel,currency_depreciation_pct,2016,-1.1903434672611024
ISR,Israel,currency_depreciation_pct,2017,-6.275405153883441
ISR,Israel,currency_depreciation_pct,2018,-0.24995922715065377
ISR,Israel,currency_depreciation_pct,2019,-0.7249786626049884
ISR,Israel,currency_depreciation_pct,2020,-3.4260220990900954
ISR,Israel,currency_depreciation_pct,2021,-6.164512222013677
ISR,Israel,currency_depreciation_pct,2022,4.006443758241925
ISR,Israel,currency_depreciation_pct,2023,9.160584449685642
ISR,Israel,currency_depreciation_pct,2024,0.8819642439319431
ISR,Israel,currency_depreciation_pct,2025,-6.698561148052069
JOR,Jordan,currency_depreciation_pct,2011,0.0
JOR,Jordan,currency_depreciation_pct,2012,0.0
JOR,Jordan,currency_depreciation_pct,2013,0.0
JOR,Jordan,currency_depreciation_pct,2014,0.0
JOR,Jordan,currency_depreciation_pct,2015,0.0
JOR,Jordan,currency_depreciation_pct,2016,0.0
JOR,Jordan,currency_depreciation_pct,2017,0.0
JOR,Jordan,currency_depreciation_pct,2018,0.0
JOR,Jordan,currency_depreciation_pct,2019,0.0
JOR,Jordan,currency_depreciation_pct,2020,0.0
JOR,Jordan,currency_depreciation_pct,2021,0.0
JOR,Jordan,currency_depreciation_pct,2022,0.0
JOR,Jordan,currency_depreciation_pct,2023,0.0
JOR,Jordan,currency_depreciation_pct,2024,0.0
JOR,Jordan,currency_depreciation_pct,2025,0.0
KWT,Kuwait,currency_depreciation_pct,2011,-3.7080958816827705
KWT,Kuwait,currency_depreciation_pct,2012,1.4336651286400957
KWT,Kuwait,currency_depreciation_pct,2013,1.3052587370780306
KWT,Kuwait,currency_depreciation_pct,2014,0.3447589565584819
KWT,Kuwait,currency_depreciation_pct,2015,5.722685773893248
KWT,Kuwait,currency_depreciation_pct,2016,0.4272586094429576
KWT,Kuwait,currency_depreciation_pct,2017,0.4012469126991729
KWT,Kuwait,currency_depreciation_pct,2018,-0.4592931989828697
KWT,Kuwait,currency_depreciation_pct,2019,0.5479827548220995
KWT,Kuwait,currency_depreciation_pct,2020,0.8635910138298227
KWT,Kuwait,currency_depreciation_pct,2021,-1.4988617039320538
KWT,Kuwait,currency_depreciation_pct,2022,1.5273160510924502
KWT,Kuwait,currency_depreciation_pct,2023,0.305370240516284
KWT,Kuwait,currency_depreciation_pct,2024,-0.16104369945361557
KWT,Kuwait,currency_depreciation_pct,2025,-0.07690884399213192
LBN,Lebanon,currency_depreciation_pct,2011,0.0
LBN,Lebanon,currency_depreciation_pct,2012,0.0
LBN,Lebanon,currency_depreciation_pct,2013,0.0
LBN,Lebanon,currency_depreciation_pct,2014,0.0
LBN,Lebanon,currency_depreciation_pct,2015,0.0
LBN,Lebanon,currency_depreciation_pct,2016,0.0
LBN,Lebanon,currency_depreciation_pct,2017,0.0
LBN,Lebanon,currency_depreciation_pct,2018,0.0
LBN,Lebanon,currency_depreciation_pct,2019,0.0
LBN,Lebanon,currency_depreciation_pct,2020,0.0
LBN,Lebanon,currency_depreciation_pct,2021,0.0
LBN,Lebanon,currency_depreciation_pct,2022,0.0
LBN,Lebanon,currency_depreciation_pct,2023,820.4394693200663
LBN,Lebanon,currency_depreciation_pct,2024,545.0159902707085
LBN,Lebanon,currency_depreciation_pct,2025,0.0
LBY,Libya,currency_depreciation_pct,2011,-3.3657461194956633
LBY,Libya,currency_depreciation_pct,2012,3.0639273927656823
LBY,Libya,currency_depreciation_pct,2013,0.7951576319818564
LBY,Libya,currency_depreciation_pct,2014,0.055850486678121126
LBY,Libya,currency_depreciation_pct,2015,8.55136872518128
LBY,Libya,currency_depreciation_pct,2016,0.663101208951184
LBY,Libya,currency_depreciation_pct,2017,0.24823142074119348
LBY,Libya,currency_depreciation_pct,2018,-2.0700911116768044
LBY,Libya,currency_depreciation_pct,2019,2.439343869394355
LBY,Libya,currency_depreciation_pct,2020,-0.6862953971448758
LBY,Libya,currency_depreciation_pct,2021,225.0906105658666
LBY,Libya,currency_depreciation_pct,2022,6.617675562225534
LBY,Libya,currency_depreciation_pct,2023,-0.006059756120655529
LBY,Libya,currency_depreciation_pct,2024,0.4015264584983457
LBY,Libya,currency_depreciation_pct,2025,9.733817354039237
LKA,Sri Lanka,currency_depreciation_pct,2011,-2.2104843072765976
LKA,Sri Lanka,currency_depreciation_pct,2012,15.410042622371714
LKA,Sri Lanka,currency_depreciation_pct,2013,1.1486198330985053
LKA,Sri Lanka,currency_depreciation_pct,2014,1.158801824985175
LKA,Sri Lanka,currency_depreciation_pct,2015,4.053337676562478
LKA,Sri Lanka,currency_depreciation_pct,2016,7.158086029425357
LKA,Sri Lanka,currency_depreciation_pct,2017,4.71539210602667
LKA,Sri Lanka,currency_depreciation_pct,2018,6.571781210529445
LKA,Sri Lanka,currency_depreciation_pct,2019,10.020669353147062
LKA,Sri Lanka,currency_depreciation_pct,2020,3.8309522491945467
LKA,Sri Lanka,currency_depreciation_pct,2021,7.097137531026084
LKA,Sri Lanka,currency_depreciation_pct,2022,62.31921271292782
LKA,Sri Lanka,currency_depreciation_pct,2023,1.5106526603636932
MAR,Morocco,currency_depreciation_pct,2011,-3.888287713885986
MAR,Morocco,currency_depreciation_pct,2012,6.657328862724466
MAR,Morocco,currency_depreciation_pct,2013,-2.583787430467617
MAR,Morocco,currency_depreciation_pct,2014,0.009907454989840487
MAR,Morocco,currency_depreciation_pct,2015,16.15461813629112
MAR,Morocco,currency_depreciation_pct,2016,0.44168592482439417
MAR,Morocco,currency_depreciation_pct,2017,-1.17745016457521
MAR,Morocco,currency_depreciation_pct,2018,-3.156165234639164
MAR,Morocco,currency_depreciation_pct,2019,2.4608050096802425
MAR,Morocco,currency_depreciation_pct,2020,-1.2501593628223318
MAR,Morocco,currency_depreciation_pct,2021,-5.352969052044214
MAR,Morocco,currency_depreciation_pct,2022,13.04086668837899
MAR,Morocco,currency_depreciation_pct,2023,-0.28771895966345873
MAR,Morocco,currency_depreciation_pct,2024,-1.8661428162816085
MAR,Morocco,currency_depreciation_pct,2025,-5.955148400718837
MDV,Maldives,currency_depreciation_pct,2011,14.078190653878123
MDV,Maldives,currency_depreciation_pct,2012,5.224123227254782
MDV,Maldives,currency_depreciation_pct,2013,0.012201327810553837
MDV,Maldives,currency_depreciation_pct,2014,0.08904630710303223
MDV,Maldives,currency_depreciation_pct,2015,-0.09143002013934318
MDV,Maldives,currency_depreciation_pct,2016,0.013513053881952529
MDV,Maldives,currency_depreciation_pct,2017,0.12077261713171267
MDV,Maldives,currency_depreciation_pct,2018,0.025143091688850344
MDV,Maldives,currency_depreciation_pct,2019,-0.05714664347390764
MDV,Maldives,currency_depreciation_pct,2020,-0.00502140623775658
MDV,Maldives,currency_depreciation_pct,2021,-0.05572436759248262
MDV,Maldives,currency_depreciation_pct,2022,0.09059299107889172
MDV,Maldives,currency_depreciation_pct,2023,0.001100662677489614
MDV,Maldives,currency_depreciation_pct,2024,0.01561062272366023
MDV,Maldives,currency_depreciation_pct,2025,0.1720766799105638
NPL,Nepal,currency_depreciation_pct,2011,1.0341476774341207
NPL,Nepal,currency_depreciation_pct,2012,15.13882192972643
NPL,Nepal,currency_depreciation_pct,2013,9.220965802717329
NPL,Nepal,currency_depreciation_pct,2014,4.802575562224471
NPL,Nepal,currency_depreciation_pct,2015,4.971862049416038
NPL,Nepal,currency_depreciation_pct,2016,4.861749243146648
NPL,Nepal,currency_depreciation_pct,2017,-2.674453247094053
NPL,Nepal,currency_depreciation_pct,2018,4.227508532779782
NPL,Nepal,currency_depreciation_pct,2019,3.3777142380611322
NPL,Nepal,currency_depreciation_pct,2020,5.093447174124332
NPL,Nepal,currency_depreciation_pct,2021,-0.1783812894281032
NPL,Nepal,currency_depreciation_pct,2022,5.980811034100532
NPL,Nepal,currency_depreciation_pct,2023,5.523987418222902
NPL,Nepal,currency_depreciation_pct,2024,1.2195273933910409
NPL,Nepal,currency_depreciation_pct,2025,4.029707994871664
OMN,Oman,currency_depreciation_pct,2011,0.0
OMN,Oman,currency_depreciation_pct,2012,0.0
OMN,Oman,currency_depreciation_pct,2013,0.0
OMN,Oman,currency_depreciation_pct,2014,0.0
OMN,Oman,currency_depreciation_pct,2015,0.0
OMN,Oman,currency_depreciation_pct,2016,0.0
OMN,Oman,currency_depreciation_pct,2017,0.0
OMN,Oman,currency_depreciation_pct,2018,0.0
OMN,Oman,currency_depreciation_pct,2019,0.0
OMN,Oman,currency_depreciation_pct,2020,0.0
OMN,Oman,currency_depreciation_pct,2021,0.0
OMN,Oman,currency_depreciation_pct,2022,0.0
OMN,Oman,currency_depreciation_pct,2023,0.0
OMN,Oman,currency_depreciation_pct,2024,0.0
OMN,Oman,currency_depreciation_pct,2025,0.0
PAK,Pakistan,currency_depreciation_pct,2011,1.3493549850849333
PAK,Pakistan,currency_depreciation_pct,2012,8.167173460952968
PAK,Pakistan,currency_depreciation_pct,2013,8.81598008143368
PAK,Pakistan,currency_depreciation_pct,2014,-0.5203350493389652
PAK,Pakistan,currency_depreciation_pct,2015,1.6510204958096364
PAK,Pakistan,currency_depreciation_pct,2016,1.9459566049264763
PAK,Pakistan,currency_depreciation_pct,2017,0.6548161080893196
PAK,Pakistan,currency_depreciation_pct,2018,15.522148431357133
PAK,Pakistan,currency_depreciation_pct,2019,23.15813715997337
PAK,Pakistan,currency_depreciation_pct,2020,7.866249351607181
PAK,Pakistan,currency_depreciation_pct,2021,0.6597776157933157
PAK,Pakistan,currency_depreciation_pct,2022,25.757718170613252
PAK,Pakistan,currency_depreciation_pct,2023,36.847737852713934
PAK,Pakistan,currency_depreciation_pct,2024,-0.6332644139999296
PAK,Pakistan,currency_depreciation_pct,2025,0.9197639523971111
QAT,Qatar,currency_depreciation_pct,2011,0.0
QAT,Qatar,currency_depreciation_pct,2012,0.0
QAT,Qatar,currency_depreciation_pct,2013,0.0
QAT,Qatar,currency_depreciation_pct,2014,0.0
QAT,Qatar,currency_depreciation_pct,2015,0.0
QAT,Qatar,currency_depreciation_pct,2016,0.0
QAT,Qatar,currency_depreciation_pct,2017,0.0
QAT,Qatar,currency_depreciation_pct,2018,0.0
QAT,Qatar,currency_depreciation_pct,2019,0.0
QAT,Qatar,currency_depreciation_pct,2020,0.0
QAT,Qatar,currency_depreciation_pct,2021,0.0
QAT,Qatar,currency_depreciation_pct,2022,0.0
QAT,Qatar,currency_depreciation_pct,2023,0.0
QAT,Qatar,currency_depreciation_pct,2024,0.0
QAT,Qatar,currency_depreciation_pct,2025,0.0
SAU,Saudi Arabia,currency_depreciation_pct,2011,0.0
SAU,Saudi Arabia,currency_depreciation_pct,2012,0.0
SAU,Saudi Arabia,currency_depreciation_pct,2013,0.0
SAU,Saudi Arabia,currency_depreciation_pct,2014,0.0
SAU,Saudi Arabia,currency_depreciation_pct,2015,0.0
SAU,Saudi Arabia,currency_depreciation_pct,2016,0.0
SAU,Saudi Arabia,currency_depreciation_pct,2017,0.0
SAU,Saudi Arabia,currency_depreciation_pct,2018,0.0
SAU,Saudi Arabia,currency_depreciation_pct,2019,0.0
SAU,Saudi Arabia,currency_depreciation_pct,2020,0.0
SAU,Saudi Arabia,currency_depreciation_pct,2021,0.0
SAU,Saudi Arabia,currency_depreciation_pct,2022,0.0
SAU,Saudi Arabia,currency_depreciation_pct,2023,0.0
SAU,Saudi Arabia,currency_depreciation_pct,2024,0.0
SAU,Saudi Arabia,currency_depreciation_pct,2025,0.0
SDN,Sudan,currency_depreciation_pct,2011,15.638272233731609
SDN,Sudan,currency_depreciation_pct,2012,33.98830129943518
SDN,Sudan,currency_depreciation_pct,2013,33.1322703293456
SDN,Sudan,currency_depreciation_pct,2014,20.604487231933916
SDN,Sudan,currency_depreciation_pct,2015,5.035256143016497
SDN,Sudan,currency_depreciation_pct,2016,3.0864470816538008
SDN,Sudan,currency_depreciation_pct,2017,7.592854098853046
SDN,Sudan,currency_depreciation_pct,2018,264.0221520584197
SDN,Sudan,currency_depreciation_pct,2019,88.11793770487917
SDN,Sudan,currency_depreciation_pct,2020,17.98011291419099
SDN,Sudan,currency_depreciation_pct,2021,586.6999436686787
SDN,Sudan,currency_depreciation_pct,2022,47.45758780731366
SOM,Somalia,currency_depreciation_pct,2011,-4.16642529432213
SOM,Somalia,currency_depreciation_pct,2012,-24.863603494115743
SOM,Somalia,currency_depreciation_pct,2013,-14.355126593165457
SOM,Somalia,currency_depreciation_pct,2014,4.911527722936147
SOM,Somalia,currency_depreciation_pct,2015,10.001056004891348
SOM,Somalia,currency_depreciation_pct,2016,3.628741249890161
SOM,Somalia,currency_depreciation_pct,2017,0.15698268433823628
SSD,South Sudan,currency_depreciation_pct,2012,-1.303133207313599
SSD,South Sudan,currency_depreciation_pct,2013,0.0
SSD,South Sudan,currency_depreciation_pct,2014,0.0
SSD,South Sudan,currency_depreciation_pct,2015,22.17514124293796
SSD,South Sudan,currency_depreciation_pct,2016,1196.5317919075142
SSD,South Sudan,currency_depreciation_pct,2017,143.20463664734712
SSD,South Sudan,currency_depreciation_pct,2018,24.407341413874498
SSD,South Sudan,currency_depreciation_pct,2019,11.750352168711412
SSD,South Sudan,currency_depreciation_pct,2020,5.00518462650117
SSD,South Sudan,currency_depreciation_pct,2021,84.65407439069672
SSD,South Sudan,currency_depreciation_pct,2022,74.47466233778145
SSD,South Sudan,currency_depreciation_pct,2023,74.05275122698285
SSD,South Sudan,currency_depreciation_pct,2024,132.50895369429827
SYR,Syria,currency_depreciation_pct,2011,330.61618411284365
SYR,Syria,currency_depreciation_pct,2012,33.60630301358511
SYR,Syria,currency_depreciation_pct,2013,68.3678077861074
SYR,Syria,currency_depreciation_pct,2014,41.75045984058903
SYR,Syria,currency_depreciation_pct,2015,53.7852245939577
SYR,Syria,currency_depreciation_pct,2016,94.18531474677829
SYR,Syria,currency_depreciation_pct,2017,7.025135290251678
SYR,Syria,currency_depreciation_pct,2018,-11.390499261587435
SYR,Syria,currency_depreciation_pct,2019,0.0
SYR,Syria,currency_depreciation_pct,2020,101.13293262223529
SYR,Syria,currency_depreciation_pct,2021,43.06131261808058
SYR,Syria,currency_depreciation_pct,2022,99.50214258429381
TUN,Tunisia,currency_depreciation_pct,2011,-1.6498998649343264
TUN,Tunisia,currency_depreciation_pct,2012,10.946878662673493
TUN,Tunisia,currency_depreciation_pct,2013,4.018631253767697
TUN,Tunisia,currency_depreciation_pct,2014,4.494278284152271
TUN,Tunisia,currency_depreciation_pct,2015,15.547734401460817
TUN,Tunisia,currency_depreciation_pct,2016,9.502750695639083
TUN,Tunisia,currency_depreciation_pct,2017,12.63442528824833
TUN,Tunisia,currency_depreciation_pct,2018,9.400649603383867
TUN,Tunisia,currency_depreciation_pct,2019,10.864418305921204
TUN,Tunisia,currency_depreciation_pct,2020,-4.160087694387342
TUN,Tunisia,currency_depreciation_pct,2021,-0.6361801927798358
TUN,Tunisia,currency_depreciation_pct,2022,11.062337476441403
TUN,Tunisia,currency_depreciation_pct,2023,0.08269966060928324
TUN,Tunisia,currency_depreciation_pct,2024,0.04131566239191479
TUR,Turkey,currency_depreciation_pct,2011,11.45197985352378
TUR,Turkey,currency_depreciation_pct,2012,7.226846382175268
TUR,Turkey,currency_depreciation_pct,2013,6.000403194061752
TUR,Turkey,currency_depreciation_pct,2014,14.958447617610164
TUR,Turkey,currency_depreciation_pct,2015,24.28402144913837
TUR,Turkey,currency_depreciation_pct,2016,11.034017617795
TUR,Turkey,currency_depreciation_pct,2017,20.79370424407022
TUR,Turkey,currency_depreciation_pct,2018,32.3518257093599
TUR,Turkey,currency_depreciation_pct,2019,17.51003206982694
TUR,Turkey,currency_depreciation_pct,2020,23.525354520277762
TUR,Turkey,currency_depreciation_pct,2021,26.279152905402064
TUR,Turkey,currency_depreciation_pct,2022,86.98416231292192
TUR,Turkey,currency_depreciation_pct,2023,43.44532205472075
TUR,Turkey,currency_depreciation_pct,2024,38.19647435604129
TUR,Turkey,currency_depreciation_pct,2025,20.267572202076543
YEM,Yemen,currency_depreciation_pct,2011,-2.636732091625298
YEM,Yemen,currency_depreciation_pct,2012,0.2568599937637939
YEM,Yemen,currency_depreciation_pct,2013,0.25231417585776295
YEM,Yemen,currency_depreciation_pct,2014,0.0
YEM,Yemen,currency_depreciation_pct,2015,7.419299796795112
YEM,Yemen,currency_depreciation_pct,2016,22.98736462093865
YEM,Yemen,currency_depreciation_pct,2017,-0.5991047185732967
YEM,Yemen,currency_depreciation_pct,2018,-23.850528889597623
YEM,Yemen,currency_depreciation_pct,2019,126.50236071435062
YEM,Yemen,currency_depreciation_pct,2020,52.65230322124942
YEM,Yemen,currency_depreciation_pct,2021,38.371399914585574
YEM,Yemen,currency_depreciation_pct,2022,8.451899366748016
YEM,Yemen,currency_depreciation_pct,2023,21.534841029775258
