country_code,year,control_of_corruption,currency_depreciation_pct,current_account_pct_gdp,debt_to_gdp,exports_pct_gdp,fdi_net_inflows_pct_gdp,gdp_current_usd,gdp_growth,gdp_per_capita_usd,gini_index,government_effectiveness,imports_pct_gdp,inflation,official_exchange_rate_lcu_usd,political_stability,regulatory_quality,reserves_months_imports,rule_of_law,total_reserves_usd,unemployment_rate,youth_unemployment_rate
AFG,2010,-1.65416719999999,,-3.64331388234628,,,1.20311798981139,15856668555.8336,14.3624414710737,560.621505463146,,-1.5857412,,2.17853752389419,46.4524610013175,-2.53097419999999,-1.4285697,10.4573872731044,-1.8493765,5162440806.75156,7.809,10.041
AFG,2011,-1.5926582,0.634082093637926,-12.6195382087159,,,0.293025179616803,17805098206.3141,0.426354776777345,606.694676337726,,-1.6043337,,11.8041858089129,46.747007738581,-2.5512555,-1.4373007,10.3439728750425,-1.92548149999999,6344641959.56008,7.83,10.044
AFG,2012,-1.635471,8.929752861965138,-25.8706814974751,,,0.285440893554571,19907329777.5872,12.7522870926697,651.417134470046,,-1.4997935,,6.44121280934117,50.9214,-2.5040196,-1.2540947,8.67720885361815,-1.8835503,7152304397.72645,7.875,10.071
AFG,2013,-1.5860489,8.750937719701342,-25.290058564309,,,0.239801184405551,20146416757.5987,5.60074465863221,637.087099117099,,-1.50099379999999,,7.38577178397855,55.3775,-2.699732,-1.282454,8.58813766628177,-1.70220409999999,7288702710.90529,7.921,10.104
AFG,2014,-1.5607981,3.376822716807376,-15.7724198274304,,,0.209664794672203,20497128555.6972,2.72454336219565,625.054941813938,,-1.52460319999999,,4.67399603536345,57.2475,-2.3186705,-1.1832846,10.7026948461815,-1.63760859999999,7528549879.63682,7.915,10.094
AFG,2015,-1.5195275,6.805470180648414,-21.9126573355151,,,0.88400046336123,19134221644.7325,1.45131466066431,565.569730408751,,-1.4711716,,-0.661709164713742,61.1434615416667,-2.48125299999999,-1.06718849999999,9.77019396043118,-1.6427748,6976966153.82054,9.032,12.534
AFG,2016,-1.56501159999999,10.994837482308585,-14.9501951919169,,,0.516606084523093,18116572395.0772,2.26031420279821,522.082215583898,,-1.41773019999999,,4.38389195513915,67.8660857692308,-2.4834928,-1.36089939999999,11.8280603760738,-1.580107,7281910524.1067,10.116,14.932
AFG,2017,-1.54351939999999,0.2369641790558411,-18.9559612272258,,,0.274796791572807,18753456497.8159,2.6470032027451,525.469770891619,,-1.4421872,,4.97595150553833,68.0269040822312,-2.61393089999999,-1.4164481,12.1342766418313,-1.59509909999999,8097280955.90196,11.184,17.31
AFG,2018,-1.5398439,5.96285124216366,-21.5852741164653,,,0.661572217787196,18053222687.4126,1.18922812944517,491.337221382603,,-1.6312498,,0.626149149168847,72.083247177304,-2.5824048,-1.3029823,12.178586861258,-1.66687379999999,8206682106.31946,11.192,16.402
AFG,2019,-1.5013636,7.844682672415917,-20.1704643881064,,,0.124495985291258,18799444490.1128,3.91160341625552,496.6025042585,,-1.65408049999999,,2.30237251516834,77.7379491783367,-2.5893714,-1.2762178,13.7489091058633,-1.65715489999999,8497655795.34729,11.187,15.52
AFG,2020,-1.40089,-1.1891396063540838,-15.7183027911684,,10.4208171386207,0.0649939571808755,19955929052.1496,-2.35110067203466,510.787063366811,,-1.7167282,36.2890774127896,5.60188791482224,76.8135364354897,-2.5896897,-1.3026506,16.6316336551941,-1.65566449999999,9748946326.71795,11.71,16.053
AFG,2021,-1.22202489999999,,,,14.342152797537,0.144466946606861,14259995441.0759,-20.7388393676343,356.496214115892,,-1.7059035,37.06956357719,5.13320340824963,,-2.4506389,-1.40994469999999,,-1.7202682,,12.006,16.013
AFG,2022,-1.1719937,,,,18.3800424016375,,14497243872.1337,-6.24017199240269,357.261152798144,,-1.9646115,54.5054272070161,13.7121023720065,,-2.4492487,-1.4229756,,-1.8586889,,14.1,17.539
AFG,2023,-1.1987543,,,,16.2352784419391,,17152234636.8715,2.26694373649188,413.757894705303,,-2.0924592,50.764299620256,-4.64470870797775,,-2.3922828,-1.43056079999999,,-1.89680499999999,,14.008,17.494
AFG,2024,-1.3087183,,,,15.7027518479481,,17778508875.7396,1.87319280045979,416.871146273728,,-1.9339966,68.0602732398198,-6.60118564073726,,-2.2052112,-1.538435,,-1.93548869999999,,13.687,17.235
AFG,2025,,,,,,,,,,,,,,,,,,,,13.351,16.785
ARE,2010,0.9100894,,,,77.4455521760851,2.85854098227163,307736348527.33,1.60285004336325,44795.2846234991,,0.8322561,58.040188125584,0.877983288285867,3.6725,0.8134966,0.740264,,0.0791468,32785291883.4009,2.798,7.191
ARE,2011,1.1319379,0.0,,,85.6286738245297,1.93886244385384,368881033962.57,6.73651167897515,51921.8890746408,,0.9928203,58.5481559098621,0.87734659568512,3.6725,0.8143482,0.8903942,,0.4251627,37269318422.5758,2.587,6.856
ARE,2012,1.0894763,0.0,,,95.6008433485867,2.43554180804761,392793559050.783,4.68325642918792,53141.6251661086,,1.1560961,61.036813624374,0.662268900269009,3.6725,0.8029803,0.8455589,,0.3671791,47035150430.9523,2.323,6.467
ARE,2013,1.1513193,0.0,,1.80326819075483,95.755207057533,2.3838227555723,409632574702.715,4.9184505919085,53247.2278745159,32.5,1.1923106,61.6429155817142,1.1011183637571,3.6725,0.7738837,0.9903687,,0.41415,68202650660.2746,2.125,6.116
ARE,2014,0.9856797,0.0,,,94.7738651442525,2.60546090290076,424935834104.193,4.63291785879667,52725.2307981936,,1.4160016,64.7417651694601,2.34626865671643,3.6725,0.8984847,1.0740464,,0.3502594,78424381665.0826,1.999,5.823
ARE,2015,0.9199437,0.0,,,93.8625203312699,2.23861341413826,381973135513.065,7.08766622657654,44910.3458860776,,1.4040254,70.4236225679817,4.06996608361593,3.6725,0.8382509,1.1787876,,0.3509975,93929134196.4176,1.793,5.444
ARE,2016,1.1064348,0.0,,,94.4747232332881,2.51620120421066,381717208620.964,5.65790147196586,42721.1136110991,,1.4113666,70.9202430070485,1.61748808904198,3.6725,0.6925969,1.0781755,,0.4205051,85390832746.3078,1.64,5.107
ARE,2017,1.0762151,0.0,,,94.737385589121,2.5669608321193,403365056078.846,-1.06137114472548,43733.6242018215,,1.3782191,70.7391380638734,1.96682557818842,3.6725,0.7192871,1.1113817,,0.3834887,95377648625.516,2.462,7.474
ARE,2018,1.0948106,0.0,,,90.8429799324319,2.35729206588897,440560003161.236,1.53720634021511,47135.3478795605,26.4,1.4114572,63.9040622338676,3.06863379251997,3.6725,0.8336611,1.079234,,0.3893195,99503335478.7452,2.236,6.747
ARE,2019,1.0878297,0.0,,,93.3023068879995,4.11928554446951,433926218686.108,1.27129120536284,45938.6084572227,,1.3982083,70.5198421376147,-1.93108114782173,3.6725,0.8295526,1.1457173,,0.4262682,108359358451.761,2.331,7.325
ARE,2020,1.0614313,0.0,,,98.0724956970145,5.56735667729859,357161776271.328,-8.69343363776639,37991.738387966,,1.0036502,83.2194445309836,-2.07940317940944,3.6725,0.826942,1.0663206,,0.3974987,106701571777.291,4.294,13.482
ARE,2021,1.0349829,0.0,,,100.642599583908,4.89230595097426,422441282436.237,4.55280140106356,44118.4936214315,,1.0744083,82.2668014928681,0.179935336174431,3.6725,0.839581,1.0613347,,0.338504,131116705892.304,3.105,9.737
ARE,2022,1.0223468,0.0,,,102.051988781325,4.44591398367961,511403404642.173,7.51452414254605,50759.7590190204,,1.133184,83.689671850569,5.29122604376849,3.6725,0.883216,1.0576162,,0.409903,138433303844.914,2.872,9.992
ARE,2023,0.9918577,0.0,13.1295797567307,,106.846123390953,5.87183983564899,522622268401.125,4.30113648499413,49850.6945082084,,1.3100836,92.1988267361531,1.62670837213248,3.6725,0.7829523,1.105352,4.61577821903282,0.4492886,189490945175.271,2.151,6.351
ARE,2024,1.1702182,0.0,14.4792979326645,,,8.26261604873876,552324919095.872,3.99181200361831,50273.5126243239,,1.2599659,,1.66336510224894,3.6725,0.7886704,1.1257177,5.19940206842546,0.4968448,237931339945.397,2.16,6.425
ARE,2025,,0.0,,,,,,,,,,,1.250865245598,3.6725,,,,,292319262021.321,2.174,6.451
BGD,2010,-1.0218466,,1.82909794723498,,16.0241126856916,1.06896766308322,115275540051.262,5.57178818533122,757.385280361508,32.1,-0.807076799999999,21.7787299851405,8.12667639169917,69.6492916666667,-1.4437712,-0.8368896,4.32087922221628,-0.8477644,11174828666.9521,3.379,6.289
BGD,2011,-1.0523775,6.46540435024759,-0.125842241657654,,19.9220749554939,0.983399364184761,128607482310.357,6.46437912497728,837.336944695647,,-0.8372577,27.4987748801959,11.3951651552399,74.1524,-1.4544464,-0.8270946,2.78355229779506,-0.6998395,9174749651.12681,3.737,7.429
BGD,2012,-1.12133289999999,10.397854059117844,1.93195276968292,,20.1615888640625,1.18850391920183,133310747603.483,6.52145877906443,859.680536375497,,-0.7988014,27.9493338849842,6.21750422069284,81.8626583333333,-1.4690337,-0.978781999999999,3.85125480802239,-0.9887756,12754226899.6072,4.07,8.538
BGD,2013,-1.1326018,-4.592354328423414,1.3723251518825,,19.5378741098798,1.73532012481503,149998957434.186,6.01360565834344,958.262989798283,,-0.773905699999999,26.7585286129376,7.53040640913172,78.103235,-1.771799,-0.9494963,4.90974781514545,-0.9749211,18087689200.062,4.426,9.674
BGD,2014,-1.1845563,-0.5913028655812983,0.437159797644511,,18.9896599950107,1.46870305074204,172886611653.786,6.0610593588495,1094.46199702838,,-0.6851605,25.5244202017989,6.99163889220849,77.6414083333333,-1.0510112,-0.8964974,5.58168526462513,-0.851857499999999,22319788312.4798,4.417,10.122
BGD,2015,-1.0798121,0.3934756034929322,1.32188871858147,,17.3366737865485,1.4507824552936,195146608978.131,6.55263987816197,1224.38647668165,,-0.6547007,24.7493225204896,6.19428022984984,77.9469083333333,-1.331635,-0.776809499999999,6.8309139901541,-0.856926099999999,27493077971.9949,4.397,10.561
BGD,2016,-1.0667924,0.668638878022719,0.351171861174517,,13.9212044814459,0.879528340271998,265224515675.034,7.11347821270093,1649.28380858601,32.4,-0.5337691,17.4129456531683,5.51352572692995,78.4680916666667,-1.3416192,-0.7592301,7.60387702099135,-0.9068902,32283838538.9037,4.35,10.956
BGD,2017,-1.062185,2.5098737055646185,-2.03756600416726,,12.8197468906003,0.616341784631384,293732446624.596,6.59024999794057,1811.08221668646,,-0.573203,17.179983781834,5.70207015717239,80.4375416666667,-1.3289506,-0.7430899,6.76886499116675,-0.924304999999999,33431482893.1712,4.372,12.101
BGD,2018,-1.0964787,3.765232237641815,-2.20783912081882,,12.6747879443391,0.75354913412869,321362752441.78,7.31941263014136,1965.24372731467,,-0.6193938,19.8398437797492,5.54362139486476,83.4662019166666,-1.02517179999999,-0.7854912,5.67626909607111,-0.9096266,32028383716.595,4.439,11.907
BGD,2019,-1.1006451,1.1828986591712287,-0.839485005371136,,13.0947573353039,0.543244141585063,351231654603.692,7.88191515117722,2129.79896954606,,-0.5970582,18.4832971559365,5.59199639930629,84.4535225,-0.996755,-0.8895369,5.85933450460047,-0.9419472,32696936140.2925,4.504,11.742
BGD,2020,-1.07605779999999,0.4947918740354384,0.318940441964321,,10.4427880616037,0.407859894856915,373979442362.193,3.44801755122445,2248.85078828233,,-0.7213698,15.8286593146113,5.69107474746211,84.8713916666667,-1.01518479999999,-0.8942304,8.65813724626272,-0.8969166,43171735335.8001,5.539,13.473
BGD,2021,-1.0928915,0.2502275256277164,-3.78969259910935,,10.6627789004134,0.414118154040593,416271647911.014,6.93867912442445,2482.84917843357,,-0.563899399999999,17.0612258032497,5.54565430773473,85.08376325,-1.0535518,-0.871176499999999,6.29023985723134,-0.974914899999999,46165532457.1555,5.457,12.72
BGD,2022,-1.17834859999999,7.829568104694876,-3.81010813041237,,12.8822264348985,0.347960024540439,460131689083.083,7.09982877575158,2716.48592780431,30.9,-0.62345,20.897740835675,7.69695437176898,91.7454544396961,-1.0954422,-0.9240476,4.18907976493715,-0.973641299999999,33747202271.7021,4.593,10.985
BGD,2023,-1.1987203,15.874388487943856,-1.64602823544154,,13.1571638341204,0.335721505298968,437415333018.291,5.77511237007889,2551.01773827307,,-0.5574534,17.8258075763392,9.8835030377921,106.309484297483,-1.0359445,-0.9009111,3.3558121828929,-0.9020256,21859709190.8892,3.352,7.905
BGD,2024,-1.1021569,8.742559105222805,-0.669466607987832,,10.4611878291715,0.283870773350074,450119432068.852,4.22325911250161,2593.41611680774,,-0.618974599999999,16.3168879748762,10.4657482763412,115.603653796648,-1.46295089999999,-0.9500708,3.07374348965567,-0.9600594,21394795733.0405,3.635,9.097
BGD,2025,,5.464518292387368,-0.0524732355435052,,11.1161085689856,0.404544313117544,456319229255.578,3.48990671836833,2597.34352335275,,,16.8344754735707,8.7687628116114,121.920836605034,,,3.91092137452087,,28562651500.7357,3.778,9.385
BHR,2010,0.15202,,2.8727610009228,29.0713708137176,66.7027150376276,0.581105356633959,26805984042.5532,4.3342989754845,21819.3291098099,,0.3995029,48.8587714119882,1.96188468334623,0.376,-0.7371495,0.8816129,3.75492330902566,0.1010185,5299463737.03106,1.13,4.953
BHR,2011,0.1964302,0.0,10.855340365152,34.5689325404164,95.6363487649272,2.61026038592024,29914680851.0638,1.92815791170796,25032.7867743333,,0.4333329,71.8932922709265,-0.40004069748808,0.376,-1.1775267,0.9001858,2.34120217230767,-0.0253953,4774194828.72022,1.21,5.283
BHR,2012,0.1663109,0.0,8.06539982681225,35.6065986264045,98.265636232926,4.83265436536461,31963404255.3191,3.80302899043062,26438.6733230428,,0.3354941,80.5583845887584,2.75739669962979,0.376,-1.0354447,0.8032498,2.27248354641055,-0.1376475,5454261306.90609,1.2,5.425
BHR,2013,0.197016,0.0,7.12443578913414,42.2700248553772,100.826651632348,11.0211306090707,33823324468.0851,5.29262224906203,26989.7601148469,,0.3589139,83.7628572125021,3.30001156888442,0.376,-1.2920542,0.819964,2.09918116055192,-0.123284899999999,5527718440.19013,1.184,5.439
BHR,2014,-0.0204446,0.0,4.38061668747353,43.5275770260668,92.2255357196123,4.36728984042946,34772526595.7447,4.30885692657077,26451.7965647453,,0.4256973,76.3503224222473,2.64755321246189,0.376,-1.0441426,0.6266024,2.46566079822188,-0.1310885,6229406002.51976,1.144,5.398
BHR,2015,0.0385922,0.0,-2.31252912932776,60.7584088656577,79.3441035722346,0.199529633421541,32523297872.3404,2.50787205267615,23734.0551143019,,0.44791,68.5719566006692,1.84862742374977,0.376,-0.9584379,0.7369814,1.61971116005605,0.0118928,3546207932.19981,1.164,5.427
BHR,2016,-0.0877355,0.0,-4.40558716045663,70.5694533398636,70.5882906981125,0.718174283238518,33884680851.0638,3.81499327422425,23800.001440631,,0.4226535,62.2347072046616,2.78679347602044,0.376,-0.909807199999999,0.5338814,1.24639583150588,-0.0230253,2611989314.00794,1.19,5.527
BHR,2017,-0.143222,0.0,-4.30051876437292,77.5251429515026,72.2538621389219,3.83300891199591,37204813829.7872,4.95383534123657,24784.7693514607,,0.4227562,64.1753776714721,1.38671830576406,0.376,-1.0066263,0.4961675,1.21101415937673,-0.0275196999999999,2823123079.34137,1.18,5.593
BHR,2018,-0.140961,0.0,-6.15289066217848,84.3014580347853,75.7153726820796,4.18079308703845,39567978723.4043,2.05258864979861,26324.4066549559,,0.4181683,68.3599998924555,2.08766938046978,0.376,-0.8677102,0.4964201,0.888034266326336,-0.0572436999999999,2334278370.00967,1.188,5.633
BHR,2019,-0.0835445,0.0,-1.96409784324041,91.3598106259863,73.0944239873751,2.32837980010521,40446808510.6383,2.05287774418655,27259.7438599327,,0.4361988,62.3231194108364,1.00582004702137,0.376,-0.603362,0.5202512,1.5458484900259,0.0073826,3902650742.43906,1.217,5.657
BHR,2020,-0.0925165999999999,0.0,-9.05383693445987,111.598089477141,70.4544358235096,2.84973228101032,35837632978.7234,-5.9113629524152,24342.8444554718,,0.4205912,65.0065491894219,-2.31770629331379,0.376,-0.5964745,0.5553824,1.0547970704672,-0.110376599999999,2523073657.45375,1.765,6.389
BHR,2021,0.210097,0.0,6.37213530677418,,86.2742186726683,4.3566259787756,40840212765.9574,4.35004091668986,27147.8083882286,,0.7183116,67.5250978124398,-0.60631938514085,0.376,-0.5041164,0.7964885,1.81003303508865,0.0190676,4993195962.86458,1.548,6.043
BHR,2022,0.144834,0.0,14.7198235888136,,95.9613654006004,4.20018456310523,46458191489.3617,6.18016125475185,30470.5219276023,,0.7297568,71.1798757519344,3.62574104304482,0.376,-0.482549599999999,0.8697953,1.4626760101007,0.0328686,4774898054.78219,1.265,5.33
BHR,2023,0.2380412,0.0,5.84398348945118,,87.351143952571,15.6428756083644,46192260638.2979,3.87811614845566,29290.1284215098,,0.7325207,70.0967107297264,0.0746206782192256,0.376,-0.5007436,0.9096095,1.53805743002251,0.1259217,5117552034.50774,1.049,5.381
BHR,2024,0.2540662,0.0,4.83346638041053,,87.4874315086406,5.72467195311559,47210732712.766,2.89710543153512,29717.1424605273,,0.6002525,69.9934379215464,0.919635459817651,0.376,-0.2758672,0.9502434,1.41650733987614,0.1679373,4948702759.13155,1.084,5.469
BHR,2025,,0.0,,,,,48965725531.9149,3.48137573668635,30596.5794898885,,,,-0.137708855447902,0.376,,,,,5269794300.5237,1.102,5.416
BTN,2010,0.7720446,,-18.9069431459851,50.9195301727763,39.3870452376357,4.40487201345335,1708880730.20989,11.9318738376229,2435.5798056672,,0.4330688,65.623621455957,7.03638316073019,45.7258121212121,0.7505364,-0.867229399999999,11.746972451322,0.1661014,1002139101.89679,3.32,8.784
BTN,2011,0.7141101,2.0659109190897755,-26.6070202039628,57.5496480907902,37.9232018736818,1.57461513860453,1977728658.68259,8.4892584842808,2787.97967608562,,0.4711814,64.8723983474244,8.848985699468,46.6704666666667,0.7467369,-0.8648393,6.64779532318253,0.2019468,789643751.580542,3.23,8.911
BTN,2012,0.8135637,14.49903365011692,-19.1060720878636,67.0148156229242,35.7881097866179,1.2354733641673,1973387227.96519,5.16482012683895,2751.2128864294,38.8,0.5172017,58.2569173603391,10.919656944683,53.4372333333333,0.7756826,-0.8397388,8.55745154197408,0.1873333,954678385.085582,2.05,6.982
BTN,2013,0.785208,9.65733396252438,-24.293493248344,88.9492144824279,37.4343659431634,1.05127659163372,1943696951.65411,1.73634039505693,2679.95217201538,,0.6398365,57.618172334879,8.77638345268213,58.5978454166667,0.7771733,-0.8405889,9.26353916294235,0.2565264,991306676.488434,2.87,9.389
BTN,2014,1.0904024,4.149758454132462,-23.4688052620108,84.9990711320017,34.1893414068432,1.12656942719562,2089079570.58285,5.88108550658288,2849.49998647303,,0.4198133,53.7449147944863,8.27106093949328,61.0295144607843,1.1573285,-0.727548099999999,11.8031415958018,0.3487073,1245086666.63096,2.63,9.023
BTN,2015,1.0788548,5.116262238167855,-25.0627177353296,81.0505609933361,31.5360910045004,0.294858179551153,2187815803.36833,6.66080128866197,2954.04081911097,,0.3649184,58.1030694550492,4.54814395082205,64.1519444632786,0.9981818,-0.401577299999999,9.6061172441657,0.5171592,1103179128.57933,2.45,10.115
BTN,2016,1.169102,4.7440001539670655,-26.4131091642844,92.2912012820179,27.1228339132394,0.504099187674602,2357504760.78592,8.47594339232963,3152.30905106786,,0.440651,49.2619189365981,3.21988689395718,67.1953128073894,1.1113941,-0.344325999999999,9.43703232126751,0.5150738,1127277331.66278,2.707,11.614
BTN,2017,1.4511886,-3.086144071190997,-20.854696561702,95.7786849944102,28.4464080232377,-0.638806366922729,2591358009.20276,2.08684522733067,3435.28804735662,37.4,0.4832628,48.3419936617844,4.95508366985129,65.1215686450659,1.1177867,-0.1285626,9.88572466303793,0.6206244,1206238190.85106,3.027,13.355
BTN,2018,1.4519306,5.018150693340044,-18.5091513975915,95.847821202237,29.1897191930732,0.10255942689779,2583335721.85904,3.50187185732737,3400.20417245342,,0.5384773,50.550001136535,2.72396386183713,68.3894670935422,1.1151798,-0.0472384,7.89747826994493,0.6674477,987247035.583982,3.35,15.199
BTN,2019,1.4640293,2.9695705036495017,-18.3062679862316,90.3573525676224,31.4575032617598,0.475617042344246,2735683570.46155,5.75514851246506,3576.87987100503,,0.4846393,44.6660134423907,2.72643037388832,70.4203405359551,1.1641113,-0.0695533,9.98564557325312,0.6618686,1238371618.29552,2.72,11.56
BTN,2020,1.3421241,5.224664237134109,-15.5091108691023,111.007884099526,28.0656355144502,-0.113401528947433,2457604333.90927,-10.2183974208569,3191.66906999331,,0.4837444,43.7647155250135,5.62936522632508,74.0995668836052,1.1154419,-0.0309429,12.5303950802887,0.6470186,1426914817.73783,5.03,21.989
BTN,2021,1.3198694,-0.2450136698575904,-11.5313120542653,,29.1987406924537,0.244983575408047,2768802960.11204,4.42136738945015,3570.61257980872,,0.5963822,48.3837075785288,7.3468144053353,73.9180128154351,0.9391838,-0.0451337,10.468479173115,0.6782878,1049605755.17506,4.803,20.609
BTN,2022,1.357056,6.340102485246864,-27.8005472490936,,25.4988399587876,0.289904655137253,2898227743.75576,5.21386783786224,3711.32767981591,28.5,0.5347986,60.0723765638263,5.6391667139637,78.6044905829916,1.3224382,-0.109357799999999,5.60738875203101,0.6837835,825755411.679767,5.947,27.177
BTN,2023,1.3563935,5.082134409190095,-33.907387068313,,28.3881078975658,0.338339566522946,3012896789.79753,4.63215702969933,3831.32535564326,,0.5353028,53.3485199564153,4.22934419929251,82.5992764460784,1.3322654,-0.109245,4.0132493332428,0.7200012,654480752.429944,3.126,14.939
BTN,2024,1.4722389,1.2954170797865368,-19.4017852146799,,31.4948602422141,0.0841982308924301,3346603858.7495,7.49856206754038,4228.05102403654,,0.5808357,47.8676815531182,2.76131569624098,83.669281580941,1.3541153,-0.0912943,6.61474201389783,0.7902665,941017689.206037,3.282,17.934
BTN,2025,,4.1701885134784025,,,,,3579320145.13077,8.00502716233098,4492.78400306618,,,,3.55513663074987,87.1584483507393,,,,,1191252357.26907,3.227,17.052
DJI,2010,-0.5264958,,4.47357137871551,,,3.23415329697175,1128611700.3618,,1213.23352553429,,-0.729241799999999,,3.95007875923886,177.721,0.3584284,-0.7631836,5.87691030696574,-0.7820756,248997896.289132,26.368,70.021
DJI,2011,-0.5260663,0.0,-13.8678242864019,,,6.37538483893525,1239144501.77525,,1306.34552844977,,-0.725115499999999,,5.0687139477798,177.721,0.1177782,-0.7534194,4.17092204640401,-0.864629,244112095.169796,26.31,70.486
DJI,2012,-0.5478799,0.0,-10.9311673573902,,,8.1261509172004,1353632941.5207,,1400.19357858954,45.1,-0.768965799999999,,3.73120950756887,177.721,0.1173704,-0.689775799999999,4.01859282386055,-0.865352799999999,248630000.267239,26.179,70.783
DJI,2013,-0.620851399999999,0.0,-30.7512096888003,,156.414102493532,13.9893763417185,2044440443.16654,,2075.94498424748,44.1,-0.7216376,191.30621456487,2.70603242872186,177.721,-0.2955231,-0.753186199999999,1.28168987137256,-0.917468,424961509.881339,26.149,71.343
DJI,2014,-0.7346191,0.0,23.8932174835351,,157.949327841603,6.88983261287099,2220637966.25047,7.19298728463697,2214.62084142432,,-0.6905333,140.615207979648,1.34186494340162,177.721,-0.3843552,-0.7204568,1.48167498855892,-1.0251459,393148391.657684,26.16,72.035
DJI,2015,-0.729731599999999,0.0,29.4599511791353,,145.421307480105,5.93271216592944,2424391785.43897,7.30898563450799,2376.12554719873,,-0.7524266,122.942148774525,-0.522166521445793,177.721,-0.493180099999999,-0.7293921,1.43676965414638,-1.0027773,364857284.064063,26.063,72.492
DJI,2016,-0.7112911,0.0,-1.00034788975653,,103.764025112093,6.1420623506391,2604955228.70117,7.1234323372872,2510.4300076241,,-0.712875399999999,109.307973495828,2.4025290543489,177.721,-0.7074408,-0.715720799999999,1.64742258520207,-1.0026644,407414266.733581,25.982,73.014
DJI,2017,-0.7643067,0.0,-4.79510874009854,,150.098361470494,5.97013597143086,2762581334.22612,5.458091517212,2618.95521147369,41.6,-0.779234499999999,155.869604932974,0.577285724560661,177.721,-0.7552217,-0.6812526,1.49154157981283,-1.01021689999999,556097628.852465,26.064,73.951
DJI,2018,-0.821555599999999,0.0,14.711779905443,,156.619986522272,5.83497725047345,2913464658.08768,4.77433934943193,2718.08338799203,,-0.772010699999999,143.778914001572,0.138836400011405,177.721,-0.296717499999999,-0.7398709,1.24125456382954,-0.9865925,454193909.718601,26.18,74.98
DJI,2019,-0.9286163,0.0,18.2584391861665,,166.717864481384,5.66550441566635,3088851450.30694,5.54508081154978,2837.16902340932,,-0.6529552,154.221365882795,3.31763203299603,177.721,-0.3842768,-0.772907799999999,1.21983600051018,-1.0072723,501857934.384136,26.257,75.906
DJI,2020,-0.814078299999999,0.0,11.6521171854969,,117.134854035476,5.03254315668511,3144136196.6228,1.2021151728969,2844.88810647853,,-0.675007399999999,108.610017288247,1.77900535643955,177.721,-0.4591955,-0.830967799999999,2.29585382544443,-1.0447412,686339280.94212,27.701,81.882
DJI,2021,-0.9086172,0.0,-6.63481531701171,,142.728193974095,4.91482788768696,3392796953.08939,4.40715667561153,3025.91126413549,,-0.647701299999999,120.749534759797,1.18086783934059,177.721,-0.5273642,-0.7686696,1.25571117105207,-1.0311038,588417559.788355,27.628,79.377
DJI,2022,-0.9087909,0.0,18.418217152052,,159.250735528808,5.24930012962196,3562814908.76149,5.16653702854374,3133.25779772463,,-0.5581809,143.034673702738,5.17222088647606,177.721,-0.4774121,-0.769363799999999,1.34430440635494,-1.0215603,589437241.827389,26.272,76.609
DJI,2023,-0.905052699999999,0.0,18.5034837806032,,150.741322598259,3.51446231641349,3898447007.38798,6.80733529403308,3381.29779710722,,-0.536184,135.160721202385,1.44905087029086,177.721,-0.4640183,-0.788349299999999,1.10411747889346,-1.03950379999999,502033555.759362,26.074,76.393
DJI,2024,-0.8908098,0.0,14.6941756648345,,126.415267144255,1.63337101411676,4152145939.98458,6.98048467276334,3552.72335079222,,-0.4930443,114.822195954032,2.1120116728497,177.721,-0.5563593,-0.852795899999999,0.850017224988693,-1.01039869999999,348725427.269846,26.007,76.494
DJI,2025,,0.0,,,110.493588636595,,4624533092.31886,6.4954610524268,3905.604954681,,,95.8024545556204,-0.313731799533481,177.721,,,,,655743660.361958,26.015,76.766
DZA,2010,-0.3918564,,6.87361929280343,,34.988229614912,1.29390467487817,177785053939.531,4.80000000093564,4912.78585503672,,-0.6027467,28.5029863779305,3.91106195534028,74.3859833333333,-1.31766989999999,-0.9696248,36.7819414773254,-0.7700849,170461132878.607,9.96,22.161
DZA,2011,-0.4094732,-1.9467377254540967,8.09495300569721,,35.9880864093259,1.17767329101171,218331946925.304,2.99999999941909,5916.31364364343,27.6,-0.722398099999999,26.2320035517219,4.5242115050527,72.9378833333333,-1.43622689999999,-1.13479399999999,34.8238177143754,-0.833268,191369111470.407,9.96,22.803
DZA,2012,-0.453743099999999,6.304108541674699,5.3237110694236,,34.3827920015035,0.660551953898791,227143746075.934,2.40000000034432,6033.64884689543,,-0.659519699999999,26.374847332557,8.89145091062317,77.5359666666667,-1.2861441,-1.088001,34.3073971199894,-0.820280599999999,200586904241.375,10.97,27.872
DZA,2013,-0.4058013,2.363333317569994,0.517147116303439,,30.7993649290893,0.736559065111634,229701430292.157,2.60000000061164,5979.60138960585,,-0.5509556,28.3516432281546,3.25423910998847,79.3684,-1.3382043,-0.799061399999999,32.7812904978346,-0.7149392,201436604411.914,9.82,25.459
DZA,2014,-0.6220502,1.5253131808965652,-3.8772158836163,,27.6194863705878,0.628688968391006,238942664192.59,4.09999999866501,6094.69392314956,,-0.3152327,29.3040555963989,2.91692692067458,80.5790166666667,-1.1769102,-1.0284052,28.1922504423476,-0.836116699999999,186350590140.833,10.207,25.664
DZA,2015,-0.6299526,24.95986858448006,-14.4205446442816,,20.5281416810455,-0.286832290676438,187493855609.345,3.20000000089023,4685.05902729002,,-0.3555636,32.676480909369,4.78444700693889,100.691433333333,-1.049624,-0.910741399999999,25.8569065523585,-0.8774318,150595236894.628,11.206,30.377
DZA,2016,-0.6412808,8.691537148311552,-14.4962877563746,,18.4866879717888,0.906300705997455,180763839522.151,3.90000000017621,4424.98529027556,,-0.4244363,31.2742448207328,6.39769480268757,109.443066666667,-1.12458449999999,-0.9245888,22.5792566104525,-0.860594099999999,120788088861.403,10.202,26.228
DZA,2017,-0.5404682,1.3979414563188364,-11.6217683736912,,20.3336795171675,0.647902696344894,189880896903.073,1.49999999895587,4554.66753957828,,-0.5231578,29.4871366540912,5.59111590961664,110.973016666667,-0.929504599999999,-0.945913999999999,19.3716083235174,-0.8676221,104852543743.412,12.0,30.295
DZA,2018,-0.538513599999999,5.064992525960884,-8.68941296193564,,23.423105738908,0.753576088552125,194554483655.528,1.40000000088281,4577.21029180491,,-0.2892145,29.0130619390143,4.26999020467084,116.593791666667,-0.6370211,-1.0402376,15.926933826264,-0.853582899999999,87382910154.0942,12.112,30.709
DZA,2019,-0.620545999999999,2.36699281086592,-8.76373598794008,,20.407941949491,0.713947308015691,193459662090.677,0.899999999219148,4468.45341883656,,-0.315897,26.0989006586763,1.95176821052892,119.353558333333,-1.06252749999999,-1.1291834,14.4665752336272,-0.845730299999999,71795950714.9485,12.302,31.202
DZA,2020,-0.635634599999999,6.219539467717602,-11.0309095376359,,15.5352011116191,0.693816014772836,164873415325.201,-4.99999999908597,3743.5419522929,,-0.2693237,24.8545554509197,2.41513094083414,126.7768,-0.883733299999999,-1.08103289999999,15.4414562891346,-0.7746944,59434389109.5108,14.08,35.767
DZA,2021,-0.6509952,6.536888715705882,-2.42326388144806,,23.4443672905951,0.466728479682941,186231205262.082,3.79999999900707,4160.55926736925,,-0.4641151,23.3926919693657,7.22606307415477,135.064058333333,-0.9009933,-0.9720042,13.7665681887564,-0.7553319,56211005199.3665,13.656,33.828
DZA,2022,-0.6430769,5.131577380535806,8.62297009518782,,30.7915561763341,0.107187812155079,225581644702.568,3.60000000094915,4960.30334332888,,-0.2671351,20.3985331920556,9.26551551551553,141.994975,-0.8074555,-0.8782506,16.336474497122,-0.798385,71852290093.8578,12.382,31.359
DZA,2023,-0.6397452,-4.332577027227198,2.62033732399996,,23.7900604738163,0.489819143410423,247923887214.655,4.10000000005964,5370.477235078,,-0.355560999999999,19.9497379768844,9.32217375928322,135.842933333333,-0.7317401,-0.7856434,17.0452476814619,-0.7329544,81216738411.6242,11.645,29.995
DZA,2024,-0.5933952,-1.3174713050950169,-1.0224994485325,,19.8523800653814,0.455370730483787,269322281664.773,3.69999999907979,5752.99076651465,,-0.2511914,20.2821940516889,4.04611455313434,134.053241666667,-0.6935882,-0.7526468,16.5279389774711,-0.6967772,83007108429.3211,11.655,29.884
DZA,2025,,-1.825630351224484,,,16.8347751595565,,287031225987.736,3.815543719231,6051.00322704182,,,22.1441688566065,1.41835151429016,131.605925,,,,,72495669205.7541,11.633,29.444
EGY,2010,-0.608266,,-2.05668307641306,,21.3492458146859,2.91601657550141,218983666061.706,5.14723485746742,2455.08194645282,30.2,-0.482093799999999,26.5871042599039,11.2651882653185,5.6219429176105,-1.0007352,-0.0846898,6.70121378987163,-0.2849681,37028506134.5559,8.757,24.583
EGY,2011,-0.5611174,5.529845081329735,-2.32378812632193,,20.5674276128656,-0.204542848807527,235989672977.625,1.76457194806041,2590.64384891965,,-0.493349,24.6882065494858,10.0649259874818,5.93282765151515,-1.68884559999999,-0.2206717,3.28531568230903,-0.51085,18637541110.4777,11.849,29.426
EGY,2012,-0.5175138,2.07709862912854,-2.49788021735236,,16.3969666208873,1.00234071774049,279116666666.667,2.22619979818487,2996.0677072015,28.3,-0.5323164,24.3148026512211,7.11172943343083,6.05605833333333,-1.58945659999999,-0.5120719,2.48779534146603,-0.5396816,15672467970.7728,12.597,34.439
EGY,2013,-0.5658677,13.445489158927698,-1.22513249838744,,17.0178456245969,1.45343420769727,288434108527.132,2.18546605363386,3025.52563552448,,-0.764836299999999,23.3551924317351,9.46971981064921,6.870325,-1.8070331,-0.738630799999999,2.73003963526374,-0.795294,16536236826.4074,13.154,34.12
EGY,2014,-0.576257999999999,3.017085226769617,-1.94849131455399,,14.2441314553991,1.50925042253521,305595408895.265,2.91591188052836,3133.39102265541,,-0.644012799999999,22.6760563380282,10.0702154687481,7.07760856060606,-1.5091298,-0.7425351,2.21204888604566,-0.839702699999999,14926998051.7397,13.105,32.198
EGY,2015,-0.5639736,8.670298271973422,-5.23529137853431,,13.1838454928598,2.10258128401326,329366576819.407,4.37201907781687,3306.98159414141,31.8,-0.5216722,21.6620974671631,10.370490343517,7.69125833333333,-1.5178167,-0.7363711,2.59707505474829,-0.8381446,15858887325.7756,13.052,34.16
EGY,2016,-0.4472655,30.34799188966484,-6.16465951871263,,10.3454639403558,2.43856278142762,332441717791.411,4.34664345601914,3270.6287768197,,-0.440950399999999,19.9010851110947,13.813606214829,10.0254007885465,-1.5399732,-0.7670926,3.8854106958735,-0.8445636,23642691705.9678,12.45,33.655
EGY,2017,-0.4059653,77.37478919924301,-3.19681566782461,,15.0140868185672,2.98301550917695,248362771739.13,4.18122099961562,2395.10333299491,31.5,-0.406895199999999,27.8180475395935,29.5066083940039,17.7825335150636,-1.4711477,-0.7082554,5.72306111855628,-0.774614199999999,36400242555.8255,11.767,32.644
EGY,2018,-0.4749757,-0.0857194687134414,-2.93164483711978,,17.984655608418,3.10040077579187,262588632526.73,5.33110861887155,2484.70315630508,,-0.405885499999999,27.9263640649779,14.4014657807422,17.7672904218107,-1.26200959999999,-0.742675299999999,5.85734270401284,-0.739756099999999,41839242990.7097,9.855,26.252
EGY,2019,-0.652109199999999,-5.609795051871632,-3.20758543154938,,16.6440314510365,2.82732944960686,318678815489.749,5.55209307084222,2962.98892023003,31.9,-0.118641699999999,24.4799857040743,9.15279959324804,16.7705818428763,-1.19692089999999,-0.7028437,5.83923947440236,-0.749387999999999,44568837112.0669,7.851,20.631
EGY,2020,-0.7914606,-6.030851736007124,-3.70903990583375,,12.4727757370868,1.52462948997172,383817841547.099,3.55016483883115,3511.11381026379,,-0.234355899999999,19.6534798296655,5.04493288977539,15.7591729166667,-1.1172787,-0.6355909,5.56473451430895,-0.789880599999999,38972812936.6708,7.974,18.463
EGY,2021,-0.7873199,-0.7274851260382598,-4.38240299812001,,10.5611502153652,1.20617861055665,424671765455.704,3.29064601193245,3827.35415374308,28.5,-0.225102299999999,19.295823265447,5.21404940513043,15.6445272777113,-1.066781,-0.5701379,4.38225643427728,-0.8185251,39824388217.3615,7.441,18.21
EGY,2022,-0.7776624,22.47375328827103,-2.2100904275198,,15.0870258208479,2.39118080969079,476747720364.742,6.58784560870467,4233.30783744856,,-0.1434309,21.8960790564233,13.8956609775178,19.1604397412204,-0.9542974,-0.6685017,3.32738146369502,-0.772813099999999,32143926008.4607,6.546,16.342
EGY,2023,-0.816904499999999,59.84191444282786,-3.17338763053558,,19.1060913405676,2.48546400695984,395926071447.591,3.76028052279247,3456.78965212363,,-0.0397463,21.3443094314355,33.8847763115546,30.6264136980311,-0.899323299999999,-0.5731672,3.87390992001782,-0.7776875,33070180836.1374,6.753,17.153
EGY,2024,-0.8269898,47.90912330330136,-5.68596234093524,,16.3762422101126,11.9719351009449,389059910593.1,2.3991692678251,3338.47371043679,,-0.0970579,23.2245098772607,28.2705899322083,45.29926,-0.9779235,-0.499469399999999,4.53950764706678,-0.751539899999999,44921341018.4659,6.817,17.291
EGY,2025,,8.672317899527059,-3.81547628555514,,19.8200284513845,4.23066505478546,365254630179.737,4.39201068570188,3085.80712036204,,,31.5143194274435,14.0735136645934,49.2277558333333,,,4.35960492991794,,48875494539.269,6.781,18.293
ERI,2010,-0.720041399999999,,,,6.37837659786896,5.72501513985957,1589515447.15447,2.19419034888082,539.699512069686,,-1.1909988,31.0930888587001,,15.375,-0.8910469,-1.8738187,,-1.5184043,114149602.728927,5.854,10.469
ERI,2011,-0.7517438,0.0,,,18.1548372567671,1.8886183675912,2065001626.01626,8.67980010138049,688.68165957684,,-1.2937716,29.2389528621013,,15.375,-0.8949954,-1.87367889999999,,-1.5167327,115328815.906209,5.801,10.326
ERI,2012,-0.872825699999999,0.0,,,,,,,,,-1.3263806,,,15.375,-0.9125405,-1.8952942,,-1.51498929999999,132764717.792848,5.692,10.103
ERI,2013,-0.9908114,0.0,,,,,,,,,-1.3919184,,,15.375,-0.983509699999999,-1.9571541,,-1.570103,133338047.50637,5.624,9.945
ERI,2014,-1.124763,0.0,,,,,,,,,-1.2490594,,,15.375,-0.651784799999999,-1.9053624,,-1.676812,151753160.388458,5.637,9.896
ERI,2015,-1.3519275,0.0,,,,,,,,,-1.2742181,,,15.375,-0.7893504,-1.8843157,,-1.6533883,145070693.229695,5.751,10.034
ERI,2016,-1.35281649999999,-0.1626016260162625,,,,,,,,,-1.2669749,,,15.35,-0.7487988,-1.92438579999999,,-1.6534478,145371150.939987,5.772,9.998
ERI,2017,-1.320663,-1.7915309446254093,,,,,,,,,-1.2739169,,,15.075,-0.834184199999999,-1.9095327,,-1.633707,143412422.685212,5.804,9.989
ERI,2018,-1.4338129,0.0,,,,,,,,,-1.42377589999999,,,15.075,-0.9260353,-1.9132827,,-1.6817801,163033689.39269,5.756,9.802
ERI,2019,-1.4238042,0.0,,,,,,,,,-1.4628029,,,15.075,-0.9764301,-1.9646637,,-1.6886873,191694416.403147,5.812,9.845
ERI,2020,-1.3612091,0.0,,,,,,,,,-1.3975653,,,15.075,-1.0705711,-1.95704219999999,,-1.6238593,,6.375,11.1
ERI,2021,-1.36851339999999,0.0,,,,,,,,,-1.394653,,,15.075,-1.02707899999999,-1.98880149999999,,-1.6516587,,6.489,10.976
ERI,2022,-1.3644356,0.0,,,,,,,,,-1.34348739999999,,,15.075,-1.0696541,-1.9894957,,-1.7694664,,6.033,10.186
ERI,2023,-1.4131414,0.0,,,,,,,,,-1.3802453,,,15.075,-0.7897784,-2.0283618,,-1.79714659999999,,5.909,9.965
ERI,2024,-1.6331361,0.0,,,,,,,,,-1.45617889999999,,,15.075,-0.7086146,-2.0353648,,-1.8026292,,5.947,10.056
ERI,2025,,0.0,,,,,,,,,,,,15.075,,,,,,5.978,10.241
ETH,2010,-0.6997533,,-2.1222608717343,,,0.963030625359937,29933790334.3418,12.5505383347633,330.619412798644,33.2,-0.4772744,,8.14926402965082,14.4095898080066,-1.5760665,-0.7207448,2.69323946325897,-0.8369645,2241164555.88825,2.295,3.435
ETH,2011,-0.6055573,17.277632359371868,-3.30367964138339,,16.6868531997337,1.96735663905254,31952763089.33,11.1782962297008,343.024942351887,,-0.5169232,31.5460822119553,33.2499598823344,16.8992257595275,-1.5281949,-0.861597699999999,2.87144325080088,-0.847511,2837310958.4935,2.27,3.42
ETH,2012,-0.6106685,4.7667013282295,-7.10674868080212,,13.7672981990263,0.643172898229037,43310721414.0829,8.64781163513926,452.101031885754,,-0.4212532,31.630605984481,23.600417677317,17.7047613782674,-1.613535,-0.917400999999999,1.94022284437674,-0.7490211,2301655547.62419,2.252,3.414
ETH,2013,-0.5672534,5.206890731732735,-6.36626399169653,10.733283781495,12.484073558977,2.82040845857162,47648276605.0123,10.5822700502552,484.039833104062,,-0.5207719,28.9877135217855,7.46402192944517,18.6266289575478,-1.3952471,-1.06822369999999,1.97097009114637,-0.8458441,2363513607.3673,2.251,3.429
ETH,2014,-0.5429668,5.149407079151218,-10.3781721184148,26.9372797365191,11.6416199095703,3.33569111068815,55612228233.5179,10.2574929627477,549.986577082588,,-0.451422999999999,29.0994642402923,6.89001951597192,19.585789907695,-1.1765231,-0.9043825,2.3002950163837,-0.7533654,3525244981.05226,2.361,3.634
ETH,2015,-0.5196265,5.060091254811365,-12.1838327178753,27.9431250379303,9.36331359735926,4.22926466080082,62103418181.8182,10.3924630141307,597.912113218663,35.0,-0.5298526,30.2928105475922,9.56889955968623,20.57684875,-1.26354339999999,-0.902880599999999,2.28152768719768,-0.805187299999999,3835287576.46954,2.442,3.813
ETH,2016,-0.435890499999999,5.611639013589001,-11.5449209376397,29.0056817322355,7.8120625822914,6.0502150951561,68475871209.607,9.43348265981905,641.651523286233,,-0.4771006,27.0869584993198,6.62813337230924,21.7315472222222,-1.43965759999999,-0.9613611,1.78101039203727,-0.798565,3030943950.63996,2.556,4.031
ETH,2017,-0.5649481,9.822389604213496,-7.76343039992897,30.0951138170263,7.62937471525016,5.26039764214773,76366081766.6667,9.56418965754014,696.348429076216,,-0.5281279,23.4742747776515,10.6871150284238,23.8661044574125,-1.5195725,-0.898545399999999,1.84484716277073,-0.782502799999999,3045571314.79781,2.665,4.25
ETH,2018,-0.4565279,14.93030478900586,-5.53324917435327,32.5332245901733,8.37267815589761,4.03228222144798,83337901071.9697,6.81614778557282,739.702022272086,,-0.5328814,22.8266908218905,13.8330356586661,27.4293865941667,-1.2054246,-0.846342199999999,2.35373732912292,-0.7938799,3987464165.90059,2.811,4.515
ETH,2019,-0.4268519,5.980313851357318,-5.47194445069538,31.4488445666124,7.93996502525176,2.77536541538477,91834517113.6386,8.36408573111346,793.473247218996,,-0.5253376,20.8753289040091,15.8096321719344,29.06975,-1.1789771,-0.828078099999999,1.80527864372518,-0.7767788,2992704274.84051,2.928,4.752
ETH,2020,-0.368558799999999,20.14952107961163,-2.75526110013781,,7.12719989764702,2.4279259279615,98676811061.9985,6.05953089248577,829.790982552951,,-0.551689499999999,16.8789144437579,20.3563468559061,34.9271654040404,-1.5934093,-0.8158694,2.04857901561174,-0.8139468,3046114358.80765,3.998,6.356
ETH,2021,-0.4003096,25.214221689404106,-4.13241831248994,,7.63170919167145,3.90520609775086,109070960370.972,5.64153069324176,893.009835441784,31.1,-0.650462099999999,16.7133482738948,26.8395221557722,43.73377831884,-2.0139565,-0.7684521,0.92146131951932,-0.9484534,1644005887.02273,3.935,6.246
ETH,2022,-0.406565399999999,18.34379974236282,-4.19066632561125,,8.24396037766464,2.98033315911234,123140304665.399,5.32175988485454,982.103161502198,,-0.7000773,18.351539318761,33.8898797100898,51.7562150334169,-1.8659545,-0.7815691,0.578588743645571,-0.9181925,1191712941.06266,3.386,5.45
ETH,2023,-0.4629488,5.496408561567479,-3.52359702026291,,6.59591829052029,2.40146315356828,135874093203.18,6.59424599054353,1055.81091593061,,-0.6883758,14.0022832166203,30.2188278135278,54.6009480676569,-1.86375129999999,-0.8373693,1.04253332393312,-1.03931399999999,2028214254.61106,3.375,5.455
ETH,2024,-0.437863299999999,51.28187197065475,-2.53176480495898,,5.53927082166771,2.68582028017543,149740297952.375,7.61277447616879,1133.88279681256,,-0.645991,11.8611650370138,21.0377460577711,82.6013363504764,-1.88497389999999,-0.8332379,1.7806234891991,-1.04892419999999,3784387425.19121,3.357,5.449
ETH,2025,,,,,13.2837545839474,,126358758448.356,9.7715182202934,932.729352775179,,,20.176028072184,13.2296432836809,,,,,,,3.323,5.353
IND,2010,-0.3618247,,-3.25348368945179,51.5919103003897,22.4009332487945,1.6350340943491,1675615519484.96,8.49758470165625,1347.51939071367,,-0.114147699999999,26.8542732486216,11.9893899204245,45.7258121212121,-0.942319199999999,-0.277761,7.76063411026838,0.0630896,300480168786.346,7.631,23.299
IND,2011,-0.4906967,2.0659109190897755,-3.42928468606061,51.5565536600977,24.5404113195713,2.0020634629993,1823051829894.55,5.24131620024293,1445.46127486037,28.8,-0.0726295,31.0834686939585,8.9117933648336,46.6704666666667,-1.1659038,-0.3395793,6.18879010347658,-0.0132833999999999,298739463090.872,7.609,23.641
IND,2012,-0.5029878,14.49903365011692,-5.00488971805303,50.6780305618952,24.534430661418,1.31293453035323,1827637590410.41,5.45638755164772,1429.32199520032,,-0.0887591,31.2592910673332,9.47899691419793,53.4372333333333,-1.15725679999999,-0.3740965,5.90371509588661,-0.1308812,300425517446.546,7.645,24.135
IND,2013,-0.4708017,9.65733396252438,-2.64566711733892,50.3118273627008,25.430861300519,1.5162764665975,1856721507621.58,6.38610640091713,1432.84397512195,,-0.0587027,28.4132706461587,10.0178784746104,58.5978454166667,-1.17090389999999,-0.3722425,6.02774649537524,-0.1159615,298092478740.581,7.678,24.473
IND,2014,-0.4139641,4.149758454132462,-1.33950896483453,49.9009248748319,22.9679630081172,1.69565958990806,2039126479154.52,7.41022760516977,1553.88396075118,,-0.0134938,25.9542227389497,6.66565671867899,61.0295144607843,-0.817516599999999,-0.380901899999999,6.5991330802017,-0.165636199999999,325081035127.891,7.656,24.709
IND,2015,-0.3449931,5.116262238167855,-1.06754907167965,49.9647183856551,19.8131891564045,2.09211521443253,2103588360044.94,7.99625378567987,1583.99815907985,,0.3968483,22.1097247094602,4.90697344127249,64.1519444632786,-0.7619187,-0.3303195,8.00309182929653,-0.1374229,353319061013.224,7.629,24.959
IND,2016,-0.2852229,4.7440001539670655,-0.52788060603752,47.6337555915272,19.1582349105946,1.9373641224439,2294796885663.16,8.25630550176662,1707.50892912243,,0.3761225,20.9242508026814,4.94821634062134,67.1953128073894,-0.7362183,-0.2535746,8.43013905768235,-0.0823440999999999,361694321972.036,7.611,25.23
IND,2017,-0.2244224,-3.086144071190997,-1.43948820320989,47.5836093800197,18.7917648392982,1.50731583255894,2651474262755.45,6.79538341902422,1950.10468280866,,0.3527821,21.9507321152243,3.32817337461305,65.1215686450659,-0.572111399999999,-0.215826699999999,8.16271866943629,-0.0399917,412613792019.924,7.626,25.591
IND,2018,-0.2079644,5.018150693340044,-2.42697545810527,46.5224986659322,19.9278285988562,1.55821483801456,2702929641648.74,6.45385134495295,1966.25455171679,,0.5015296,23.6891407335327,3.93882646691643,68.3894670935422,-0.6785888,-0.1555625,6.90105548512364,0.020334,399167159226.682,7.652,26.003
IND,2019,-0.2183329,2.9695705036495017,-1.04961203910072,,18.664264897257,1.78482633957161,2835606256558.19,3.87143694070524,2041.42863698585,,0.5054858,21.2411386333872,3.72950573539123,70.4203405359551,-0.590466199999999,-0.0981205,8.27365940048396,-0.0201063,463469902152.507,6.51,22.947
IND,2020,-0.254487099999999,5.224664237134109,1.22362111042791,,18.6824769296756,2.40620322673636,2674851578587.27,-5.77772470687303,1907.04251637669,,0.3492894,19.0756283996012,6.6234367762853,74.0995668836052,-0.720631199999999,-0.1486534,12.9323281065786,-0.1029725,590227359928.896,7.859,24.666
IND,2021,-0.300757,-0.2450136698575904,-1.05524166809383,,21.3991583305515,1.41217101040888,3167270623260.47,9.68959249191741,2239.61384367482,,0.2400136,24.0239304534931,5.13140747176364,73.9180128154351,-0.6015988,-0.169914899999999,9.84238574452328,-0.1841026,638484779930.836,6.38,20.824
IND,2022,-0.2924866,6.340102485246864,-2.43238270956779,,24.0401716365956,1.53665241748393,3249938492013.47,7.6093649776932,2279.98145719369,25.5,0.3392526,26.6577666392086,6.69903414079858,78.6044905829916,-0.7535037,-0.087658,7.00951210544359,-0.1104884,567298153917.14,4.822,17.732
IND,2023,-0.3353176,5.082134409190095,-0.912777939495827,,22.354801966733,0.802254995836756,3500906030644.76,7.210224629335,2434.44826340989,,0.422603,23.9681500915008,5.64914318907925,82.5992764460784,-0.837974,-0.1271699,7.97237314389747,-0.0879069,627792750126.715,4.172,15.595
IND,2024,-0.2953362,1.2954170797865368,-0.851289719084462,,22.0639816354399,0.721648483526777,3760813470500.86,7.09927893176518,2591.9916607122,,0.4046051,23.8527091324349,4.95303550973661,83.669281580941,-0.785762499999999,-0.0960695999999999,7.52136088188696,-0.0392287,643042560625.541,4.173,15.746
IND,2025,,4.1701885134784025,-0.416854153498652,,22.2630410669804,0.988285383995246,3956067115771.63,7.56666179284244,2702.47987141553,,,24.0051596190103,2.39884954182294,87.1584483507393,,,7.8761457217327,,700073798240.701,4.219,16.022
IRN,2010,-1.15665139999999,,,,24.399653282909,0.74916862626536,487069570463.768,5.79793830169604,6291.19443655454,,-0.6340289,19.3709904542309,10.0893629287979,10254.176470289,-1.52478809999999,-1.42150619999999,,-1.1024424,,13.679,28.7
IRN,2011,-0.9423621,3.531538341161331,,,24.9333131264674,0.679834574763516,629082257472.368,2.6457179180628,8025.68743364356,34.7,-0.536930599999999,16.2861016653904,26.2933856738608,10616.3066439076,-1.35645059999999,-1.1976073,,-1.01296569999999,,12.491,26.645
IRN,2012,-0.98264,14.687222502275826,,,22.4753001992586,0.723850091355471,644019315003.54,-3.74717139864109,8114.08099831877,34.4,-0.5324399,21.6140464814866,27.2568127242908,12175.5472222222,-1.2630067,-1.24873909999999,,-0.9840127,,12.275,26.894
IRN,2013,-0.9147814,51.24123519005592,,,25.1829067419072,0.609501593960532,500399839839.877,-1.52197920494184,6222.74194840326,34.0,-0.5687029,21.9038111775683,36.6030355191029,18414.4480100374,-1.1808701,-1.3745965,,-1.2057757,,10.595,23.872
IRN,2014,-0.816847099999999,40.87668623277139,,,22.8306723891643,0.45545387401938,462284793280.825,4.98477506709476,5672.06372896319,34.8,-0.2574672,22.5207477521518,16.6065532357449,25941.6641445972,-0.726596199999999,-1.3019342,,-1.2547891,,10.68,24.972
IRN,2015,-0.7596233,11.833578660739237,,,18.7208345068656,0.500987695412685,409191686496.677,-1.42488493937503,4952.73355532178,35.3,-0.191803399999999,20.7017541543144,12.4846815611533,29011.4913770529,-0.7896962,-1.0907749,,-0.9741059,,11.166,25.962
IRN,2016,-0.656176099999999,6.560714285613374,,,20.3097816144481,0.70452835935243,478618064870.999,8.8150866425182,5710.59947089104,35.9,-0.2031626,19.5674601594385,7.24542548952979,30914.8524362967,-0.6448832,-1.05587229999999,,-0.973579499999999,,12.618,29.087
IRN,2017,-0.7011486,7.47681303308492,,,21.8329309946109,0.983654956177998,510239893417.645,3.02685468694025,6000.93346404409,36.7,-0.1973883,21.3227621437797,8.04492437660278,33226.2981524127,-0.699442999999999,-1.08286669999999,,-0.928377599999999,,12.232,28.208
IRN,2018,-0.9420795,22.98790801890661,,,29.639694129412,0.576106085876311,411903303606.044,-3.74796015711334,4783.01067340237,37.4,-0.2727406,26.975655484871,18.0141183371874,40864.329009777,-0.9686014,-1.2929956,,-0.969023,,12.195,27.502
IRN,2019,-0.9919553,2.779125505648911,,,22.3147082096412,0.433347777066285,347988400957.999,-2.36143538770575,3997.4935449585,36.5,-0.4172702,26.2770630040625,39.9073455697784,42000.0,-1.2556127,-1.36056169999999,,-1.0537229,,10.74,25.948
IRN,2020,-1.1044169,0.0,,,18.3903748639131,0.47769170946132,280934329279.723,4.44180865358672,3202.50003502169,35.8,-0.7071428,25.4940926265882,30.5941390387295,42000.0,-1.2213247,-1.39295869999999,,-1.0270682,,9.687,23.712
IRN,2021,-1.1267612,0.0,,,22.0192078360416,0.34982143161472,407350685583.335,4.13089685034471,4605.14881318992,35.5,-0.6566521,20.6531717002195,43.3890162681514,42000.0,-1.1577773,-1.39362039999999,,-1.06900019999999,,9.282,23.752
IRN,2022,-1.13191439999999,0.0,,,25.5666185174995,0.354893288694741,422662261525.665,4.35281087521344,4721.20437099984,34.8,-0.7076616,23.3517323048057,43.4884641742179,42000.0,-1.1448403,-1.3976255,,-1.1257877,,9.085,22.686
IRN,2023,-1.17112979999999,0.0,,,23.9216475542357,0.310885408088419,457510482317.483,5.33235116079808,5049.29931642754,35.9,-0.7402272,25.4719025417845,44.5791857572797,42000.0,-1.2694112,-1.4684049,,-1.20046299999999,,8.129,21.265
IRN,2024,-1.14723819999999,,,,23.5514720983508,0.304914200880697,475252089215.416,3.66312057949303,5190.16959024821,,-0.7061233,28.5106585810839,32.455871402917,,-1.58118839999999,-1.5113535,,-1.2348012,,8.146,21.307
IRN,2025,,,,,25.754375261588,,362682115433.364,-2.82597163290347,3924.38017821898,,,34.4882471351587,42.1712244965444,,,,,,,8.301,21.9
IRQ,2010,-1.3062258,,4.68412757383414,,39.41682921428,1.00796493975113,138516722649.573,6.40256484471193,4461.75196161555,,-1.17899359999999,34.0806504059643,2.42986826837753,1170.0,-2.187694,-0.9629582,12.7409467178946,-1.57079259999999,50622117150.4267,8.267,16.579
IRQ,2011,-1.2387175,0.0,14.065166727563,,44.4175230392819,1.12086339764167,185749664444.444,7.546471200426,5775.54229080293,,-1.1846155,27.7538051840835,5.6040514426601,1170.0,-1.91313499999999,-0.9193194,13.7756734191734,-1.4239293,61033121083.648,8.193,16.453
IRQ,2012,-1.26788219999999,-0.3276353276350491,13.5507635163078,,44.5084353612381,1.55961531280073,218002476129.472,13.9364301737537,6477.59618450955,29.5,-1.1168342,29.1002492300431,6.0890964159516,1166.16666666667,-1.97642609999999,-1.0140703,13.0907943504895,-1.4532764,70327019949.4173,7.965,16.091
IRQ,2013,-1.26454969999999,-0.014291839360005,6.85843921497559,,39.6635365352026,-0.995279210263068,234637675128.645,7.62828592298754,6650.35282247395,,-1.07101239999999,27.7464818743646,1.87949800749416,1166.0,-2.1039641,-1.01449489999999,12.7980431197862,-1.4740494,77747258749.8263,9.222,17.913
IRQ,2014,-1.357674,0.0,6.94151191976759,,38.9417264514779,-4.45521124532956,228415656174.957,2.26368817563613,6249.39226978969,,-0.9609496,30.0407604054258,2.23597407904726,1166.0,-2.2538271,-1.07080859999999,11.3259059912738,-1.4559635,66281655807.2322,10.59,19.908
IRQ,2015,-1.393567,0.1143510577470046,-1.65602101285884,27.3918908850844,34.5141464410956,-4.54159235443502,166774104959.102,2.60676642939541,4440.14189252367,,-1.0793082,35.0776221572159,1.39333028780268,1167.33333333333,-2.2449091,-1.01794729999999,10.8017323095628,-1.48886679999999,53992019678.9023,10.865,21.387
IRQ,2016,-1.4012064,1.256424900057393,1.29416694062961,29.4760678291372,28.1085236792986,-3.75180911604806,166743557747.671,13.7873730187089,4334.42096404188,,-1.09191939999999,26.4797965093784,0.556521397155548,1182.0,-2.22917579999999,-0.9696252,11.8139189353787,-1.53679029999999,45298562240.8151,10.82,22.446
IRQ,2017,-1.4065197,0.1692047377326565,7.95462137277485,35.8630061595051,33.9160634134979,-2.68799428357231,187217660050.676,-1.81975035118309,4759.2846435467,,-1.09181669999999,25.8648489788178,0.184058898847553,1184.0,-2.1677252,-1.06927179999999,11.7385756809119,-1.5484905,49315419400.3988,13.02,25.276
IRQ,2018,-1.4767763,-0.1055743243243243,15.1162785714327,27.438248367378,40.8026420265318,-2.14854834807913,227367469034.031,2.63385099105624,5646.68932074742,,-1.0744668,24.9991497435766,0.367441488936828,1182.75,-2.1719253,-1.16118109999999,12.987978471573,-1.43204969999999,64719421423.3098,13.458,27.338
IRQ,2019,-1.4433306,-0.0634115409004438,6.74664580876131,,38.0518681988838,-1.31640616709339,233636097800.338,5.5137905789381,5671.8568632942,,-1.1066349,30.9380702213968,-0.198965380023882,1182.0,-2.2227253,-1.1604354,10.8595841433164,-1.37408,68017647833.6447,14.096,29.75
IRQ,2020,-1.3692381,0.8460236886632826,-3.48598226553262,,27.750277551257,-1.58049696252586,180898797516.874,-12.0367930960454,4295.18945121228,,-1.21784199999999,29.992038843889,0.574162679425856,1192.0,-2.1814743,-1.2511236,11.3492885016081,-1.512443,54424472658.0154,15.766,34.45
IRQ,2021,-1.37400869999999,21.644295302013425,11.7148037882244,,37.3216528340457,-1.25770209772783,209691945713.103,1.5021807095434,4868.49431080783,,-1.2310377,24.1816154776761,6.04186489058043,1450.0,-2.1722684,-1.1622157,14.4684288131166,-1.4374976,64231022302.7097,16.173,35.653
IRQ,2022,-1.37334849999999,0.0,20.1861883343541,,44.5259462145341,-0.726653366772653,287372232137.931,7.95904804990212,6520.73154560584,,-1.223854,24.2328478795559,4.9947659638103,1450.0,-2.2294281,-1.2214123,16.265596420488,-1.45504109999999,97009236971.5221,15.41,31.791
IRQ,2023,-1.4169702,-9.482758620689657,10.5528397110428,,39.6312322400043,-1.99474822313262,268881051643.549,0.517705525140073,5965.31835077761,29.8,-1.3398894,29.8300885590124,4.35835351089595,1312.5,-2.2246949,-1.2810271,15.8737025963,-1.5002727,112232897713.46,15.239,31.514
IRQ,2024,-1.2050155,-0.9523809523809524,2.99186896502489,,39.7635173537006,-2.73525447039729,279641257615.385,-1.54525198319173,6073.61032342708,,-1.1018847,37.375421957139,2.6116961151764,1300.0,-2.0642762,-1.030546,11.2072163127604,-1.3581614,100690954781.588,15.293,31.726
IRQ,2025,,,,,,,254367293538.462,-2.15574219066178,5409.67899716967,,,,0.303454715219382,,,,,,,15.485,32.012
ISR,2010,0.6767019,,2.69529305304405,,33.5712633456599,2.91791645550029,239372857534.485,5.54470607068944,31398.9266927022,42.6,1.3031018,32.1457670493261,2.70270270270273,3.738975,-0.756258099999999,1.0545829,9.95126312641563,0.8139792,70907310771.311,8.48,14.22
ISR,2011,0.722372,-4.301865986798518,0.959067083330991,,34.2274243361125,3.23187455100204,267739352609.375,5.51341969081251,34476.7252065949,41.5,1.3431697,34.7735478331397,3.48837209302323,3.5781293062201,-0.8097795,1.1985341,8.81396403077087,0.8918872,74874110293.4968,7.139,11.825
ISR,2012,0.7558579,7.763624380310255,-0.314623011758788,,34.7734390454533,3.42638899025665,263172104090.976,2.40993765217618,33268.7066672115,41.3,1.3000012,35.3024648732099,1.67553715750052,3.85592182539683,-0.776944,1.1065081,8.75846190779544,0.8713317,75907618700.9338,6.762,11.99
ISR,2013,0.7521332,-6.358103280225841,2.24341717352294,,32.8527519137225,3.9732882944923,298045324735.571,4.09013743330735,36980.622214228,39.9,1.2984187,31.374418442059,1.58976347421476,3.61075833333333,-0.8855141,1.0845921,9.41650885394767,0.8935236,81785518232.8201,6.137,10.4
ISR,2014,0.7470115,-0.9093196027610996,3.46609589435316,,31.5531969734526,1.92409260277085,314376760832.047,3.718144149431,38265.3651949373,39.8,1.3011387,30.2858558244869,0.467557251908503,3.577925,-0.592453,1.039203,9.9448582355724,0.9289545,86101256622.4878,5.789,10.429
ISR,2015,0.8495585,8.633728581044322,4.58765202586123,,30.9258891134922,3.7432820780929,302841190257.708,2.23599889603805,36138.13561386,39.7,1.4633523,28.0942665991862,-0.617342577642765,3.88683333333333,-0.6113908,1.0998742,11.2973174036916,1.0408491,90575018408.045,5.176,9.202
ISR,2016,1.1108815,-1.1903434672611024,3.17038576605097,,29.7752716268816,3.73360294740648,321083954798.337,4.53601939236572,37571.2561196275,39.0,1.526777,28.1780335374756,-0.535168195718695,3.84056666666667,-0.354649699999999,1.2410934,11.2708764679936,1.0048923,95446290281.5568,4.723,8.514
ISR,2017,0.8089617,-6.275405153883441,3.15479466919919,,29.0661275196759,4.72701516315835,357360816856.642,4.34394518932547,41013.2575323519,38.2,1.545783,27.3858098637803,0.249807840123008,3.59955554812834,-0.4501475,1.21522,12.3844818897413,0.9942786,113009532488.062,4.14,7.151
ISR,2018,0.7398512,-0.2499592271506537,2.42234792973375,,29.7580333991368,5.73001193313582,375470422244.408,4.05349952888294,42269.3770257585,38.6,1.397369,29.1153679363257,0.805060379528526,3.59055812689938,-0.3446955,1.163545,11.4411059223354,0.9351938,115265900520.851,3.917,7.025
ISR,2019,0.8011548,-0.7249786626049884,2.90102068119121,,29.0853955837603,4.34923898223678,399207771081.611,3.57898762923605,44091.8678022544,38.3,1.5693245,27.442766261022,0.817645940292794,3.56452734661093,-0.4361137,1.2416535,12.3294125116527,0.9491335,126007828810.341,3.731,6.525
ISR,2020,0.6932777,-3.426022099090096,3.74007474912289,,27.1546338087038,5.10300458684,410908899711.272,-1.80206927953466,44590.8237253282,37.8,1.1657244,23.9857646464416,-0.575254620897756,3.44240585198793,-0.567841399999999,1.1520351,18.7770476429115,0.8873608,173292120893.254,4.169,7.645
ISR,2021,0.9249105,-6.164512222013677,3.021613608537,,28.8185860359887,3.86941902029446,489735019666.026,9.33534690236249,52258.4693499398,37.9,1.5896737,25.9998176202801,1.47965474722561,3.23019832251082,-0.699899199999999,1.1753426,17.1531635981524,0.8807927,212933655186.265,4.812,7.649
ISR,2022,0.8878345,4.006443758241925,2.68995260709171,,31.3653023276254,4.35745092445992,525157951212.871,6.36407234798706,54947.2091250715,38.3,1.5237704,29.2705404990247,4.41162725488371,3.35961440158189,-0.904996799999999,1.1223555,13.4105701419856,0.8010265,194231433877.693,3.695,6.719
ISR,2023,0.8712956,9.160584449685642,3.06182357194891,,30.3284744013966,3.14968991459396,513393395491.904,2.06272504731618,52126.4489280033,,1.3569151,27.6493079272484,4.22522603168918,3.6673747160226,-1.0423159,1.0540976,15.1429856008329,0.6642378,204660857567.016,3.371,5.873
ISR,2024,0.853319,0.8819642439319431,2.85372348964758,,28.399007008222,2.7251194069041,542284494490.778,0.953618469238535,54216.5218142787,,1.1726244,25.9832493695112,3.07480889805025,3.69971964970892,-1.03750149999999,1.1138772,15.8333842967618,0.5997177,214543676669.814,3.595,6.163
ISR,2025,,-6.698561148052069,1.39698911798375,,27.5583636636004,4.29339412127743,610777842873.595,2.93114966387968,60336.8477964194,,,25.4308527107197,3.0414132155654,3.45189166666667,,,14.5416215671135,,229486904238.885,3.489,6.032
JOR,2010,0.0263631,,-6.23104500049183,53.6976148986448,,5.59019642688163,30202773521.1268,2.6377158262256,4139.04283161368,33.7,0.0759657,,4.84551875852116,0.71,-0.407725,0.1073349,8.45757169717942,0.0570422,13632983538.0758,12.5,30.059
JOR,2011,0.150624,0.0,-9.05634436432946,54.6533539921518,,4.5528280155948,32640291549.2958,2.90729315392207,4363.42800211536,,0.1349915,,4.1624416292779,0.71,-0.6339348,0.1908722,6.51551435816016,0.1505452,12094960533.4281,12.9,30.787
JOR,2012,0.0948384999999999,0.0,-13.5170565963848,59.3141954208064,,4.4426748997237,34854017887.3239,2.40465716535539,4593.83609729005,,0.2203515,,4.5152295667099,0.71,-0.5975891,0.1819511,4.40545435759904,0.1782421,8830598045.45112,12.2,28.853
JOR,2013,0.0969314999999999,0.0,-9.25155039516621,67.06858007012,,5.1397527233423,37873362957.7465,2.72311205964112,4739.02253641778,,0.2411636,,4.82462314269537,0.71,-0.6862202,0.0995895,6.55665747795074,0.1297285,13826035948.1698,12.6,29.536
JOR,2014,0.0942006,0.0,-6.43399981653877,70.6443937300729,,5.37423314588782,40535098591.5493,3.32287328047509,4610.60460269382,,0.3808336,,2.89947905006057,0.71,-0.609596,0.104591,7.32698091779618,0.111905,16047206176.5456,11.9,27.612
JOR,2015,0.2644497,0.0,-8.18461267567615,71.7796063259609,,3.77477904735167,42394049295.7747,2.52261671092148,4441.61896013754,,0.3820942,,-0.876851359704049,0.71,-0.6404285,0.1682906,8.30493088673973,0.1375421,16571894982.6299,13.075,30.914
JOR,2016,0.2009082,0.0,-8.81657895710529,67.6360044106235,,3.554614581726,43688498732.3944,2.11166806967252,4366.06999647268,,0.3625455,,-0.778430463054142,0.71,-0.538077799999999,0.1178125,8.14629408993945,0.1691297,15543454210.4578,15.275,35.61
JOR,2017,0.1776447,0.0,-9.64699161865138,68.8793778757207,,4.45743038303198,45535614366.1972,2.50770398070352,4449.34618076611,,0.2771646,,3.32389447576097,0.71,-0.444359699999999,0.1335964,7.75008193340763,0.1933843,15571115321.1352,18.12,35.438
JOR,2018,0.0742478,0.0,-6.24582575623598,,,2.01309678009089,47435850422.5352,1.85383415616927,4533.97658437205,,0.089873,,4.46231108475481,0.71,-0.322432699999999,0.0851019,7.24379947940579,0.1458763,14580237971.8722,18.257,38.941
JOR,2019,0.0894230999999999,0.0,-1.58889950651918,72.5959011118428,,1.50023479065386,48640273802.8169,1.85633006592765,4557.79334729121,,0.011123,,0.761514047265601,0.71,-0.2846298,0.159713,7.95678043914995,0.1365134,15400591352.5233,16.801,37.205
JOR,2020,0.1409154,0.0,-5.22619044169868,69.2598335214597,,1.58617483665323,47931770985.9155,-1.15257534158022,4411.48321838396,,0.1138845,,0.333294350628378,0.71,-0.3260056,0.1930478,10.4582795455972,0.1081792,16961505361.5263,19.213,42.458
JOR,2021,0.0177108,0.0,-7.33213017137509,90.3915021239108,,1.22641995478769,50702940985.9155,3.75201276755828,4581.71967230365,,0.1228638,,1.34609377243118,0.71,-0.390988399999999,0.1917529,9.41805813288369,0.0436082,19089364753.8241,19.837,43.862
JOR,2022,0.0226578,0.0,-7.39189539188183,91.9482623432231,,1.79856207883079,53516930140.8451,2.7468615450031,4754.41362207378,,0.1428514,,4.22915568897117,0.71,-0.311462199999999,0.2117071,6.91105668859684,0.0764869,18198223674.0612,18.2,42.028
JOR,2023,0.1060315,0.0,-3.25589967062863,93.6205554347008,,3.57486440635924,56123472112.6761,3.12900102017251,4906.23543006639,,0.3908884,,2.08486986327134,0.71,-0.3007473,0.3141122,7.30720985185322,0.1232268,19068901690.6261,16.62,38.837
JOR,2024,0.2721934,0.0,-5.33366328480029,,,2.78862682935517,58618380563.3803,2.55605891810194,5073.92103605892,,0.2162114,,1.55659611283953,0.71,-0.3501687,0.2760104,7.79308209953668,0.1685335,21939099361.5116,16.693,39.053
JOR,2025,,0.0,,,,,61610052535.2113,2.82660839845745,5347.77731384797,,,,1.76646490894206,0.71,,,,,26557371377.9991,16.535,38.876
KWT,2010,0.1131822,,32.0485537270105,,66.6735112696735,1.13036730425536,115416245241.742,-2.37054804425912,39212.252220155,,0.1289714,30.3545103903329,4.49640287769787,0.286606591666667,0.576776,0.4485081,8.12731623049244,0.3381151,24801842016.4147,1.82,8.584
KWT,2011,-0.0793826,-3.7080958816827705,42.9408981326277,,73.2176749998524,2.11573865053541,154039231245.856,9.62863419534361,49169.6063813095,,0.0334503,25.8988177648389,4.8394034987095,0.275978944444444,0.326635,0.2857251,8.27693096964217,0.3070359,29681701459.822,2.051,10.297
KWT,2012,-0.1357484,1.4336651286400957,45.4600006397631,,74.7318371141504,1.65046109668041,174047662680.041,6.62587485078971,52155.2225833921,,0.0282044,26.2795979898817,3.25514600287211,0.279935558333333,0.0971713999999999,0.1507128,8.51843721530013,0.3272807,33109896469.2245,2.227,11.994
KWT,2013,-0.123960599999999,1.3052587370780306,39.89983649926,,70.8610179890485,0.823130244872496,174168116534.844,1.14946552780648,49651.0439275077,,0.016508,26.7444733437666,2.68229684085039,0.283589441666667,0.1094954,0.1194098,8.10687874184372,0.2919927,32410244556.9514,2.465,13.635
KWT,2014,-0.2717863,0.3447589565584819,33.1790758712171,,68.5055251263225,0.298681408941651,162650450684.725,0.500914669444924,44368.7813457751,,0.1409051,31.5316647155213,2.90892672858625,0.284567141666667,0.0855674,-0.0650589,8.03008854467478,0.0157648,35175442351.7033,2.9,15.464
KWT,2015,-0.241923499999999,5.722685773893248,7.49155631840309,,53.7653724505163,0.248414926379679,114585555688.511,0.592770817217982,29882.2126495698,,0.237773,44.9346159950322,3.27170166092133,0.300852025,-0.1466244,-0.0254842,6.97335100639206,7.06e-05,30960893267.6336,2.2,16.18
KWT,2016,-0.338747099999999,0.4272586094429576,0.586532843484052,,47.632285262531,0.266918369047007,109406674124.652,2.92607584256388,27323.6890735517,,-0.0028171,48.5253871133306,3.19839776658374,0.302137441178496,-0.0213093,-0.0488498,7.54601228573551,-0.0688786,33936274928.4313,2.16,15.143
KWT,2017,-0.3931383,0.4012469126991729,6.42748123295125,,51.1963155925274,0.0936402094114043,120687539805.505,-4.71222270495362,29047.6536135703,,-0.0073085,46.6437308648816,2.17183298510006,0.303349758333333,0.0018547,-0.0306017,7.33105759499094,-0.0541277,36889754716.8625,2.23,15.255
KWT,2018,-0.2747578,-0.4592931989828697,17.3456575415954,,57.311462753412,-0.0154187787915342,138646316350.727,2.74333045031415,32067.9623756889,,0.1281525,45.4741679015879,0.543133148199567,0.301956493524177,0.2360921,0.0185723,6.7996454578408,-0.0177652,40282453060.4129,2.202,15.224
KWT,2019,-0.1345999,0.5479827548220995,21.4792265638837,,52.0582560763879,0.366059041832984,140856394860.529,2.26381706595791,31707.8737443551,,-0.112275699999999,39.6274563132075,1.09184802655856,0.303611163035755,0.2460837,0.1059595,8.19436804212924,0.0662246,43668410965.0783,2.213,15.223
KWT,2020,-0.1551226,0.8635910138298227,19.8384588490022,,43.7131472290911,-0.502546857177858,111045470605.715,-4.81731593381585,25236.0755848941,,-0.11216,38.2993629002141,2.101729548274,0.306233121756716,0.1554026,0.1356131,13.4337803734092,0.146885,52918606999.3546,3.489,19.059
KWT,2021,-0.0606404,-1.4988617039320538,23.5545486012366,,51.725692658617,-0.183575378772919,148350671489.144,1.67213054307859,34018.6342592913,,0.0296612,30.2746825189716,3.42362947609188,0.301643110769949,0.1542148,0.1641701,11.5856043455391,0.1194986,49525016980.8271,2.97,17.755
KWT,2022,0.0771437,1.5273160510924502,34.3743300781264,,60.4485945316523,0.409943823254394,183502046693.878,6.75866711966617,39981.7691035833,,0.3336204,30.4702156706902,3.98064961990313,0.306250154417753,0.1041664,0.2464239,10.3160929642549,0.2236666,52461721622.8115,2.133,15.19
KWT,2023,0.1660086,0.305370240516284,31.0620887768465,,57.702062317436,1.277994317906,165462656226.772,-1.64087799968877,34091.9714813002,,0.3091212,38.3322886518802,3.64216403030709,0.30718535125088,0.2906988,0.3224925,9.16572725223109,0.1910577,52619359334.9437,2.08,15.091
KWT,2024,0.2183455,-0.1610436994536155,29.025293802042,,55.7559768271522,0.381956730773215,160903106639.233,-1.47401818168846,32855.7209688827,,0.3278963,38.2349394412597,2.89855072463762,0.306690648597046,0.2939367,0.4035133,8.95073906369193,0.2308269,50727942998.1333,2.151,15.145
KWT,2025,,-0.0769088439921319,22.6972052506544,,,0.262764598716339,157209026926.418,2.731825804492,32312.3119953634,,,,2.36195936682045,0.306454776364578,,,8.4055579755159,,51737963291.5741,2.181,15.058
LBN,2010,-0.9593813,,-19.6443379596193,,35.023122866407,11.1327936305686,38443907042.1227,7.97513555844932,7625.81051551165,,-0.243552799999999,60.0735300752172,3.98347941855833,1507.5,-1.43369559999999,0.0121012,16.5857428867061,-0.6539495,44475631354.516,6.768,16.079
LBN,2011,-0.8636085,0.0,-13.8340690487529,,36.3630972315613,7.85693989450406,39927125961.5257,0.86733987855277,7834.96257108993,31.8,-0.2594872,65.7767851809418,4.97148571692384,1507.5,-1.4563703,-0.2805478,17.4585392339282,-0.4793095,47859468419.4962,7.352,17.134
LBN,2012,-0.938608999999999,0.0,-23.4382140171445,,28.8092128781151,7.06847166156729,44016799515.7546,2.56479133680038,8406.98405608118,,-0.2600992,59.736289044944,6.58147447683677,1507.5,-1.5792359,-0.3620584,18.5811682725873,-0.5196035,52530986898.8942,7.952,18.192
LBN,2013,-0.970074999999999,0.0,-25.5114319532074,,26.6467547466619,5.67636791033718,46880103080.597,3.8278734986016,8162.37929361396,,-0.325725999999999,59.5275738453946,4.82101956297399,1507.5,-1.6105378,-0.2888629,16.1599599729186,-0.6166728,47855927547.6784,8.477,19.112
LBN,2014,-1.1059903,0.0,-26.2298655609816,,23.7561644984684,5.95175528625723,48095213746.6003,2.48406010500743,7577.6413302369,,-0.266612,56.0609920940944,1.8546042134091,1507.5,-1.49478389999999,-0.441824599999999,16.7591540464763,-0.6947778,50668863616.6926,8.84,19.772
LBN,2015,-1.0047914,0.0,-17.1077378092157,,23.1396677268024,4.32469174487594,49929337836.8159,0.462320792597581,7714.1099998804,,-0.2826924,48.6993749079787,-3.74914524799629,1507.5,-1.3952938,-0.3625053,17.2449488299453,-0.8084504,48531390536.9734,9.312,20.591
LBN,2016,-1.069034,0.0,-20.4780237123596,,21.7261558874138,5.02174040562454,51147308774.1294,1.55454940856943,8089.012088155,,-0.245921199999999,45.9974619033978,-0.783359624361508,1507.5,-1.3333648,-0.4156822,18.8733876943584,-0.8515653,53905512885.564,9.794,21.37
LBN,2017,-1.0714014,0.0,-22.8822040339123,,21.9269331860238,4.756779140202,53027680685.9038,0.903028464073813,8608.21084982387,,-0.221958699999999,46.5284960733038,4.32135218303191,1507.5,-1.3393518,-0.357388,18.7798466134914,-0.821323599999999,55411532096.3304,10.258,22.039
LBN,2018,-1.2208803,0.0,-24.3470417876755,,20.7545211587566,4.84140308956364,54901519155.5556,-1.88470575631651,9174.53666204759,,-0.499689699999999,47.5027861456152,6.07698907889607,1507.5,-1.2146005,-0.470461099999999,17.1222088974629,-0.7717368,52380608542.3956,10.755,22.668
LBN,2019,-1.2286796,0.0,-21.828092491848,,20.6977589567577,3.69413245000342,51605959131.2741,-6.91492472851026,8905.88005497437,,-0.6222753,42.2831570534023,3.00538949390383,1507.5,-1.3398887,-0.5611682,17.6538938504842,-0.8604448,52213484574.221,11.301,23.28
LBN,2020,-1.23052269999999,0.0,-8.76184199911137,,16.3725868676481,5.06712986613403,31712128253.7961,-21.3998996914321,5561.19166950397,,-0.9492217,33.7572174203146,84.8643330472041,1507.5,-1.3492491,-0.715552099999999,28.5671854125782,-0.918424399999999,42440403086.5713,13.252,26.576
LBN,2021,-1.2586741,0.0,-19.6978128626341,,26.0256276927137,2.5929006838647,23131941556.7843,-7.00123862514116,4045.37391066234,,-1.0567104,52.8029927098104,154.756096023393,1507.5,-1.3231817,-0.821736999999999,21.5617265304802,-1.0028379,35239219335.7146,12.715,25.203
LBN,2022,-1.21762979999999,0.0,-34.606227109401,,34.8287792460469,2.50966160641735,20992421948.8081,-0.621678970663112,3654.35845534878,35.5,-1.0420809,80.0594990196196,171.205491336641,1507.5,-1.34257539999999,-0.943323199999999,14.9029115890041,-1.0323318,32512880021.5268,11.105,22.9
LBN,2023,-1.2554109,820.4394693200663,-28.103669636709,,30.5514119674735,3.26435467389127,20078620356.9931,-0.760584470257314,3477.72489842684,,-1.16583329999999,73.6549981017088,221.341644023365,13875.625,-1.2764099,-0.912561,13.6032284132075,-1.0665045,27489698131.497,10.985,22.744
LBN,2024,-1.3041344,545.0159902707085,,,23.3165495276514,7.09437049742925,25971643441.3408,-7.07989192861814,4473.27134441128,,-1.1301199,58.9158109340607,45.2430422716718,89500.0,-1.3896806,-0.958879399999999,,-1.0853525,33301277509.6206,,
LBN,2025,,0.0,,,,,,,,,,,14.597595869611,89500.0,,,,,,,
LBY,2010,-1.2258396,,22.2877634810811,,66.2720071713114,2.36664960687642,75380825062.4216,5.0272476723775,11600.9068649472,,-1.28210579999999,31.8052059029276,2.79989500109265,1.26678941001316,-0.4787846,-1.2492866,38.5577154593852,-1.1938263,106144249630.96,19.321,49.563
LBY,2011,-1.250864,-3.3657461194956637,6.62746278785412,,38.1458963988027,,48169263294.1007,-50.3385151384986,7593.8391525702,,-1.28253939999999,24.8595388907261,15.5184815317562,1.22415249460346,-1.6341249,-1.4491899,79.2372182724926,-1.19040979999999,110538560730.736,19.504,50.372
LBY,2012,-1.1136811,3.0639273927656823,25.7575733312092,,66.8678568492024,1.53985903839829,92540938129.1315,86.8267484395784,14975.8902795144,,-1.3979031,31.3564620676424,6.05980392156855,1.26165963821484,-1.5745603,-1.34726909999999,40.5251370265739,-1.0379947,124647554175.811,19.03,49.879
LBY,2013,-1.2916518,0.7951576319818564,0.0127403569483039,,59.8886075843687,0.931638601844643,75351107029.0605,-17.9979615745681,11951.7134126011,,-1.3728325,46.4457533337369,2.60581802719517,1.27169182111774,-1.9032456,-1.5750015,31.6920933071623,-1.39483849999999,119714241460.03,19.311,50.576
LBY,2014,-1.475239,0.0558504866781211,-33.1750366593745,,32.2383210024013,,57372355592.022,-23.0428058282215,8926.42074591474,,-1.5663079,44.2865616357103,2.43294141599233,1.27240206718888,-2.26526939999999,-1.94609029999999,28.693877908734,-1.59536189999999,93615450486.7895,19.295,50.68
LBY,2015,-1.59599119999999,8.55136872518128,-19.1840709119308,,22.2273741215145,,48717501321.3052,-0.842656252118843,7458.48917756374,,-1.6501127,34.6775332111739,10.4022933588151,1.38120985962103,-2.2100778,-2.0211489,43.247784057415,-1.75455909999999,77649594284.0862,19.69,51.538
LBY,2016,-1.59775319999999,0.663101208951184,-9.42697758493981,,14.5778875500388,,49912073701.298,-1.4909411172622,7525.80299308216,,-1.666709,26.5322885114747,25.853874212446,1.39036867889833,-2.2576529,-2.1039014,69.9832418244537,-1.6960655,70191441968.8814,19.559,51.378
LBY,2017,-1.6097899,0.2482314207411934,6.59107791644499,,27.1972557138798,,67157452181.7738,32.4918021862688,9965.83236729757,,-1.5287142,20.3517104782416,25.8036184788337,1.3938200108235,-2.29431519999999,-1.9779852,58.5789163487404,-1.6097257,79417877682.1686,19.053,50.471
LBY,2018,-1.51601339999999,-2.0700911116768044,14.7041123833162,,39.6135044170514,,76686029772.1483,7.9413678529104,11196.5854810844,,-1.55155319999999,24.1676291797669,13.1702038536722,1.36496666666667,-2.28391459999999,-2.0627355,50.6235223615429,-1.5684814,85335649782.1665,18.865,50.136
LBY,2019,-1.5465395,2.439343869394355,6.95550505080755,,42.35532240076,,69254496471.6938,-11.1960828853386,9963.19489084483,,-1.5537488,36.6386467842538,-2.16217883470591,1.39826289736928,-2.25895969999999,-2.0416816,38.0566102989733,-1.6213786,84663589516.8684,19.087,50.569
LBY,2020,-1.5214215,-0.6862953971448758,-10.2022684905863,,20.3637900560977,,46854285440.642,-29.4552967282824,6650.33810585348,,-1.6327551,30.6120033812341,1.44703656998741,1.38866668346465,-2.2231779,-1.9895714,65.1528587636198,-1.6334673,79656428064.8913,19.651,53.562
LBY,2021,-1.5502152,225.0906105658666,16.1147728474926,,92.0546075514658,1.71219284038518,35217995647.2862,28.2996823429147,4935.82787349801,,-1.4589466,72.2294624156388,2.86833027751015,4.514425,-2.2069296,-1.9018167,36.8142587224759,-1.56279409999999,82262074686.351,19.779,52.086
LBY,2022,-1.5332986,6.617675562225534,22.2155432064068,,91.9809235078212,1.62326033379453,43246297921.8499,-8.29981811198795,5986.63694851258,,-1.56371599999999,64.3407611745263,4.51030149235695,4.813175,-2.00397249999999,-1.90307039999999,35.1475070072353,-1.7431898,86683417844.2693,19.238,50.841
LBY,2023,-1.5426693,-0.0060597561206555,4.23506448409627,,85.6010032090609,1.80500147243983,44027664915.187,10.2000497852517,6026.51518708812,,-1.447749,75.4692294006607,2.3731753143518,4.81288333333334,-2.0418754,-1.82178479999999,31.5696640862316,-1.66847289999999,92427294786.8624,18.713,49.864
LBY,2024,-1.5315957,0.4015264584983457,,,71.7293179684166,,48487151215.345,1.89995052025442,6569.16408678648,,-1.41948799999999,65.7818127187367,2.12615766885021,4.83220833333333,-1.8964767,-1.7391073,,-1.6980126,92893708178.1604,19.085,50.586
LBY,2025,,9.733817354039235,,,71.7134746269549,,48098909613.6316,13.3717080516958,6448.82415074121,,,65.9450985743532,1.84166666666702,5.30256666666666,,,,,104656885592.809,18.758,50.057
LKA,2010,-0.2614436,,-1.83339431574737,69.2530251841062,,0.814446067583227,58636049581.1712,8.01596737040464,2808.36245207687,,-0.185523,,6.2176488930462,113.064480448821,-0.779023999999999,-0.0753803,5.34354431776972,-0.2305758,7195358507.00001,4.784,18.684
LKA,2011,-0.2480769,-2.2104843072765976,-6.81209765681019,68.5257394060365,,1.41088360151362,67753285882.299,8.66948301160571,3224.95745082305,,-0.1636119,,6.7167684358854,110.565207851396,-0.7674257,0.0210493,3.46079601554795,-0.2864777,6739196545.08981,4.118,16.758
LKA,2012,-0.3066483,15.410042622371714,-5.69099820826854,66.747235367261,,1.33591734742632,70447216891.3366,8.6321813769906,3327.77612404326,38.7,-0.1739743,,7.54291373239437,127.60335350681,-0.9606693,0.0071890999999999,3.68897815263594,-0.1436392,7106460348.66884,3.88,16.795
LKA,2013,-0.3103438,1.1486198330985051,-3.30046822137757,68.353616559854,,1.21148000059153,76976204074.978,4.0517463303875,3739.43182292825,,-0.1437062,,6.90845034828452,129.069030932888,-0.8585581,-0.0763977,3.84760389405601,-0.3561281,7500000871.53903,4.186,17.939
LKA,2014,-0.4501459,1.158801824985175,-2.40840557196081,68.5910423360777,,1.08277813405104,82531125461.843,6.37797889684965,3972.04377042271,,0.1397088,,3.1790022823606,130.564685218829,-0.553597999999999,-0.0063463,3.92468380375978,-0.3605151,8210750127.74159,4.157,18.781
LKA,2015,-0.3413605,4.053337676562478,-2.21267766608825,73.5126591623625,19.893383820467,0.798746316666859,85090300895.6546,4.20595547501601,4057.71582716521,,0.0898368,27.0245869884029,3.76836783062096,135.856912797089,-0.0885947,0.0306457,3.48457714580902,-0.110513199999999,7302096590.22385,4.519,19.231
LKA,2016,-0.2510246,7.158086029425357,-1.97999493165089,,19.824036042668,1.01937184801285,88000210878.1236,5.05362488993089,4149.19189391879,39.3,-0.0370534999999999,26.6475009824081,3.9588884659307,145.581667492026,-0.1436337,-0.0445476,2.79773151721733,-0.1066651,6008199165.17799,4.242,20.07
LKA,2017,-0.307832799999999,4.71539210602667,-2.4467643490753,,20.2242000359935,1.45462805110061,94369350439.4732,6.46068127080994,4398.88828786059,,-0.0698946,26.9162097641559,7.70413767850602,152.446413948767,-0.179121299999999,-0.1170039,3.42413053355997,-0.111659899999999,7959047614.93675,4.046,17.391
LKA,2018,-0.2047049,6.571781210529445,-2.96352841915887,,21.4462486145463,1.70888696252064,94450015982.806,2.31008425504933,4358.56095905888,,-0.0975670999999999,28.3631481374973,2.135037737132,162.464858736778,-0.2597255,-0.1897983,2.81773247932961,-0.0575940999999999,6920825566.09992,4.318,20.496
LKA,2019,-0.1639347,10.020669353147062,-2.07126631647205,,21.8235309246323,0.835367460265196,88998706177.9986,-0.220483886824823,4081.94772178134,37.7,-0.0713311,27.6019929606444,3.52839358231811,178.744925045848,-0.173798099999999,-0.186002,3.36492073802705,-0.0781005999999999,7648305273.42442,4.67,20.425
LKA,2020,-0.2760375,3.8309522491945462,-1.40761495020573,,15.4576399170356,0.514700553944402,84335574372.2997,-4.62451503712715,3847.60136741182,,-0.1134357,21.6314789397836,6.15394508391738,185.592557772213,-0.1154138,-0.1122765,3.28744685628801,-0.1909487,5663994385.32784,5.364,25.449
LKA,2021,-0.3367364,7.097137531026084,-3.70866603299245,,16.9214215897796,0.668825708548416,88556699052.2008,4.2074764950026,3996.96240531688,,-0.2353399,24.3074247397182,7.01478071238195,198.764316844656,-0.510938,-0.1629445,1.59499450325141,-0.2315397,3136991506.34787,4.981,25.371
LKA,2022,-0.3533578,62.31921271292782,-1.95359411068218,,21.5595624612904,1.19249322162632,74143020303.663,-7.34919311146656,3342.63650438046,,-0.503783099999999,25.1230455566456,49.7211021114327,322.632674256475,-0.7621199,-0.456906,1.06429793828172,-0.3299184,1896231717.15846,4.528,21.732
LKA,2023,-0.3868314,1.5106526603636932,1.71159541534782,,20.5995283672112,0.848017076796717,84080307355.5983,-2.0289296690344,3815.41531767474,,-0.2845545,22.7481397523022,16.5411742279832,327.506533333333,-0.670013,-0.3799918,2.38312008892393,-0.31553,4405117005.00662,4.528,20.342
LKA,2024,-0.384770899999999,,1.21048332599166,,19.7559774138192,0.764077754153862,99616111265.7633,4.99241614398109,4545.36006870612,,-0.2745215,22.3636324192921,-0.42936004906973,,-0.350302399999999,-0.299213499999999,2.86493580597895,-0.2577461,6093946546.37437,4.239,19.062
LKA,2025,,,,,18.9673796128721,,108825231671.196,4.9534339114043,5002.07904353724,,,22.8416230396327,-4.76386036960983,,,,,,,4.005,18.578
MAR,2010,-0.3011276,,-3.89149487244856,47.0982656739638,29.7889486802284,1.2299824583835,100865329473.44,3.49955709403216,3067.9853515625,,-0.116891399999999,39.7530309299157,0.993557401226392,8.41715833333333,-0.440469399999999,0.0236412,7.27489844884876,-0.3848819,23709466593.9932,9.09,17.621
MAR,2011,-0.5058263,-3.888287713885986,-7.26703537698178,51.2263215704569,31.9544842646976,2.29046840496639,110080631332.375,5.52464523319847,3301.98876953125,,-0.1652959,44.8713872259271,0.9069249096918,8.089875,-0.5060194,-0.0756699,4.96289903192589,-0.381967699999999,20167412691.7066,8.91,17.931
MAR,2012,-0.5029325,6.657328862724466,-8.95034696939187,,32.0970961451136,2.65758712641507,106937392311.129,3.06234368502997,3164.17724609375,,-0.2011827,46.1250057504935,1.28712240079219,8.62844458333333,-0.5760215,-0.0055365,4.12037435216039,-0.3317303,17138210439.2506,8.99,18.642
MAR,2013,-0.4173212,-2.583787430467617,-6.77731894447504,,30.2532656391617,2.9038626404404,115739287305.08,4.12221286860944,3379.7431640625,39.5,-0.2189575,43.6044908923701,1.88065466724086,8.4055039167443,-0.6954656,0.0197469,4.54168416711332,-0.4333613,18797794939.8508,9.23,19.162
MAR,2014,-0.4165717,0.0099074549898404,-5.53783287947428,,30.1329866374292,2.95925435484489,119130841411.664,2.7192440802029,3435.40698242188,,-0.2696224,41.7605801165106,0.442310053557048,8.40633668826152,-0.4094598,0.0501017,4.57755268835333,-0.372493199999999,20272045638.8487,9.7,19.97
MAR,2015,-0.352055199999999,16.15461813629112,-1.95690775142638,,29.9958538899695,2.94611108390154,110413823841.592,4.34458297635238,3146.24780273438,,-0.2363813,37.2928220354154,1.5579071134626,9.76434827950111,-0.4546654,0.0585252,6.2579510518885,-0.3687701,22749566243.6606,9.46,20.826
MAR,2016,-0.3146541,0.4416859248243941,-3.74613174513,,30.7345951424219,1.93000540251056,111572947004.917,0.52118550608968,3140.85546875,,-0.1396764,40.3880652392646,1.63531114327064,9.8074760315025,-0.4710854,0.0139184,6.33785199898355,-0.2935249,25096263443.799,9.3,22.265
MAR,2017,-0.3911459,-1.17745016457521,-3.10210665362039,,32.6064609907781,2.26092196120538,118540573367.844,5.05789816173446,3296.52661132813,,-0.2631327,41.5668968878792,0.754663249323619,9.6919978888289,-0.5065227,0.0044748,6.02529305118118,-0.3713857,26189585939.2967,9.22,22.167
MAR,2018,-0.475142299999999,-3.156165234639164,-4.87290163435469,,33.8284373726717,2.78337936840164,127341147581.818,3.06564133025955,3501.69799804688,,-0.3161959,43.4264501517272,1.80391671141896,9.38610242091972,-0.426450799999999,-0.1157961,5.04505638234771,-0.3248223,24461023093.2087,9.272,22.431
MAR,2019,-0.425659399999999,2.4608050096802425,-3.4182057355437,,34.093057468891,1.33479789567415,128920266409.458,2.89097476137077,3508.09765625,,-0.1333028,41.9050584109511,0.303386036590383,9.61707609950743,-0.390399499999999,0.0271992,5.58422656502833,-0.3198643,26412762236.8499,9.191,22.475
MAR,2020,-0.408551999999999,-1.2501593628223318,-1.1275993199651,,30.7941069539783,1.16907334587558,121353645057.144,-7.17820744246774,3268.0302734375,,-0.0577221999999999,38.0496964364582,0.705968661338261,9.49684732221969,-0.409449199999999,0.0648279,8.9354144570375,-0.314662899999999,35997639773.4544,11.189,26.795
MAR,2021,-0.4783966,-5.352969052044214,-2.35786783699057,,33.1360849405787,1.59422321445366,142022058447.231,8.15473889823681,3785.93627929688,,-0.1241745,42.3873322350718,1.40195883962006,8.98848402414138,-0.4686437,-0.0751135,6.7712924140998,-0.4447944,35648269520.1527,10.551,25.053
MAR,2022,-0.4879114,13.04086668837899,-3.6574911910038,,44.7116282313453,1.74814323662076,131245312804.483,1.81269242194809,3463.1376953125,,-0.1200179,56.1946819703061,6.65704202759067,10.1606602430359,-0.492008,-0.0811815999999999,5.06212133329447,-0.4491939,32314245660.4383,9.413,22.713
MAR,2023,-0.5521901,-0.2877189596634587,-1.04767760599469,,42.4176033594569,0.725864122672683,146036093666.762,3.65564411017931,3813.72607421875,,-0.0188320999999999,50.7002810585209,6.09114152504141,10.1314260970897,-0.534977199999999,-0.0473438,5.63476498950226,-0.3934002,36327701787.7523,8.896,21.974
MAR,2024,-0.5186913,-1.8661428162816085,-1.23072108998601,,41.9985232956684,1.08850441035779,160610994054.734,3.79336515978963,4153.1943359375,,0.1763559,50.188721310572,0.985256592004507,9.94235921679198,-0.4408003,-0.0266854999999999,5.26170979299897,-0.3678036,37133907722.7893,9.103,22.372
MAR,2025,,-5.955148400718837,-2.49808221535456,,41.9692139163022,1.81954513887835,182374250612.28,4.59524349182247,4672.46826171875,,,51.1324428826402,0.701902154839545,9.35027697089947,,,5.92686959641173,,48453629604.878,9.0,21.882
MDV,2010,-0.555744799999999,,-7.57604640472633,54.8854181471638,,8.36376433060736,2588176054.6875,6.7854678229144,7173.59601844692,,-0.0057589,,6.14988536750173,12.8,-0.1410869,-0.173058799999999,2.09173932917729,-0.203502,350103579.326899,10.875,23.344
MDV,2011,-0.542532799999999,14.078190653878124,-13.8208553363039,57.2981206101706,,15.2659407539778,2774350240.04918,8.84342600490342,7424.520410971,,-0.0970951999999999,,11.2734146055937,14.6020084036964,-0.2839227,-0.245051499999999,1.54809073830576,-0.481858199999999,334913163.216004,10.043,22.11
MDV,2012,-0.7108251,5.224123227254782,-6.3922910977274,,,7.89895747225905,2886163997.20531,2.38928797963442,7461.29703686309,,-0.0383274,,10.884695658563,15.3648353163596,-0.3264349,-0.2539345,1.5082286570409,-0.531052299999999,304506181.012498,9.134,20.815
MDV,2013,-0.763904599999999,0.0122013278105538,-3.86626742586717,,,10.9503892160384,3295009237.50107,6.97496226412528,8236.08177944126,,-0.0966727,,3.8056300091943,15.3667100302841,-0.0388545999999999,-0.275600199999999,1.59704253211411,-0.774328,368315038.589918,8.295,19.636
MDV,2014,-0.5760219,0.0890463071030322,-3.18665825232612,,91.2941274036136,9.01659145068896,3697353039.20043,7.86068643108074,8939.07416571472,,-0.1718945,74.6851237568163,2.12000175718134,15.3803935180893,0.4805132,-0.2630012,2.36806725354456,-0.5612798,614684246.485376,7.461,18.374
MDV,2015,-0.587453,-0.0914300201393431,-7.30588031911147,,76.4277887724561,7.21577938190819,4129505319.12921,3.86813536494475,9644.90655028145,,-0.232125,67.2927178888456,0.953206658777607,15.3663312211982,0.0821002,-0.3073858,2.17458725383259,-0.6506457,563873734.60286,6.611,16.833
MDV,2016,-0.764795,0.0135130538819525,-23.4109557277276,,71.6136331301194,10.3547618700189,4409942623.85538,6.37528306716864,9947.80744731739,31.3,-0.06644,72.7665791488222,0.502509413611612,15.3684076818158,0.079118,-0.228403,1.5734155106328,-0.623651,467323386.048191,5.771,15.126
MDV,2017,-0.8676893,0.1207726171317126,-21.267761433937,,69.0594484485378,9.50514529202919,4816426256.52914,7.07442863215275,10509.628805812,,-0.3095637,72.8526621264145,2.81747338234509,15.3869685099846,-0.0431782999999999,-0.227357299999999,1.81237537862057,-0.6815256,587346816.807916,5.377,14.589
MDV,2018,-0.892958399999999,0.0251430916888503,-27.8019976962882,,66.4483006480268,10.6517647807373,5404344162.69888,8.5689555834747,11423.2838427029,,-0.3083187,76.0428278985911,-0.133373386117595,15.3908372695852,-0.135999999999999,-0.2269273,1.85236771712501,-0.6259826,712157733.781107,4.962,14.024
MDV,2019,-0.520747899999999,-0.0571466434739076,-25.8168822522057,,65.5134179400092,16.7834728448357,5726094799.37709,6.92305989050099,11740.2724029785,29.3,0.0070406999999999,71.6118129351757,0.220029731065383,15.3820419226831,-0.0811059,-0.225761599999999,1.94023487520687,-0.483730999999999,753496279.806938,4.562,13.496
MDV,2020,-0.1711344,-0.0050214062377565,-35.7483018974442,,48.2411996300086,11.8706880719155,3712604583.36665,-32.9088287752921,7393.8886543933,,-0.0983054999999999,66.1207032743183,-1.36977425569811,15.3812695278705,0.2036825,-0.3494424,4.26800654955113,-0.3114817,984930745.339245,5.42,16.149
MDV,2021,-0.1632074,-0.0557243675924826,-8.63308174559145,,76.0989851624572,12.238665987932,5252457369.55218,37.507870124321,10176.143882547,,0.1471021,66.5083115338037,0.543149688737013,15.3726984126984,0.4430279,-0.2598203,2.39926419178858,-0.1352825,805808189.424559,5.016,15.319
MDV,2022,-0.265023299999999,0.0905929910788917,-16.868196658323,,82.6708555603035,11.8454662775286,6177123352.26211,13.8260895184139,11786.0191492983,,-0.2212354,79.5725773733522,2.3305404647725,15.386625,0.2721525,-0.3523685,1.7561190597792,0.1059573,832094352.898169,4.303,14.27
MDV,2023,-0.2664677,0.0011006626774896,-21.1388087335441,,74.0437692661116,11.5818458756845,6621008703.95743,4.94286301229583,12587.6126038651,,-0.220344899999999,75.3062069113229,2.90372427754586,15.3867943548387,0.0832571999999999,-0.3521418,1.22268411034082,0.096589,590522550.56534,4.019,14.124
MDV,2024,-0.335953799999999,0.0156106227236602,-18.6788603634035,,78.214216540835,11.416720004027,7061608267.25451,3.49440422654285,13379.3513577224,,-0.221286999999999,78.2597392001761,1.41093527910134,15.3891963292547,-0.0544563,-0.2353508,1.30326255855386,0.0443492,673885912.694607,4.278,14.809
MDV,2025,,0.1720766799105638,,,,,7741066860.6337,6.31092335003081,14614.7208116541,,,,4.00578494118752,15.415677547363,,,,,984573591.713979,4.514,15.694
NPL,2010,-0.727675499999999,,-0.79746599292911,33.8625212320188,9.58253617198229,0.548294665887946,16002656434.4746,4.81641464694573,585.278491984574,32.8,-0.6925409,36.4023696022884,9.32650410745395,73.2623590158046,-1.5990906,-0.835548499999999,6.01052214363673,-0.947927899999999,3002724838.43341,10.563,19.207
NPL,2011,-0.8315433,1.0341476774341207,1.33775079697372,,7.80613567968357,0.435814930594323,21573872420.7008,3.42180870116162,785.518656222132,,-0.7963154,28.4906232102531,9.2270754612596,74.02,-1.5205463,-0.8068972,6.74453820987915,-0.8779526,3702502162.26324,10.627,19.294
NPL,2012,-0.9736551,15.13882192972643,2.66070688066427,,8.75029128721577,0.42369151125933,21703100877.1309,4.67014192446953,788.202937148377,,-1.10949989999999,29.1716147715423,9.45980980357125,85.2257559923835,-1.4781419,-0.7926961,7.60892634309321,-0.594797,4417738496.0606,10.632,19.306
NPL,2013,-0.9181893,9.220965802717329,5.23137372695534,,9.2946586776145,0.334712330597339,22162204924.5726,3.52515317129149,803.269595420477,,-1.0517978,32.5707170600577,9.04016311917645,93.0843938075485,-1.2264145,-0.813687899999999,8.56836277441355,-0.6010709,5434181403.11911,10.666,19.377
NPL,2014,-0.8428983,4.802575562224471,2.18298241690426,,10.124042118155,0.133746236524448,22731612922.1906,6.01148284250441,821.455224911731,,-0.8952954,35.8585994934377,8.36415469659563,97.5548421567946,-0.8435975,-0.716785799999999,8.43501141324674,-0.576151499999999,6216255070.07087,10.62,19.348
NPL,2015,-0.830829399999999,4.971862049416038,10.0433083922087,,10.2145885930146,0.213029527712984,24360801286.7638,3.97605327162971,875.543635474862,,-1.16337389999999,36.4511417965013,7.86890895590891,102.405134331356,-1.0154123,-0.6993283,12.5337607363715,-0.5990489,8145463907.87798,10.643,19.403
NPL,2016,-0.846169499999999,4.861749243146648,-0.684346638551882,,8.17957803966234,0.432212944008614,24524109483.5293,0.433113719381524,877.256454696737,,-0.981872499999999,33.9359080825022,8.7903433200464,107.383815174654,-0.9210801,-0.6483257,10.2885647962681,-0.5665318,8734510298.83136,10.714,19.548
NPL,2017,-0.781145,-2.674453247094053,-3.56432924017778,,7.8121886555374,0.677439884182991,28971588940.364,8.97727935643466,1034.28374906846,,-0.927736599999999,36.8302219662053,2.77703998300211,104.511885242862,-0.5502541,-0.656910099999999,9.35380252386608,-0.443938399999999,9435255966.98232,10.66,19.571
NPL,2018,-0.7384128,4.227508532779782,-8.30080510271615,,7.81564102219889,0.206157201926214,33111525237.149,7.62237610397933,1179.19843190389,,-0.9143987,40.6317459241789,4.40659410175714,108.930134109273,-0.495786599999999,-0.5915737,6.61464333893592,-0.367187899999999,8335473017.41812,10.593,19.604
NPL,2019,-0.7367895,3.377714238061132,-5.12963069016168,31.7771473472895,7.77993647445109,0.542801979747667,34186180699.0255,6.65705543110468,1203.14294706401,,-1.1116758,41.4695901124501,5.56616035243723,112.609482758621,-0.4056357,-0.5734193,7.45868343240889,-0.4127847,8713166195.10835,10.477,19.679
NPL,2020,-0.701156999999999,5.093447174124332,-0.251653542060189,39.0485631284493,6.80529835537229,0.378739091402959,33433659301.2466,-2.3696206292072,1154.21517578318,,-1.0263856,34.1135757694721,5.05635826238499,118.345187275986,-0.250305599999999,-0.663949999999999,12.4797850993123,-0.3725321,11467799301.6084,13.037,24.072
NPL,2021,-0.624520499999999,-0.1783812894281032,-14.5240163530399,39.9222686422289,5.11917148482606,0.531690906776232,36924841394.2605,4.838149614115,1252.75076731986,,-0.9460782,37.9346333063959,4.12676744440695,118.134081604947,-0.2520173,-0.6375284,6.72298272086257,-0.3560122,9638842483.90472,12.241,22.639
NPL,2022,-0.652050399999999,5.980811034100532,-5.76692963076819,,6.7023908652401,0.160405405048333,41182939519.8161,5.6313145568451,1385.91066002922,30.0,-0.954515799999999,42.27101061478,7.6702057938028,125.199457792609,-0.3755496,-0.5966637,7.11844228100773,-0.3340683,9319150273.48101,10.661,20.607
NPL,2023,-0.629219899999999,5.523987418222902,2.45040193651298,,7.00596728086136,0.18227214989517,41049329851.0546,1.98254843461849,1382.38300895424,,-0.844047999999999,34.5641830123854,7.11587261530826,132.115460088756,-0.312959,-0.607287799999999,10.4169326092974,-0.3365421,12456122668.8948,10.437,20.43
NPL,2024,-0.632602,1.2195273933910409,3.87803253239857,,7.55423347172655,0.131412557108071,43298911699.9284,3.67787459697703,1460.28237984149,,-0.8845295,32.6157766909588,4.6850965426577,133.726644315443,-0.414613399999999,-0.552333499999999,12.9718425174618,-0.303653399999999,15846781298.75,10.5,20.638
NPL,2025,,4.029707994871664,,,8.82763359925247,,45489810283.1132,4.43073194983359,1535.87781246307,,,33.7244112435844,2.65334269811436,139.115437592696,,,,,21100332321.6852,10.465,20.559
OMN,2010,0.276183,,7.59476361744698,,59.0956382553021,,64993498049.4148,2.47199856582773,23570.1798147325,,0.3192865,37.2909163665466,3.25657959078624,0.3845,0.5865685,0.8483843,5.47673202539588,0.4122993,13025235620.4615,3.911,13.873
OMN,2011,-0.0352342,0.0,11.4435714770699,,63.9174704172791,,77497529258.7776,2.89460973541192,25188.0074151885,,0.0808802,37.7242615226627,4.0421886711639,0.3845,0.3126716,0.7404489,5.05999040118844,0.2438476,14366193706.0241,3.95,15.209
OMN,2012,-0.0252944999999999,0.0,8.99068507231773,,62.7218547578454,,87408842652.7958,8.86312225557018,24642.2978768596,,0.0510827,39.3529056464546,2.94773495257209,0.3845,0.3876466,0.8307365,4.36417390706347,0.3148844,14401122657.9676,3.753,15.655
OMN,2013,-0.0651045,0.0,5.87992091672239,,66.0316248510717,,89936020806.2419,5.22770408145942,23458.0233840053,,-0.0148916999999999,46.511896912702,1.05354820265932,0.3845,0.3339536,0.817822,4.07750628970272,0.2530108,15951037291.2884,3.553,15.453
OMN,2014,0.0116479,0.0,4.62995815380296,,61.4401786616091,,92699089726.9181,1.29225229411081,23160.6502252547,,0.138753,40.8385424265209,1.01401483924156,0.3845,0.5698008,0.7762583,4.52170368798391,0.2045055,16324457251.6461,3.453,15.327
OMN,2015,-0.0016798,0.0,-13.7812835379107,,49.652560938135,,78710793237.9714,5.01705799719045,18808.3077921839,,0.0805473999999999,46.7250192470997,0.0652901330286599,0.3845,0.6155394,0.6495172,5.31284073750933,0.2116285,17543980312.7005,3.403,15.152
OMN,2016,-0.020659,0.0,-16.6107645205388,,41.3196247446948,,75128738621.5865,5.04642394571691,17110.1897460545,,0.1613756,41.5446394571953,1.10920805807027,0.3845,0.5065831,0.6980709,7.11426799298371,0.2216168,20262241805.121,3.266,14.199
OMN,2017,-0.0211191,0.0,-13.6143943671898,,45.7165464756476,,80856697009.1027,0.304057565922449,17820.0661809335,,0.1108223,43.236601542648,1.58909413567799,0.3845,0.5468563,0.7080042,4.94495511746356,0.1808944,16088803822.7708,2.523,11.058
OMN,2018,-0.0203366,0.0,-4.85027419563219,,50.6224420190996,,91505851755.5267,1.28710391543288,19901.7615642016,,0.1114018,38.6567758071851,0.889312370970404,0.3845,0.5392522,0.527985,4.97765718217376,0.1837813,17388370607.2955,1.8,7.851
OMN,2019,0.1612579,0.0,-4.91818869978251,,49.4929030047786,,88060858257.4772,-1.12863801728058,19180.1864152801,,0.2040481,36.9852980265451,0.490815362820671,0.3845,0.5167644,0.5010361,5.0046927367051,0.260692,16661756725.189,2.045,9.015
OMN,2020,0.0239194,0.0,-16.5486765828435,,47.0548733691481,,75909492847.8544,-3.37972052697999,16784.8630630058,,0.1018136,44.8210174322991,-0.40640291946585,0.3845,0.468834,0.4719412,4.48086343653317,0.2562542,15007356725.394,2.94,13.523
OMN,2021,0.0233919,0.0,-5.53764911438897,,53.329759351918,,87323797139.1417,2.5821749892893,19403.4600160211,,0.102771,42.6197283774124,1.68221185876085,0.3845,0.3902352,0.4254017,5.25409519559332,0.2255117,19730879938.0596,1.9,9.097
OMN,2022,0.0212395,0.0,3.65021452080103,,63.2505019129513,,109852795838.752,7.98570728354278,23223.5829405935,,0.4468675,42.4945073677033,2.5061425061425,0.3845,0.4399615,0.4679554,3.70600673637267,0.3524322,17606348634.1578,3.3,14.562
OMN,2023,0.227724,0.0,2.29211299044439,,61.5843427989208,,106174707932.38,1.41401383200161,21027.7384572657,,0.4719959,44.8623883036834,0.950782997762827,0.3845,0.5521576,0.4701815,3.83596093159061,0.3443083,17454630668.5072,3.176,13.594
OMN,2024,0.5072492,0.0,2.86434019736537,,66.072566156431,,107137198699.61,1.63163231397978,20285.2272765262,,0.5675096,48.7801054403878,0.593589236248469,0.3845,0.6272361,0.6875152,3.68674849054903,0.4493583,18286526117.9972,3.203,13.524
OMN,2025,,0.0,,,,,109604780696.23,2.39787382295398,19947.3966227092,,,,0.967741935483928,0.3845,,,,,,3.251,13.885
PAK,2010,-1.2022076,,-0.688324235118166,,12.6372245592948,1.02791108080423,196709621849.586,1.50171752152883,987.304571124485,28.8,-0.7771494,19.3517774869368,12.9388705634889,85.1938163257576,-2.45869169999999,-0.687742299999999,4.71850424926723,-0.8136536,17255570039.5703,0.653,1.287
PAK,2011,-1.2203431,1.3493549850849331,-0.957124213324854,,13.4825548617217,0.575055145839944,230586581059.665,2.68011685421705,1131.73513834324,29.7,-0.8257262,18.8800834134221,11.9160927116277,86.3433833333333,-2.7114561,-0.758093999999999,4.15696352930241,-1.15049009999999,17697925812.3776,0.796,1.719
PAK,2012,-1.24519539999999,8.167173460952968,-0.936399348037174,,11.8739641473238,0.343453048660945,250106966104.704,3.02758391088629,1204.36475491585,,-0.650064499999999,19.4450091286838,9.68235186055684,93.3951972222222,-2.6807174,-0.80848,3.10654658664889,-1.0639182,13688479776.3039,3.667,7.556
PAK,2013,-1.1290617,8.81598008143368,-1.70727876868057,,12.1774992040696,0.515353849332245,258657231672.412,4.36686504978387,1225.4340119198,29.5,-0.6600164,18.7127751361147,7.69215611899565,101.628899206349,-2.6678365,-0.8058791,1.71197854264599,-1.04881279999999,7651260101.72058,2.954,5.98
PAK,2014,-1.0043761,-0.5203350493389652,-1.34787339235798,,11.1949717426146,0.695308116834202,271390474857.632,4.11642817161422,1266.61340849959,,-0.6822115,18.2748539477852,7.18938402847028,101.100088423521,-2.46216149999999,-0.7484896,3.06826560863817,-0.970695,14306811155.4783,1.827,4.052
PAK,2015,-0.981116999999999,1.6510204958096364,-0.934446742353906,,9.97457095124036,0.557734356032139,299963590534.773,4.21794209572506,1380.47020838317,31.3,-0.6105847,16.7136150659843,2.52932817254229,102.769271604675,-2.4299435,-0.6860082,4.42784130835912,-0.914828299999999,20027864211.2597,3.566,6.682
PAK,2016,-0.9729255,1.9459566049264765,-2.29279660651385,,8.73671639116568,0.821349998064174,313630000130.435,6.57383828511043,1424.69161195897,,-0.5304516,15.9648616568916,3.7651191635658,104.769117033301,-2.3350493,-0.6596324,4.59066972648983,-0.9129583,22027605269.5237,2.285,5.165
PAK,2017,-0.935033999999999,0.6548161080893196,-4.76985760466006,,8.22161134395559,0.735837049658425,339205534861.1,4.43262590683975,1519.23459514248,,-0.4213336,17.2504236583884,4.08537368032608,105.455162087938,-2.2184098,-0.664221899999999,3.14740277594098,-0.865480199999999,18455861310.286,3.204,6.519
PAK,2018,-0.9640896,15.522148431357133,-5.29556175645778,,8.58179960556073,0.487745750658143,356128166704.921,6.15170261099519,1569.33814626355,29.6,-0.507337599999999,19.044257474073,5.07805725868917,121.824068875756,-1.9857782,-0.662304799999999,1.90523052542491,-0.8396216,11837177725.8521,4.083,7.864
PAK,2019,-0.9714617,23.15813715997337,-2.66677325730292,,9.3908635386027,0.696146480411465,320909472770.669,2.49763692943365,1390.41690981745,,-0.4968027,19.5147134481005,10.5780305672025,150.036253839864,-1.9293422,-0.620266299999999,3.08190201214363,-0.8122676,16586046186.2171,4.83,9.599
PAK,2020,-0.9370003,7.866249351607181,-0.216650637871501,,9.29855944234725,0.684695289874347,300425609817.981,-1.27408744338709,1278.39735206896,,-0.614966799999999,17.4177212905341,9.74011619320125,161.838479684718,-1.5881564,-0.7006155,3.8689080390316,-0.812966099999999,18521734363.9531,5.994,10.739
PAK,2021,-0.906181199999999,0.6597776157933157,-3.52439577565177,,9.05159988878188,0.616039439073827,348516647445.148,6.51388575852702,1455.31922370186,,-0.5170351,17.9788205237729,9.49641577285205,162.906253747418,-1.6496402,-0.6543467,3.35726367831547,-0.8231206,22811522857.5295,6.338,11.053
PAK,2022,-0.9459689,25.75771817061325,-3.25858181478804,,10.5405902721041,0.389980753542853,374890295666.694,4.7781068690358,1538.3228133171,,-0.682084,22.4907632059279,19.8738599646655,204.867187469982,-1.7555938,-0.7653493,1.44062158684771,-0.9108794,9926587077.28489,5.291,9.448
PAK,2023,-1.0461855,36.847737852713934,-0.308630136387276,,10.4939587511564,0.608281270820624,336686348609.266,-0.414935997088406,1360.32417758419,,-0.6585378,17.9737337958273,30.7681280657005,280.356111655149,-1.9403838,-0.821984199999999,2.50011507119078,-1.0042887,13730353485.3454,5.237,9.423
PAK,2024,-1.0656237,-0.6332644139999296,0.124893414067427,,10.3855031331012,0.716885239403099,371747087751.306,3.08176295579301,1479.47755241191,33.5,-0.6003273,17.1798277774783,12.6325318530452,278.580716167563,-2.0634311,-0.7928043,2.84569889190225,-1.017096,18407745860.6666,5.492,9.521
PAK,2025,,0.9197639523971112,-0.109990064562897,,9.98520671042165,0.454693640126553,407307214476.222,3.69842668749033,1595.90912252837,,,17.2083306683448,3.54555214890893,281.143001173202,,,3.75530612751488,,26455819675.7312,5.42,9.594
PSE,2010,-0.0181378,,-13.4993932332553,,14.1228115477973,1.85860711452246,9681500000.0,5.77736205629419,2557.07562356699,35.3,-0.1372251,54.3748386097196,3.74915727597096,,-1.76941969999999,0.0225555,1.18623230311646,-0.5365615,531755697.08,21.416,36.178
PSE,2011,-0.4653574,,-18.500705760576,,16.0860353474401,2.13515604683715,11186100000.0,9.60080848913594,2880.79843707909,34.4,-0.4514793,51.1634975550013,2.8772435849594,,-1.8788223,-0.0709781999999999,1.02737618447542,-0.734252,498047447.64,17.597,31.224
PSE,2012,-0.428972199999999,,-14.9170751410581,,15.3263326889683,0.515918270255689,12208400000.0,6.09645656326154,3067.43872735614,,-0.4729661,51.6029946594148,2.77908768282492,,-1.9475989,-0.3584232,1.24818038165305,-0.735521099999999,664041719.54,19.202,34.644
PSE,2013,-0.3344603,,-14.7723926183376,,15.6198438829492,1.40253913684002,13515500000.0,4.69856986552234,3315.29753909282,,-0.466682799999999,50.6514742332877,1.72439933626931,,-1.8005748,-0.359219099999999,1.18324871085987,-0.769650699999999,685224934.26,19.894,37.137
PSE,2014,-0.4330927,,-13.5869104014545,,15.8230698299463,1.14163752860063,13989700000.0,-0.157866650855297,3352.11259506043,,-0.2718704,51.9167673359686,1.73298510037447,,-1.67333699999999,-0.1441563,1.09049149181729,-0.7588315,672378108.54,20.526,36.33
PSE,2015,-0.4552156,,-13.8789175930847,,16.0623801208096,0.751035803856381,13972400000.0,3.72129967114788,3272.15432360708,,-0.2500245,54.7185880736309,1.43161145810476,,-1.7310474,-0.1390882,0.901149838647809,-0.869190199999999,580939642.18,23.005,37.215
PSE,2016,-0.2822615,,-13.90776226662,,14.3267945006296,1.92447798073354,15405400000.0,8.86461881995935,3527.61382413178,33.7,-0.3087974,51.0957196827087,-0.219106604907316,,-1.69362899999999,-0.152295899999999,0.469778606419567,-0.797525399999999,312800333.67,23.939,38.507
PSE,2017,-0.3074945,,-13.2065607876551,,15.7242063492063,1.14056698202946,16128000000.0,1.41936756294787,3620.36048715937,,-0.1394848,52.7244543650794,0.212570934228881,,-1.3682541,-0.0426241,0.615717802392961,-0.8102739,446349334.35,25.677,41.868
PSE,2018,-0.303765299999999,,-13.1500305467431,,15.961564454493,1.29446294401352,16276600000.0,1.22707737782703,3562.33094270256,,-0.4655951,55.439710996154,-0.195107773730735,,-1.46491939999999,-0.150526499999999,0.699911223141067,-0.878078599999999,537846124.64,26.256,42.224
PSE,2019,-0.318133699999999,,-10.3854804313719,,15.5210552426533,0.769720046510608,17133500000.0,1.36268746558062,3656.85827137011,,-0.4472111,53.4724370385502,1.58018333639455,,-1.523121,-0.1491287,0.845641204299452,-0.851592599999999,658352116.3,25.34,40.151
PSE,2020,-0.5368921,,-12.251111498554,,15.3576234410914,0.513433766585376,15531700000.0,-11.3184661065134,3233.56863835858,,-0.4497852,51.9305678064861,-0.735332001092191,,-1.7401966,-0.1515086,1.01706322743793,-0.884182199999999,697074683.28,25.895,42.053
PSE,2021,-0.5922462,,-9.81804738509635,,17.3411011099453,1.95194132723981,18109000000.0,7.01198227592003,3678.63565662194,,-0.6289954,55.7424485062676,1.23748102831369,,-1.6333144,-0.1524659,1.02275812512689,-0.8929068,872540971.01,26.39,41.63
PSE,2022,-0.5708588,,-10.6265229873781,,18.4362526414651,1.62179695015304,19165500000.0,4.08276027347105,3799.95527015163,,-0.7155811,63.9586757454802,3.74122391852077,,-1.5318512,-0.1550172,0.867681729377901,-0.8475185,896900000.0,24.42,36.092
PSE,2023,-0.5990356,,-15.5371822753305,,16.9958841111666,0.555593283570762,18635100000.0,-0.97217780620403,3607.41611858821,36.4,-1.04199169999999,59.1775735037644,5.87110177678988,,-1.619148,-0.360597699999999,1.34968969559463,-0.885715399999999,1323200000.0,,
PSE,2024,-0.5708422,,-18.0999264452664,,21.8525432511909,1.01253497329187,16016900000.0,-22.8573273913324,3028.25481286981,,-1.0985907,52.7355480773433,53.6691458303782,,-1.8763518,-0.4676244,1.90727837913163,-0.989397099999999,1328000000.0,,
PSE,2025,,,-15.8215746940007,,21.2278136668395,1.9212691698858,17167100000.0,4.34444072337577,3171.10844621579,,,53.5326292734358,9.80840118100493,,,,2.34819177993939,,1825200000.0,,
QAT,2010,1.3446901,,,,62.3197092953046,3.73261315829573,125122252747.253,16.7315558489187,77387.2936379616,,0.964407,23.7506175279123,-2.42525675161714,3.64,1.1765666,0.8609387,,0.7067019,31181698262.5165,0.45,1.296
QAT,2011,1.1504795,0.0,31.0675107947676,,72.619706501698,0.559389030984015,167775274725.275,13.0214050496923,103261.510293068,,1.0080412,26.1019286002011,1.13836623529202,3.64,1.0908808,0.8503316,3.19016206908009,0.641775,16809490742.533,0.56,1.306
QAT,2012,1.1558661,0.0,33.1847245628586,,76.4724190759864,0.21188872224358,186833502362.637,4.62623675511804,108470.378825036,,0.9747888,29.2739243592311,2.31534853431661,3.64,1.1565419,0.9514299,5.43006082958833,0.7277942,33185072530.0802,0.48,1.475
QAT,2013,1.1766023,0.0,30.4240457483909,,72.7178350242963,-0.422882595917482,198727642967.033,4.43070196521455,103697.008372373,,1.1397085,29.6653730820309,3.22197756829293,3.64,1.1121079,0.9455132,6.67015979671203,0.7628549,42082172537.965,0.28,1.109
QAT,2014,0.8617689,0.0,23.9592611415734,,67.9981181320016,0.504491036758769,206224598571.429,4.11911527912761,95840.6310094498,,0.9830148,31.0362566094301,3.34972085659523,3.64,1.1056965,0.7014796,6.42598128516767,0.5935569,43215459717.5334,0.2,0.737
QAT,2015,0.8450167,0.0,8.50181028353524,,57.061477766584,0.662099304441699,161739955576.923,4.75334572438737,68985.2946961507,,1.0340695,36.6461264070517,1.8140772393776,3.64,0.9673463,0.7674283,6.33001498015487,0.5358302,37257529105.0352,0.17,0.569
QAT,2016,0.8601436,0.0,-5.45006694867961,,47.7138414909054,0.510044137883475,151732181868.132,3.06419188430156,61253.6375482797,,1.0292498,41.8337586290298,2.6765917009819,3.64,0.8292355,0.7654833,5.33675404453708,0.5818673,31887349772.9792,0.15,0.482
QAT,2017,0.7457912,0.0,3.98856887721847,,52.889422628417,0.612038723345893,161099122225.275,-1.49760470227838,63279.8556949332,35.1,0.9701164,38.6051652911024,0.394878914083005,3.64,0.8357284,0.560855,2.52957830646864,0.470148,15007730964.8132,0.14,0.505
QAT,2018,0.7493739,0.0,9.08293669883969,,55.9418631716143,-1.19249695201383,183334953818.681,1.23487220191065,71039.8490579352,,0.8061951,35.8965858065867,0.255815382724408,3.64,0.8707185,0.6770845,4.69637516299306,0.4639058,30358280804.0766,0.11,0.309
QAT,2019,0.8776184,0.0,2.41529709778,,52.1888599262863,-1.59472537643955,176371267692.308,0.688240954592672,66841.3013484919,,0.9423676,37.8575156222525,-0.666641124861147,3.64,0.882266,0.7893471,5.94863841809649,0.4938622,39718464943.2827,0.1,0.295
QAT,2020,0.8746817,0.0,-2.06750647346493,,49.118878259958,-1.68550858988767,144411363351.648,-3.5576039896784,51683.5054376677,,0.9642748,40.9002166233522,-2.5403150300476,3.64,0.8905079,0.8435123,6.77351981461538,0.4786325,40972506521.4797,0.14,0.48
QAT,2021,0.8394432,0.0,14.6435967825643,,58.7260170336864,-0.608353846418717,179732009560.44,1.62684671918775,71751.8831257169,,1.1277682,34.0531415378261,2.30446565742003,3.64,0.9259515,0.8424347,6.81463955622911,0.5003341,42212542110.0839,0.14,0.693
QAT,2022,0.8197673,0.0,26.7778361978623,,68.5984131738821,0.0322850616403459,235709325714.286,4.18500970982862,88701.463352273,,1.189094,31.6152340257357,4.99527553740761,3.64,0.9163182,0.8839637,5.86304657389892,0.5977458,47389335669.7513,0.13,0.559
QAT,2023,0.7757739,0.0,17.1136863378173,,,-0.222614821674707,213002809340.659,1.18715991623776,80195.8746508549,,1.1464253,,3.02764899198902,3.64,1.0147153,0.9412093,6.48104847137267,0.5728637,51538727785.639,0.13,0.574
QAT,2024,0.7548293,0.0,17.5152925396793,,,0.212749202349259,216294505494.505,3.10963283242745,75685.0865779973,,1.1342702,,1.26734310292375,3.64,0.9511752,0.9663365,6.69567627121726,0.589593,53987415590.4034,0.13,0.573
QAT,2025,,0.0,14.8111802018003,,,1.40702006150615,215559615384.615,2.90166036660493,72524.9066385222,,,,,3.64,,,7.45258764673881,,55847316824.2018,0.13,0.559
SAU,2010,-0.121664399999999,,13.5423706949189,,49.5697145263124,0.923670092367435,528207466666.667,5.0395150823517,22028.3901426586,,0.0891481,32.9799704964413,5.33941733020905,3.75,-0.295186399999999,0.3480315,30.5395328882404,-0.1795887,459313194915.439,5.55,24.738
SAU,2011,-0.2131986,0.0,23.8816335912652,,55.2733461365779,0.688133631504519,680660800000.0,11.758820686671,27126.7498747702,,0.0088158,29.0860881073216,5.8262163739404,3.75,-0.512941299999999,0.3943428,32.6137729985206,-0.1576511,556570950256.256,5.77,25.11
SAU,2012,-0.1950621,0.0,22.8484723061974,,53.1198476436365,0.669626013751334,751921333333.333,5.76157382270968,28733.4375513452,,-0.0069961999999999,28.6208309025235,2.86627029905053,3.75,-0.5972185,0.2391932,36.4747145801621,-0.186143299999999,673739616018.359,5.622,24.843
SAU,2013,-0.1775677,0.0,18.3253067776542,,50.3725164415794,0.437984195574321,769755733333.333,2.94563789152025,27865.465604962,,-0.0761056,29.8789849870989,3.51104209799866,3.75,-0.660277,0.2721716,37.373716349245,-0.2026797,737796355078.29,5.6,26.946
SAU,2014,-0.2508778,0.0,9.86478118777849,,45.0958458227862,0.191711517264834,787153066666.667,4.02467158380668,27805.4850319422,,0.075289,32.9042652949498,2.24185348779063,3.75,-0.308626499999999,0.1946553,33.5078337240261,-0.434598,744440513643.462,5.877,28.603
SAU,2015,-0.140992099999999,0.0,-7.93818281494484,,31.4401316153804,0.572622097928938,693414400000.0,4.65512316652699,23256.1549553531,,0.0852228999999999,35.6651376146789,1.22269318552328,3.75,-0.4683535,0.2373094,29.523607332364,-0.267793,626989686477.742,5.6,28.156
SAU,2016,0.1203849,0.0,-3.91268584311643,,29.1430897114591,3.18518611850268,689279466666.667,1.70404739202878,22267.7217050387,,0.2818788,28.7785737995774,2.05347076823965,3.75,-0.5059085,0.1880057,31.6961891139936,-0.199981599999999,547266635919.121,5.6,24.275
SAU,2017,0.1100011,0.0,1.2254608961689,,32.3625378991189,0.136801407151884,741266133333.333,1.18210705878283,23929.2907135982,,0.1769432,27.169441258704,-0.834845735027162,3.75,-0.667506399999999,0.1004204,28.7798542698354,-0.3327389,509457096430.156,5.89,31.504
SAU,2018,0.1556309,0.0,7.89890750977747,,35.5209831625769,1.36945683303735,886564800000.0,3.2269508901591,29360.0658968566,,0.2655112,23.5819273071372,2.46594308994843,3.75,-0.5983975,0.0805221,27.2537617937104,-0.2326451,509468527336.473,6.029,30.213
SAU,2019,0.2130276,0.0,3.64484004485364,,32.159204977113,0.346411455797861,888890133333.333,1.65158925617395,29566.7933827436,,0.261925,24.6346155115383,-1.19298644533328,3.75,-0.5528727,0.1793192,25.5992015113689,-0.169569499999999,514962537825.302,5.636,25.477
SAU,2020,0.32153,0.0,-4.51692116727614,,23.8098115262185,0.211115523412857,767951200000.0,-3.80478901996312,24338.8307301067,,0.1079226,23.7233476988295,3.37234961012303,3.75,-0.5528267,0.1732095,27.83499765841,-0.1793363,472850970844.846,7.66,29.627
SAU,2021,0.2365231,0.0,4.5697627196532,,29.1556614026837,2.8850612174452,982661066666.667,6.51959698325419,31920.7653655643,,0.3884752,21.728264937195,3.06328988941548,3.75,-0.4672131,0.3876301,25.1183969265183,-0.1658751,473889603512.936,6.621,19.772
SAU,2022,0.2767396,0.0,11.7294510759777,,35.9850098955522,2.1556449627378,1239075200000.0,12.0005874752929,38510.2276211037,,0.5143289,20.839154879381,2.47407371925372,3.75,-0.3617761,0.554186,20.0230345579448,0.0393234,478231707665.7,5.589,15.964
SAU,2023,0.476953,0.0,2.12936729495784,,30.7559610678442,1.87130991298946,1218584800000.0,0.542592439393161,36156.8562500172,,0.725856,25.0415071647045,2.32708518362706,3.75,-0.2452065,0.6101083,16.5690894253073,0.1165635,457948635287.488,4.008,13.474
SAU,2024,0.7528275,0.0,-1.29603148573183,,29.3880027930942,1.70136894275871,1254140800000.0,2.64893068308965,35527.786181866,,0.7833016,27.0169346216948,1.68792112375809,3.75,-0.048171,0.7102575,15.0571337423468,0.2103549,463869589071.029,3.518,11.502
SAU,2025,,0.0,-2.56365940191401,,29.7448740074211,2.55517254024168,1276942933333.33,4.50246560191663,34536.6555456551,,,28.1733498505598,2.08420853585036,3.75,,,15.5945460088131,,505163993094.995,3.038,10.01
SDN,2010,-1.4777406,,-2.92618988919934,,17.4756063457453,3.50004539535845,58962978034.4828,3.85824195230107,1305.63598632813,,-1.3183855,15.2527036042897,12.9776663898014,2.30600092016667,-2.4305404,-1.32794979999999,0.793170652584922,-1.383167,1036244170.70595,15.168,26.4
SDN,2011,-1.46601389999999,15.638272233731607,-4.82188496528231,,12.4787060282521,3.15234852962884,55018567210.5263,-3.21353209253371,1332.6572265625,,-1.3212982,15.0336329952659,18.0966171221351,2.66661962177469,-2.3438684,-1.3131857,0.155870348159297,-1.4311591,192529339.697522,17.44,32.17
SDN,2012,-1.57216549999999,33.98830129943518,-16.6318777556219,,6.85645263673087,6.14212434699966,37632919966.6667,-17.0046884048945,1019.22210693359,,-1.3159644,14.9997218879992,35.5590574147024,3.57295833333333,-2.3155934,-1.39933059999999,0.188390712083205,-1.42399229999999,192632614.669593,16.973,30.834
SDN,2013,-1.5693861,33.1322703293456,-13.5321488136858,,9.50689116839014,3.92312074519106,43024018082.1918,1.95514463302422,1138.62780761719,,-1.3113659,17.3516333336233,36.5223449139154,4.75676054708821,-2.2572174,-1.47720309999999,0.170670884074813,-1.4727537,192956941.623251,16.273,29.155
SDN,2014,-1.5461064,20.60448723193392,-7.16013618473832,,7.60891112283276,2.52698516017578,49516748617.9775,4.66137954229873,1275.43835449219,34.2,-1.3093428,13.2361978812986,36.9066427863595,5.73686666666667,-2.2236606,-1.431484,0.194994810038632,-1.4368402,181457168.977028,15.41,27.283
SDN,2015,-1.4808042,5.035256143016497,-10.5569345811594,,6.42291092918573,3.34135261447755,51726758676.7677,1.91017689052751,1292.37963867188,,-1.29342999999999,11.9553619254684,16.9095706050977,6.02573259791667,-2.0365601,-1.4597243,0.183852571194075,-1.4901668,173516490.886743,14.39,25.229
SDN,2016,-1.4810828,3.0864470816538008,-9.88346111101847,,5.00449100738247,2.49532759301928,42630376000.0,3.46764218409288,1033.21594238281,,-1.2725849,10.2771788829636,17.750253831196,6.21171364583333,-2.16225439999999,-1.4119321,0.206371176337176,-1.4810009,168284353.053784,13.656,23.625
SDN,2017,-1.480461,7.592854098853046,-11.1697054533751,,6.11214425821293,2.58043876395005,41283617976.1905,0.70925628476644,966.505676269531,,-1.24182669999999,11.7192455714973,32.3516260968437,6.68336,-1.9473364,-1.4265577,0.186146721322576,-1.3822481,177933851.813136,13.0,22.198
SDN,2018,-1.5184609,264.0221520584197,-14.4693934170139,,7.65020198466392,3.51269523880448,32333780383.2924,-2.6809305497999,731.027465820313,,-1.49191189999999,14.2177167427683,63.2925073455888,24.3289109018116,-1.71645009999999,-1.50539159999999,,-1.3679719,,12.347,20.795
SDN,2019,-1.47108899999999,88.11793770487917,-14.7808388986177,,8.45298341762853,2.55226968828806,32338079165.2893,-2.17825104530091,709.975280761719,,-1.41919669999999,17.666637037634,50.9940515002965,45.7670454545455,-1.65533209999999,-1.5295444,,-1.4223111,,11.697,19.37
SDN,2020,-1.3828975,17.98011291419099,-21.6064794369516,,5.12531269468598,2.65193447042229,27034593750.0,-3.62980082410752,577.795227050781,,-1.4293287,4.82983238157553,163.257782355458,53.9960119047619,-1.3881394,-1.50085769999999,,-1.344873,,11.995,19.783
SDN,2021,-1.292527,586.6999436686787,-7.65468962500371,,2.2498704277993,1.52754029838982,34229513774.9936,-1.8685204827207,712.122009277344,,-1.4426029,1.87767821048496,359.093040778999,370.790583333333,-1.7826483,-1.48846139999999,,-1.3405003,,11.087,17.406
SDN,2022,-1.4462818,47.45758780731366,-8.59889945377348,,1.57116183055586,1.11000421594226,51666875363.0963,-0.957816591119183,1046.24084472656,,-1.5360265,1.12767260530269,138.80846024176,546.75885,-1.92571989999999,-1.5498089,,-1.4230148,,7.53,12.0
SDN,2023,-1.4513517,,,,1.10810859308483,1.37399372870934,39898289820.7951,-29.4332716274387,797.283447265625,,-1.7726125,1.36562018959182,,,-2.0604154,-1.6040918,,-1.65553779999999,,,
SDN,2024,-1.557432,,,,0.720930190156301,,49672435513.1126,-13.9643378424022,984.607666015625,,-1.79393619999999,1.27448191209378,,,-2.0243381,-1.6627093,,-1.7733122,,,
SDN,2025,,,,,1.1030420269355,,60162634574.4689,3.06427942935869,1164.53991699219,,,1.27888825694147,,,,,,,,,
SOM,2010,-1.684578,,,,,4.16696585149836,2687807003.73935,6.69435192550543,219.202453852397,,-2.0844758,,,31269.6625712251,-2.9277889,-2.16569539999999,,-2.3849652,,18.741,33.644
SOM,2011,-1.6615444,-4.16642529432213,,,,3.50997923598382,2906000096.93249,6.69435192567755,235.325945610434,,-2.09105699999999,,,29966.8354404084,-3.01651169999999,-2.19839659999999,,-2.380498,,18.761,33.743
SOM,2012,-1.649052,-24.863603494115743,,,19.5524000374862,2.45906325256211,4364670159.99578,6.69435192556698,350.261946720512,,-2.06505629999999,69.0212460407427,,22516.0002967711,-2.90139839999999,-2.1097626,,-2.35479259999999,,18.771,33.826
SOM,2013,-1.64551309999999,-14.355126593165457,,,18.6178689226979,5.09591217775954,5062881600.00104,10.9592986164311,393.398703952979,,-2.0903583,64.7231302031399,,19283.7999504521,-2.85136569999999,-2.2176149,,-2.3576872,,18.655,33.655
SOM,2014,-1.73994569999999,4.911527722936147,,,19.1628937165159,4.55624629490798,5728399719.99958,8.97800590574617,429.431656725102,,-2.2056492,62.5381477394163,,20230.9291310541,-2.4369844,-2.0809389,,-2.2284291,,18.595,33.548
SOM,2015,-1.7297878,10.001056004891348,,,16.8715688310983,4.92510820324606,6152149099.99942,10.4621881235147,445.583080073396,,-2.050969,59.6077634074256,,22254.2356837607,-2.2815589,-2.0369376,,-2.1954112,,18.495,33.352
SOM,2016,-1.7350014,3.628741249890161,,,16.1359579394828,4.9896102178043,6613743069.99912,7.03487260042162,460.928490585175,,-1.97665619999999,58.225604612142,,23061.7843138651,-2.2701767,-2.08945249999999,,-2.2378636,,18.611,33.467
SOM,2017,-1.721871,0.1569826843382362,,,13.0465010418362,4.84156553446397,7621501710.0012,14.7357956045195,510.939952317726,,-2.00100279999999,55.6291480514478,,23097.9873219373,-2.022776,-2.0883575,,-2.3167845,,18.455,33.201
SOM,2018,-1.80642059999999,,,,14.2131334942208,5.18226851263813,7873000000.0,2.05431507261069,509.497273804534,,-2.0330208,59.6087895338499,,,-2.06147769999999,-1.9778262,,-2.3047801,,18.7,33.602
SOM,2019,-1.6343465,,,,13.0660813308688,5.16404805914972,8656000000.0,2.80033312513012,539.954816211694,,-2.0111906,57.231977818854,,,-2.0704895,-1.9736596,,-2.27689089999999,,18.828,33.844
SOM,2020,-1.5494727,,,,13.6532220676866,6.18915159944367,8628000000.0,-2.76455696202532,518.16113333875,,-1.9389024,62.0421882243857,,,-2.3507544,-1.8686121,,-2.18341659999999,,19.414,35.91
SOM,2021,-1.6031075,,,47.306970368027,16.1552251397237,6.33765685964357,9483000000.0,3.44719850031242,549.056994756254,,-1.96354459999999,62.9442159654118,,,-2.60696149999999,-1.7880177,,-2.16817529999999,,19.662,35.287
SOM,2022,-1.59878449999999,,,43.3780260707635,17.6810741938645,6.23346074683917,10203000000.0,2.71821202053759,573.141165798229,,-1.94568789999999,73.0765461138881,,,-2.092858,-1.7887408,,-2.2051746,,19.112,34.286
SOM,2023,-1.61685259999999,,,,21.9383099105676,6.17357181967512,10958000000.0,4.17524257571303,596.885985135589,,-1.8653529,81.1826975725497,,,-2.1717975,-1.6997338,,-2.1303739,,18.96,34.091
SOM,2024,-1.7861136,,,12.6627391994652,31.2108297819002,6.39257959388318,11967000000.0,4.11139335779471,629.538899449007,,-1.95005229999999,99.1142308013704,,,-2.2630781,-1.72760539999999,,-2.2054496,,18.949,34.137
SOM,2025,,,,,29.2484917491797,,12995200000.2658,2.99114404482197,661.173877723116,,,98.8149470599555,,,,,,,,18.948,34.23
SSD,2010,-0.214174099999999,,,,61.4344828173072,,14602072410.9506,5.49341639529945,1498.27034985194,,,29.5089655488059,1.16962180301108,,,,,,,12.473,19.401
SSD,2011,-1.2275676,,,,66.0761203752424,,14907308932.7534,-4.64031673600859,1448.98435006408,,-1.57631069999999,27.1507393796766,46.8521757193597,2.98895,-1.51136989999999,-1.5768821,,-1.3454875,,12.585,19.605
SSD,2012,-1.34178249999999,-1.303133207313599,,,42.8320523585268,1.34937246395858,11931472169.4915,-46.0821223743007,1109.26050083408,,-1.4942658,28.7877590362221,45.5258978371706,2.95,-1.4983578,-1.4227969,,-1.1549676,1282090260.28818,12.803,19.907
SSD,2013,-1.4236144,0.0,,,9.74075785850552,-4.30359174766787,18426469016.9492,13.1297311406943,1650.18943353528,,-1.6555038,41.0704887322407,-0.0580909784225664,2.95,-2.0671128,-1.5704737,,-1.3517382,947810456.615822,12.665,19.733
SSD,2014,-1.71827969999999,0.0,-5.65945565697319,,38.3916172930278,0.0074187791098501,13962212847.4576,3.37364847715736,1242.73450181032,,-1.8301131,26.2429005140531,1.6742990629552,2.95,-2.5030889,-1.66875929999999,0.951484917211162,-1.6791346,416808670.07584,12.561,19.576
SSD,2015,-1.77074769999999,22.17514124293796,-4.169014055128,,36.6513492804707,0.0012502291294692,11997800760.2242,-10.7933646271143,1080.14718624765,,-1.981766,28.8999999040295,52.7663304192143,3.60416666666667,-2.2792733,-1.6736197,0.759703291939908,-1.6930815,229880518.366327,12.464,19.419
SSD,2016,-1.7919554,1196.5317919075142,-5.76700049530002,,,,,,,44.0,-2.05300419999999,,379.999585624026,46.7291666666667,-2.33343,-1.75850469999999,0.361618094817873,-1.7566012,68159818.6400242,12.854,19.847
SSD,2017,-1.7562035,143.20463664734712,8.30684638743949,,,,,,,,-2.13822209999999,,187.851630279442,113.6475,-2.44555199999999,-1.79473739999999,0.182679467354685,-1.7533888,33820210.9558201,12.983,19.849
SSD,2018,-1.8304337,24.407341413874494,-9.0382483224269,,,,,,,,-2.0765061,,83.5015294922,141.385833333333,-2.3307387,-1.8857358,0.109546774819367,-1.8708086,36396368.1998606,12.853,19.555
SSD,2019,-1.8861426,11.750352168711412,-4.15741601037528,,,,,,,,-2.09482199999999,,87.2413641500032,157.999166666667,-2.39114589999999,-1.8807648,1.03609029459434,-1.87228589999999,378281747.007865,12.656,19.263
SSD,2020,-1.80683669999999,5.00518462650117,-35.0491711578272,,,,,,,,-2.16308659999999,,29.6758435538572,165.907316666667,-2.1055063,-1.9522498,0.453781682593365,-1.90756779999999,183614816.68196,14.246,21.846
SSD,2021,-1.82343179999999,84.65407439069672,-0.13161314202058,,,,,,,,-2.2425859,,10.5167158294358,306.354619937276,-2.21948739999999,-1.93385449999999,0.885919595057179,-1.97781689999999,341932479.973586,13.95,20.797
SSD,2022,-1.861122,74.47466233778145,-11.2233718358258,,,,,,,,-2.2168775,,-6.68732094212668,534.511188691756,-1.6425543,-1.934717,0.161236777638856,-1.9298809,94914465.1760948,12.475,18.717
SSD,2023,-1.87741769999999,74.05275122698285,7.93071136684621,,,,,,,,-2.2060236,,2.38280434813754,930.331429534051,-1.52967079999999,-2.0014186,0.174842702708606,-2.00017059999999,72880855.2161365,12.374,18.524
SSD,2024,-2.0647211,132.50895369429827,,,,,,,,,-2.1728459,,91.4408220769046,2163.10387269883,-1.4896464,-1.9295182,,-1.9725304,15961778.4894403,,
SYR,2010,-1.0905246,,-0.598441906450217,,32.1667841253209,2.39318605915641,61390833272.6687,5.19150915015936,2730.61487784917,,-0.6941611,31.843378069124,4.3974138315007,11.225,-1.1174939,-0.7452067,11.659017145464,-0.7628841,20631907296.8694,8.61,20.493
SYR,2011,-1.106722,330.61618411284365,,,19.3693262797983,1.19065647696386,67539433544.3077,2.8502205980333,2952.14372909443,,-0.6889793,31.3267640239015,4.7531638888563,48.3366666666667,-2.13376019999999,-0.837656299999999,,-0.981771,,8.626,21.107
SYR,2012,-1.19016529999999,33.60630301358511,,,7.71461782136059,,43190318032.5627,-26.338904668983,1897.66115018696,,-0.9278318,27.6540725102336,36.7022953364139,64.5808333333333,-2.4554347,-1.4240012,,-1.3261066,,13.8,33.807
SYR,2013,-1.20834819999999,68.3678077861074,,,7.77801797227006,,21361254634.9336,-26.3002577493205,985.892669221634,,-1.1353579,36.9272368113289,40.0318378290723,108.733333333333,-2.46599079999999,-1.5261224,,-1.5882155,,14.5,35.447
SYR,2014,-1.5306381,41.75045984058903,,,7.01577957143612,,21502061466.067,-10.3103412087823,1060.59105887433,,-1.0163507,47.2486429493624,10.9271141804297,154.13,-2.34971829999999,-1.63694459999999,,-1.6659053,,14.782,35.979
SYR,2015,-1.5307718,53.7852245939577,,,14.2911061178655,,16466861435.0236,-4.17969204561759,847.731545352582,,-1.2458592,36.7951069230783,38.4611429599733,237.029166666667,-2.4382136,-1.54984409999999,,-1.6477248,,14.244,34.807
SYR,2016,-1.5915844,94.18531474677827,,,21.6801002606147,,12597854088.3602,-6.40568496867387,656.349017520952,,-1.4709651,45.4318404760268,47.7051615298923,460.275833333333,-2.5955347,-1.6361409,,-1.8462401,,13.798,33.634
SYR,2017,-1.5920556,7.025135290251678,,,19.3396763257828,,16369842725.4718,-0.723346297115341,851.501972646386,,-1.4708561,41.7111781840868,18.0752696281771,492.610833333333,-2.4453795,-1.63923099999999,,-1.807304,,13.603,32.888
SYR,2018,-1.5912541,-11.390499261587436,,,14.9170302242434,,21497779247.9835,1.39323324059961,1098.06667935023,,-1.4702578,35.7420774198957,0.940983843906769,436.5,-2.4238579,-1.547928,,-1.77685349999999,,13.505,32.411
SYR,2019,-1.6558161,0.0,,,13.0100655511925,,22583046644.6891,1.22072818348491,1109.53933821464,,-1.58916449999999,28.9894026254051,13.4175653228571,436.5,-2.4527063,-1.5966464,,-1.8308474,,13.369,32.056
SYR,2020,-1.6873687,101.13293262223527,,,13.1892633653515,,12501503673.2425,0.954914586675713,593.911771822527,,-1.4732889,30.0023561798712,,877.945250896057,-2.35367569999999,-1.6481019,,-1.8514471,,15.179,36.288
SYR,2021,-1.79070699999999,43.06131261808058,,,14.9508204374067,,14892885528.1402,1.7896919997567,688.566109726934,,-1.5265647,44.0511918088493,,1256.0,-2.37452369999999,-1.75501,,-1.8887237,,14.887,34.645
SYR,2022,-1.79243509999999,99.5021425842938,,,6.7771895571266,,23737634644.3994,-0.20247264200475,1056.78264718197,26.4,-1.61489209999999,28.6600525880316,,2505.74691085873,-2.43824749999999,-1.8921267,,-1.8753611,,13.245,31.987
SYR,2023,-1.7817933,,,,,,,,,,-1.6144064,,,,-2.4379022,-1.8919941,,-1.8617654,,13.27,32.26
SYR,2024,-1.70162709999999,,,,,,,,,,-1.6726478,,,,-2.3680716,-1.9974752,,-1.813556,,13.359,32.768
SYR,2025,,,,,,,,,,,,,,,,,,,,13.569,33.101
TUN,2010,-0.1941292,,-4.55447131361942,38.7660002963438,47.9597286942428,2.88814231758981,46206091937.9628,2.97113275066512,4291.86120891575,38.5,0.351978,52.1912811425565,3.33897963601069,1.4314,-0.255652,0.0242836,4.40578092536965,-0.217492599999999,9764265037.07788,13.049,29.573
TUN,2011,0.0507,-1.6498998649343264,-7.03556585573611,42.4807224505219,46.0546537716688,0.899077534980039,48123325825.0739,-2.04663389535644,4420.64772206537,,0.1431788,54.0517255325681,3.24002842009531,1.40778333333333,-0.3780941,-0.2172419,3.30881115159635,-0.4029909,7785305507.43057,18.334,42.639
TUN,2012,0.0016466,10.946878662673493,-7.86572520912914,42.5197543010178,45.9128477724564,3.28518933963283,47311401812.6733,4.21667711535632,4297.26782454273,,0.1317565,55.6378761572116,4.6118443220664,1.56189166666667,-0.673659999999999,-0.1699356,3.67437262137286,-0.175204,8717830200.54899,17.63,38.444
TUN,2013,-0.0117731,4.018631253767697,-7.96677847902681,,44.889705324588,2.1744128074392,48685446413.953,2.42993096446429,4369.79345826358,,-0.0619573,54.0652513616158,5.31623531326689,1.62465833333333,-0.8919899,-0.231884899999999,3.16318920380025,-0.2216627,7550027499.83122,15.934,34.828
TUN,2014,0.012509,4.494278284152271,-8.87794509825977,,42.947465118132,2.03842746868013,50271812920.612,3.09032803070775,4458.97895464547,,-0.0117935,53.159638737738,4.62555099534031,1.697675,-0.6013407,-0.3534173,3.11530414077352,-0.152277399999999,7498010302.87675,14.259,36.912
TUN,2015,-0.0143711,15.547734401460817,-8.57094815049074,,38.3998387567342,2.11999260597179,45779494041.9295,0.967834205635981,4014.94773686432,32.8,-0.0139338999999999,48.848691902871,4.437371273215,1.961625,-0.681206,-0.376347899999999,3.81270777807447,-0.1094928,7559201960.29189,15.159,34.967
TUN,2016,-0.0577612999999999,9.502750695639085,-8.52887305480808,,38.2952955757822,1.40344558640993,44360072680.4476,1.117231963992,3847.80354448809,,-0.0573078,48.7973687883644,3.62939937384381,2.14803333333333,-0.8275855,-0.4256004,3.22322004504991,-0.1019524,6137077790.03259,15.557,35.119
TUN,2017,-0.0490023999999999,12.63442528824833,-10.0143611259515,,41.7207863819275,1.9233125677007,42163530590.9462,2.25261437620587,3619.03247319953,,0.0523774,54.0884116006529,5.30884839565844,2.419425,-0.7432926,-0.120353499999999,3.05538647744885,-0.0902866,6143986079.65126,15.33,35.315
TUN,2018,0.0013373999999999,9.400649603383869,-10.7946228980082,,45.4857481712255,2.32248034984414,42686504459.801,2.60696965356362,3628.10366464236,,0.1031302,58.3860760894097,7.30759176031652,2.64686666666667,-0.5600278,-0.1170001,3.36637745948162,-0.0574128,5661370258.89029,15.459,34.877
TUN,2019,-0.0286669999999999,10.864418305921204,-8.04912453318917,,45.9503306922947,1.94487649950903,41905642418.825,1.55009304966742,3528.87213306798,,0.0551904,56.3822840334945,6.72007532863799,2.93443333333333,-0.5613583,-0.143639,4.96946617760628,-0.0268576999999999,7919981404.82365,17.153,37.867
TUN,2020,-0.019263,-4.160087694387342,-6.01234016088557,,37.9918009809033,1.46634304906862,42491780918.361,-8.97512622934723,3548.65363663803,,-0.0327607,46.3415287262734,5.63415115897625,2.81235833333333,-0.4326193,-0.1095893,7.22784552607324,-0.0116452999999999,9810630874.82627,17.651,41.242
TUN,2021,-0.1415165,-0.6361801927798358,-5.88456562547468,,41.7802023040094,1.16289301361367,47073234359.1819,4.73603648206102,3906.93926319391,33.7,-0.0145066999999999,51.8532117623985,5.706350208307,2.79446666666667,-0.6668946,-0.199470099999999,5.30936676331015,-0.0151282999999999,8845557076.37304,16.632,39.309
TUN,2022,-0.1992466,11.062337476441405,-8.83429553808937,,51.325939710781,1.43159199894021,44929920092.7955,2.75228761004381,3707.29283414381,,-0.1524479,64.7698546733647,8.30646124447623,3.1036,-0.7395623,-0.3336702,3.99923371559347,-0.236793299999999,8094326708.95378,15.3,37.826
TUN,2023,-0.192361099999999,0.0826996606092832,-2.30371483601794,,53.0393939110608,1.46351333844229,48205328303.3398,0.184015548469745,3951.11683376921,,-0.1684668,59.0894641022935,9.32899597507865,3.10616666666667,-0.776038,-0.4344534,4.59768433456009,-0.3148235,9239745488.47506,15.106,38.484
TUN,2024,-0.220154599999999,0.0413156623919147,-1.50801033952852,,50.0016900287054,1.47747574805229,51412122479.8468,1.61444564976986,4187.64079392362,,-0.2393469,56.2968591755414,7.20661657168794,3.10745,-0.9248175,-0.3901173,4.51241564590908,-0.3644942,9343597097.75793,15.341,38.85
TUN,2025,,,,,46.6517326028796,,57502836548.0878,2.49311010666248,4656.63818386852,,,54.7944728488274,5.15100197572676,,,,,,,15.108,38.075
TUR,2010,0.0487911,,-5.70254261669491,45.1797411840038,21.5899457839207,1.16274364749147,782545664268.333,8.54219848467686,10698.9699409757,38.8,0.2639953,25.3533908870685,8.56644420552976,1.5028486296723,-0.5486911,0.3744715,4.98149669912827,0.0494591,85959461665.9826,11.879,21.578
TUR,2011,0.0464784,11.45197985352378,-8.81351105932507,39.9693425323809,23.4903574412774,1.91686136260632,844192507380.795,10.9799625273598,11373.6355760885,40.0,0.3221463,30.1612264563406,6.471879671151,1.67495455197133,-0.6966163,0.3816131,4.01504832644044,-0.0879284999999999,87937253858.338,9.789,18.208
TUR,2012,0.1585192,7.226846382175268,-4.72096418758118,37.6997174684634,24.9658181147838,1.55241965245755,885327622479.052,4.80762696633448,11776.7593362033,40.2,0.3847742,28.3619431820769,8.89156996512163,1.79600094441355,-0.9196869,0.4714134,5.52884305144567,-0.1061886,119182965975.41,9.21,17.342
TUR,2013,0.1399698,6.000403194061752,-5.12686124176872,31.7836465280795,24.403259811358,1.40962960980578,962167643588.925,8.48825689298511,12635.5570016068,40.2,0.3007252,28.6650931929463,7.49309030547693,1.90376824244752,-1.0321782,0.4789095,5.46467548164703,-0.1149216,131053847400.859,9.713,18.442
TUR,2014,-0.1089047,14.958447617610164,-3.40746259930754,31.1206735016751,25.8173246854016,1.41530142282668,942343431928.654,4.60079447270559,12209.3862327674,41.2,0.4793163,28.4894493558784,8.85457271364316,2.18854241775473,-0.7998074,0.368902,5.46656223125612,-0.3611001,127421921235.759,9.901,17.698
TUR,2015,-0.1063785,24.28402144913837,-2.46735825450658,29.145145266046,25.280784580735,2.225752648523,865460050683.656,5.80557386628684,11064.6494504662,42.9,0.3331512,26.5941406789482,7.67085364845885,2.72000852790578,-1.10934889999999,0.2171826,5.46401299517088,-0.4773732,110489628113.015,10.304,18.299
TUR,2016,-0.0845918,11.034017617795,-2.54530792537505,30.075201418508,23.6322024334399,1.58873607703875,870818016909.84,3.32366508200445,10984.3643169061,41.9,0.2092276,25.2379813745471,7.7751341532833,3.02013474808043,-1.7801696,0.1543103,5.43169973687983,-0.5458731,104810530764.478,10.899,19.369
TUR,2017,-0.0665516,20.79370424407022,-4.06783613710293,29.5734179673603,26.5394989930636,1.29532700760314,863874522365.276,7.82585730002594,10756.3877677883,43.5,0.2874577,29.5961595228053,11.1443110840764,3.64813263536867,-1.70623179999999,0.1437151,4.7879486495226,-0.615377,107657025384.516,10.919,20.469
TUR,2018,-0.2317166,32.3518257093599,-1.85233343060557,29.3999927208091,31.7278536539697,1.57923380202967,788356985773.667,3.46815306092219,9684.11819884721,42.4,0.0477841,31.0972787311468,16.3324638988929,4.82837014720942,-1.1241116,0.0517731,4.21759333209898,-0.7089454,92997230040.5605,10.956,20.011
TUR,2019,-0.1801871,17.51003206982694,1.9351600379275,33.4600744570718,33.0298811646869,1.22536076199392,775853144222.613,1.30162365464503,9395.23378001368,43.8,0.2099076,29.548577767937,15.1768215720022,5.67381930843574,-1.1924541,-0.0157501,5.18429649280588,-0.5970473,105619672447.934,13.73,25.039
TUR,2020,-0.3242268,23.52535452027776,-4.22284721473811,41.0396523893444,28.7400043468285,1.02531493703228,733628247119.077,1.80306247087255,8798.11791709313,43.0,0.070917,31.6498487704686,12.2789574462574,7.00860541558522,-1.0396051,-0.1651388,4.62292551551256,-0.709944799999999,93584577917.0715,13.148,24.919
TUR,2021,-0.3992138,26.279152905402064,-0.74064931592423,41.6375124693568,35.0536332850518,1.50891969619413,839938668172.134,11.811094450607,9981.76398411336,44.4,0.0250833,34.5552643235919,19.5964926913324,8.85040754928315,-0.9721057,-0.123133799999999,4.45898866581647,-0.775344399999999,111184882382.134,11.969,22.36
TUR,2022,-0.4324578,86.98416231292192,-4.99763806227356,35.3300843740665,38.1412107474416,1.48839623728753,926097476913.818,5.44122511322401,10897.8397861365,44.5,-0.0247938999999999,41.7570614839925,72.3088359891207,16.5488604173067,-0.935033599999999,-0.229146699999999,3.88032643940638,-0.7798318,128735003395.893,10.465,19.289
TUR,2023,-0.4374572,43.44532205472075,-3.63367003503212,33.2548360254558,31.9135926809724,0.933806495534912,1141242864657.45,5.04512369812289,13375.0947282864,43.7,-0.114084999999999,33.7696157928943,53.8594087593315,23.7385661219918,-0.884477,-0.2108777,4.15773246137926,-0.799233499999999,140868480001.696,9.388,17.306
TUR,2024,-0.5632153,38.19647435604129,-0.766008235540632,26.6192344930079,27.5682232095509,0.860701598247461,1359123768774.12,3.3276230893799,15892.7157287241,,-0.0707153,27.0305829100406,58.5064507300342,32.8058614432703,-0.970710499999999,-0.2112376,4.72961263910876,-0.8434149,155548682878.169,8.8,16.287
TUR,2025,,20.267572202076543,,,24.8497719904256,,1597293229287.0,3.60462514082589,18599.4420922378,,,25.0849063722672,34.8811629820306,39.4548130977983,,,,,185567690700.458,8.52,16.042
YEM,2010,-1.0527598,,-3.41069923528219,,29.9950775630093,0.610357927076417,30906749533.221,7.70128607527964,1155.20305261418,,-1.0335936,34.3905592167085,11.1748338605044,219.59,-2.41400459999999,-0.4133849,5.69994246463782,-1.1088712,5938628775.49031,12.777,22.036
YEM,2011,-1.1246744,-2.636732091625298,-1.61143995618416,,30.3404241701511,-1.58233916831705,32726417878.391,-12.7148969035133,1186.47500581215,,-1.1690203,32.7190337847532,19.5435617131144,213.8,-2.4714962,-0.698998,4.14595671922282,-1.30699989999999,4525488820.12166,13.311,23.161
YEM,2012,-1.2532021,0.2568599937637939,-0.94521109936014,,24.8637169658953,-0.0402221829314871,35401331609.5916,2.39299021364694,1245.05068272078,,-1.1932888,36.497920216673,9.88538714484871,214.349166666667,-2.36775559999999,-0.837000099999999,4.85379752011208,-1.34922229999999,6150781007.79467,13.473,23.83
YEM,2013,-1.2149396,0.2523141758577629,-3.78691356368033,,22.3595984891919,-0.330496410064222,40415233436.1767,4.82351908493912,1378.75002954928,,-1.1173743,30.152279647517,10.9684421500198,214.89,-2.41980069999999,-0.8665183,4.34870138082696,-1.3187001,5344296754.57831,13.673,24.56
YEM,2014,-1.50166699999999,0.0,-3.44275275189167,,21.4840870786547,-0.539237328374498,43228585321.3272,-0.188690241954504,1430.16420964026,36.7,-1.4175217,26.7589534336227,8.10472583623915,214.89,-2.52247629999999,-0.949510699999999,3.07503189321236,-1.39261449999999,4357504076.77657,13.467,24.761
YEM,2015,-1.4855019,7.419299796795112,-7.12936953882745,,9.05157754562319,-0.0363882528160336,42444490073.8555,-27.9945462502541,1362.1738120601,,-1.5567828,21.3160815388406,,230.833333333333,-2.52514609999999,-1.1367041,2.094650527671,-1.5231762,1442757093.53636,17.9,32.7
YEM,2016,-1.6101168,22.98736462093865,-7.72391058547812,,4.80920276121921,-1.79131212045889,31317825274.1507,-9.37512379736752,975.359417003225,,-1.647243,26.2723415296367,,283.895833333333,-2.6405037,-1.3065688,1.21909636539694,-1.5674962,877442199.453389,18.42,33.511
YEM,2017,-1.59097469999999,-0.5991047185732967,,,9.68824758544873,-1.00531889341895,26842229044.5848,-5.07179568062152,811.165970405745,,-1.7355866,33.2816570867479,,282.195,-2.7305026,-1.28945319999999,,-1.6596129,920558927.722887,18.611,33.899
YEM,2018,-1.7530313,-23.850528889597623,,,8.75610238271449,-1.30563839823089,21606160663.0318,0.752447592962554,633.887202451545,,-1.93574269999999,47.3217203387932,,214.89,-2.7242925,-1.4878274,,-1.68525869999999,2983208349.3994,17.593,32.72
YEM,2019,-1.7416979,126.50236071435062,,,,,,,,,-1.9649799,,,486.730922939068,-2.6172209,-1.5549794,,-1.6661221,1653643445.98599,17.213,32.347
YEM,2020,-1.59971739999999,52.65230322124942,,,,,,,,,-2.0039308,,,743.005964356532,-2.65635899999999,-1.6085384,,-1.82232929999999,969612981.567713,17.963,34.531
YEM,2021,-1.5920705,38.37139991458557,,,,,,,,,-1.9786346,,,1028.107754329,-2.6676713,-1.6070255,,-1.8471399,1687999721.249,18.312,34.097
YEM,2022,-1.66627979999999,8.451899366748016,,,,,,,,,-1.79929299999999,,,1115.00238710662,-2.61245769999999,-1.5789729,,-1.91002569999999,1250826378.53556,17.224,32.454
YEM,2023,-1.6020865,21.534841029775254,,,,,,,,,-1.8878464,,,1355.11637864823,-2.6264387,-1.54049179999999,,-1.9069106,,16.944,32.104
YEM,2024,-1.63587859999999,,,,,,,,,,-1.87279819999999,,,,-2.7505641,-1.5841279,,-1.90158959999999,,16.97,32.172
YEM,2025,,,,,,,,,,,,,,,,,,,,17.322,32.598
