country_code,indicator,year,value
AFG,gdp_per_capita_usd,2024,416.871146273728
AFG,gdp_per_capita_usd,2023,413.757894705303
AFG,gdp_per_capita_usd,2022,357.261152798144
AFG,gdp_per_capita_usd,2021,356.496214115892
AFG,gdp_per_capita_usd,2020,510.787063366811
AFG,gdp_per_capita_usd,2019,496.6025042585
AFG,gdp_per_capita_usd,2018,491.337221382603
AFG,gdp_per_capita_usd,2017,525.469770891619
AFG,gdp_per_capita_usd,2016,522.082215583898
AFG,gdp_per_capita_usd,2015,565.569730408751
AFG,gdp_per_capita_usd,2014,625.054941813938
AFG,gdp_per_capita_usd,2013,637.087099117099
AFG,gdp_per_capita_usd,2012,651.417134470046
AFG,gdp_per_capita_usd,2011,606.694676337726
AFG,gdp_per_capita_usd,2010,560.621505463146
AFG,gni_per_capita_atlas_usd,2024,390.0
AFG,gni_per_capita_atlas_usd,2023,370.0
AFG,gni_per_capita_atlas_usd,2022,370.0
AFG,gni_per_capita_atlas_usd,2021,380.0
AFG,gni_per_capita_atlas_usd,2020,490.0
AFG,gni_per_capita_atlas_usd,2019,520.0
AFG,gni_per_capita_atlas_usd,2018,520.0
AFG,gni_per_capita_atlas_usd,2017,530.0
AFG,gni_per_capita_atlas_usd,2016,560.0
AFG,gni_per_capita_atlas_usd,2015,590.0
AFG,gni_per_capita_atlas_usd,2014,640.0
AFG,gni_per_capita_atlas_usd,2013,670.0
AFG,gni_per_capita_atlas_usd,2012,640.0
AFG,gni_per_capita_atlas_usd,2011,550.0
AFG,gni_per_capita_atlas_usd,2010,530.0
AFG,population,2025,43844111.0
AFG,population,2024,42647492.0
AFG,population,2023,41454761.0
AFG,population,2022,40578842.0
AFG,population,2021,40000412.0
AFG,population,2020,39068979.0
AFG,population,2019,37856121.0
AFG,population,2018,36743039.0
AFG,population,2017,35688935.0
AFG,population,2016,34700612.0
AFG,population,2015,33831764.0
AFG,population,2014,32792523.0
AFG,population,2013,31622704.0
AFG,population,2012,30560034.0
AFG,population,2011,29347708.0
AFG,population,2010,28284089.0
AFG,life_expectancy_years,2024,66.289
AFG,life_expectancy_years,2023,66.035
AFG,life_expectancy_years,2022,65.617
AFG,life_expectancy_years,2021,60.417
AFG,life_expectancy_years,2020,61.454
AFG,life_expectancy_years,2019,62.941
AFG,life_expectancy_years,2018,62.443
AFG,life_expectancy_years,2017,62.406
AFG,life_expectancy_years,2016,62.646
AFG,life_expectancy_years,2015,62.27
AFG,life_expectancy_years,2014,62.26
AFG,life_expectancy_years,2013,62.188
AFG,life_expectancy_years,2012,61.735
AFG,life_expectancy_years,2011,61.25
AFG,life_expectancy_years,2010,60.702
AFG,access_to_electricity_pct,2024,87.8
AFG,access_to_electricity_pct,2023,85.3
AFG,access_to_electricity_pct,2022,85.3
AFG,access_to_electricity_pct,2021,97.7
AFG,access_to_electricity_pct,2020,97.7
AFG,access_to_electricity_pct,2019,97.7
AFG,access_to_electricity_pct,2018,93.4
AFG,access_to_electricity_pct,2017,97.7
AFG,access_to_electricity_pct,2016,97.7
AFG,access_to_electricity_pct,2015,71.5
AFG,access_to_electricity_pct,2014,89.5
AFG,access_to_electricity_pct,2013,68.0
AFG,access_to_electricity_pct,2012,69.1
AFG,access_to_electricity_pct,2011,43.2
AFG,access_to_electricity_pct,2010,42.7
AFG,internet_users_pct,2024,16.09499931
AFG,internet_users_pct,2023,15.92840004
AFG,internet_users_pct,2022,15.86629963
AFG,internet_users_pct,2021,16.51429939
AFG,internet_users_pct,2020,17.04850006
AFG,internet_users_pct,2019,17.60000038
AFG,internet_users_pct,2018,16.79999924
AFG,internet_users_pct,2017,13.5
AFG,internet_users_pct,2016,11.0
AFG,internet_users_pct,2015,8.260000229
AFG,internet_users_pct,2014,7.0
AFG,internet_users_pct,2013,5.900000095
AFG,internet_users_pct,2012,5.454500198
AFG,internet_users_pct,2011,5.0
AFG,internet_users_pct,2010,4.0
AFG,urban_population_pct,2025,25.9401644699898
AFG,urban_population_pct,2024,25.7007352636188
AFG,urban_population_pct,2023,25.4730529631167
AFG,urban_population_pct,2022,25.3939250580909
AFG,urban_population_pct,2021,25.3478620272481
AFG,urban_population_pct,2020,25.2622103446137
AFG,urban_population_pct,2019,25.1437258839803
AFG,urban_population_pct,2018,24.9991645191406
AFG,urban_population_pct,2017,24.8352821238871
AFG,urban_population_pct,2016,24.6588345720126
AFG,urban_population_pct,2015,24.4649118421568
AFG,urban_population_pct,2014,24.1910166387726
AFG,urban_population_pct,2013,23.8077136743646
AFG,urban_population_pct,2012,23.3434391310979
AFG,urban_population_pct,2011,22.8205691572485
AFG,urban_population_pct,2010,22.2614799010924
AFG,agriculture_pct_gdp,2024,34.2931004992905
AFG,agriculture_pct_gdp,2023,34.7432471445174
AFG,agriculture_pct_gdp,2022,33.7014323213923
AFG,agriculture_pct_gdp,2021,33.5976188725451
AFG,agriculture_pct_gdp,2020,29.9755825210461
AFG,agriculture_pct_gdp,2019,25.7739707394105
AFG,agriculture_pct_gdp,2018,22.0428967527575
AFG,agriculture_pct_gdp,2017,26.4201990834448
AFG,agriculture_pct_gdp,2016,25.7403140364582
AFG,agriculture_pct_gdp,2015,20.6343227166798
AFG,agriculture_pct_gdp,2014,22.1370413719574
AFG,agriculture_pct_gdp,2013,22.8106627361766
AFG,agriculture_pct_gdp,2012,24.390873626371
AFG,agriculture_pct_gdp,2011,23.7436639877543
AFG,agriculture_pct_gdp,2010,26.2100685374552
AFG,industry_pct_gdp,2024,14.5203506635167
AFG,industry_pct_gdp,2023,13.4498227120978
AFG,industry_pct_gdp,2022,16.0503677223963
AFG,industry_pct_gdp,2021,14.2736570191788
AFG,industry_pct_gdp,2020,12.9525996015547
AFG,industry_pct_gdp,2019,14.0581123697768
AFG,industry_pct_gdp,2018,13.3872469597976
AFG,industry_pct_gdp,2017,10.0518739969063
AFG,industry_pct_gdp,2016,10.4668076938201
AFG,industry_pct_gdp,2015,22.1240424906926
AFG,industry_pct_gdp,2014,21.2296632181805
AFG,industry_pct_gdp,2013,20.4446053132561
AFG,industry_pct_gdp,2012,21.1578071539751
AFG,industry_pct_gdp,2011,22.7402524820273
AFG,industry_pct_gdp,2010,21.1514206977128
AFG,manufacturing_pct_gdp,2024,8.41781184357888
AFG,manufacturing_pct_gdp,2023,7.5409168634476
AFG,manufacturing_pct_gdp,2022,10.1902619598408
AFG,manufacturing_pct_gdp,2021,8.49315681616916
AFG,manufacturing_pct_gdp,2020,7.52811462924912
AFG,manufacturing_pct_gdp,2019,7.04318108092508
AFG,manufacturing_pct_gdp,2018,6.16017721650239
AFG,manufacturing_pct_gdp,2017,3.53042246146676
AFG,manufacturing_pct_gdp,2016,4.1141966128347
AFG,manufacturing_pct_gdp,2015,11.4200060049012
AFG,manufacturing_pct_gdp,2014,11.477587555803
AFG,manufacturing_pct_gdp,2013,11.4998672561905
AFG,manufacturing_pct_gdp,2012,12.4860851363953
AFG,manufacturing_pct_gdp,2011,13.7791892429929
AFG,manufacturing_pct_gdp,2010,12.5225768432907
AFG,services_pct_gdp,2024,45.1614722268607
AFG,services_pct_gdp,2023,46.3743698691993
AFG,services_pct_gdp,2022,45.0499087998591
AFG,services_pct_gdp,2021,47.160422387969
AFG,services_pct_gdp,2020,52.5721090890613
AFG,services_pct_gdp,2019,55.4728067408306
AFG,services_pct_gdp,2018,59.4774229106653
AFG,services_pct_gdp,2017,58.3290500097748
AFG,services_pct_gdp,2016,59.0232164144095
AFG,services_pct_gdp,2015,53.2352934986503
AFG,services_pct_gdp,2014,52.9908650351499
AFG,services_pct_gdp,2013,52.6827434733525
AFG,services_pct_gdp,2012,50.5793979236606
AFG,services_pct_gdp,2011,49.6968203962567
AFG,services_pct_gdp,2010,48.8793769096891
AFG,external_debt_stock_total_usd,2024,3344095867.1
AFG,external_debt_stock_total_usd,2023,3428116975.5
AFG,external_debt_stock_total_usd,2022,3393247241.7
AFG,external_debt_stock_total_usd,2021,3555784339.6
AFG,external_debt_stock_total_usd,2020,3040072312.4
AFG,external_debt_stock_total_usd,2019,2661685956.5
AFG,external_debt_stock_total_usd,2018,2678760424.2
AFG,external_debt_stock_total_usd,2017,2751986638.9
AFG,external_debt_stock_total_usd,2016,2596050086.4
AFG,external_debt_stock_total_usd,2015,2596917266.2
AFG,external_debt_stock_total_usd,2014,2529865267.8
AFG,external_debt_stock_total_usd,2013,2587774666.5
AFG,external_debt_stock_total_usd,2012,2580623924.1
AFG,external_debt_stock_total_usd,2011,2485331046.1
AFG,external_debt_stock_total_usd,2010,2435844906.0
AFG,external_debt_public_publicly_guaranteed_usd,2024,1794720843.5
AFG,external_debt_public_publicly_guaranteed_usd,2023,1856685293.3
AFG,external_debt_public_publicly_guaranteed_usd,2022,1859403114.8
AFG,external_debt_public_publicly_guaranteed_usd,2021,1907966305.2
AFG,external_debt_public_publicly_guaranteed_usd,2020,1958449755.2
AFG,external_debt_public_publicly_guaranteed_usd,2019,1943607688.1
AFG,external_debt_public_publicly_guaranteed_usd,2018,1948884923.6
AFG,external_debt_public_publicly_guaranteed_usd,2017,1981566648.7
AFG,external_debt_public_publicly_guaranteed_usd,2016,1949505964.6
AFG,external_debt_public_publicly_guaranteed_usd,2015,1989954793.3
AFG,external_debt_public_publicly_guaranteed_usd,2014,2020951888.7
AFG,external_debt_public_publicly_guaranteed_usd,2013,2106231492.2
AFG,external_debt_public_publicly_guaranteed_usd,2012,2079786013.4
AFG,external_debt_public_publicly_guaranteed_usd,2011,2032464249.9
AFG,external_debt_public_publicly_guaranteed_usd,2010,1975547213.6
AFG,external_debt_private_nonguaranteed_usd,2024,17748000.0
AFG,external_debt_private_nonguaranteed_usd,2023,17748000.0
AFG,external_debt_private_nonguaranteed_usd,2022,17748000.0
AFG,external_debt_private_nonguaranteed_usd,2021,17748000.0
AFG,external_debt_private_nonguaranteed_usd,2020,17748000.0
AFG,external_debt_private_nonguaranteed_usd,2019,21293000.0
AFG,external_debt_private_nonguaranteed_usd,2018,21543000.0
AFG,external_debt_private_nonguaranteed_usd,2017,16000000.0
AFG,external_debt_private_nonguaranteed_usd,2016,15000000.0
AFG,external_debt_private_nonguaranteed_usd,2015,19000000.0
ARE,gdp_per_capita_usd,2024,50273.5126243239
ARE,gdp_per_capita_usd,2023,49850.6945082084
ARE,gdp_per_capita_usd,2022,50759.7590190204
ARE,gdp_per_capita_usd,2021,44118.4936214315
ARE,gdp_per_capita_usd,2020,37991.738387966
ARE,gdp_per_capita_usd,2019,45938.6084572227
ARE,gdp_per_capita_usd,2018,47135.3478795605
ARE,gdp_per_capita_usd,2017,43733.6242018215
ARE,gdp_per_capita_usd,2016,42721.1136110991
ARE,gdp_per_capita_usd,2015,44910.3458860776
ARE,gdp_per_capita_usd,2014,52725.2307981936
ARE,gdp_per_capita_usd,2013,53247.2278745159
ARE,gdp_per_capita_usd,2012,53141.6251661086
ARE,gdp_per_capita_usd,2011,51921.8890746408
ARE,gdp_per_capita_usd,2010,44795.2846234991
ARE,gni_per_capita_atlas_usd,2024,51550.0
ARE,gni_per_capita_atlas_usd,2023,51100.0
ARE,gni_per_capita_atlas_usd,2022,46990.0
ARE,gni_per_capita_atlas_usd,2021,43230.0
ARE,gni_per_capita_atlas_usd,2020,41310.0
ARE,gni_per_capita_atlas_usd,2019,46690.0
ARE,gni_per_capita_atlas_usd,2018,44570.0
ARE,gni_per_capita_atlas_usd,2017,42230.0
ARE,gni_per_capita_atlas_usd,2016,46180.0
ARE,gni_per_capita_atlas_usd,2015,49990.0
ARE,gni_per_capita_atlas_usd,2014,53360.0
ARE,gni_per_capita_atlas_usd,2013,53780.0
ARE,gni_per_capita_atlas_usd,2012,51180.0
ARE,gni_per_capita_atlas_usd,2011,45610.0
ARE,gni_per_capita_atlas_usd,2010,42380.0
ARE,population,2025,11513149.0
ARE,population,2024,10986400.0
ARE,population,2023,10483751.0
ARE,population,2022,10074977.0
ARE,population,2021,9575152.0
ARE,population,2020,9401038.0
ARE,population,2019,9445785.0
ARE,population,2018,9346701.0
ARE,population,2017,9223225.0
ARE,population,2016,8935095.0
ARE,population,2015,8505237.0
ARE,population,2014,8059440.0
ARE,population,2013,7693031.0
ARE,population,2012,7391448.0
ARE,population,2011,7104538.0
ARE,population,2010,6869838.0
ARE,life_expectancy_years,2024,83.069
ARE,life_expectancy_years,2023,82.909
ARE,life_expectancy_years,2022,80.487
ARE,life_expectancy_years,2021,79.083
ARE,life_expectancy_years,2020,81.936
ARE,life_expectancy_years,2019,82.596
ARE,life_expectancy_years,2018,82.449
ARE,life_expectancy_years,2017,82.388
ARE,life_expectancy_years,2016,82.195
ARE,life_expectancy_years,2015,82.076
ARE,life_expectancy_years,2014,81.99
ARE,life_expectancy_years,2013,81.95
ARE,life_expectancy_years,2012,81.913
ARE,life_expectancy_years,2011,81.898
ARE,life_expectancy_years,2010,81.886
ARE,access_to_electricity_pct,2024,100.0
ARE,access_to_electricity_pct,2023,100.0
ARE,access_to_electricity_pct,2022,100.0
ARE,access_to_electricity_pct,2021,100.0
ARE,access_to_electricity_pct,2020,100.0
ARE,access_to_electricity_pct,2019,100.0
ARE,access_to_electricity_pct,2018,100.0
ARE,access_to_electricity_pct,2017,100.0
ARE,access_to_electricity_pct,2016,100.0
ARE,access_to_electricity_pct,2015,100.0
ARE,access_to_electricity_pct,2014,100.0
ARE,access_to_electricity_pct,2013,100.0
ARE,access_to_electricity_pct,2012,100.0
ARE,access_to_electricity_pct,2011,100.0
ARE,access_to_electricity_pct,2010,100.0
ARE,internet_users_pct,2024,100.0
ARE,internet_users_pct,2023,100.0
ARE,internet_users_pct,2022,100.0
ARE,internet_users_pct,2021,100.0
ARE,internet_users_pct,2020,100.0
ARE,internet_users_pct,2019,99.1499979561243
ARE,internet_users_pct,2018,98.4500017817194
ARE,internet_users_pct,2017,94.8199225383446
ARE,internet_users_pct,2016,90.6000073180483
ARE,internet_users_pct,2015,90.5
ARE,internet_users_pct,2014,90.4000107121939
ARE,internet_users_pct,2013,88.0
ARE,internet_users_pct,2012,84.9999915049492
ARE,internet_users_pct,2011,78.0
ARE,internet_users_pct,2010,68.0
ARE,urban_population_pct,2025,85.9617641324017
ARE,urban_population_pct,2024,85.8171088279791
ARE,urban_population_pct,2023,85.6680699002526
ARE,urban_population_pct,2022,85.5147347682487
ARE,urban_population_pct,2021,85.3571908511355
ARE,urban_population_pct,2020,85.1955255681984
ARE,urban_population_pct,2019,85.0298263388195
ARE,urban_population_pct,2018,84.8601805824625
ARE,urban_population_pct,2017,84.686675718659
ARE,urban_population_pct,2016,84.5093991669984
ARE,urban_population_pct,2015,84.3284383471193
ARE,urban_population_pct,2014,84.1438806787019
ARE,urban_population_pct,2013,83.9558135814626
ARE,urban_population_pct,2012,83.7643244751488
ARE,urban_population_pct,2011,83.5695007795347
ARE,urban_population_pct,2010,83.3714299144178
ARE,agriculture_pct_gdp,2024,0.76944375258092
ARE,agriculture_pct_gdp,2023,0.764071417912981
ARE,agriculture_pct_gdp,2022,0.740907378602023
ARE,agriculture_pct_gdp,2021,0.890366137304479
ARE,agriculture_pct_gdp,2020,0.96297291257111
ARE,agriculture_pct_gdp,2019,0.734600479758574
ARE,agriculture_pct_gdp,2018,0.705621193856789
ARE,agriculture_pct_gdp,2017,0.753711714951803
ARE,agriculture_pct_gdp,2016,0.740828105142589
ARE,agriculture_pct_gdp,2015,0.716283676441238
ARE,agriculture_pct_gdp,2014,0.625619164911727
ARE,agriculture_pct_gdp,2013,0.631291108343877
ARE,agriculture_pct_gdp,2012,0.627730308351473
ARE,agriculture_pct_gdp,2011,0.65018165697003
ARE,agriculture_pct_gdp,2010,0.732325154252682
ARE,industry_pct_gdp,2024,44.3292712081948
ARE,industry_pct_gdp,2023,45.4007042021104
ARE,industry_pct_gdp,2022,49.3332871882473
ARE,industry_pct_gdp,2021,45.3811258793331
ARE,industry_pct_gdp,2020,40.3215993754054
ARE,industry_pct_gdp,2019,43.4669519380736
ARE,industry_pct_gdp,2018,45.7440553690851
ARE,industry_pct_gdp,2017,41.4122326585365
ARE,industry_pct_gdp,2016,39.8749869565396
ARE,industry_pct_gdp,2015,42.1587350173898
ARE,industry_pct_gdp,2014,50.7402385283328
ARE,industry_pct_gdp,2013,52.9894306306823
ARE,industry_pct_gdp,2012,55.3564356841858
ARE,industry_pct_gdp,2011,55.7509521893027
ARE,industry_pct_gdp,2010,50.2592508031343
ARE,manufacturing_pct_gdp,2024,9.37365289381873
ARE,manufacturing_pct_gdp,2023,9.45859478112557
ARE,manufacturing_pct_gdp,2022,8.54436252357344
ARE,manufacturing_pct_gdp,2021,8.7723443499182
ARE,manufacturing_pct_gdp,2020,8.99207371569774
ARE,manufacturing_pct_gdp,2019,8.84288272527487
ARE,manufacturing_pct_gdp,2018,8.72303484298905
ARE,manufacturing_pct_gdp,2017,9.13505350559625
ARE,manufacturing_pct_gdp,2016,9.0412591716862
ARE,manufacturing_pct_gdp,2015,8.8850255543667
ARE,manufacturing_pct_gdp,2014,7.87819425408936
ARE,manufacturing_pct_gdp,2013,7.69050880047885
ARE,manufacturing_pct_gdp,2012,7.83235383214612
ARE,manufacturing_pct_gdp,2011,7.85632364319134
ARE,manufacturing_pct_gdp,2010,8.09883006159578
ARE,services_pct_gdp,2024,54.9012850392245
ARE,services_pct_gdp,2023,53.8352243799769
ARE,services_pct_gdp,2022,49.9258054331506
ARE,services_pct_gdp,2021,53.7285079833623
ARE,services_pct_gdp,2020,58.7154277120232
ARE,services_pct_gdp,2019,55.7984475821678
ARE,services_pct_gdp,2018,53.5503234370583
ARE,services_pct_gdp,2017,57.8340556265115
ARE,services_pct_gdp,2016,59.3841849383177
ARE,services_pct_gdp,2015,57.1249813061687
ARE,services_pct_gdp,2014,48.6341423067556
ARE,services_pct_gdp,2013,46.379278260974
ARE,services_pct_gdp,2012,44.0158340074629
ARE,services_pct_gdp,2011,43.5988661537274
ARE,services_pct_gdp,2010,49.0084240426132
BGD,gdp_per_capita_usd,2025,2597.34352335275
BGD,gdp_per_capita_usd,2024,2593.41611680774
BGD,gdp_per_capita_usd,2023,2551.01773827307
BGD,gdp_per_capita_usd,2022,2716.48592780431
BGD,gdp_per_capita_usd,2021,2482.84917843357
BGD,gdp_per_capita_usd,2020,2248.85078828233
BGD,gdp_per_capita_usd,2019,2129.79896954606
BGD,gdp_per_capita_usd,2018,1965.24372731467
BGD,gdp_per_capita_usd,2017,1811.08221668646
BGD,gdp_per_capita_usd,2016,1649.28380858601
BGD,gdp_per_capita_usd,2015,1224.38647668165
BGD,gdp_per_capita_usd,2014,1094.46199702838
BGD,gdp_per_capita_usd,2013,958.262989798283
BGD,gdp_per_capita_usd,2012,859.680536375497
BGD,gdp_per_capita_usd,2011,837.336944695647
BGD,gdp_per_capita_usd,2010,757.385280361508
BGD,gni_per_capita_atlas_usd,2025,2840.0
BGD,gni_per_capita_atlas_usd,2024,2820.0
BGD,gni_per_capita_atlas_usd,2023,2880.0
BGD,gni_per_capita_atlas_usd,2022,2850.0
BGD,gni_per_capita_atlas_usd,2021,2600.0
BGD,gni_per_capita_atlas_usd,2020,2320.0
BGD,gni_per_capita_atlas_usd,2019,2220.0
BGD,gni_per_capita_atlas_usd,2018,2020.0
BGD,gni_per_capita_atlas_usd,2017,1640.0
BGD,gni_per_capita_atlas_usd,2016,1400.0
BGD,gni_per_capita_atlas_usd,2015,1200.0
BGD,gni_per_capita_atlas_usd,2014,1080.0
BGD,gni_per_capita_atlas_usd,2013,1010.0
BGD,gni_per_capita_atlas_usd,2012,950.0
BGD,gni_per_capita_atlas_usd,2011,870.0
BGD,gni_per_capita_atlas_usd,2010,780.0
BGD,population,2025,175686899.0
BGD,population,2024,173562364.0
BGD,population,2023,171466990.0
BGD,population,2022,169384897.0
BGD,population,2021,167658854.0
BGD,population,2020,166298024.0
BGD,population,2019,164913055.0
BGD,population,2018,163523103.0
BGD,population,2017,162186147.0
BGD,population,2016,160811932.0
BGD,population,2015,159383179.0
BGD,population,2014,157964929.0
BGD,population,2013,156532141.0
BGD,population,2012,155070101.0
BGD,population,2011,153591076.0
BGD,population,2010,152201981.0
BGD,life_expectancy_years,2024,74.93
BGD,life_expectancy_years,2023,74.672
BGD,life_expectancy_years,2022,74.265
BGD,life_expectancy_years,2021,71.103
BGD,life_expectancy_years,2020,71.421
BGD,life_expectancy_years,2019,72.625
BGD,life_expectancy_years,2018,72.122
BGD,life_expectancy_years,2017,71.606
BGD,life_expectancy_years,2016,71.075
BGD,life_expectancy_years,2015,70.543
BGD,life_expectancy_years,2014,70.016
BGD,life_expectancy_years,2013,69.487
BGD,life_expectancy_years,2012,68.989
BGD,life_expectancy_years,2011,68.499
BGD,life_expectancy_years,2010,68.009
BGD,access_to_electricity_pct,2024,99.5
BGD,access_to_electricity_pct,2023,99.5
BGD,access_to_electricity_pct,2022,99.4
BGD,access_to_electricity_pct,2021,99.0
BGD,access_to_electricity_pct,2020,96.2
BGD,access_to_electricity_pct,2019,92.2
BGD,access_to_electricity_pct,2018,86.9
BGD,access_to_electricity_pct,2017,88.0
BGD,access_to_electricity_pct,2016,75.9
BGD,access_to_electricity_pct,2015,74.0
BGD,access_to_electricity_pct,2014,62.4
BGD,access_to_electricity_pct,2013,61.5
BGD,access_to_electricity_pct,2012,65.5
BGD,access_to_electricity_pct,2011,59.6
BGD,access_to_electricity_pct,2010,55.3
BGD,internet_users_pct,2024,53.42171316
BGD,internet_users_pct,2023,44.50274195
BGD,internet_users_pct,2022,41.61650085
BGD,internet_users_pct,2021,38.91744466
BGD,internet_users_pct,2020,36.10910034
BGD,internet_users_pct,2019,30.38310051
BGD,internet_users_pct,2018,25.56509972
BGD,internet_users_pct,2017,21.5
BGD,internet_users_pct,2016,16.89909935
BGD,internet_users_pct,2015,12.36880016
BGD,internet_users_pct,2014,9.052900314
BGD,internet_users_pct,2013,6.63
BGD,internet_users_pct,2012,5.0
BGD,internet_users_pct,2011,4.5
BGD,internet_users_pct,2010,3.700000048
BGD,urban_population_pct,2025,33.2395847043975
BGD,urban_population_pct,2024,32.6783196323307
BGD,urban_population_pct,2023,32.1578465036834
BGD,urban_population_pct,2022,31.673734726234
BGD,urban_population_pct,2021,31.3992156886061
BGD,urban_population_pct,2020,31.1168927321524
BGD,urban_population_pct,2019,30.8228396343012
BGD,urban_population_pct,2018,30.5175656009959
BGD,urban_population_pct,2017,30.2015798381799
BGD,urban_population_pct,2016,29.8753915517965
BGD,urban_population_pct,2015,29.5395099477892
BGD,urban_population_pct,2014,29.1944442321013
BGD,urban_population_pct,2013,28.8407036106763
BGD,urban_population_pct,2012,28.4787972894576
BGD,urban_population_pct,2011,28.1100162712427
BGD,urban_population_pct,2010,27.7254372588696
BGD,agriculture_pct_gdp,2025,11.4240222467121
BGD,agriculture_pct_gdp,2024,11.1648014276903
BGD,agriculture_pct_gdp,2023,11.0036900209598
BGD,agriculture_pct_gdp,2022,11.2176010351595
BGD,agriculture_pct_gdp,2021,11.6328584271282
BGD,agriculture_pct_gdp,2020,11.9996868602485
BGD,agriculture_pct_gdp,2019,11.9753231358984
BGD,agriculture_pct_gdp,2018,12.4800771856196
BGD,agriculture_pct_gdp,2017,12.9572760433733
BGD,agriculture_pct_gdp,2016,13.4647923176039
BGD,agriculture_pct_gdp,2015,14.7829964369364
BGD,agriculture_pct_gdp,2014,15.3516208986344
BGD,agriculture_pct_gdp,2013,15.4932779975908
BGD,agriculture_pct_gdp,2012,16.1775631732753
BGD,agriculture_pct_gdp,2011,16.8099867573503
BGD,agriculture_pct_gdp,2010,17.0011812592919
BGD,industry_pct_gdp,2025,34.0275541755359
BGD,industry_pct_gdp,2024,34.0971743458877
BGD,industry_pct_gdp,2023,34.5942721606063
BGD,industry_pct_gdp,2022,33.9200804971876
BGD,industry_pct_gdp,2021,33.3160943869001
BGD,industry_pct_gdp,2020,32.9115650824449
BGD,industry_pct_gdp,2019,32.8525491977868
BGD,industry_pct_gdp,2018,31.9828135899766
BGD,industry_pct_gdp,2017,31.2482919641603
BGD,industry_pct_gdp,2016,31.0691513830358
BGD,industry_pct_gdp,2015,26.8313948329541
BGD,industry_pct_gdp,2014,26.3110467833576
BGD,industry_pct_gdp,2013,26.3070701636507
BGD,industry_pct_gdp,2012,25.3099593902625
BGD,industry_pct_gdp,2011,25.0452996007551
BGD,industry_pct_gdp,2010,24.9564767264585
BGD,manufacturing_pct_gdp,2025,22.441399081658
BGD,manufacturing_pct_gdp,2024,21.8929603584194
BGD,manufacturing_pct_gdp,2023,22.3420188692022
BGD,manufacturing_pct_gdp,2022,21.7648193612213
BGD,manufacturing_pct_gdp,2021,21.2356729879977
BGD,manufacturing_pct_gdp,2020,20.5983315908994
BGD,manufacturing_pct_gdp,2019,21.2079438820896
BGD,manufacturing_pct_gdp,2018,20.8022959266315
BGD,manufacturing_pct_gdp,2017,20.0750615064997
BGD,manufacturing_pct_gdp,2016,20.3479480962979
BGD,manufacturing_pct_gdp,2015,16.7886735625088
BGD,manufacturing_pct_gdp,2014,16.6127076619157
BGD,manufacturing_pct_gdp,2013,16.4420194729911
BGD,manufacturing_pct_gdp,2012,15.9142206710142
BGD,manufacturing_pct_gdp,2011,15.9967342498947
BGD,manufacturing_pct_gdp,2010,16.1212283592006
BGD,services_pct_gdp,2025,52.1348168391294
BGD,services_pct_gdp,2024,51.4166555046575
BGD,services_pct_gdp,2023,51.1119129405073
BGD,services_pct_gdp,2022,51.0380826788136
BGD,services_pct_gdp,2021,51.3015069352743
BGD,services_pct_gdp,2020,51.5113093348259
BGD,services_pct_gdp,2019,50.8492887427224
BGD,services_pct_gdp,2018,50.890160724185
BGD,services_pct_gdp,2017,51.383900544644
BGD,services_pct_gdp,2016,51.2078039865767
BGD,services_pct_gdp,2015,53.7138319423318
BGD,services_pct_gdp,2014,53.6357543166708
BGD,services_pct_gdp,2013,53.3901814188466
BGD,services_pct_gdp,2012,53.1515772385279
BGD,services_pct_gdp,2011,53.045792114203
BGD,services_pct_gdp,2010,53.4982962820487
BGD,external_debt_stock_total_usd,2024,104486886261.1
BGD,external_debt_stock_total_usd,2023,101370771740.3
BGD,external_debt_stock_total_usd,2022,96944431751.0
BGD,external_debt_stock_total_usd,2021,91477590071.6
BGD,external_debt_stock_total_usd,2020,73550857817.1
BGD,external_debt_stock_total_usd,2019,62468325028.8
BGD,external_debt_stock_total_usd,2018,57125459320.6
BGD,external_debt_stock_total_usd,2017,51068283464.6
BGD,external_debt_stock_total_usd,2016,41569252897.7
BGD,external_debt_stock_total_usd,2015,38770937144.2
BGD,external_debt_stock_total_usd,2014,35270692354.7
BGD,external_debt_stock_total_usd,2013,32454687016.8
BGD,external_debt_stock_total_usd,2012,29155976742.1
BGD,external_debt_stock_total_usd,2011,27046084648.2
BGD,external_debt_stock_total_usd,2010,26571755072.0
BGD,external_debt_public_publicly_guaranteed_usd,2024,77581679615.2
BGD,external_debt_public_publicly_guaranteed_usd,2023,74054538879.0
BGD,external_debt_public_publicly_guaranteed_usd,2022,67541257286.6
BGD,external_debt_public_publicly_guaranteed_usd,2021,62473497623.7
BGD,external_debt_public_publicly_guaranteed_usd,2020,54830387715.7
BGD,external_debt_public_publicly_guaranteed_usd,2019,46416580489.2
BGD,external_debt_public_publicly_guaranteed_usd,2018,41321842241.5
BGD,external_debt_public_publicly_guaranteed_usd,2017,35282720722.6
BGD,external_debt_public_publicly_guaranteed_usd,2016,29095257693.1
BGD,external_debt_public_publicly_guaranteed_usd,2015,27169735482.9
BGD,external_debt_public_publicly_guaranteed_usd,2014,26541000314.4
BGD,external_debt_public_publicly_guaranteed_usd,2013,25034676366.2
BGD,external_debt_public_publicly_guaranteed_usd,2012,24196786408.2
BGD,external_debt_public_publicly_guaranteed_usd,2011,22217936348.9
BGD,external_debt_public_publicly_guaranteed_usd,2010,21145542685.2
BGD,external_debt_private_nonguaranteed_usd,2024,9292928000.0
BGD,external_debt_private_nonguaranteed_usd,2023,9153010000.0
BGD,external_debt_private_nonguaranteed_usd,2022,7892419000.0
BGD,external_debt_private_nonguaranteed_usd,2021,7614890000.0
BGD,external_debt_private_nonguaranteed_usd,2020,5625101000.0
BGD,external_debt_private_nonguaranteed_usd,2019,4900650000.0
BGD,external_debt_private_nonguaranteed_usd,2018,5237873000.0
BGD,external_debt_private_nonguaranteed_usd,2017,3395368000.0
BGD,external_debt_private_nonguaranteed_usd,2016,3092904000.0
BGD,external_debt_private_nonguaranteed_usd,2015,3357630000.0
BGD,external_debt_private_nonguaranteed_usd,2014,3108674000.0
BGD,external_debt_private_nonguaranteed_usd,2013,2190812000.0
BGD,external_debt_private_nonguaranteed_usd,2012,1789150000.0
BGD,external_debt_private_nonguaranteed_usd,2011,1454000000.0
BGD,external_debt_private_nonguaranteed_usd,2010,1075960000.0
BHR,gdp_per_capita_usd,2025,30596.5794898885
BHR,gdp_per_capita_usd,2024,29717.1424605273
BHR,gdp_per_capita_usd,2023,29290.1284215098
BHR,gdp_per_capita_usd,2022,30470.5219276023
BHR,gdp_per_capita_usd,2021,27147.8083882286
BHR,gdp_per_capita_usd,2020,24342.8444554718
BHR,gdp_per_capita_usd,2019,27259.7438599327
BHR,gdp_per_capita_usd,2018,26324.4066549559
BHR,gdp_per_capita_usd,2017,24784.7693514607
BHR,gdp_per_capita_usd,2016,23800.001440631
BHR,gdp_per_capita_usd,2015,23734.0551143019
BHR,gdp_per_capita_usd,2014,26451.7965647453
BHR,gdp_per_capita_usd,2013,26989.7601148469
BHR,gdp_per_capita_usd,2012,26438.6733230428
BHR,gdp_per_capita_usd,2011,25032.7867743333
BHR,gdp_per_capita_usd,2010,21819.3291098099
BHR,gni_per_capita_atlas_usd,2025,28790.0
BHR,gni_per_capita_atlas_usd,2024,28170.0
BHR,gni_per_capita_atlas_usd,2023,28460.0
BHR,gni_per_capita_atlas_usd,2022,28300.0
BHR,gni_per_capita_atlas_usd,2021,25240.0
BHR,gni_per_capita_atlas_usd,2020,23870.0
BHR,gni_per_capita_atlas_usd,2019,25800.0
BHR,gni_per_capita_atlas_usd,2018,24200.0
BHR,gni_per_capita_atlas_usd,2017,22360.0
BHR,gni_per_capita_atlas_usd,2016,22720.0
BHR,gni_per_capita_atlas_usd,2015,23640.0
BHR,gni_per_capita_atlas_usd,2014,25480.0
BHR,gni_per_capita_atlas_usd,2013,25970.0
BHR,gni_per_capita_atlas_usd,2012,24670.0
BHR,gni_per_capita_atlas_usd,2011,20040.0
BHR,gni_per_capita_atlas_usd,2010,19510.0
BHR,population,2025,1600366.0
BHR,population,2024,1588670.0
BHR,population,2023,1577059.0
BHR,population,2022,1524693.0
BHR,population,2021,1504365.0
BHR,population,2020,1472204.0
BHR,population,2019,1483756.0
BHR,population,2018,1503091.0
BHR,population,2017,1501116.0
BHR,population,2016,1423726.0
BHR,population,2015,1370322.0
BHR,population,2014,1314562.0
BHR,population,2013,1253191.0
BHR,population,2012,1208964.0
BHR,population,2011,1195020.0
BHR,population,2010,1228543.0
BHR,life_expectancy_years,2024,81.423
BHR,life_expectancy_years,2023,81.284
BHR,life_expectancy_years,2022,80.992
BHR,life_expectancy_years,2021,78.083
BHR,life_expectancy_years,2020,78.683
BHR,life_expectancy_years,2019,80.471
BHR,life_expectancy_years,2018,80.412
BHR,life_expectancy_years,2017,80.407
BHR,life_expectancy_years,2016,80.407
BHR,life_expectancy_years,2015,80.338
BHR,life_expectancy_years,2014,80.214
BHR,life_expectancy_years,2013,79.998
BHR,life_expectancy_years,2012,79.622
BHR,life_expectancy_years,2011,79.141
BHR,life_expectancy_years,2010,78.593
BHR,access_to_electricity_pct,2024,100.0
BHR,access_to_electricity_pct,2023,100.0
BHR,access_to_electricity_pct,2022,100.0
BHR,access_to_electricity_pct,2021,100.0
BHR,access_to_electricity_pct,2020,100.0
BHR,access_to_electricity_pct,2019,100.0
BHR,access_to_electricity_pct,2018,100.0
BHR,access_to_electricity_pct,2017,100.0
BHR,access_to_electricity_pct,2016,100.0
BHR,access_to_electricity_pct,2015,100.0
BHR,access_to_electricity_pct,2014,100.0
BHR,access_to_electricity_pct,2013,100.0
BHR,access_to_electricity_pct,2012,100.0
BHR,access_to_electricity_pct,2011,100.0
BHR,access_to_electricity_pct,2010,100.0
BHR,internet_users_pct,2024,100.0
BHR,internet_users_pct,2023,100.0
BHR,internet_users_pct,2022,100.0
BHR,internet_users_pct,2021,100.0
BHR,internet_users_pct,2020,99.67103159
BHR,internet_users_pct,2019,99.7015043807778
BHR,internet_users_pct,2018,98.6446725799886
BHR,internet_users_pct,2017,95.8781357543453
BHR,internet_users_pct,2016,97.9999807024146
BHR,internet_users_pct,2015,93.4783007986129
BHR,internet_users_pct,2014,90.5031334814656
BHR,internet_users_pct,2013,90.0000397
BHR,internet_users_pct,2012,88.0
BHR,internet_users_pct,2011,76.9999665032303
BHR,internet_users_pct,2010,55.0
BHR,urban_population_pct,2025,100.0
BHR,urban_population_pct,2024,100.0
BHR,urban_population_pct,2023,100.0
BHR,urban_population_pct,2022,100.0
BHR,urban_population_pct,2021,100.0
BHR,urban_population_pct,2020,100.0
BHR,urban_population_pct,2019,100.0
BHR,urban_population_pct,2018,100.0
BHR,urban_population_pct,2017,100.0
BHR,urban_population_pct,2016,100.0
BHR,urban_population_pct,2015,100.0
BHR,urban_population_pct,2014,100.0
BHR,urban_population_pct,2013,100.0
BHR,urban_population_pct,2012,100.0
BHR,urban_population_pct,2011,100.0
BHR,urban_population_pct,2010,100.0
BHR,agriculture_pct_gdp,2025,0.240579157170771
BHR,agriculture_pct_gdp,2024,0.244977877737017
BHR,agriculture_pct_gdp,2023,0.251492806718451
BHR,agriculture_pct_gdp,2022,0.246160469147506
BHR,agriculture_pct_gdp,2021,0.268626041292218
BHR,agriculture_pct_gdp,2020,0.303155113748103
BHR,agriculture_pct_gdp,2019,0.268674381904261
BHR,agriculture_pct_gdp,2018,0.275112316804637
BHR,agriculture_pct_gdp,2017,0.27707464645461
BHR,agriculture_pct_gdp,2016,0.315996684624948
BHR,agriculture_pct_gdp,2015,0.301911232209971
BHR,agriculture_pct_gdp,2014,0.287965783699072
BHR,agriculture_pct_gdp,2013,0.264280047210277
BHR,agriculture_pct_gdp,2012,0.265180259339138
BHR,agriculture_pct_gdp,2011,0.279873967809159
BHR,agriculture_pct_gdp,2010,0.285542784290186
BHR,industry_pct_gdp,2025,41.2104128762928
BHR,industry_pct_gdp,2024,42.1777148976475
BHR,industry_pct_gdp,2023,43.4381277604186
BHR,industry_pct_gdp,2022,46.3896273702963
BHR,industry_pct_gdp,2021,44.2164324898801
BHR,industry_pct_gdp,2020,39.1001079781372
BHR,industry_pct_gdp,2019,40.6177669647554
BHR,industry_pct_gdp,2018,41.4758871750475
BHR,industry_pct_gdp,2017,39.9934662996166
BHR,industry_pct_gdp,2016,38.2033398636175
BHR,industry_pct_gdp,2015,39.0907990671172
BHR,industry_pct_gdp,2014,45.3135767644884
BHR,industry_pct_gdp,2013,46.6971284608616
BHR,industry_pct_gdp,2012,46.3397302766462
BHR,industry_pct_gdp,2011,48.2947958378082
BHR,industry_pct_gdp,2010,43.9268581860394
BHR,manufacturing_pct_gdp,2025,19.8945041496894
BHR,manufacturing_pct_gdp,2024,19.8667805404306
BHR,manufacturing_pct_gdp,2023,20.1297882520386
BHR,manufacturing_pct_gdp,2022,20.9350892016844
BHR,manufacturing_pct_gdp,2021,20.528955608
BHR,manufacturing_pct_gdp,2020,18.0468944226138
BHR,manufacturing_pct_gdp,2019,17.0407022619674
BHR,manufacturing_pct_gdp,2018,17.1706919683066
BHR,manufacturing_pct_gdp,2017,18.1844891096654
BHR,manufacturing_pct_gdp,2016,17.8416468874405
BHR,manufacturing_pct_gdp,2015,17.1732865801602
BHR,manufacturing_pct_gdp,2014,14.8385364760484
BHR,manufacturing_pct_gdp,2013,14.6994276422304
BHR,manufacturing_pct_gdp,2012,14.7645578720345
BHR,manufacturing_pct_gdp,2011,15.0474932254141
BHR,manufacturing_pct_gdp,2010,14.5894702377704
BHR,services_pct_gdp,2025,54.3219305027559
BHR,services_pct_gdp,2024,53.3036182185741
BHR,services_pct_gdp,2023,51.944952554339
BHR,services_pct_gdp,2022,49.2411387955769
BHR,services_pct_gdp,2021,52.8740707167008
BHR,services_pct_gdp,2020,57.8230716997095
BHR,services_pct_gdp,2019,56.3995265649658
BHR,services_pct_gdp,2018,57.2061547726912
BHR,services_pct_gdp,2017,58.8266074582833
BHR,services_pct_gdp,2016,60.7104509663565
BHR,services_pct_gdp,2015,59.7147216888712
BHR,services_pct_gdp,2014,53.7209538895267
BHR,services_pct_gdp,2013,52.1331512230717
BHR,services_pct_gdp,2012,52.4449503421466
BHR,services_pct_gdp,2011,50.6068677586612
BHR,services_pct_gdp,2010,54.7856196764576
BTN,gdp_per_capita_usd,2025,4492.78400306618
BTN,gdp_per_capita_usd,2024,4228.05102403654
BTN,gdp_per_capita_usd,2023,3831.32535564326
BTN,gdp_per_capita_usd,2022,3711.32767981591
BTN,gdp_per_capita_usd,2021,3570.61257980872
BTN,gdp_per_capita_usd,2020,3191.66906999331
BTN,gdp_per_capita_usd,2019,3576.87987100503
BTN,gdp_per_capita_usd,2018,3400.20417245342
BTN,gdp_per_capita_usd,2017,3435.28804735662
BTN,gdp_per_capita_usd,2016,3152.30905106786
BTN,gdp_per_capita_usd,2015,2954.04081911097
BTN,gdp_per_capita_usd,2014,2849.49998647303
BTN,gdp_per_capita_usd,2013,2679.95217201538
BTN,gdp_per_capita_usd,2012,2751.2128864294
BTN,gdp_per_capita_usd,2011,2787.97967608562
BTN,gdp_per_capita_usd,2010,2435.5798056672
BTN,gni_per_capita_atlas_usd,2025,4310.0
BTN,gni_per_capita_atlas_usd,2024,3910.0
BTN,gni_per_capita_atlas_usd,2023,3730.0
BTN,gni_per_capita_atlas_usd,2022,3600.0
BTN,gni_per_capita_atlas_usd,2021,3300.0
BTN,gni_per_capita_atlas_usd,2020,3040.0
BTN,gni_per_capita_atlas_usd,2019,3370.0
BTN,gni_per_capita_atlas_usd,2018,3150.0
BTN,gni_per_capita_atlas_usd,2017,2960.0
BTN,gni_per_capita_atlas_usd,2016,2880.0
BTN,gni_per_capita_atlas_usd,2015,2740.0
BTN,gni_per_capita_atlas_usd,2014,2670.0
BTN,gni_per_capita_atlas_usd,2013,2630.0
BTN,gni_per_capita_atlas_usd,2012,2620.0
BTN,gni_per_capita_atlas_usd,2011,2430.0
BTN,gni_per_capita_atlas_usd,2010,2180.0
BTN,population,2025,796682.0
BTN,population,2024,791524.0
BTN,population,2023,786385.0
BTN,population,2022,780914.0
BTN,population,2021,775442.0
BTN,population,2020,770006.0
BTN,population,2019,764824.0
BTN,population,2018,759759.0
BTN,population,2017,754335.0
BTN,population,2016,747866.0
BTN,population,2015,740618.0
BTN,population,2014,733139.0
BTN,population,2013,725273.0
BTN,population,2012,717279.0
BTN,population,2011,709377.0
BTN,population,2010,701632.0
BTN,life_expectancy_years,2024,73.262
BTN,life_expectancy_years,2023,72.975
BTN,life_expectancy_years,2022,72.754
BTN,life_expectancy_years,2021,72.448
BTN,life_expectancy_years,2020,72.253
BTN,life_expectancy_years,2019,72.005
BTN,life_expectancy_years,2018,71.711
BTN,life_expectancy_years,2017,71.413
BTN,life_expectancy_years,2016,71.119
BTN,life_expectancy_years,2015,70.797
BTN,life_expectancy_years,2014,70.504
BTN,life_expectancy_years,2013,70.161
BTN,life_expectancy_years,2012,69.759
BTN,life_expectancy_years,2011,69.28
BTN,life_expectancy_years,2010,68.765
BTN,access_to_electricity_pct,2024,100.0
BTN,access_to_electricity_pct,2023,100.0
BTN,access_to_electricity_pct,2022,100.0
BTN,access_to_electricity_pct,2021,100.0
BTN,access_to_electricity_pct,2020,100.0
BTN,access_to_electricity_pct,2019,100.0
BTN,access_to_electricity_pct,2018,100.0
BTN,access_to_electricity_pct,2017,97.7
BTN,access_to_electricity_pct,2016,99.3
BTN,access_to_electricity_pct,2015,95.4
BTN,access_to_electricity_pct,2014,91.4
BTN,access_to_electricity_pct,2013,87.4
BTN,access_to_electricity_pct,2012,91.5
BTN,access_to_electricity_pct,2011,81.8
BTN,access_to_electricity_pct,2010,73.3
BTN,internet_users_pct,2024,91.27739716
BTN,internet_users_pct,2023,90.02140045
BTN,internet_users_pct,2022,88.35620117
BTN,internet_users_pct,2021,85.63688389
BTN,internet_users_pct,2020,76.85079956
BTN,internet_users_pct,2019,74.17939758
BTN,internet_users_pct,2018,63.48680115
BTN,internet_users_pct,2017,54.33549881
BTN,internet_users_pct,2016,46.50320053
BTN,internet_users_pct,2015,39.79999924
BTN,internet_users_pct,2014,30.29999924
BTN,internet_users_pct,2013,22.39999962
BTN,internet_users_pct,2012,15.60000038
BTN,internet_users_pct,2011,14.39999962
BTN,internet_users_pct,2010,13.6
BTN,urban_population_pct,2025,43.4301832473753
BTN,urban_population_pct,2024,42.5645249803412
BTN,urban_population_pct,2023,41.7352457989939
BTN,urban_population_pct,2022,40.9365143617581
BTN,urban_population_pct,2021,40.3075199874379
BTN,urban_population_pct,2020,39.6888839873439
BTN,urban_population_pct,2019,39.0746823405146
BTN,urban_population_pct,2018,38.4661892776975
BTN,urban_population_pct,2017,37.8645544995016
BTN,urban_population_pct,2016,37.2745234641407
BTN,urban_population_pct,2015,36.6983375690037
BTN,urban_population_pct,2014,36.1326606084122
BTN,urban_population_pct,2013,35.5740003158589
BTN,urban_population_pct,2012,35.0188644248365
BTN,urban_population_pct,2011,34.4637606688377
BTN,urban_population_pct,2010,33.9051967813552
BTN,agriculture_pct_gdp,2025,13.6806760206392
BTN,agriculture_pct_gdp,2024,14.1490576006591
BTN,agriculture_pct_gdp,2023,14.9931086909036
BTN,agriculture_pct_gdp,2022,14.6710119560904
BTN,agriculture_pct_gdp,2021,15.7947840049801
BTN,agriculture_pct_gdp,2020,15.703075564462
BTN,agriculture_pct_gdp,2019,12.9339527848851
BTN,agriculture_pct_gdp,2018,13.5509200361014
BTN,agriculture_pct_gdp,2017,12.9297924115136
BTN,agriculture_pct_gdp,2016,12.0023717482714
BTN,agriculture_pct_gdp,2015,11.9950705393551
BTN,agriculture_pct_gdp,2014,12.0637822394106
BTN,agriculture_pct_gdp,2013,11.8526302443834
BTN,agriculture_pct_gdp,2012,11.5729895457402
BTN,agriculture_pct_gdp,2011,11.7996340560809
BTN,agriculture_pct_gdp,2010,12.4128589573486
BTN,industry_pct_gdp,2025,33.1602867332639
BTN,industry_pct_gdp,2024,31.6714138415403
BTN,industry_pct_gdp,2023,29.4044714589229
BTN,industry_pct_gdp,2022,31.8248447380802
BTN,industry_pct_gdp,2021,31.6232724038612
BTN,industry_pct_gdp,2020,31.7909765311756
BTN,industry_pct_gdp,2019,33.0939030506784
BTN,industry_pct_gdp,2018,35.2652134391702
BTN,industry_pct_gdp,2017,39.0388793784971
BTN,industry_pct_gdp,2016,38.448996403302
BTN,industry_pct_gdp,2015,38.4680946453953
BTN,industry_pct_gdp,2014,37.6449550742574
BTN,industry_pct_gdp,2013,38.8444853647316
BTN,industry_pct_gdp,2012,38.2126912443455
BTN,industry_pct_gdp,2011,37.4178826768856
BTN,industry_pct_gdp,2010,39.32493053906
BTN,manufacturing_pct_gdp,2024,6.61794085826323
BTN,manufacturing_pct_gdp,2023,7.85181849393028
BTN,manufacturing_pct_gdp,2022,8.72709229133396
BTN,manufacturing_pct_gdp,2021,7.22418278235388
BTN,manufacturing_pct_gdp,2020,4.92917106171464
BTN,manufacturing_pct_gdp,2019,6.13116669148632
BTN,manufacturing_pct_gdp,2018,8.74705665402725
BTN,manufacturing_pct_gdp,2017,6.90939675932641
BTN,manufacturing_pct_gdp,2016,6.8108295975252
BTN,manufacturing_pct_gdp,2015,7.31166063328875
BTN,manufacturing_pct_gdp,2014,7.40898619356801
BTN,manufacturing_pct_gdp,2013,7.50187955590297
BTN,manufacturing_pct_gdp,2012,7.95902922340763
BTN,manufacturing_pct_gdp,2011,7.42869932431373
BTN,manufacturing_pct_gdp,2010,7.87736041683871
BTN,services_pct_gdp,2025,53.159040451554
BTN,services_pct_gdp,2024,51.5211183188511
BTN,services_pct_gdp,2023,52.7907800840706
BTN,services_pct_gdp,2022,51.196794354919
BTN,services_pct_gdp,2021,50.1791654417428
BTN,services_pct_gdp,2020,49.9816378154438
BTN,services_pct_gdp,2019,49.6273581830858
BTN,services_pct_gdp,2018,45.6144367238745
BTN,services_pct_gdp,2017,43.2393187922464
BTN,services_pct_gdp,2016,43.4015603426375
BTN,services_pct_gdp,2015,43.7448391110349
BTN,services_pct_gdp,2014,43.0401099714327
BTN,services_pct_gdp,2013,42.4570483572225
BTN,services_pct_gdp,2012,42.3928113368956
BTN,services_pct_gdp,2011,44.7529435650107
BTN,services_pct_gdp,2010,43.0053074381572
BTN,external_debt_stock_total_usd,2024,3400087106.3
BTN,external_debt_stock_total_usd,2023,3266699740.1
BTN,external_debt_stock_total_usd,2022,3160243054.4
BTN,external_debt_stock_total_usd,2021,3268867963.8
BTN,external_debt_stock_total_usd,2020,3236756638.4
BTN,external_debt_stock_total_usd,2019,2803804731.6
BTN,external_debt_stock_total_usd,2018,2651977085.0
BTN,external_debt_stock_total_usd,2017,2707950876.9
BTN,external_debt_stock_total_usd,2016,2389670352.4
BTN,external_debt_stock_total_usd,2015,2111104022.8
BTN,external_debt_stock_total_usd,2014,1941155641.3
BTN,external_debt_stock_total_usd,2013,1628150561.0
BTN,external_debt_stock_total_usd,2012,1449649027.4
BTN,external_debt_stock_total_usd,2011,1070492249.6
BTN,external_debt_stock_total_usd,2010,934629272.1
BTN,external_debt_public_publicly_guaranteed_usd,2024,3322918899.6
BTN,external_debt_public_publicly_guaranteed_usd,2023,3187642815.9
BTN,external_debt_public_publicly_guaranteed_usd,2022,3076881642.9
BTN,external_debt_public_publicly_guaranteed_usd,2021,3186306538.0
BTN,external_debt_public_publicly_guaranteed_usd,2020,3185320870.6
BTN,external_debt_public_publicly_guaranteed_usd,2019,2716292989.2
BTN,external_debt_public_publicly_guaranteed_usd,2018,2584230634.3
BTN,external_debt_public_publicly_guaranteed_usd,2017,2640779737.0
BTN,external_debt_public_publicly_guaranteed_usd,2016,2321213149.5
BTN,external_debt_public_publicly_guaranteed_usd,2015,2045060882.4
BTN,external_debt_public_publicly_guaranteed_usd,2014,1927205748.0
BTN,external_debt_public_publicly_guaranteed_usd,2013,1613834794.5
BTN,external_debt_public_publicly_guaranteed_usd,2012,1357737704.1
BTN,external_debt_public_publicly_guaranteed_usd,2011,1043414808.3
BTN,external_debt_public_publicly_guaranteed_usd,2010,919405320.9
BTN,external_debt_private_nonguaranteed_usd,2024,43858000.0
BTN,external_debt_private_nonguaranteed_usd,2023,43858000.0
BTN,external_debt_private_nonguaranteed_usd,2022,43858000.0
BTN,external_debt_private_nonguaranteed_usd,2021,43858000.0
BTN,external_debt_private_nonguaranteed_usd,2020,41356000.0
BTN,external_debt_private_nonguaranteed_usd,2019,51454000.0
BTN,external_debt_private_nonguaranteed_usd,2018,55104000.0
BTN,external_debt_private_nonguaranteed_usd,2017,55635000.0
BTN,external_debt_private_nonguaranteed_usd,2016,60319000.0
BTN,external_debt_private_nonguaranteed_usd,2015,57744000.0
BTN,external_debt_private_nonguaranteed_usd,2014,1860000.0
BTN,external_debt_private_nonguaranteed_usd,2013,5092000.0
BTN,external_debt_private_nonguaranteed_usd,2012,7706000.0
BTN,external_debt_private_nonguaranteed_usd,2011,9882000.0
DJI,gdp_per_capita_usd,2025,3905.604954681
DJI,gdp_per_capita_usd,2024,3552.72335079222
DJI,gdp_per_capita_usd,2023,3381.29779710722
DJI,gdp_per_capita_usd,2022,3133.25779772463
DJI,gdp_per_capita_usd,2021,3025.91126413549
DJI,gdp_per_capita_usd,2020,2844.88810647853
DJI,gdp_per_capita_usd,2019,2837.16902340932
DJI,gdp_per_capita_usd,2018,2718.08338799203
DJI,gdp_per_capita_usd,2017,2618.95521147369
DJI,gdp_per_capita_usd,2016,2510.4300076241
DJI,gdp_per_capita_usd,2015,2376.12554719873
DJI,gdp_per_capita_usd,2014,2214.62084142432
DJI,gdp_per_capita_usd,2013,2075.94498424748
DJI,gdp_per_capita_usd,2012,1400.19357858954
DJI,gdp_per_capita_usd,2011,1306.34552844977
DJI,gdp_per_capita_usd,2010,1213.23352553429
DJI,gni_per_capita_atlas_usd,2025,3960.0
DJI,gni_per_capita_atlas_usd,2024,3640.0
DJI,gni_per_capita_atlas_usd,2023,3500.0
DJI,gni_per_capita_atlas_usd,2022,3310.0
DJI,gni_per_capita_atlas_usd,2021,2990.0
DJI,gni_per_capita_atlas_usd,2020,2780.0
DJI,gni_per_capita_atlas_usd,2019,2780.0
DJI,gni_per_capita_atlas_usd,2018,2600.0
DJI,gni_per_capita_atlas_usd,2017,2450.0
DJI,gni_per_capita_atlas_usd,2016,2370.0
DJI,gni_per_capita_atlas_usd,2015,2280.0
DJI,population,2025,1184076.0
DJI,population,2024,1168722.0
DJI,population,2023,1152944.0
DJI,population,2022,1137096.0
DJI,population,2021,1121248.0
DJI,population,2020,1105188.0
DJI,population,2019,1088709.0
DJI,population,2018,1071882.0
DJI,population,2017,1054841.0
DJI,population,2016,1037653.0
DJI,population,2015,1020313.0
DJI,population,2014,1002717.0
DJI,population,2013,984824.0
DJI,population,2012,966747.0
DJI,population,2011,948558.0
DJI,population,2010,930251.0
DJI,life_expectancy_years,2024,66.202
DJI,life_expectancy_years,2023,65.987
DJI,life_expectancy_years,2022,65.54
DJI,life_expectancy_years,2021,63.83
DJI,life_expectancy_years,2020,64.2
DJI,life_expectancy_years,2019,64.381
DJI,life_expectancy_years,2018,64.105
DJI,life_expectancy_years,2017,63.71
DJI,life_expectancy_years,2016,63.335
DJI,life_expectancy_years,2015,62.833
DJI,life_expectancy_years,2014,62.427
DJI,life_expectancy_years,2013,62.116
DJI,life_expectancy_years,2012,61.719
DJI,life_expectancy_years,2011,61.337
DJI,life_expectancy_years,2010,60.743
DJI,access_to_electricity_pct,2024,69.2
DJI,access_to_electricity_pct,2023,65.2
DJI,access_to_electricity_pct,2022,65.0
DJI,access_to_electricity_pct,2021,65.4
DJI,access_to_electricity_pct,2020,64.5
DJI,access_to_electricity_pct,2019,64.7
DJI,access_to_electricity_pct,2018,62.4
DJI,access_to_electricity_pct,2017,60.2
DJI,access_to_electricity_pct,2016,59.8
DJI,access_to_electricity_pct,2015,59.1
DJI,access_to_electricity_pct,2014,58.9
DJI,access_to_electricity_pct,2013,58.6
DJI,access_to_electricity_pct,2012,54.6
DJI,access_to_electricity_pct,2011,58.1
DJI,access_to_electricity_pct,2010,57.9
DJI,internet_users_pct,2024,65.29889679
DJI,internet_users_pct,2023,64.75869751
DJI,internet_users_pct,2022,63.77600098
DJI,internet_users_pct,2021,61.41120148
DJI,internet_users_pct,2020,59.92570114
DJI,internet_users_pct,2019,58.4762001
DJI,internet_users_pct,2018,57.06169891
DJI,internet_users_pct,2017,55.6814092453962
DJI,internet_users_pct,2016,30.79999924
DJI,internet_users_pct,2015,22.89999962
DJI,internet_users_pct,2014,17.0
DJI,internet_users_pct,2013,12.69999981
DJI,internet_users_pct,2012,9.399999619
DJI,internet_users_pct,2011,7.0
DJI,internet_users_pct,2010,6.5
DJI,urban_population_pct,2025,72.9758660686475
DJI,urban_population_pct,2024,72.9052635052978
DJI,urban_population_pct,2023,72.8408245988921
DJI,urban_population_pct,2022,72.6109938538856
DJI,urban_population_pct,2021,72.2882954556515
DJI,urban_population_pct,2020,71.9990170519895
DJI,urban_population_pct,2019,71.7418146554518
DJI,urban_population_pct,2018,71.5153442785902
DJI,urban_population_pct,2017,71.318261933957
DJI,urban_population_pct,2016,71.1492236341041
DJI,urban_population_pct,2015,71.0068853915837
DJI,urban_population_pct,2014,70.8899032189478
DJI,urban_population_pct,2013,70.7969331287484
DJI,urban_population_pct,2012,70.7266311335377
DJI,urban_population_pct,2011,70.6776532458676
DJI,urban_population_pct,2010,70.6486554782903
DJI,agriculture_pct_gdp,2025,2.27199545061851
DJI,agriculture_pct_gdp,2024,2.5119476858486
DJI,agriculture_pct_gdp,2023,2.50202235262172
DJI,agriculture_pct_gdp,2022,2.63101792247644
DJI,agriculture_pct_gdp,2021,3.00716226184265
DJI,agriculture_pct_gdp,2020,1.99744473588682
DJI,agriculture_pct_gdp,2019,1.51935229833123
DJI,agriculture_pct_gdp,2018,1.41671102035767
DJI,agriculture_pct_gdp,2017,1.29424095183589
DJI,agriculture_pct_gdp,2016,0.99558771996226
DJI,agriculture_pct_gdp,2015,1.05900752644099
DJI,agriculture_pct_gdp,2014,1.22411023326762
DJI,agriculture_pct_gdp,2013,1.19392304728354
DJI,industry_pct_gdp,2025,16.5818071012259
DJI,industry_pct_gdp,2024,15.913892950777
DJI,industry_pct_gdp,2023,14.432376023443
DJI,industry_pct_gdp,2022,15.0308727802738
DJI,industry_pct_gdp,2021,15.4059788148715
DJI,industry_pct_gdp,2020,14.5456933567204
DJI,industry_pct_gdp,2019,14.6103467336685
DJI,industry_pct_gdp,2018,13.991615352663
DJI,industry_pct_gdp,2017,12.4061244543166
DJI,industry_pct_gdp,2016,11.3387071221455
DJI,industry_pct_gdp,2015,11.3951494809576
DJI,industry_pct_gdp,2014,11.612957172612
DJI,industry_pct_gdp,2013,11.3865800627511
DJI,manufacturing_pct_gdp,2024,5.28432022949322
DJI,manufacturing_pct_gdp,2023,4.70200377488926
DJI,manufacturing_pct_gdp,2022,5.02666091887994
DJI,manufacturing_pct_gdp,2021,5.21745786343541
DJI,manufacturing_pct_gdp,2020,4.48288266022238
DJI,manufacturing_pct_gdp,2019,3.70296002372685
DJI,manufacturing_pct_gdp,2018,3.31583463198092
DJI,manufacturing_pct_gdp,2017,3.10152709601158
DJI,manufacturing_pct_gdp,2016,2.83557314687334
DJI,manufacturing_pct_gdp,2015,2.73555807602599
DJI,manufacturing_pct_gdp,2014,2.7748356788478
DJI,manufacturing_pct_gdp,2013,1.95656960422745
DJI,services_pct_gdp,2025,75.6567306363114
DJI,services_pct_gdp,2024,76.0847593876274
DJI,services_pct_gdp,2023,77.1152748633996
DJI,services_pct_gdp,2022,76.3885243704718
DJI,services_pct_gdp,2021,75.1140795195897
DJI,services_pct_gdp,2020,77.268147602583
DJI,services_pct_gdp,2019,76.9845361801201
DJI,services_pct_gdp,2018,77.5190312641123
DJI,services_pct_gdp,2017,79.2106257072114
DJI,services_pct_gdp,2016,80.6844688233518
DJI,services_pct_gdp,2015,80.2864982413037
DJI,services_pct_gdp,2014,80.3757215180893
DJI,services_pct_gdp,2013,80.5749435790169
DJI,external_debt_stock_total_usd,2024,3457016382.4
DJI,external_debt_stock_total_usd,2023,3428806710.3
DJI,external_debt_stock_total_usd,2022,3170133063.9
DJI,external_debt_stock_total_usd,2021,3206547225.4
DJI,external_debt_stock_total_usd,2020,2900369858.3
DJI,external_debt_stock_total_usd,2019,2552579803.4
DJI,external_debt_stock_total_usd,2018,2321379194.7
DJI,external_debt_stock_total_usd,2017,2266964232.8
DJI,external_debt_stock_total_usd,2016,1702240895.4
DJI,external_debt_stock_total_usd,2015,1227496569.6
DJI,external_debt_stock_total_usd,2014,943103980.6
DJI,external_debt_stock_total_usd,2013,820599815.1
DJI,external_debt_stock_total_usd,2012,802385752.1
DJI,external_debt_stock_total_usd,2011,769520335.7
DJI,external_debt_stock_total_usd,2010,768541095.7
DJI,external_debt_public_publicly_guaranteed_usd,2024,2827914989.5
DJI,external_debt_public_publicly_guaranteed_usd,2023,2836502659.1
DJI,external_debt_public_publicly_guaranteed_usd,2022,2409101288.5
DJI,external_debt_public_publicly_guaranteed_usd,2021,2406568216.5
DJI,external_debt_public_publicly_guaranteed_usd,2020,2353516908.8
DJI,external_debt_public_publicly_guaranteed_usd,2019,2145538062.8
DJI,external_debt_public_publicly_guaranteed_usd,2018,2045009716.0
DJI,external_debt_public_publicly_guaranteed_usd,2017,1944879880.0
DJI,external_debt_public_publicly_guaranteed_usd,2016,1602776809.9
DJI,external_debt_public_publicly_guaranteed_usd,2015,1174322941.3
DJI,external_debt_public_publicly_guaranteed_usd,2014,813173439.3
DJI,external_debt_public_publicly_guaranteed_usd,2013,665055815.9
DJI,external_debt_public_publicly_guaranteed_usd,2012,632579864.0
DJI,external_debt_public_publicly_guaranteed_usd,2011,641216411.3
DJI,external_debt_public_publicly_guaranteed_usd,2010,611551056.3
DJI,external_debt_private_nonguaranteed_usd,2024,10000000.0
DJI,external_debt_private_nonguaranteed_usd,2023,10000000.0
DJI,external_debt_private_nonguaranteed_usd,2022,30014000.0
DJI,external_debt_private_nonguaranteed_usd,2021,20500000.0
DJI,external_debt_private_nonguaranteed_usd,2020,221342000.0
DZA,gdp_per_capita_usd,2025,6051.00322704182
DZA,gdp_per_capita_usd,2024,5752.99076651465
DZA,gdp_per_capita_usd,2023,5370.477235078
DZA,gdp_per_capita_usd,2022,4960.30334332888
DZA,gdp_per_capita_usd,2021,4160.55926736925
DZA,gdp_per_capita_usd,2020,3743.5419522929
DZA,gdp_per_capita_usd,2019,4468.45341883656
DZA,gdp_per_capita_usd,2018,4577.21029180491
DZA,gdp_per_capita_usd,2017,4554.66753957828
DZA,gdp_per_capita_usd,2016,4424.98529027556
DZA,gdp_per_capita_usd,2015,4685.05902729002
DZA,gdp_per_capita_usd,2014,6094.69392314956
DZA,gdp_per_capita_usd,2013,5979.60138960585
DZA,gdp_per_capita_usd,2012,6033.64884689543
DZA,gdp_per_capita_usd,2011,5916.31364364343
DZA,gdp_per_capita_usd,2010,4912.78585503672
DZA,gni_per_capita_atlas_usd,2025,5850.0
DZA,gni_per_capita_atlas_usd,2024,5370.0
DZA,gni_per_capita_atlas_usd,2023,4950.0
DZA,gni_per_capita_atlas_usd,2022,4430.0
DZA,gni_per_capita_atlas_usd,2021,4120.0
DZA,gni_per_capita_atlas_usd,2020,4020.0
DZA,gni_per_capita_atlas_usd,2019,4480.0
DZA,gni_per_capita_atlas_usd,2018,4450.0
DZA,gni_per_capita_atlas_usd,2017,4440.0
DZA,gni_per_capita_atlas_usd,2016,4920.0
DZA,gni_per_capita_atlas_usd,2015,5390.0
DZA,gni_per_capita_atlas_usd,2014,6030.0
DZA,gni_per_capita_atlas_usd,2013,5970.0
DZA,gni_per_capita_atlas_usd,2012,5630.0
DZA,gni_per_capita_atlas_usd,2011,5050.0
DZA,gni_per_capita_atlas_usd,2010,4870.0
DZA,population,2025,47435312.0
DZA,population,2024,46814308.0
DZA,population,2023,46164219.0
DZA,population,2022,45477389.0
DZA,population,2021,44761099.0
DZA,population,2020,44042091.0
DZA,population,2019,43294546.0
DZA,population,2018,42505035.0
DZA,population,2017,41689299.0
DZA,population,2016,40850721.0
DZA,population,2015,40019529.0
DZA,population,2014,39205031.0
DZA,population,2013,38414171.0
DZA,population,2012,37646166.0
DZA,population,2011,36903376.0
DZA,population,2010,36188236.0
DZA,life_expectancy_years,2024,76.475
DZA,life_expectancy_years,2023,76.261
DZA,life_expectancy_years,2022,76.129
DZA,life_expectancy_years,2021,75.208
DZA,life_expectancy_years,2020,73.257
DZA,life_expectancy_years,2019,75.682
DZA,life_expectancy_years,2018,75.555
DZA,life_expectancy_years,2017,75.431
DZA,life_expectancy_years,2016,75.31
DZA,life_expectancy_years,2015,75.159
DZA,life_expectancy_years,2014,74.992
DZA,life_expectancy_years,2013,74.809
DZA,life_expectancy_years,2012,74.609
DZA,life_expectancy_years,2011,74.383
DZA,life_expectancy_years,2010,74.144
DZA,access_to_electricity_pct,2024,100.0
DZA,access_to_electricity_pct,2023,100.0
DZA,access_to_electricity_pct,2022,100.0
DZA,access_to_electricity_pct,2021,99.8
DZA,access_to_electricity_pct,2020,99.7
DZA,access_to_electricity_pct,2019,99.5
DZA,access_to_electricity_pct,2018,99.6
DZA,access_to_electricity_pct,2017,99.5
DZA,access_to_electricity_pct,2016,99.4
DZA,access_to_electricity_pct,2015,99.4
DZA,access_to_electricity_pct,2014,99.3
DZA,access_to_electricity_pct,2013,99.2
DZA,access_to_electricity_pct,2012,98.8
DZA,access_to_electricity_pct,2011,99.0
DZA,access_to_electricity_pct,2010,98.9
DZA,internet_users_pct,2024,77.4178009
DZA,internet_users_pct,2023,76.19760132
DZA,internet_users_pct,2022,74.78150177
DZA,internet_users_pct,2021,72.21240234
DZA,internet_users_pct,2020,63.47269821
DZA,internet_users_pct,2019,55.79069901
DZA,internet_users_pct,2018,49.0384680793271
DZA,internet_users_pct,2017,47.69110107
DZA,internet_users_pct,2016,42.94549942
DZA,internet_users_pct,2015,38.20000076
DZA,internet_users_pct,2014,29.5
DZA,internet_users_pct,2013,22.5
DZA,internet_users_pct,2012,18.20000076
DZA,internet_users_pct,2011,14.89999962
DZA,internet_users_pct,2010,12.5
DZA,urban_population_pct,2025,75.8187358069877
DZA,urban_population_pct,2024,75.2792907190618
DZA,urban_population_pct,2023,74.732808364138
DZA,urban_population_pct,2022,74.1795862354514
DZA,urban_population_pct,2021,73.6199218261573
DZA,urban_population_pct,2020,73.0541126293395
DZA,urban_population_pct,2019,72.4824561380175
DZA,urban_population_pct,2018,71.905249845153
DZA,urban_population_pct,2017,71.3227912436551
DZA,urban_population_pct,2016,70.7353778263851
DZA,urban_population_pct,2015,70.1433070861612
DZA,urban_population_pct,2014,69.5468765157615
DZA,urban_population_pct,2013,68.9463836079277
DZA,urban_population_pct,2012,68.3421258553675
DZA,urban_population_pct,2011,67.7344007507578
DZA,urban_population_pct,2010,67.1235057867459
DZA,agriculture_pct_gdp,2025,14.5120041000651
DZA,agriculture_pct_gdp,2024,13.9597061505767
DZA,agriculture_pct_gdp,2023,13.3692450434856
DZA,agriculture_pct_gdp,2022,10.6470638553472
DZA,agriculture_pct_gdp,2021,11.2354345605089
DZA,agriculture_pct_gdp,2020,12.8341693887186
DZA,agriculture_pct_gdp,2019,11.4791798857164
DZA,agriculture_pct_gdp,2018,11.2438301354995
DZA,agriculture_pct_gdp,2017,11.0318809304784
DZA,agriculture_pct_gdp,2016,11.0683130545794
DZA,agriculture_pct_gdp,2015,10.5327896965018
DZA,agriculture_pct_gdp,2014,9.40707440856373
DZA,agriculture_pct_gdp,2013,9.12007464194984
DZA,agriculture_pct_gdp,2012,8.02697167412095
DZA,agriculture_pct_gdp,2011,7.08352512171367
DZA,agriculture_pct_gdp,2010,7.53171561491377
DZA,industry_pct_gdp,2025,34.7988339380982
DZA,industry_pct_gdp,2024,36.1956789537864
DZA,industry_pct_gdp,2023,37.5476547378243
DZA,industry_pct_gdp,2022,43.0521306240802
DZA,industry_pct_gdp,2021,36.3214812457704
DZA,industry_pct_gdp,2020,30.0235803787213
DZA,industry_pct_gdp,2019,33.5743211841578
DZA,industry_pct_gdp,2018,35.3432586054084
DZA,industry_pct_gdp,2017,33.4766949498416
DZA,industry_pct_gdp,2016,32.205164049828
DZA,industry_pct_gdp,2015,32.7565009315894
DZA,industry_pct_gdp,2014,38.5614138325673
DZA,industry_pct_gdp,2013,39.7438543670176
DZA,industry_pct_gdp,2012,43.1950549091774
DZA,industry_pct_gdp,2011,44.9869856015855
DZA,industry_pct_gdp,2010,45.2431946364671
DZA,manufacturing_pct_gdp,2024,9.45462250569716
DZA,manufacturing_pct_gdp,2023,9.12018358899041
DZA,manufacturing_pct_gdp,2022,10.2173706724576
DZA,manufacturing_pct_gdp,2021,8.18955643268695
DZA,manufacturing_pct_gdp,2020,6.28239503315548
DZA,manufacturing_pct_gdp,2019,6.40396994400067
DZA,manufacturing_pct_gdp,2018,7.07738040001596
DZA,manufacturing_pct_gdp,2017,7.33456829401543
DZA,manufacturing_pct_gdp,2016,6.89853876611083
DZA,manufacturing_pct_gdp,2015,7.11001759889613
DZA,manufacturing_pct_gdp,2014,9.87797970942307
DZA,manufacturing_pct_gdp,2013,8.02018645677549
DZA,manufacturing_pct_gdp,2012,8.5589556099004
DZA,manufacturing_pct_gdp,2011,9.73343874629741
DZA,manufacturing_pct_gdp,2010,9.3708250521221
DZA,services_pct_gdp,2025,45.6814597798915
DZA,services_pct_gdp,2024,46.7949847002474
DZA,services_pct_gdp,2023,45.5476795606292
DZA,services_pct_gdp,2022,42.7463000437695
DZA,services_pct_gdp,2021,48.4879581553143
DZA,services_pct_gdp,2020,52.8041887035021
DZA,services_pct_gdp,2019,50.4800694011749
DZA,services_pct_gdp,2018,49.4261444653673
DZA,services_pct_gdp,2017,51.2221393515536
DZA,services_pct_gdp,2016,52.3939905220294
DZA,services_pct_gdp,2015,52.1103711658838
DZA,services_pct_gdp,2014,47.9036022305248
DZA,services_pct_gdp,2013,46.7933663667477
DZA,services_pct_gdp,2012,44.9114940485958
DZA,services_pct_gdp,2011,44.6513051761826
DZA,services_pct_gdp,2010,43.6024032576579
DZA,external_debt_stock_total_usd,2024,6898271361.0
DZA,external_debt_stock_total_usd,2023,7315267064.9
DZA,external_debt_stock_total_usd,2022,7129258689.2
DZA,external_debt_stock_total_usd,2021,7378780279.1
DZA,external_debt_stock_total_usd,2020,5177879567.2
DZA,external_debt_stock_total_usd,2019,5492379098.5
DZA,external_debt_stock_total_usd,2018,5710492428.3
DZA,external_debt_stock_total_usd,2017,5706819221.4
DZA,external_debt_stock_total_usd,2016,5463041852.5
DZA,external_debt_stock_total_usd,2015,4671438792.0
DZA,external_debt_stock_total_usd,2014,5521236298.5
DZA,external_debt_stock_total_usd,2013,5247039317.8
DZA,external_debt_stock_total_usd,2012,5516939176.2
DZA,external_debt_stock_total_usd,2011,6054554674.7
DZA,external_debt_stock_total_usd,2010,7253019348.3
DZA,external_debt_public_publicly_guaranteed_usd,2024,851551211.0
DZA,external_debt_public_publicly_guaranteed_usd,2023,992764612.9
DZA,external_debt_public_publicly_guaranteed_usd,2022,1055683570.3
DZA,external_debt_public_publicly_guaranteed_usd,2021,1240364502.3
DZA,external_debt_public_publicly_guaranteed_usd,2020,1436411495.2
DZA,external_debt_public_publicly_guaranteed_usd,2019,1398178227.5
DZA,external_debt_public_publicly_guaranteed_usd,2018,1522846832.2
DZA,external_debt_public_publicly_guaranteed_usd,2017,1715902945.2
DZA,external_debt_public_publicly_guaranteed_usd,2016,1652733703.2
DZA,external_debt_public_publicly_guaranteed_usd,2015,870237199.5
DZA,external_debt_public_publicly_guaranteed_usd,2014,1124989848.9
DZA,external_debt_public_publicly_guaranteed_usd,2013,1453345460.4
DZA,external_debt_public_publicly_guaranteed_usd,2012,1648494864.4
DZA,external_debt_public_publicly_guaranteed_usd,2011,2255421235.8
DZA,external_debt_public_publicly_guaranteed_usd,2010,2662058549.0
DZA,external_debt_private_nonguaranteed_usd,2024,278340000.0
DZA,external_debt_private_nonguaranteed_usd,2023,281800000.0
DZA,external_debt_private_nonguaranteed_usd,2022,234840000.0
DZA,external_debt_private_nonguaranteed_usd,2021,235700000.0
DZA,external_debt_private_nonguaranteed_usd,2020,232220000.0
DZA,external_debt_private_nonguaranteed_usd,2019,172950000.0
DZA,external_debt_private_nonguaranteed_usd,2018,202030000.0
DZA,external_debt_private_nonguaranteed_usd,2017,188230000.0
DZA,external_debt_private_nonguaranteed_usd,2016,213640000.0
DZA,external_debt_private_nonguaranteed_usd,2015,317760000.0
DZA,external_debt_private_nonguaranteed_usd,2014,685380000.0
DZA,external_debt_private_nonguaranteed_usd,2013,620490000.0
DZA,external_debt_private_nonguaranteed_usd,2012,821930000.0
DZA,external_debt_private_nonguaranteed_usd,2011,817970000.0
DZA,external_debt_private_nonguaranteed_usd,2010,967500000.0
EGY,gdp_per_capita_usd,2025,3085.80712036204
EGY,gdp_per_capita_usd,2024,3338.47371043679
EGY,gdp_per_capita_usd,2023,3456.78965212363
EGY,gdp_per_capita_usd,2022,4233.30783744856
EGY,gdp_per_capita_usd,2021,3827.35415374308
EGY,gdp_per_capita_usd,2020,3511.11381026379
EGY,gdp_per_capita_usd,2019,2962.98892023003
EGY,gdp_per_capita_usd,2018,2484.70315630508
EGY,gdp_per_capita_usd,2017,2395.10333299491
EGY,gdp_per_capita_usd,2016,3270.6287768197
EGY,gdp_per_capita_usd,2015,3306.98159414141
EGY,gdp_per_capita_usd,2014,3133.39102265541
EGY,gdp_per_capita_usd,2013,3025.52563552448
EGY,gdp_per_capita_usd,2012,2996.0677072015
EGY,gdp_per_capita_usd,2011,2590.64384891965
EGY,gdp_per_capita_usd,2010,2455.08194645282
EGY,gni_per_capita_atlas_usd,2025,3260.0
EGY,gni_per_capita_atlas_usd,2024,3510.0
EGY,gni_per_capita_atlas_usd,2023,3840.0
EGY,gni_per_capita_atlas_usd,2022,4040.0
EGY,gni_per_capita_atlas_usd,2021,3470.0
EGY,gni_per_capita_atlas_usd,2020,2960.0
EGY,gni_per_capita_atlas_usd,2019,2640.0
EGY,gni_per_capita_atlas_usd,2018,2710.0
EGY,gni_per_capita_atlas_usd,2017,2880.0
EGY,gni_per_capita_atlas_usd,2016,3200.0
EGY,gni_per_capita_atlas_usd,2015,3100.0
EGY,gni_per_capita_atlas_usd,2014,3000.0
EGY,gni_per_capita_atlas_usd,2013,2810.0
EGY,gni_per_capita_atlas_usd,2012,2630.0
EGY,gni_per_capita_atlas_usd,2011,2380.0
EGY,gni_per_capita_atlas_usd,2010,2200.0
EGY,population,2025,118365995.0
EGY,population,2024,116538258.0
EGY,population,2023,114535772.0
EGY,population,2022,112618250.0
EGY,population,2021,110957008.0
EGY,population,2020,109315124.0
EGY,population,2019,107553158.0
EGY,population,2018,105682094.0
EGY,population,2017,103696057.0
EGY,population,2016,101644589.0
EGY,population,2015,99597342.0
EGY,population,2014,97528654.0
EGY,population,2013,95333553.0
EGY,population,2012,93161001.0
EGY,population,2011,91093059.0
EGY,population,2010,89196072.0
EGY,life_expectancy_years,2024,71.806
EGY,life_expectancy_years,2023,71.633
EGY,life_expectancy_years,2022,71.01
EGY,life_expectancy_years,2021,68.976
EGY,life_expectancy_years,2020,69.79
EGY,life_expectancy_years,2019,71.213
EGY,life_expectancy_years,2018,70.974
EGY,life_expectancy_years,2017,70.709
EGY,life_expectancy_years,2016,70.437
EGY,life_expectancy_years,2015,70.135
EGY,life_expectancy_years,2014,69.911
EGY,life_expectancy_years,2013,69.632
EGY,life_expectancy_years,2012,69.464
EGY,life_expectancy_years,2011,69.232
EGY,life_expectancy_years,2010,69.078
EGY,access_to_electricity_pct,2024,100.0
EGY,access_to_electricity_pct,2023,100.0
EGY,access_to_electricity_pct,2022,100.0
EGY,access_to_electricity_pct,2021,100.0
EGY,access_to_electricity_pct,2020,100.0
EGY,access_to_electricity_pct,2019,100.0
EGY,access_to_electricity_pct,2018,100.0
EGY,access_to_electricity_pct,2017,100.0
EGY,access_to_electricity_pct,2016,100.0
EGY,access_to_electricity_pct,2015,99.3
EGY,access_to_electricity_pct,2014,99.8
EGY,access_to_electricity_pct,2013,99.9
EGY,access_to_electricity_pct,2012,99.7
EGY,access_to_electricity_pct,2011,99.4
EGY,access_to_electricity_pct,2010,99.4
EGY,internet_users_pct,2024,74.64839935
EGY,internet_users_pct,2023,74.01190186
EGY,internet_users_pct,2022,72.19806556
EGY,internet_users_pct,2021,72.05599976
EGY,internet_users_pct,2020,71.91420096
EGY,internet_users_pct,2019,57.2828663990195
EGY,internet_users_pct,2018,46.92433676792
EGY,internet_users_pct,2017,44.9502042452857
EGY,internet_users_pct,2016,41.2480670885772
EGY,internet_users_pct,2015,37.8193834276939
EGY,internet_users_pct,2014,33.8946039115275
EGY,internet_users_pct,2013,29.4
EGY,internet_users_pct,2012,26.4
EGY,internet_users_pct,2011,25.6
EGY,internet_users_pct,2010,21.6
EGY,urban_population_pct,2025,42.9043204925248
EGY,urban_population_pct,2024,42.8004363938404
EGY,urban_population_pct,2023,42.7098115041919
EGY,urban_population_pct,2022,42.6325129008032
EGY,urban_population_pct,2021,42.5686062621468
EGY,urban_population_pct,2020,42.5181534630674
EGY,urban_population_pct,2019,42.4812027332648
EGY,urban_population_pct,2018,42.4577177449969
EGY,urban_population_pct,2017,42.4486008687179
EGY,urban_population_pct,2016,42.5210717266225
EGY,urban_population_pct,2015,42.6056314089048
EGY,urban_population_pct,2014,42.6825522284408
EGY,urban_population_pct,2013,42.7514277188751
EGY,urban_population_pct,2012,42.8118514138525
EGY,urban_population_pct,2011,42.8634168470177
EGY,urban_population_pct,2010,42.9057175520154
EGY,agriculture_pct_gdp,2025,16.551922508574
EGY,agriculture_pct_gdp,2024,13.7121128792805
EGY,agriculture_pct_gdp,2023,10.6003111645036
EGY,agriculture_pct_gdp,2022,10.9457535224737
EGY,agriculture_pct_gdp,2021,11.4369326589725
EGY,agriculture_pct_gdp,2020,11.1668239443487
EGY,agriculture_pct_gdp,2019,10.6971354538956
EGY,agriculture_pct_gdp,2018,10.8302490249025
EGY,agriculture_pct_gdp,2017,10.9863806449848
EGY,agriculture_pct_gdp,2016,11.769316084742
EGY,agriculture_pct_gdp,2015,11.3940627685257
EGY,agriculture_pct_gdp,2014,11.3377089201878
EGY,agriculture_pct_gdp,2013,11.2743496022361
EGY,agriculture_pct_gdp,2012,11.2727652713919
EGY,agriculture_pct_gdp,2011,13.8691050980964
EGY,agriculture_pct_gdp,2010,13.3407591579645
EGY,industry_pct_gdp,2025,32.0573402366538
EGY,industry_pct_gdp,2024,32.5624789967949
EGY,industry_pct_gdp,2023,32.7344752545444
EGY,industry_pct_gdp,2022,32.7114314313038
EGY,industry_pct_gdp,2021,31.1876357851451
EGY,industry_pct_gdp,2020,32.3694442999707
EGY,industry_pct_gdp,2019,35.8254244102931
EGY,industry_pct_gdp,2018,35.3298750589345
EGY,industry_pct_gdp,2017,34.3958677753768
EGY,industry_pct_gdp,2016,32.4559533476046
EGY,industry_pct_gdp,2015,36.6302017267482
EGY,industry_pct_gdp,2014,39.890323943662
EGY,industry_pct_gdp,2013,39.8869544184046
EGY,industry_pct_gdp,2012,39.2513148623634
EGY,industry_pct_gdp,2011,35.9517175990081
EGY,industry_pct_gdp,2010,35.7845184816841
EGY,manufacturing_pct_gdp,2025,14.4989288825664
EGY,manufacturing_pct_gdp,2024,13.8934615296088
EGY,manufacturing_pct_gdp,2023,15.0639098410698
EGY,manufacturing_pct_gdp,2022,15.9705322282435
EGY,manufacturing_pct_gdp,2021,15.4852838768741
EGY,manufacturing_pct_gdp,2020,16.3804560673536
EGY,manufacturing_pct_gdp,2019,15.9882989635454
EGY,manufacturing_pct_gdp,2018,16.3508895889589
EGY,manufacturing_pct_gdp,2017,16.59352061052
EGY,manufacturing_pct_gdp,2016,16.8413264929505
EGY,manufacturing_pct_gdp,2015,16.6974467040386
EGY,manufacturing_pct_gdp,2014,16.7744460093897
EGY,manufacturing_pct_gdp,2013,16.608374543109
EGY,manufacturing_pct_gdp,2012,16.1654744133278
EGY,manufacturing_pct_gdp,2011,15.7671942236161
EGY,manufacturing_pct_gdp,2010,16.102270843693
EGY,services_pct_gdp,2025,47.3136363185232
EGY,services_pct_gdp,2024,48.932455490468
EGY,services_pct_gdp,2023,51.6487720818481
EGY,services_pct_gdp,2022,51.4288499840612
EGY,services_pct_gdp,2021,52.4773050081794
EGY,services_pct_gdp,2020,52.0271088645451
EGY,services_pct_gdp,2019,50.7617519656898
EGY,services_pct_gdp,2018,51.6422459388796
EGY,services_pct_gdp,2017,53.1699504909872
EGY,services_pct_gdp,2016,54.4832841219458
EGY,services_pct_gdp,2015,53.1705429845738
EGY,services_pct_gdp,2014,52.320985915493
EGY,services_pct_gdp,2013,52.3007390883681
EGY,services_pct_gdp,2012,51.771621185884
EGY,services_pct_gdp,2011,45.7160236306615
EGY,services_pct_gdp,2010,46.2327200397812
EGY,external_debt_stock_total_usd,2024,155972716013.2
EGY,external_debt_stock_total_usd,2023,168182236339.6
EGY,external_debt_stock_total_usd,2022,163111452414.1
EGY,external_debt_stock_total_usd,2021,145998330659.9
EGY,external_debt_stock_total_usd,2020,132538717154.0
EGY,external_debt_stock_total_usd,2019,114910260649.9
EGY,external_debt_stock_total_usd,2018,99457163486.3
EGY,external_debt_stock_total_usd,2017,84587108845.3
EGY,external_debt_stock_total_usd,2016,69188517055.2
EGY,external_debt_stock_total_usd,2015,49873938935.6
EGY,external_debt_stock_total_usd,2014,41772774970.9
EGY,external_debt_stock_total_usd,2013,46534987114.9
EGY,external_debt_stock_total_usd,2012,40061753451.8
EGY,external_debt_stock_total_usd,2011,35208762810.6
EGY,external_debt_stock_total_usd,2010,36803931990.1
EGY,external_debt_public_publicly_guaranteed_usd,2024,106926880074.6
EGY,external_debt_public_publicly_guaranteed_usd,2023,117500425397.4
EGY,external_debt_public_publicly_guaranteed_usd,2022,110213077288.6
EGY,external_debt_public_publicly_guaranteed_usd,2021,108691541278.1
EGY,external_debt_public_publicly_guaranteed_usd,2020,99815529975.7
EGY,external_debt_public_publicly_guaranteed_usd,2019,90135893318.8
EGY,external_debt_public_publicly_guaranteed_usd,2018,79450202997.9
EGY,external_debt_public_publicly_guaranteed_usd,2017,65651311662.0
EGY,external_debt_public_publicly_guaranteed_usd,2016,53230429714.3
EGY,external_debt_public_publicly_guaranteed_usd,2015,44182236526.4
EGY,external_debt_public_publicly_guaranteed_usd,2014,37128907198.0
EGY,external_debt_public_publicly_guaranteed_usd,2013,42322833213.8
EGY,external_debt_public_publicly_guaranteed_usd,2012,32003684136.0
EGY,external_debt_public_publicly_guaranteed_usd,2011,30787534306.7
EGY,external_debt_public_publicly_guaranteed_usd,2010,32217518388.3
EGY,external_debt_private_nonguaranteed_usd,2024,2932893000.0
EGY,external_debt_private_nonguaranteed_usd,2023,1879416000.0
EGY,external_debt_private_nonguaranteed_usd,2022,898953000.0
EGY,external_debt_private_nonguaranteed_usd,2021,783587000.0
EGY,external_debt_private_nonguaranteed_usd,2020,402342000.0
EGY,external_debt_private_nonguaranteed_usd,2019,360238000.0
EGY,external_debt_private_nonguaranteed_usd,2018,445685000.0
EGY,external_debt_private_nonguaranteed_usd,2017,406499000.0
EGY,external_debt_private_nonguaranteed_usd,2016,156619000.0
EGY,external_debt_private_nonguaranteed_usd,2015,22500000.0
EGY,external_debt_private_nonguaranteed_usd,2014,21356000.0
EGY,external_debt_private_nonguaranteed_usd,2013,12288000.0
EGY,external_debt_private_nonguaranteed_usd,2012,20000000.0
EGY,external_debt_private_nonguaranteed_usd,2011,16250000.0
EGY,external_debt_private_nonguaranteed_usd,2010,53750000.0
ERI,gdp_per_capita_usd,2011,688.68165957684
ERI,gdp_per_capita_usd,2010,539.699512069686
ERI,gni_per_capita_atlas_usd,2011,650.0
ERI,gni_per_capita_atlas_usd,2010,550.0
ERI,population,2025,3607003.0
ERI,population,2024,3535603.0
ERI,population,2023,3470390.0
ERI,population,2022,3409447.0
ERI,population,2021,3350183.0
ERI,population,2020,3291271.0
ERI,population,2019,3240194.0
ERI,population,2018,3192760.0
ERI,population,2017,3150347.0
ERI,population,2016,3124698.0
ERI,population,2015,3105546.0
ERI,population,2014,3095173.0
ERI,population,2013,3074360.0
ERI,population,2012,3036988.0
ERI,population,2011,2998485.0
ERI,population,2010,2945186.0
ERI,life_expectancy_years,2024,68.893
ERI,life_expectancy_years,2023,68.624
ERI,life_expectancy_years,2022,67.789
ERI,life_expectancy_years,2021,66.94
ERI,life_expectancy_years,2020,66.98
ERI,life_expectancy_years,2019,67.306
ERI,life_expectancy_years,2018,66.979
ERI,life_expectancy_years,2017,66.612
ERI,life_expectancy_years,2016,66.242
ERI,life_expectancy_years,2015,65.909
ERI,life_expectancy_years,2014,65.517
ERI,life_expectancy_years,2013,65.005
ERI,life_expectancy_years,2012,64.697
ERI,life_expectancy_years,2011,64.231
ERI,life_expectancy_years,2010,63.665
ERI,access_to_electricity_pct,2024,55.3
ERI,access_to_electricity_pct,2023,54.4
ERI,access_to_electricity_pct,2022,55.4
ERI,access_to_electricity_pct,2021,52.5
ERI,access_to_electricity_pct,2020,51.4
ERI,access_to_electricity_pct,2019,50.3
ERI,access_to_electricity_pct,2018,49.1
ERI,access_to_electricity_pct,2017,48.0
ERI,access_to_electricity_pct,2016,46.9
ERI,access_to_electricity_pct,2015,45.8
ERI,access_to_electricity_pct,2014,44.6
ERI,access_to_electricity_pct,2013,43.5
ERI,access_to_electricity_pct,2012,42.3
ERI,access_to_electricity_pct,2011,41.2
ERI,access_to_electricity_pct,2010,40.1
ERI,internet_users_pct,2020,14.34939957
ERI,internet_users_pct,2019,11.22379971
ERI,internet_users_pct,2018,5.293000221
ERI,internet_users_pct,2017,2.496099949
ERI,internet_users_pct,2016,1.177099943
ERI,internet_users_pct,2015,1.083699942
ERI,internet_users_pct,2014,0.99000001
ERI,internet_users_pct,2013,0.899999976
ERI,internet_users_pct,2012,0.800000012
ERI,internet_users_pct,2011,0.699999988
ERI,internet_users_pct,2010,0.610000014
ERI,urban_population_pct,2025,34.5404504255216
ERI,urban_population_pct,2024,34.5365524291992
ERI,urban_population_pct,2023,34.696403503418
ERI,urban_population_pct,2022,34.8469276428223
ERI,urban_population_pct,2021,34.9871139526367
ERI,urban_population_pct,2020,35.116138458252
ERI,urban_population_pct,2019,35.2352333068848
ERI,urban_population_pct,2018,35.3451042175293
ERI,urban_population_pct,2017,35.4427146911621
ERI,urban_population_pct,2016,35.5254287719727
ERI,urban_population_pct,2015,35.591007232666
ERI,urban_population_pct,2014,35.639720916748
ERI,urban_population_pct,2013,35.6713333129883
ERI,urban_population_pct,2012,35.6824264526367
ERI,urban_population_pct,2011,35.6706275939941
ERI,urban_population_pct,2010,35.6346549987793
ERI,external_debt_stock_total_usd,2024,693278616.9
ERI,external_debt_stock_total_usd,2023,725945139.1
ERI,external_debt_stock_total_usd,2022,727107699.5
ERI,external_debt_stock_total_usd,2021,772098727.5
ERI,external_debt_stock_total_usd,2020,798652429.3
ERI,external_debt_stock_total_usd,2019,779332773.6
ERI,external_debt_stock_total_usd,2018,797462901.6
ERI,external_debt_stock_total_usd,2017,825670657.9
ERI,external_debt_stock_total_usd,2016,800798598.7
ERI,external_debt_stock_total_usd,2015,875473801.3
ERI,external_debt_stock_total_usd,2014,907610925.5
ERI,external_debt_stock_total_usd,2013,942827437.0
ERI,external_debt_stock_total_usd,2012,990963322.4
ERI,external_debt_stock_total_usd,2011,1051012567.3
ERI,external_debt_stock_total_usd,2010,1037322233.9
ERI,external_debt_public_publicly_guaranteed_usd,2024,607189471.2
ERI,external_debt_public_publicly_guaranteed_usd,2023,641297476.2
ERI,external_debt_public_publicly_guaranteed_usd,2022,646263040.9
ERI,external_debt_public_publicly_guaranteed_usd,2021,690679138.6
ERI,external_debt_public_publicly_guaranteed_usd,2020,739469216.7
ERI,external_debt_public_publicly_guaranteed_usd,2019,725648736.7
ERI,external_debt_public_publicly_guaranteed_usd,2018,742346760.8
ERI,external_debt_public_publicly_guaranteed_usd,2017,776901390.2
ERI,external_debt_public_publicly_guaranteed_usd,2016,753782109.0
ERI,external_debt_public_publicly_guaranteed_usd,2015,784572705.8
ERI,external_debt_public_publicly_guaranteed_usd,2014,829657547.6
ERI,external_debt_public_publicly_guaranteed_usd,2013,893794569.0
ERI,external_debt_public_publicly_guaranteed_usd,2012,949645127.1
ERI,external_debt_public_publicly_guaranteed_usd,2011,1010014612.5
ERI,external_debt_public_publicly_guaranteed_usd,2010,998425572.6
ETH,gdp_per_capita_usd,2025,932.729352775179
ETH,gdp_per_capita_usd,2024,1133.88279681256
ETH,gdp_per_capita_usd,2023,1055.81091593061
ETH,gdp_per_capita_usd,2022,982.103161502198
ETH,gdp_per_capita_usd,2021,893.009835441784
ETH,gdp_per_capita_usd,2020,829.790982552951
ETH,gdp_per_capita_usd,2019,793.473247218996
ETH,gdp_per_capita_usd,2018,739.702022272086
ETH,gdp_per_capita_usd,2017,696.348429076216
ETH,gdp_per_capita_usd,2016,641.651523286233
ETH,gdp_per_capita_usd,2015,597.912113218663
ETH,gdp_per_capita_usd,2014,549.986577082588
ETH,gdp_per_capita_usd,2013,484.039833104062
ETH,gdp_per_capita_usd,2012,452.101031885754
ETH,gdp_per_capita_usd,2011,343.024942351887
ETH,gdp_per_capita_usd,2010,330.619412798644
ETH,gni_per_capita_atlas_usd,2025,1110.0
ETH,gni_per_capita_atlas_usd,2024,1100.0
ETH,gni_per_capita_atlas_usd,2023,1030.0
ETH,gni_per_capita_atlas_usd,2022,960.0
ETH,gni_per_capita_atlas_usd,2021,880.0
ETH,gni_per_capita_atlas_usd,2020,820.0
ETH,gni_per_capita_atlas_usd,2019,790.0
ETH,gni_per_capita_atlas_usd,2018,730.0
ETH,gni_per_capita_atlas_usd,2017,670.0
ETH,gni_per_capita_atlas_usd,2016,620.0
ETH,gni_per_capita_atlas_usd,2015,570.0
ETH,gni_per_capita_atlas_usd,2014,530.0
ETH,gni_per_capita_atlas_usd,2013,450.0
ETH,gni_per_capita_atlas_usd,2012,400.0
ETH,gni_per_capita_atlas_usd,2011,380.0
ETH,gni_per_capita_atlas_usd,2010,370.0
ETH,population,2025,135472051.0
ETH,population,2024,132059767.0
ETH,population,2023,128691692.0
ETH,population,2022,125384287.0
ETH,population,2021,122138588.0
ETH,population,2020,118917671.0
ETH,population,2019,115737383.0
ETH,population,2018,112664152.0
ETH,population,2017,109666481.0
ETH,population,2016,106718162.0
ETH,population,2015,103867135.0
ETH,population,2014,101115610.0
ETH,population,2013,98438751.0
ETH,population,2012,95798767.0
ETH,population,2011,93149970.0
ETH,population,2010,90538514.0
ETH,life_expectancy_years,2024,67.603
ETH,life_expectancy_years,2023,67.315
ETH,life_expectancy_years,2022,66.897
ETH,life_expectancy_years,2021,65.33
ETH,life_expectancy_years,2020,65.969
ETH,life_expectancy_years,2019,65.741
ETH,life_expectancy_years,2018,65.257
ETH,life_expectancy_years,2017,64.766
ETH,life_expectancy_years,2016,64.162
ETH,life_expectancy_years,2015,63.592
ETH,life_expectancy_years,2014,62.927
ETH,life_expectancy_years,2013,62.161
ETH,life_expectancy_years,2012,61.443
ETH,life_expectancy_years,2011,60.595
ETH,life_expectancy_years,2010,59.709
ETH,access_to_electricity_pct,2024,56.6
ETH,access_to_electricity_pct,2023,55.4
ETH,access_to_electricity_pct,2022,55.0
ETH,access_to_electricity_pct,2021,54.2
ETH,access_to_electricity_pct,2020,51.1
ETH,access_to_electricity_pct,2019,48.0
ETH,access_to_electricity_pct,2018,44.8
ETH,access_to_electricity_pct,2017,44.3
ETH,access_to_electricity_pct,2016,42.9
ETH,access_to_electricity_pct,2015,29.0
ETH,access_to_electricity_pct,2014,27.2
ETH,access_to_electricity_pct,2013,30.8
ETH,access_to_electricity_pct,2012,29.0
ETH,access_to_electricity_pct,2011,23.0
ETH,access_to_electricity_pct,2010,25.5
ETH,internet_users_pct,2024,21.94129944
ETH,internet_users_pct,2023,20.33749962
ETH,internet_users_pct,2022,17.9836998
ETH,internet_users_pct,2021,16.6981031
ETH,internet_users_pct,2020,16.06959915
ETH,internet_users_pct,2019,15.98460007
ETH,internet_users_pct,2018,15.88619995
ETH,internet_users_pct,2017,15.62440014
ETH,internet_users_pct,2016,15.3669238595896
ETH,internet_users_pct,2015,13.8551755555556
ETH,internet_users_pct,2014,7.699999809
ETH,internet_users_pct,2013,4.599999905
ETH,internet_users_pct,2012,2.900000095
ETH,internet_users_pct,2011,1.100000024
ETH,internet_users_pct,2010,0.75
ETH,urban_population_pct,2025,24.1096952088946
ETH,urban_population_pct,2024,23.6222839355469
ETH,urban_population_pct,2023,23.0586471557617
ETH,urban_population_pct,2022,22.7367687225342
ETH,urban_population_pct,2021,22.1067085266113
ETH,urban_population_pct,2020,21.6260051727295
ETH,urban_population_pct,2019,21.2486705780029
ETH,urban_population_pct,2018,20.7838096618652
ETH,urban_population_pct,2017,20.3084850311279
ETH,urban_population_pct,2016,19.8763618469238
ETH,urban_population_pct,2015,19.451566696167
ETH,urban_population_pct,2014,19.0262870788574
ETH,urban_population_pct,2013,18.615514755249
ETH,urban_population_pct,2012,18.2061367034912
ETH,urban_population_pct,2011,17.863790512085
ETH,urban_population_pct,2010,17.4937839508057
ETH,agriculture_pct_gdp,2025,32.8186147009719
ETH,agriculture_pct_gdp,2024,34.7737782046291
ETH,agriculture_pct_gdp,2023,35.7864807851174
ETH,agriculture_pct_gdp,2022,37.6422268391462
ETH,agriculture_pct_gdp,2021,37.5791137563489
ETH,agriculture_pct_gdp,2020,35.5582700358115
ETH,agriculture_pct_gdp,2019,33.6333246910556
ETH,agriculture_pct_gdp,2018,31.218806650139
ETH,agriculture_pct_gdp,2017,33.7792813400479
ETH,agriculture_pct_gdp,2016,34.6969564523634
ETH,agriculture_pct_gdp,2015,36.0569753905786
ETH,agriculture_pct_gdp,2014,38.5204496889284
ETH,agriculture_pct_gdp,2013,41.2395055340925
ETH,agriculture_pct_gdp,2012,44.3309427521463
ETH,agriculture_pct_gdp,2011,41.2499638574537
ETH,agriculture_pct_gdp,2010,41.4468200699758
ETH,industry_pct_gdp,2025,27.7637225418579
ETH,industry_pct_gdp,2024,25.3549716563985
ETH,industry_pct_gdp,2023,24.4836822236256
ETH,industry_pct_gdp,2022,22.7175269594537
ETH,industry_pct_gdp,2021,21.8500262627975
ETH,industry_pct_gdp,2020,23.1022952225268
ETH,industry_pct_gdp,2019,24.8223642567601
ETH,industry_pct_gdp,2018,27.3057073073258
ETH,industry_pct_gdp,2017,23.5819066692345
ETH,industry_pct_gdp,2016,21.9325618536317
ETH,industry_pct_gdp,2015,16.2977936386153
ETH,industry_pct_gdp,2014,13.4713245062584
ETH,industry_pct_gdp,2013,10.9445569914695
ETH,industry_pct_gdp,2012,9.47613796506918
ETH,industry_pct_gdp,2011,9.6646421928884
ETH,industry_pct_gdp,2010,9.43512813822331
ETH,manufacturing_pct_gdp,2025,4.20246448198783
ETH,manufacturing_pct_gdp,2024,4.39391406309022
ETH,manufacturing_pct_gdp,2023,4.47900683976997
ETH,manufacturing_pct_gdp,2022,4.24106228559317
ETH,manufacturing_pct_gdp,2021,4.60568847862545
ETH,manufacturing_pct_gdp,2020,5.30328095402222
ETH,manufacturing_pct_gdp,2019,5.59436815447675
ETH,manufacturing_pct_gdp,2018,5.82761795063908
ETH,manufacturing_pct_gdp,2017,6.18658862115693
ETH,manufacturing_pct_gdp,2016,5.69139715520615
ETH,manufacturing_pct_gdp,2015,4.4046191387627
ETH,manufacturing_pct_gdp,2014,3.99132524576571
ETH,manufacturing_pct_gdp,2013,3.702189003056
ETH,manufacturing_pct_gdp,2012,3.42006071889612
ETH,manufacturing_pct_gdp,2011,3.68255139559386
ETH,manufacturing_pct_gdp,2010,3.97390612014563
ETH,services_pct_gdp,2025,36.5746477461315
ETH,services_pct_gdp,2024,37.4719406431566
ETH,services_pct_gdp,2023,36.9795925806776
ETH,services_pct_gdp,2022,36.5535172722288
ETH,services_pct_gdp,2021,36.5357433727102
ETH,services_pct_gdp,2020,36.8280723461663
ETH,services_pct_gdp,2019,37.1502538857618
ETH,services_pct_gdp,2018,36.4097339173082
ETH,services_pct_gdp,2017,36.6336554444575
ETH,services_pct_gdp,2016,36.7245794030803
ETH,services_pct_gdp,2015,39.5457091545031
ETH,services_pct_gdp,2014,39.8920084959331
ETH,services_pct_gdp,2013,39.6700979759192
ETH,services_pct_gdp,2012,38.5815204962798
ETH,services_pct_gdp,2011,41.4300565862634
ETH,services_pct_gdp,2010,41.7550740909194
ETH,external_debt_stock_total_usd,2024,36548259483.3
ETH,external_debt_stock_total_usd,2023,33273672181.5
ETH,external_debt_stock_total_usd,2022,30620768251.9
ETH,external_debt_stock_total_usd,2021,32000197807.2
ETH,external_debt_stock_total_usd,2020,32364057104.1
ETH,external_debt_stock_total_usd,2019,30377335498.2
ETH,external_debt_stock_total_usd,2018,29842524863.7
ETH,external_debt_stock_total_usd,2017,26170602394.7
ETH,external_debt_stock_total_usd,2016,23396722284.1
ETH,external_debt_stock_total_usd,2015,20443875424.1
ETH,external_debt_stock_total_usd,2014,16946037499.2
ETH,external_debt_stock_total_usd,2013,12585463066.0
ETH,external_debt_stock_total_usd,2012,10465118049.7
ETH,external_debt_stock_total_usd,2011,8607523904.7
ETH,external_debt_stock_total_usd,2010,7287411658.5
ETH,external_debt_public_publicly_guaranteed_usd,2024,33950250175.6
ETH,external_debt_public_publicly_guaranteed_usd,2023,31910431158.7
ETH,external_debt_public_publicly_guaranteed_usd,2022,29043868834.0
ETH,external_debt_public_publicly_guaranteed_usd,2021,30152292984.2
ETH,external_debt_public_publicly_guaranteed_usd,2020,31016157752.2
ETH,external_debt_public_publicly_guaranteed_usd,2019,29576811585.8
ETH,external_debt_public_publicly_guaranteed_usd,2018,28851072282.7
ETH,external_debt_public_publicly_guaranteed_usd,2017,25235394829.6
ETH,external_debt_public_publicly_guaranteed_usd,2016,22134594466.1
ETH,external_debt_public_publicly_guaranteed_usd,2015,19497094126.8
ETH,external_debt_public_publicly_guaranteed_usd,2014,16202538305.3
ETH,external_debt_public_publicly_guaranteed_usd,2013,11896356906.9
ETH,external_debt_public_publicly_guaranteed_usd,2012,9944728371.1
ETH,external_debt_public_publicly_guaranteed_usd,2011,7942753673.3
ETH,external_debt_public_publicly_guaranteed_usd,2010,6500051699.6
IND,gdp_per_capita_usd,2025,2702.47987141553
IND,gdp_per_capita_usd,2024,2591.9916607122
IND,gdp_per_capita_usd,2023,2434.44826340989
IND,gdp_per_capita_usd,2022,2279.98145719369
IND,gdp_per_capita_usd,2021,2239.61384367482
IND,gdp_per_capita_usd,2020,1907.04251637669
IND,gdp_per_capita_usd,2019,2041.42863698585
IND,gdp_per_capita_usd,2018,1966.25455171679
IND,gdp_per_capita_usd,2017,1950.10468280866
IND,gdp_per_capita_usd,2016,1707.50892912243
IND,gdp_per_capita_usd,2015,1583.99815907985
IND,gdp_per_capita_usd,2014,1553.88396075118
IND,gdp_per_capita_usd,2013,1432.84397512195
IND,gdp_per_capita_usd,2012,1429.32199520032
IND,gdp_per_capita_usd,2011,1445.46127486037
IND,gdp_per_capita_usd,2010,1347.51939071367
IND,gni_per_capita_atlas_usd,2025,2760.0
IND,gni_per_capita_atlas_usd,2024,2550.0
IND,gni_per_capita_atlas_usd,2023,2490.0
IND,gni_per_capita_atlas_usd,2022,2360.0
IND,gni_per_capita_atlas_usd,2021,2170.0
IND,gni_per_capita_atlas_usd,2020,1900.0
IND,gni_per_capita_atlas_usd,2019,2070.0
IND,gni_per_capita_atlas_usd,2018,1970.0
IND,gni_per_capita_atlas_usd,2017,1790.0
IND,gni_per_capita_atlas_usd,2016,1670.0
IND,gni_per_capita_atlas_usd,2015,1580.0
IND,gni_per_capita_atlas_usd,2014,1540.0
IND,gni_per_capita_atlas_usd,2013,1500.0
IND,gni_per_capita_atlas_usd,2012,1460.0
IND,gni_per_capita_atlas_usd,2011,1350.0
IND,gni_per_capita_atlas_usd,2010,1210.0
IND,population,2025,1463865525.0
IND,population,2024,1450935791.0
IND,population,2023,1438069596.0
IND,population,2022,1425423212.0
IND,population,2021,1414203896.0
IND,population,2020,1402617695.0
IND,population,2019,1389030312.0
IND,population,2018,1374659064.0
IND,population,2017,1359657400.0
IND,population,2016,1343944296.0
IND,population,2015,1328024498.0
IND,population,2014,1312277191.0
IND,population,2013,1295829511.0
IND,population,2012,1278674502.0
IND,population,2011,1261224954.0
IND,population,2010,1243481564.0
IND,life_expectancy_years,2024,72.235
IND,life_expectancy_years,2023,72.003
IND,life_expectancy_years,2022,71.698
IND,life_expectancy_years,2021,67.282
IND,life_expectancy_years,2020,70.156
IND,life_expectancy_years,2019,70.746
IND,life_expectancy_years,2018,70.415
IND,life_expectancy_years,2017,70.068
IND,life_expectancy_years,2016,69.709
IND,life_expectancy_years,2015,69.326
IND,life_expectancy_years,2014,68.932
IND,life_expectancy_years,2013,68.499
IND,life_expectancy_years,2012,68.076
IND,life_expectancy_years,2011,67.623
IND,life_expectancy_years,2010,67.162
IND,access_to_electricity_pct,2024,99.9
IND,access_to_electricity_pct,2023,99.5
IND,access_to_electricity_pct,2022,99.2
IND,access_to_electricity_pct,2021,99.6
IND,access_to_electricity_pct,2020,96.5
IND,access_to_electricity_pct,2019,95.9
IND,access_to_electricity_pct,2018,95.7
IND,access_to_electricity_pct,2017,91.8
IND,access_to_electricity_pct,2016,89.6
IND,access_to_electricity_pct,2015,88.0
IND,access_to_electricity_pct,2014,85.1
IND,access_to_electricity_pct,2013,83.1
IND,access_to_electricity_pct,2012,79.9
IND,access_to_electricity_pct,2011,79.5
IND,access_to_electricity_pct,2010,76.3
IND,internet_users_pct,2025,70.0
IND,internet_users_pct,2024,64.9434967
IND,internet_users_pct,2023,60.25230026
IND,internet_users_pct,2022,55.9
IND,internet_users_pct,2021,49.2580986
IND,internet_users_pct,2020,43.40544313
IND,internet_users_pct,2019,29.52350044
IND,internet_users_pct,2018,20.0813000379384
IND,internet_users_pct,2017,18.20000076
IND,internet_users_pct,2016,16.5
IND,internet_users_pct,2015,14.89999962
IND,internet_users_pct,2014,13.5
IND,internet_users_pct,2013,12.30000019
IND,internet_users_pct,2012,11.10000038
IND,internet_users_pct,2011,10.07
IND,internet_users_pct,2010,7.5
IND,urban_population_pct,2025,35.689155772396
IND,urban_population_pct,2024,35.3788972368389
IND,urban_population_pct,2023,35.0676918424186
IND,urban_population_pct,2022,34.7555673994206
IND,urban_population_pct,2021,34.4425517181304
IND,urban_population_pct,2020,34.1286726088333
IND,urban_population_pct,2019,33.8139578818147
IND,urban_population_pct,2018,33.4984353473598
IND,urban_population_pct,2017,33.1821328157539
IND,urban_population_pct,2016,32.8650780972823
IND,urban_population_pct,2015,32.5472990022299
IND,urban_population_pct,2014,32.2288233408821
IND,urban_population_pct,2013,31.9096789235237
IND,urban_population_pct,2012,31.5898935604399
IND,urban_population_pct,2011,31.2746502853309
IND,urban_population_pct,2010,30.9042190810094
IND,agriculture_pct_gdp,2025,16.2342483910129
IND,agriculture_pct_gdp,2024,17.5735799524173
IND,agriculture_pct_gdp,2023,17.6565389328245
IND,agriculture_pct_gdp,2022,18.2106659929942
IND,agriculture_pct_gdp,2021,17.3725615260314
IND,agriculture_pct_gdp,2020,18.6685376603727
IND,agriculture_pct_gdp,2019,16.7555683032837
IND,agriculture_pct_gdp,2018,16.031630686449
IND,agriculture_pct_gdp,2017,16.5583314049368
IND,agriculture_pct_gdp,2016,16.3638005616331
IND,agriculture_pct_gdp,2015,16.1745081068401
IND,agriculture_pct_gdp,2014,16.7919345145039
IND,agriculture_pct_gdp,2013,17.1484235433697
IND,agriculture_pct_gdp,2012,16.8453770661356
IND,agriculture_pct_gdp,2011,17.191973558015
IND,agriculture_pct_gdp,2010,17.0265090136912
IND,industry_pct_gdp,2025,25.2049600095376
IND,industry_pct_gdp,2024,25.1722625905927
IND,industry_pct_gdp,2023,25.5525555206094
IND,industry_pct_gdp,2022,25.6040259797277
IND,industry_pct_gdp,2021,26.466523606501
IND,industry_pct_gdp,2020,25.1229058078344
IND,industry_pct_gdp,2019,24.5914753075066
IND,industry_pct_gdp,2018,26.4120919013735
IND,industry_pct_gdp,2017,26.5000166464804
IND,industry_pct_gdp,2016,26.6189999399789
IND,industry_pct_gdp,2015,27.34739147794
IND,industry_pct_gdp,2014,27.6564012026443
IND,industry_pct_gdp,2013,28.4048995600246
IND,industry_pct_gdp,2012,29.3985276965289
IND,industry_pct_gdp,2011,30.1616797630407
IND,industry_pct_gdp,2010,30.7250782285817
IND,manufacturing_pct_gdp,2025,13.4710550684648
IND,manufacturing_pct_gdp,2024,13.1392199491326
IND,manufacturing_pct_gdp,2023,13.312843875072
IND,manufacturing_pct_gdp,2022,13.3327202623974
IND,manufacturing_pct_gdp,2021,14.3770288531286
IND,manufacturing_pct_gdp,2020,14.1204853576923
IND,manufacturing_pct_gdp,2019,13.4558075633394
IND,manufacturing_pct_gdp,2018,14.8815306673017
IND,manufacturing_pct_gdp,2017,15.0182387501718
IND,manufacturing_pct_gdp,2016,15.1622371332529
IND,manufacturing_pct_gdp,2015,15.5838545863713
IND,manufacturing_pct_gdp,2014,15.0655701107589
IND,manufacturing_pct_gdp,2013,15.253022692586
IND,manufacturing_pct_gdp,2012,15.8169230071066
IND,manufacturing_pct_gdp,2011,16.1393374446289
IND,manufacturing_pct_gdp,2010,17.0299342498624
IND,services_pct_gdp,2025,49.337715077834
IND,services_pct_gdp,2024,47.9706270733631
IND,services_pct_gdp,2023,47.5864648020094
IND,services_pct_gdp,2022,47.1727519374304
IND,services_pct_gdp,2021,47.8472234596709
IND,services_pct_gdp,2020,47.9326881092162
IND,services_pct_gdp,2019,50.0849578546822
IND,services_pct_gdp,2018,48.4315663156522
IND,services_pct_gdp,2017,47.6708899682407
IND,services_pct_gdp,2016,47.7494012900074
IND,services_pct_gdp,2015,47.7837481204463
IND,services_pct_gdp,2014,47.8224137556558
IND,services_pct_gdp,2013,46.6987147692338
IND,services_pct_gdp,2012,46.3011472980511
IND,services_pct_gdp,2011,45.4421452512796
IND,services_pct_gdp,2010,45.0337495625601
IND,external_debt_stock_total_usd,2024,716456023890.4
IND,external_debt_stock_total_usd,2023,647556415555.5
IND,external_debt_stock_total_usd,2022,615514904164.5
IND,external_debt_stock_total_usd,2021,611987174447.7
IND,external_debt_stock_total_usd,2020,564979321177.1
IND,external_debt_stock_total_usd,2019,561017395481.3
IND,external_debt_stock_total_usd,2018,521175685410.0
IND,external_debt_stock_total_usd,2017,511575707373.6
IND,external_debt_stock_total_usd,2016,455541896498.9
IND,external_debt_stock_total_usd,2015,478831010025.1
IND,external_debt_stock_total_usd,2014,457507409077.4
IND,external_debt_stock_total_usd,2013,427245079805.9
IND,external_debt_stock_total_usd,2012,392576050359.7
IND,external_debt_stock_total_usd,2011,334399298473.1
IND,external_debt_stock_total_usd,2010,290427544563.2
IND,external_debt_public_publicly_guaranteed_usd,2024,238949800499.3
IND,external_debt_public_publicly_guaranteed_usd,2023,214911618610.1
IND,external_debt_public_publicly_guaranteed_usd,2022,205217150708.4
IND,external_debt_public_publicly_guaranteed_usd,2021,205281682146.0
IND,external_debt_public_publicly_guaranteed_usd,2020,192805075629.9
IND,external_debt_public_publicly_guaranteed_usd,2019,192007477543.8
IND,external_debt_public_publicly_guaranteed_usd,2018,180539953724.2
IND,external_debt_public_publicly_guaranteed_usd,2017,183017515967.3
IND,external_debt_public_publicly_guaranteed_usd,2016,153013284921.7
IND,external_debt_public_publicly_guaranteed_usd,2015,162310887267.5
IND,external_debt_public_publicly_guaranteed_usd,2014,152515175893.8
IND,external_debt_public_publicly_guaranteed_usd,2013,121461812286.0
IND,external_debt_public_publicly_guaranteed_usd,2012,119894791006.4
IND,external_debt_public_publicly_guaranteed_usd,2011,107925728806.8
IND,external_debt_public_publicly_guaranteed_usd,2010,100563268387.3
IND,external_debt_private_nonguaranteed_usd,2024,316357573000.0
IND,external_debt_private_nonguaranteed_usd,2023,283349552000.0
IND,external_debt_private_nonguaranteed_usd,2022,260404303000.0
IND,external_debt_private_nonguaranteed_usd,2021,268901719000.0
IND,external_debt_private_nonguaranteed_usd,2020,262911384000.0
IND,external_debt_private_nonguaranteed_usd,2019,256729144000.0
IND,external_debt_private_nonguaranteed_usd,2018,231178894000.0
IND,external_debt_private_nonguaranteed_usd,2017,225284025000.0
IND,external_debt_private_nonguaranteed_usd,2016,213247629000.0
IND,external_debt_private_nonguaranteed_usd,2015,229444505000.0
IND,external_debt_private_nonguaranteed_usd,2014,213654172000.0
IND,external_debt_private_nonguaranteed_usd,2013,206950691000.0
IND,external_debt_private_nonguaranteed_usd,2012,173217995000.0
IND,external_debt_private_nonguaranteed_usd,2011,142313869000.0
IND,external_debt_private_nonguaranteed_usd,2010,127289639000.0
IRN,gdp_per_capita_usd,2025,3924.38017821898
IRN,gdp_per_capita_usd,2024,5190.16959024821
IRN,gdp_per_capita_usd,2023,5049.29931642754
IRN,gdp_per_capita_usd,2022,4721.20437099984
IRN,gdp_per_capita_usd,2021,4605.14881318992
IRN,gdp_per_capita_usd,2020,3202.50003502169
IRN,gdp_per_capita_usd,2019,3997.4935449585
IRN,gdp_per_capita_usd,2018,4783.01067340237
IRN,gdp_per_capita_usd,2017,6000.93346404409
IRN,gdp_per_capita_usd,2016,5710.59947089104
IRN,gdp_per_capita_usd,2015,4952.73355532178
IRN,gdp_per_capita_usd,2014,5672.06372896319
IRN,gdp_per_capita_usd,2013,6222.74194840326
IRN,gdp_per_capita_usd,2012,8114.08099831877
IRN,gdp_per_capita_usd,2011,8025.68743364356
IRN,gdp_per_capita_usd,2010,6291.19443655454
IRN,gni_per_capita_atlas_usd,2025,4650.0
IRN,gni_per_capita_atlas_usd,2024,5130.0
IRN,gni_per_capita_atlas_usd,2023,5070.0
IRN,gni_per_capita_atlas_usd,2022,4390.0
IRN,gni_per_capita_atlas_usd,2021,4110.0
IRN,gni_per_capita_atlas_usd,2020,3980.0
IRN,gni_per_capita_atlas_usd,2019,4710.0
IRN,gni_per_capita_atlas_usd,2018,5390.0
IRN,gni_per_capita_atlas_usd,2017,5640.0
IRN,gni_per_capita_atlas_usd,2016,5530.0
IRN,gni_per_capita_atlas_usd,2015,5460.0
IRN,gni_per_capita_atlas_usd,2014,6660.0
IRN,gni_per_capita_atlas_usd,2013,7220.0
IRN,gni_per_capita_atlas_usd,2012,7310.0
IRN,gni_per_capita_atlas_usd,2011,6680.0
IRN,gni_per_capita_atlas_usd,2010,5910.0
IRN,population,2025,92417681.0
IRN,population,2024,91567738.0
IRN,population,2023,90608707.0
IRN,population,2022,89524246.0
IRN,population,2021,88455488.0
IRN,population,2020,87723443.0
IRN,population,2019,87051648.0
IRN,population,2018,86117998.0
IRN,population,2017,85026754.0
IRN,population,2016,83812228.0
IRN,population,2015,82619362.0
IRN,population,2014,81502045.0
IRN,population,2013,80414686.0
IRN,population,2012,79370580.0
IRN,population,2011,78383598.0
IRN,population,2010,77420842.0
IRN,life_expectancy_years,2024,77.854
IRN,life_expectancy_years,2023,77.654
IRN,life_expectancy_years,2022,76.799
IRN,life_expectancy_years,2021,73.752
IRN,life_expectancy_years,2020,74.141
IRN,life_expectancy_years,2019,76.855
IRN,life_expectancy_years,2018,76.621
IRN,life_expectancy_years,2017,76.396
IRN,life_expectancy_years,2016,76.155
IRN,life_expectancy_years,2015,75.907
IRN,life_expectancy_years,2014,75.635
IRN,life_expectancy_years,2013,75.349
IRN,life_expectancy_years,2012,75.039
IRN,life_expectancy_years,2011,74.721
IRN,life_expectancy_years,2010,74.39
IRN,access_to_electricity_pct,2024,100.0
IRN,access_to_electricity_pct,2023,100.0
IRN,access_to_electricity_pct,2022,100.0
IRN,access_to_electricity_pct,2021,100.0
IRN,access_to_electricity_pct,2020,100.0
IRN,access_to_electricity_pct,2019,100.0
IRN,access_to_electricity_pct,2018,100.0
IRN,access_to_electricity_pct,2017,99.9
IRN,access_to_electricity_pct,2016,100.0
IRN,access_to_electricity_pct,2015,100.0
IRN,access_to_electricity_pct,2014,100.0
IRN,access_to_electricity_pct,2013,99.8
IRN,access_to_electricity_pct,2012,99.5
IRN,access_to_electricity_pct,2011,99.5
IRN,access_to_electricity_pct,2010,99.4
IRN,internet_users_pct,2024,85.3404007
IRN,internet_users_pct,2023,83.71050262
IRN,internet_users_pct,2022,81.71649933
IRN,internet_users_pct,2021,78.5957366
IRN,internet_users_pct,2020,75.56986637
IRN,internet_users_pct,2019,72.4509047672065
IRN,internet_users_pct,2018,70.2005650008363
IRN,internet_users_pct,2017,64.0439736249513
IRN,internet_users_pct,2016,53.2267716709857
IRN,internet_users_pct,2015,45.3349761533285
IRN,internet_users_pct,2014,39.353614505223
IRN,internet_users_pct,2013,29.95
IRN,internet_users_pct,2012,22.73
IRN,internet_users_pct,2011,19.0
IRN,internet_users_pct,2010,15.9
IRN,urban_population_pct,2025,77.3761530941751
IRN,urban_population_pct,2024,77.0201263427734
IRN,urban_population_pct,2023,76.6759567260742
IRN,urban_population_pct,2022,76.3342208862305
IRN,urban_population_pct,2021,75.9926376342773
IRN,urban_population_pct,2020,75.5986404418945
IRN,urban_population_pct,2019,75.2038879394531
IRN,urban_population_pct,2018,74.8034286499023
IRN,urban_population_pct,2017,74.4011840820312
IRN,urban_population_pct,2016,73.8796100096595
IRN,urban_population_pct,2015,73.3561403575949
IRN,urban_population_pct,2014,72.8324070385223
IRN,urban_population_pct,2013,72.3030873515412
IRN,urban_population_pct,2012,71.7633634041294
IRN,urban_population_pct,2011,71.204050944517
IRN,urban_population_pct,2010,70.6092626774386
IRN,agriculture_pct_gdp,2025,10.5944482254371
IRN,agriculture_pct_gdp,2024,10.8003685937198
IRN,agriculture_pct_gdp,2023,10.750872506583
IRN,agriculture_pct_gdp,2022,10.6950417706195
IRN,agriculture_pct_gdp,2021,10.6344854027271
IRN,agriculture_pct_gdp,2020,11.6933506979702
IRN,agriculture_pct_gdp,2019,11.8081014676882
IRN,agriculture_pct_gdp,2018,9.63092024660805
IRN,agriculture_pct_gdp,2017,8.49044927227644
IRN,agriculture_pct_gdp,2016,8.44788029281743
IRN,agriculture_pct_gdp,2015,10.0916014141126
IRN,agriculture_pct_gdp,2014,9.37842415684426
IRN,agriculture_pct_gdp,2013,8.77490977276026
IRN,agriculture_pct_gdp,2012,6.79693716710654
IRN,agriculture_pct_gdp,2011,4.64211620456629
IRN,agriculture_pct_gdp,2010,6.49939072557201
IRN,industry_pct_gdp,2025,39.6408220367612
IRN,industry_pct_gdp,2024,36.0697233713856
IRN,industry_pct_gdp,2023,38.7761581460708
IRN,industry_pct_gdp,2022,41.2187779051327
IRN,industry_pct_gdp,2021,39.2258766162135
IRN,industry_pct_gdp,2020,37.2091421301924
IRN,industry_pct_gdp,2019,33.4149250633862
IRN,industry_pct_gdp,2018,37.1484284566829
IRN,industry_pct_gdp,2017,36.1413931191139
IRN,industry_pct_gdp,2016,34.3222829592861
IRN,industry_pct_gdp,2015,32.1747396532204
IRN,industry_pct_gdp,2014,39.2282280462408
IRN,industry_pct_gdp,2013,42.7788684660118
IRN,industry_pct_gdp,2012,42.0941632127045
IRN,industry_pct_gdp,2011,46.2322885720868
IRN,industry_pct_gdp,2010,44.2093794197457
IRN,manufacturing_pct_gdp,2024,20.5908961207021
IRN,manufacturing_pct_gdp,2023,21.6209508991788
IRN,manufacturing_pct_gdp,2022,22.2248337587519
IRN,manufacturing_pct_gdp,2021,23.4410696987665
IRN,manufacturing_pct_gdp,2020,22.8664333169659
IRN,manufacturing_pct_gdp,2019,18.6553365055555
IRN,manufacturing_pct_gdp,2018,16.2321484820513
IRN,manufacturing_pct_gdp,2017,14.1352502087451
IRN,manufacturing_pct_gdp,2016,13.3188366338022
IRN,manufacturing_pct_gdp,2015,13.4507444091979
IRN,manufacturing_pct_gdp,2014,15.5847556165887
IRN,manufacturing_pct_gdp,2013,15.7296956213052
IRN,manufacturing_pct_gdp,2012,16.3771989024111
IRN,manufacturing_pct_gdp,2011,13.7921914678481
IRN,manufacturing_pct_gdp,2010,12.7839080636811
IRN,services_pct_gdp,2025,47.0937322635311
IRN,services_pct_gdp,2024,49.7874655706935
IRN,services_pct_gdp,2023,47.6289165729509
IRN,services_pct_gdp,2022,45.3409025944645
IRN,services_pct_gdp,2021,47.7420163958042
IRN,services_pct_gdp,2020,48.8099207761974
IRN,services_pct_gdp,2019,51.6940341555612
IRN,services_pct_gdp,2018,50.0804565914419
IRN,services_pct_gdp,2017,52.2187211572302
IRN,services_pct_gdp,2016,54.0362259638003
IRN,services_pct_gdp,2015,55.1819574554845
IRN,services_pct_gdp,2014,49.3556902392447
IRN,services_pct_gdp,2013,47.6419116595481
IRN,services_pct_gdp,2012,50.4291162835523
IRN,services_pct_gdp,2011,48.7236875755503
IRN,services_pct_gdp,2010,51.1373145239641
IRN,external_debt_stock_total_usd,2024,9654298895.5
IRN,external_debt_stock_total_usd,2023,9900872535.1
IRN,external_debt_stock_total_usd,2022,9459955524.4
IRN,external_debt_stock_total_usd,2021,10348874166.9
IRN,external_debt_stock_total_usd,2020,5433188395.8
IRN,external_debt_stock_total_usd,2019,4855393068.1
IRN,external_debt_stock_total_usd,2018,5773699803.6
IRN,external_debt_stock_total_usd,2017,6819093933.4
IRN,external_debt_stock_total_usd,2016,6058410415.5
IRN,external_debt_stock_total_usd,2015,6455859301.0
IRN,external_debt_stock_total_usd,2014,5817911004.0
IRN,external_debt_stock_total_usd,2013,7013042464.9
IRN,external_debt_stock_total_usd,2012,7481954468.2
IRN,external_debt_stock_total_usd,2011,17260291984.0
IRN,external_debt_stock_total_usd,2010,19768742370.1
IRN,external_debt_public_publicly_guaranteed_usd,2024,323488047.1
IRN,external_debt_public_publicly_guaranteed_usd,2023,388146480.3
IRN,external_debt_public_publicly_guaranteed_usd,2022,396711185.2
IRN,external_debt_public_publicly_guaranteed_usd,2021,332365274.2
IRN,external_debt_public_publicly_guaranteed_usd,2020,418801442.7
IRN,external_debt_public_publicly_guaranteed_usd,2019,370082138.3
IRN,external_debt_public_publicly_guaranteed_usd,2018,437139539.8
IRN,external_debt_public_publicly_guaranteed_usd,2017,589258286.2
IRN,external_debt_public_publicly_guaranteed_usd,2016,826827142.6
IRN,external_debt_public_publicly_guaranteed_usd,2015,2460324353.0
IRN,external_debt_public_publicly_guaranteed_usd,2014,3320128109.2
IRN,external_debt_public_publicly_guaranteed_usd,2013,4040211250.8
IRN,external_debt_public_publicly_guaranteed_usd,2012,4347214490.5
IRN,external_debt_public_publicly_guaranteed_usd,2011,4750904847.8
IRN,external_debt_public_publicly_guaranteed_usd,2010,5959567188.3
IRN,external_debt_private_nonguaranteed_usd,2024,727358000.0
IRN,external_debt_private_nonguaranteed_usd,2023,727358000.0
IRN,external_debt_private_nonguaranteed_usd,2022,727358000.0
IRN,external_debt_private_nonguaranteed_usd,2021,727358000.0
IRN,external_debt_private_nonguaranteed_usd,2020,893910000.0
IRN,external_debt_private_nonguaranteed_usd,2019,914686000.0
IRN,external_debt_private_nonguaranteed_usd,2018,1199674000.0
IRN,external_debt_private_nonguaranteed_usd,2017,0.0
IRN,external_debt_private_nonguaranteed_usd,2016,0.0
IRN,external_debt_private_nonguaranteed_usd,2015,0.0
IRN,external_debt_private_nonguaranteed_usd,2014,0.0
IRN,external_debt_private_nonguaranteed_usd,2013,0.0
IRN,external_debt_private_nonguaranteed_usd,2012,0.0
IRN,external_debt_private_nonguaranteed_usd,2011,0.0
IRN,external_debt_private_nonguaranteed_usd,2010,0.0
IRQ,gdp_per_capita_usd,2025,5409.67899716967
IRQ,gdp_per_capita_usd,2024,6073.61032342708
IRQ,gdp_per_capita_usd,2023,5965.31835077761
IRQ,gdp_per_capita_usd,2022,6520.73154560584
IRQ,gdp_per_capita_usd,2021,4868.49431080783
IRQ,gdp_per_capita_usd,2020,4295.18945121228
IRQ,gdp_per_capita_usd,2019,5671.8568632942
IRQ,gdp_per_capita_usd,2018,5646.68932074742
IRQ,gdp_per_capita_usd,2017,4759.2846435467
IRQ,gdp_per_capita_usd,2016,4334.42096404188
IRQ,gdp_per_capita_usd,2015,4440.14189252367
IRQ,gdp_per_capita_usd,2014,6249.39226978969
IRQ,gdp_per_capita_usd,2013,6650.35282247395
IRQ,gdp_per_capita_usd,2012,6477.59618450955
IRQ,gdp_per_capita_usd,2011,5775.54229080293
IRQ,gdp_per_capita_usd,2010,4461.75196161555
IRQ,gni_per_capita_atlas_usd,2025,5690.0
IRQ,gni_per_capita_atlas_usd,2024,6030.0
IRQ,gni_per_capita_atlas_usd,2023,5920.0
IRQ,gni_per_capita_atlas_usd,2022,5510.0
IRQ,gni_per_capita_atlas_usd,2021,4740.0
IRQ,gni_per_capita_atlas_usd,2020,4720.0
IRQ,gni_per_capita_atlas_usd,2019,5520.0
IRQ,gni_per_capita_atlas_usd,2018,4820.0
IRQ,gni_per_capita_atlas_usd,2017,4430.0
IRQ,gni_per_capita_atlas_usd,2016,5060.0
IRQ,gni_per_capita_atlas_usd,2015,5460.0
IRQ,gni_per_capita_atlas_usd,2014,6440.0
IRQ,gni_per_capita_atlas_usd,2013,6620.0
IRQ,gni_per_capita_atlas_usd,2012,5980.0
IRQ,gni_per_capita_atlas_usd,2011,4740.0
IRQ,gni_per_capita_atlas_usd,2010,4390.0
IRQ,population,2025,47020774.0
IRQ,population,2024,46042015.0
IRQ,population,2023,45074049.0
IRQ,population,2022,44070551.0
IRQ,population,2021,43071211.0
IRQ,population,2020,42116605.0
IRQ,population,2019,41192171.0
IRQ,population,2018,40265624.0
IRQ,population,2017,39337353.0
IRQ,population,2016,38469627.0
IRQ,population,2015,37560535.0
IRQ,population,2014,36550059.0
IRQ,population,2013,35281989.0
IRQ,population,2012,33654842.0
IRQ,population,2011,32161424.0
IRQ,population,2010,31045366.0
IRQ,life_expectancy_years,2024,72.424
IRQ,life_expectancy_years,2023,72.324
IRQ,life_expectancy_years,2022,72.037
IRQ,life_expectancy_years,2021,70.704
IRQ,life_expectancy_years,2020,69.651
IRQ,life_expectancy_years,2019,71.245
IRQ,life_expectancy_years,2018,71.116
IRQ,life_expectancy_years,2017,69.788
IRQ,life_expectancy_years,2016,68.683
IRQ,life_expectancy_years,2015,69.977
IRQ,life_expectancy_years,2014,69.679
IRQ,life_expectancy_years,2013,69.047
IRQ,life_expectancy_years,2012,68.827
IRQ,life_expectancy_years,2011,68.435
IRQ,life_expectancy_years,2010,68.092
IRQ,access_to_electricity_pct,2024,100.0
IRQ,access_to_electricity_pct,2023,100.0
IRQ,access_to_electricity_pct,2022,100.0
IRQ,access_to_electricity_pct,2021,100.0
IRQ,access_to_electricity_pct,2020,100.0
IRQ,access_to_electricity_pct,2019,100.0
IRQ,access_to_electricity_pct,2018,99.9
IRQ,access_to_electricity_pct,2017,99.9
IRQ,access_to_electricity_pct,2016,99.7
IRQ,access_to_electricity_pct,2015,99.4
IRQ,access_to_electricity_pct,2014,99.2
IRQ,access_to_electricity_pct,2013,99.0
IRQ,access_to_electricity_pct,2012,99.3
IRQ,access_to_electricity_pct,2011,98.0
IRQ,access_to_electricity_pct,2010,98.4
IRQ,internet_users_pct,2024,81.47450256
IRQ,internet_users_pct,2023,81.80889893
IRQ,internet_users_pct,2022,78.71560926
IRQ,internet_users_pct,2021,65.00219727
IRQ,internet_users_pct,2020,53.67779922
IRQ,internet_users_pct,2019,44.3263465511579
IRQ,internet_users_pct,2018,33.92810059
IRQ,internet_users_pct,2017,25.96920013
IRQ,internet_users_pct,2016,19.87719917
IRQ,internet_users_pct,2015,15.21440029
IRQ,internet_users_pct,2014,11.6453267304545
IRQ,internet_users_pct,2013,9.199999809
IRQ,internet_users_pct,2012,7.099999905
IRQ,internet_users_pct,2011,5.0
IRQ,internet_users_pct,2010,2.5
IRQ,urban_population_pct,2025,69.9396739468105
IRQ,urban_population_pct,2024,69.8861494108913
IRQ,urban_population_pct,2023,69.868278503418
IRQ,urban_population_pct,2022,69.8682861328125
IRQ,urban_population_pct,2021,69.8682708740234
IRQ,urban_population_pct,2020,69.8683166503906
IRQ,urban_population_pct,2019,69.8683395385742
IRQ,urban_population_pct,2018,69.8765148865842
IRQ,urban_population_pct,2017,69.8944511190753
IRQ,urban_population_pct,2016,69.9123778259643
IRQ,urban_population_pct,2015,69.920524597168
IRQ,urban_population_pct,2014,69.6666641235352
IRQ,urban_population_pct,2013,69.444450378418
IRQ,urban_population_pct,2012,69.2222213745117
IRQ,urban_population_pct,2011,69.1252233869916
IRQ,urban_population_pct,2010,69.0582953378474
IRQ,agriculture_pct_gdp,2025,3.41368848141125
IRQ,agriculture_pct_gdp,2024,3.39457505861722
IRQ,agriculture_pct_gdp,2023,3.10603121448412
IRQ,agriculture_pct_gdp,2022,2.05870621388374
IRQ,agriculture_pct_gdp,2021,3.27919752953038
IRQ,agriculture_pct_gdp,2020,6.08867414692412
IRQ,agriculture_pct_gdp,2019,3.77000825306199
IRQ,agriculture_pct_gdp,2018,2.81581764320492
IRQ,agriculture_pct_gdp,2017,2.97672780101335
IRQ,agriculture_pct_gdp,2016,3.97718981146129
IRQ,agriculture_pct_gdp,2015,4.19186817517212
IRQ,agriculture_pct_gdp,2014,4.92940777204755
IRQ,agriculture_pct_gdp,2013,4.76843971585529
IRQ,agriculture_pct_gdp,2012,4.12427143758484
IRQ,agriculture_pct_gdp,2011,4.56377343749618
IRQ,agriculture_pct_gdp,2010,5.16228354680036
IRQ,industry_pct_gdp,2025,45.3907401476956
IRQ,industry_pct_gdp,2024,51.5717701751509
IRQ,industry_pct_gdp,2023,53.9604851597879
IRQ,industry_pct_gdp,2022,65.2721245594509
IRQ,industry_pct_gdp,2021,54.6088877710074
IRQ,industry_pct_gdp,2020,39.9040972152303
IRQ,industry_pct_gdp,2019,53.1094032824868
IRQ,industry_pct_gdp,2018,54.1699427538136
IRQ,industry_pct_gdp,2017,51.3296814634291
IRQ,industry_pct_gdp,2016,46.1825020614016
IRQ,industry_pct_gdp,2015,45.340288824262
IRQ,industry_pct_gdp,2014,55.3075963759279
IRQ,industry_pct_gdp,2013,57.69152678908
IRQ,industry_pct_gdp,2012,60.576988513607
IRQ,industry_pct_gdp,2011,62.5480287876873
IRQ,industry_pct_gdp,2010,55.7934951548678
IRQ,manufacturing_pct_gdp,2025,3.99653911601582
IRQ,manufacturing_pct_gdp,2024,4.08706182141497
IRQ,manufacturing_pct_gdp,2023,3.01603625131993
IRQ,manufacturing_pct_gdp,2022,2.24623679872033
IRQ,manufacturing_pct_gdp,2021,2.47340478053043
IRQ,manufacturing_pct_gdp,2020,2.5884272681538
IRQ,manufacturing_pct_gdp,2019,2.13753149649538
IRQ,manufacturing_pct_gdp,2018,2.03197771830623
IRQ,manufacturing_pct_gdp,2017,2.17439874253532
IRQ,manufacturing_pct_gdp,2016,2.25286887717333
IRQ,manufacturing_pct_gdp,2015,2.1752084247609
IRQ,manufacturing_pct_gdp,2014,1.87706381634762
IRQ,manufacturing_pct_gdp,2013,2.29763484409581
IRQ,manufacturing_pct_gdp,2012,2.72177631792452
IRQ,manufacturing_pct_gdp,2011,2.82190329286093
IRQ,manufacturing_pct_gdp,2010,2.26990680451983
IRQ,services_pct_gdp,2025,52.2722650068713
IRQ,services_pct_gdp,2024,45.76618170304
IRQ,services_pct_gdp,2023,43.6679408901657
IRQ,services_pct_gdp,2022,33.1587203052795
IRQ,services_pct_gdp,2021,42.6181068349405
IRQ,services_pct_gdp,2020,54.8196487805
IRQ,services_pct_gdp,2019,44.4241091757329
IRQ,services_pct_gdp,2018,44.1911800508283
IRQ,services_pct_gdp,2017,47.0337230035122
IRQ,services_pct_gdp,2016,50.7798718007565
IRQ,services_pct_gdp,2015,51.2496561823717
IRQ,services_pct_gdp,2014,40.1122330492623
IRQ,services_pct_gdp,2013,37.9634247963375
IRQ,services_pct_gdp,2012,35.8893880581268
IRQ,services_pct_gdp,2011,33.4821077639761
IRQ,services_pct_gdp,2010,39.6860480275684
IRQ,external_debt_stock_total_usd,2024,17517006333.0
IRQ,external_debt_stock_total_usd,2023,20318433379.4
IRQ,external_debt_stock_total_usd,2022,22722727263.8
IRQ,external_debt_stock_total_usd,2021,25360186233.3
IRQ,external_debt_stock_total_usd,2020,26328297576.5
IRQ,external_debt_stock_total_usd,2019,27486478709.1
IRQ,external_debt_stock_total_usd,2018,27797448159.7
IRQ,external_debt_stock_total_usd,2017,28081416224.6
IRQ,external_debt_stock_total_usd,2016,23353445730.2
IRQ,external_debt_stock_total_usd,2015,19135602755.0
IRQ,external_debt_public_publicly_guaranteed_usd,2024,12931630316.7
IRQ,external_debt_public_publicly_guaranteed_usd,2023,15685589004.2
IRQ,external_debt_public_publicly_guaranteed_usd,2022,17935651987.7
IRQ,external_debt_public_publicly_guaranteed_usd,2021,20613870737.4
IRQ,external_debt_public_publicly_guaranteed_usd,2020,22804738064.5
IRQ,external_debt_public_publicly_guaranteed_usd,2019,22705596068.1
IRQ,external_debt_public_publicly_guaranteed_usd,2018,22475314270.2
IRQ,external_debt_public_publicly_guaranteed_usd,2017,21978614420.3
IRQ,external_debt_public_publicly_guaranteed_usd,2016,18147231927.8
IRQ,external_debt_public_publicly_guaranteed_usd,2015,15545223030.9
IRQ,external_debt_private_nonguaranteed_usd,2024,300000000.0
ISR,gdp_per_capita_usd,2025,60336.8477964194
ISR,gdp_per_capita_usd,2024,54216.5218142787
ISR,gdp_per_capita_usd,2023,52126.4489280033
ISR,gdp_per_capita_usd,2022,54947.2091250715
ISR,gdp_per_capita_usd,2021,52258.4693499398
ISR,gdp_per_capita_usd,2020,44590.8237253282
ISR,gdp_per_capita_usd,2019,44091.8678022544
ISR,gdp_per_capita_usd,2018,42269.3770257585
ISR,gdp_per_capita_usd,2017,41013.2575323519
ISR,gdp_per_capita_usd,2016,37571.2561196275
ISR,gdp_per_capita_usd,2015,36138.13561386
ISR,gdp_per_capita_usd,2014,38265.3651949373
ISR,gdp_per_capita_usd,2013,36980.622214228
ISR,gdp_per_capita_usd,2012,33268.7066672115
ISR,gdp_per_capita_usd,2011,34476.7252065949
ISR,gdp_per_capita_usd,2010,31398.9266927022
ISR,gni_per_capita_atlas_usd,2025,56180.0
ISR,gni_per_capita_atlas_usd,2024,53090.0
ISR,gni_per_capita_atlas_usd,2023,54480.0
ISR,gni_per_capita_atlas_usd,2022,55460.0
ISR,gni_per_capita_atlas_usd,2021,49640.0
ISR,gni_per_capita_atlas_usd,2020,43330.0
ISR,gni_per_capita_atlas_usd,2019,44110.0
ISR,gni_per_capita_atlas_usd,2018,41960.0
ISR,gni_per_capita_atlas_usd,2017,38600.0
ISR,gni_per_capita_atlas_usd,2016,37240.0
ISR,gni_per_capita_atlas_usd,2015,36900.0
ISR,gni_per_capita_atlas_usd,2014,37000.0
ISR,gni_per_capita_atlas_usd,2013,35470.0
ISR,gni_per_capita_atlas_usd,2012,33500.0
ISR,gni_per_capita_atlas_usd,2011,32820.0
ISR,gni_per_capita_atlas_usd,2010,30770.0
ISR,population,2025,10122800.0
ISR,population,2024,10002200.0
ISR,population,2023,9849000.0
ISR,population,2022,9557500.0
ISR,population,2021,9371400.0
ISR,population,2020,9215100.0
ISR,population,2019,9054000.0
ISR,population,2018,8882800.0
ISR,population,2017,8713300.0
ISR,population,2016,8546000.0
ISR,population,2015,8380100.0
ISR,population,2014,8215700.0
ISR,population,2013,8059500.0
ISR,population,2012,7910500.0
ISR,population,2011,7765800.0
ISR,population,2010,7623600.0
ISR,life_expectancy_years,2024,83.1975609756098
ISR,life_expectancy_years,2023,83.1951219512195
ISR,life_expectancy_years,2022,82.7
ISR,life_expectancy_years,2021,82.5
ISR,life_expectancy_years,2020,82.6487804878049
ISR,life_expectancy_years,2019,82.8048780487805
ISR,life_expectancy_years,2018,82.8024390243903
ISR,life_expectancy_years,2017,82.5512195121951
ISR,life_expectancy_years,2016,82.4073170731707
ISR,life_expectancy_years,2015,82.0512195121951
ISR,life_expectancy_years,2014,82.1536585365854
ISR,life_expectancy_years,2013,82.0560975609756
ISR,life_expectancy_years,2012,81.7048780487805
ISR,life_expectancy_years,2011,81.6560975609756
ISR,life_expectancy_years,2010,81.6024390243903
ISR,access_to_electricity_pct,2024,100.0
ISR,access_to_electricity_pct,2023,100.0
ISR,access_to_electricity_pct,2022,100.0
ISR,access_to_electricity_pct,2021,100.0
ISR,access_to_electricity_pct,2020,100.0
ISR,access_to_electricity_pct,2019,100.0
ISR,access_to_electricity_pct,2018,100.0
ISR,access_to_electricity_pct,2017,100.0
ISR,access_to_electricity_pct,2016,100.0
ISR,access_to_electricity_pct,2015,100.0
ISR,access_to_electricity_pct,2014,100.0
ISR,access_to_electricity_pct,2013,100.0
ISR,access_to_electricity_pct,2012,100.0
ISR,access_to_electricity_pct,2011,100.0
ISR,access_to_electricity_pct,2010,100.0
ISR,internet_users_pct,2024,88.18242225
ISR,internet_users_pct,2023,87.03842615
ISR,internet_users_pct,2022,91.85079615
ISR,internet_users_pct,2021,90.29689758
ISR,internet_users_pct,2020,90.12734091
ISR,internet_users_pct,2019,86.7878776180583
ISR,internet_users_pct,2018,83.7331569615326
ISR,internet_users_pct,2017,81.5811835871611
ISR,internet_users_pct,2016,79.6531241815281
ISR,internet_users_pct,2015,77.3520896572253
ISR,internet_users_pct,2014,75.0177531628076
ISR,internet_users_pct,2013,70.250311945
ISR,internet_users_pct,2012,70.8
ISR,internet_users_pct,2011,68.8738779907441
ISR,internet_users_pct,2010,67.5
ISR,urban_population_pct,2025,91.5783060866328
ISR,urban_population_pct,2024,91.536188843818
ISR,urban_population_pct,2023,91.5089569794505
ISR,urban_population_pct,2022,91.4979834273327
ISR,urban_population_pct,2021,91.5353517549466
ISR,urban_population_pct,2020,91.5788453228939
ISR,urban_population_pct,2019,91.6154002002652
ISR,urban_population_pct,2018,91.6456193546346
ISR,urban_population_pct,2017,91.6701057535759
ISR,urban_population_pct,2016,91.6894623646632
ISR,urban_population_pct,2015,91.7042921554705
ISR,urban_population_pct,2014,91.7151980935716
ISR,urban_population_pct,2013,91.7227831465406
ISR,urban_population_pct,2012,91.7276502819515
ISR,urban_population_pct,2011,91.7304024673781
ISR,urban_population_pct,2010,91.7316426703946
ISR,agriculture_pct_gdp,2024,1.28513289583824
ISR,agriculture_pct_gdp,2023,1.39228590650126
ISR,agriculture_pct_gdp,2022,1.18596323576565
ISR,agriculture_pct_gdp,2021,1.33051800415199
ISR,agriculture_pct_gdp,2020,1.37217783069975
ISR,agriculture_pct_gdp,2019,1.35332886174885
ISR,agriculture_pct_gdp,2018,1.39351241557999
ISR,agriculture_pct_gdp,2017,1.44031962010396
ISR,agriculture_pct_gdp,2016,1.45872080858947
ISR,agriculture_pct_gdp,2015,1.42574237362895
ISR,agriculture_pct_gdp,2014,1.39092717696261
ISR,agriculture_pct_gdp,2013,1.5233149487473
ISR,agriculture_pct_gdp,2012,1.49484781325948
ISR,agriculture_pct_gdp,2011,1.85284294203979
ISR,agriculture_pct_gdp,2010,1.83828057709311
ISR,industry_pct_gdp,2024,17.2250963788776
ISR,industry_pct_gdp,2023,18.1095322410277
ISR,industry_pct_gdp,2022,19.2164026469324
ISR,industry_pct_gdp,2021,18.9071512661919
ISR,industry_pct_gdp,2020,19.4824194045547
ISR,industry_pct_gdp,2019,18.9502208227104
ISR,industry_pct_gdp,2018,18.8779508643639
ISR,industry_pct_gdp,2017,18.6810595382266
ISR,industry_pct_gdp,2016,19.1747519313502
ISR,industry_pct_gdp,2015,19.9967940857239
ISR,industry_pct_gdp,2014,19.9649384224167
ISR,industry_pct_gdp,2013,20.5754790666646
ISR,industry_pct_gdp,2012,20.4673367409591
ISR,industry_pct_gdp,2011,20.1387855782418
ISR,industry_pct_gdp,2010,20.8568652254978
ISR,manufacturing_pct_gdp,2024,11.2422190872096
ISR,manufacturing_pct_gdp,2023,11.4833400691841
ISR,manufacturing_pct_gdp,2022,12.0735689690971
ISR,manufacturing_pct_gdp,2021,11.9008173223304
ISR,manufacturing_pct_gdp,2020,12.3190734802149
ISR,manufacturing_pct_gdp,2019,11.6354672967477
ISR,manufacturing_pct_gdp,2018,11.678065693861
ISR,manufacturing_pct_gdp,2017,11.5023862456544
ISR,manufacturing_pct_gdp,2016,12.0961436457446
ISR,manufacturing_pct_gdp,2015,12.9237212257425
ISR,manufacturing_pct_gdp,2014,12.5092649781181
ISR,manufacturing_pct_gdp,2013,12.9828311268844
ISR,manufacturing_pct_gdp,2012,13.7690007635811
ISR,manufacturing_pct_gdp,2011,13.5908818669391
ISR,manufacturing_pct_gdp,2010,14.043791039316
ISR,services_pct_gdp,2024,72.846943224759
ISR,services_pct_gdp,2023,72.4524533292347
ISR,services_pct_gdp,2022,70.5027339425603
ISR,services_pct_gdp,2021,70.667321291066
ISR,services_pct_gdp,2020,70.2594165334813
ISR,services_pct_gdp,2019,70.4511708134579
ISR,services_pct_gdp,2018,70.1482557732948
ISR,services_pct_gdp,2017,70.1761637750873
ISR,services_pct_gdp,2016,69.0665910321573
ISR,services_pct_gdp,2015,68.2509380291374
ISR,services_pct_gdp,2014,68.0577220423209
ISR,services_pct_gdp,2013,67.6308295595479
ISR,services_pct_gdp,2012,67.9355103997546
ISR,services_pct_gdp,2011,67.5534630041115
ISR,services_pct_gdp,2010,66.7427152391172
JOR,gdp_per_capita_usd,2025,5347.77731384797
JOR,gdp_per_capita_usd,2024,5073.92103605892
JOR,gdp_per_capita_usd,2023,4906.23543006639
JOR,gdp_per_capita_usd,2022,4754.41362207378
JOR,gdp_per_capita_usd,2021,4581.71967230365
JOR,gdp_per_capita_usd,2020,4411.48321838396
JOR,gdp_per_capita_usd,2019,4557.79334729121
JOR,gdp_per_capita_usd,2018,4533.97658437205
JOR,gdp_per_capita_usd,2017,4449.34618076611
JOR,gdp_per_capita_usd,2016,4366.06999647268
JOR,gdp_per_capita_usd,2015,4441.61896013754
JOR,gdp_per_capita_usd,2014,4610.60460269382
JOR,gdp_per_capita_usd,2013,4739.02253641778
JOR,gdp_per_capita_usd,2012,4593.83609729005
JOR,gdp_per_capita_usd,2011,4363.42800211536
JOR,gdp_per_capita_usd,2010,4139.04283161368
JOR,gni_per_capita_atlas_usd,2025,5260.0
JOR,gni_per_capita_atlas_usd,2024,4880.0
JOR,gni_per_capita_atlas_usd,2023,4890.0
JOR,gni_per_capita_atlas_usd,2022,4810.0
JOR,gni_per_capita_atlas_usd,2021,4650.0
JOR,gni_per_capita_atlas_usd,2020,4460.0
JOR,gni_per_capita_atlas_usd,2019,4580.0
JOR,gni_per_capita_atlas_usd,2018,4480.0
JOR,gni_per_capita_atlas_usd,2017,4300.0
JOR,gni_per_capita_atlas_usd,2016,4200.0
JOR,gni_per_capita_atlas_usd,2015,4220.0
JOR,gni_per_capita_atlas_usd,2014,4380.0
JOR,gni_per_capita_atlas_usd,2013,4510.0
JOR,gni_per_capita_atlas_usd,2012,4400.0
JOR,gni_per_capita_atlas_usd,2011,4140.0
JOR,gni_per_capita_atlas_usd,2010,3950.0
JOR,population,2025,11520684.0
JOR,population,2024,11552876.0
JOR,population,2023,11439213.0
JOR,population,2022,11256263.0
JOR,population,2021,11066356.0
JOR,population,2020,10865228.0
JOR,population,2019,10671891.0
JOR,population,2018,10462306.0
JOR,population,2017,10234226.0
JOR,population,2016,10006367.0
JOR,population,2015,9544729.0
JOR,population,2014,8791710.0
JOR,population,2013,7991809.0
JOR,population,2012,7587127.0
JOR,population,2011,7480424.0
JOR,population,2010,7297043.0
JOR,life_expectancy_years,2024,77.981
JOR,life_expectancy_years,2023,77.814
JOR,life_expectancy_years,2022,77.088
JOR,life_expectancy_years,2021,74.204
JOR,life_expectancy_years,2020,75.583
JOR,life_expectancy_years,2019,76.865
JOR,life_expectancy_years,2018,76.491
JOR,life_expectancy_years,2017,76.071
JOR,life_expectancy_years,2016,75.55
JOR,life_expectancy_years,2015,75.06
JOR,life_expectancy_years,2014,74.606
JOR,life_expectancy_years,2013,74.282
JOR,life_expectancy_years,2012,74.087
JOR,life_expectancy_years,2011,73.929
JOR,life_expectancy_years,2010,73.797
JOR,access_to_electricity_pct,2024,100.0
JOR,access_to_electricity_pct,2023,100.0
JOR,access_to_electricity_pct,2022,100.0
JOR,access_to_electricity_pct,2021,99.9
JOR,access_to_electricity_pct,2020,99.9
JOR,access_to_electricity_pct,2019,99.9
JOR,access_to_electricity_pct,2018,99.9
JOR,access_to_electricity_pct,2017,100.0
JOR,access_to_electricity_pct,2016,100.0
JOR,access_to_electricity_pct,2015,99.9
JOR,access_to_electricity_pct,2014,99.8
JOR,access_to_electricity_pct,2013,99.7
JOR,access_to_electricity_pct,2012,99.5
JOR,access_to_electricity_pct,2011,99.6
JOR,access_to_electricity_pct,2010,100.0
JOR,internet_users_pct,2024,95.62244985
JOR,internet_users_pct,2023,92.53443944
JOR,internet_users_pct,2022,90.4999984
JOR,internet_users_pct,2021,85.999997
JOR,internet_users_pct,2020,78.4178009
JOR,internet_users_pct,2019,70.08470154
JOR,internet_users_pct,2018,65.2
JOR,internet_users_pct,2017,64.5
JOR,internet_users_pct,2016,56.15000153
JOR,internet_users_pct,2015,54.22000122
JOR,internet_users_pct,2014,46.2
JOR,internet_users_pct,2013,41.4
JOR,internet_users_pct,2012,37.0
JOR,internet_users_pct,2011,34.9
JOR,internet_users_pct,2010,27.2
JOR,urban_population_pct,2025,93.2085150119551
JOR,urban_population_pct,2024,92.9501393764286
JOR,urban_population_pct,2023,92.682236868336
JOR,urban_population_pct,2022,92.4048379066163
JOR,urban_population_pct,2021,92.117972910453
JOR,urban_population_pct,2020,91.8216722992319
JOR,urban_population_pct,2019,91.515966492507
JOR,urban_population_pct,2018,91.2008859099729
JOR,urban_population_pct,2017,90.8764609714428
JOR,urban_population_pct,2016,90.56272794707
JOR,urban_population_pct,2015,89.8881391939133
JOR,urban_population_pct,2014,88.0371754329978
JOR,urban_population_pct,2013,86.4627110188335
JOR,urban_population_pct,2012,84.9592629639423
JOR,urban_population_pct,2011,83.5505043825064
JOR,urban_population_pct,2010,82.2601083887084
JOR,agriculture_pct_gdp,2025,5.56169367394688
JOR,agriculture_pct_gdp,2024,5.24177916006358
JOR,agriculture_pct_gdp,2023,4.95629590864962
JOR,agriculture_pct_gdp,2022,4.76761883150185
JOR,agriculture_pct_gdp,2021,4.82885342865116
JOR,agriculture_pct_gdp,2020,4.73287537525391
JOR,agriculture_pct_gdp,2019,4.39686183197217
JOR,agriculture_pct_gdp,2018,4.46958792425547
JOR,agriculture_pct_gdp,2017,4.56751477814013
JOR,agriculture_pct_gdp,2016,4.64825852368191
JOR,agriculture_pct_gdp,2015,4.43181485575889
JOR,agriculture_pct_gdp,2014,4.24636795376777
JOR,agriculture_pct_gdp,2013,3.97733734427352
JOR,agriculture_pct_gdp,2012,3.97973556725392
JOR,agriculture_pct_gdp,2011,4.59269751586294
JOR,agriculture_pct_gdp,2010,4.97053082877959
JOR,industry_pct_gdp,2025,27.3701721892728
JOR,industry_pct_gdp,2024,26.8665066748688
JOR,industry_pct_gdp,2023,26.790780203604
JOR,industry_pct_gdp,2022,27.2393929604017
JOR,industry_pct_gdp,2021,25.9424024132434
JOR,industry_pct_gdp,2020,25.9968690119366
JOR,industry_pct_gdp,2019,26.6766263222712
JOR,industry_pct_gdp,2018,26.5225865984798
JOR,industry_pct_gdp,2017,27.0180054886121
JOR,industry_pct_gdp,2016,27.2809702412381
JOR,industry_pct_gdp,2015,27.8075756380239
JOR,industry_pct_gdp,2014,27.7526247466984
JOR,industry_pct_gdp,2013,27.649231876622
JOR,industry_pct_gdp,2012,28.1081114632299
JOR,industry_pct_gdp,2011,29.0139578202987
JOR,industry_pct_gdp,2010,28.2254980108813
JOR,manufacturing_pct_gdp,2025,17.3719425926956
JOR,manufacturing_pct_gdp,2024,16.8649437367506
JOR,manufacturing_pct_gdp,2023,16.3810729367401
JOR,manufacturing_pct_gdp,2022,15.6966755214311
JOR,manufacturing_pct_gdp,2021,15.4545367497795
JOR,manufacturing_pct_gdp,2020,15.7398635538202
JOR,manufacturing_pct_gdp,2019,16.2672175469361
JOR,manufacturing_pct_gdp,2018,16.3691562005082
JOR,manufacturing_pct_gdp,2017,16.640481827841
JOR,manufacturing_pct_gdp,2016,16.6342767215741
JOR,manufacturing_pct_gdp,2015,16.8941877472506
JOR,manufacturing_pct_gdp,2014,17.303213490517
JOR,manufacturing_pct_gdp,2013,17.714415635766
JOR,manufacturing_pct_gdp,2012,17.0397122805091
JOR,manufacturing_pct_gdp,2011,17.4312319514199
JOR,manufacturing_pct_gdp,2010,17.0273626395621
JOR,services_pct_gdp,2025,56.7678244696911
JOR,services_pct_gdp,2024,57.363972712669
JOR,services_pct_gdp,2023,57.5358008679515
JOR,services_pct_gdp,2022,56.3893780997628
JOR,services_pct_gdp,2021,57.128044862892
JOR,services_pct_gdp,2020,58.0169639841402
JOR,services_pct_gdp,2019,57.3739869954865
JOR,services_pct_gdp,2018,56.7986372748123
JOR,services_pct_gdp,2017,56.7132130738762
JOR,services_pct_gdp,2016,56.9326459629893
JOR,services_pct_gdp,2015,56.6627368477007
JOR,services_pct_gdp,2014,56.6802868110822
JOR,services_pct_gdp,2013,56.8785225642831
JOR,services_pct_gdp,2012,56.8241480693032
JOR,services_pct_gdp,2011,55.2876012093754
JOR,services_pct_gdp,2010,55.6725687705241
JOR,external_debt_stock_total_usd,2024,46966040104.7
JOR,external_debt_stock_total_usd,2023,44559287366.0
JOR,external_debt_stock_total_usd,2022,41170195546.7
JOR,external_debt_stock_total_usd,2021,41757187873.1
JOR,external_debt_stock_total_usd,2020,38038131759.6
JOR,external_debt_stock_total_usd,2019,33493554481.7
JOR,external_debt_stock_total_usd,2018,31925591353.8
JOR,external_debt_stock_total_usd,2017,30051818034.6
JOR,external_debt_stock_total_usd,2016,27110465347.6
JOR,external_debt_stock_total_usd,2015,25598481274.6
JOR,external_debt_stock_total_usd,2014,24125234088.8
JOR,external_debt_stock_total_usd,2013,23003169930.4
JOR,external_debt_stock_total_usd,2012,18297915662.4
JOR,external_debt_stock_total_usd,2011,17477930466.6
JOR,external_debt_stock_total_usd,2010,16894215040.7
JOR,external_debt_public_publicly_guaranteed_usd,2024,23707731206.0
JOR,external_debt_public_publicly_guaranteed_usd,2023,22489380179.8
JOR,external_debt_public_publicly_guaranteed_usd,2022,19227242486.9
JOR,external_debt_public_publicly_guaranteed_usd,2021,19865916632.4
JOR,external_debt_public_publicly_guaranteed_usd,2020,18778487927.6
JOR,external_debt_public_publicly_guaranteed_usd,2019,16852819252.5
JOR,external_debt_public_publicly_guaranteed_usd,2018,16363168363.7
JOR,external_debt_public_publicly_guaranteed_usd,2017,15158743078.9
JOR,external_debt_public_publicly_guaranteed_usd,2016,12506629257.7
JOR,external_debt_public_publicly_guaranteed_usd,2015,10854758224.8
JOR,external_debt_public_publicly_guaranteed_usd,2014,9531781506.8
JOR,external_debt_public_publicly_guaranteed_usd,2013,8684990532.2
JOR,external_debt_public_publicly_guaranteed_usd,2012,6115952264.0
JOR,external_debt_public_publicly_guaranteed_usd,2011,6126047071.4
JOR,external_debt_public_publicly_guaranteed_usd,2010,6323223163.6
JOR,external_debt_private_nonguaranteed_usd,2024,2709577000.0
JOR,external_debt_private_nonguaranteed_usd,2023,3568451000.0
JOR,external_debt_private_nonguaranteed_usd,2022,3606761000.0
JOR,external_debt_private_nonguaranteed_usd,2021,4069718000.0
JOR,external_debt_private_nonguaranteed_usd,2020,3905070000.0
JOR,external_debt_private_nonguaranteed_usd,2019,3614366000.0
JOR,external_debt_private_nonguaranteed_usd,2018,3070704000.0
JOR,external_debt_private_nonguaranteed_usd,2017,2460155000.0
JOR,external_debt_private_nonguaranteed_usd,2016,2314366000.0
JOR,external_debt_private_nonguaranteed_usd,2015,2366620000.0
JOR,external_debt_private_nonguaranteed_usd,2014,2112704000.0
JOR,external_debt_private_nonguaranteed_usd,2013,2145338000.0
JOR,external_debt_private_nonguaranteed_usd,2012,1803253000.0
JOR,external_debt_private_nonguaranteed_usd,2011,1501014000.0
JOR,external_debt_private_nonguaranteed_usd,2010,1264789000.0
KWT,gdp_per_capita_usd,2025,32312.3119953634
KWT,gdp_per_capita_usd,2024,32855.7209688827
KWT,gdp_per_capita_usd,2023,34091.9714813002
KWT,gdp_per_capita_usd,2022,39981.7691035833
KWT,gdp_per_capita_usd,2021,34018.6342592913
KWT,gdp_per_capita_usd,2020,25236.0755848941
KWT,gdp_per_capita_usd,2019,31707.8737443551
KWT,gdp_per_capita_usd,2018,32067.9623756889
KWT,gdp_per_capita_usd,2017,29047.6536135703
KWT,gdp_per_capita_usd,2016,27323.6890735517
KWT,gdp_per_capita_usd,2015,29882.2126495698
KWT,gdp_per_capita_usd,2014,44368.7813457751
KWT,gdp_per_capita_usd,2013,49651.0439275077
KWT,gdp_per_capita_usd,2012,52155.2225833921
KWT,gdp_per_capita_usd,2011,49169.6063813095
KWT,gdp_per_capita_usd,2010,39212.252220155
KWT,gni_per_capita_atlas_usd,2024,41110.0
KWT,gni_per_capita_atlas_usd,2023,42040.0
KWT,gni_per_capita_atlas_usd,2022,39120.0
KWT,gni_per_capita_atlas_usd,2021,35990.0
KWT,gni_per_capita_atlas_usd,2020,33150.0
KWT,gni_per_capita_atlas_usd,2019,35680.0
KWT,gni_per_capita_atlas_usd,2018,32340.0
KWT,gni_per_capita_atlas_usd,2017,30650.0
KWT,gni_per_capita_atlas_usd,2016,34920.0
KWT,gni_per_capita_atlas_usd,2015,41830.0
KWT,gni_per_capita_atlas_usd,2014,51350.0
KWT,gni_per_capita_atlas_usd,2013,53530.0
KWT,gni_per_capita_atlas_usd,2012,50830.0
KWT,gni_per_capita_atlas_usd,2011,44350.0
KWT,gni_per_capita_atlas_usd,2010,42850.0
KWT,population,2025,4865298.0
KWT,population,2024,4897263.0
KWT,population,2023,4853420.0
KWT,population,2022,4589643.0
KWT,population,2021,4360865.0
KWT,population,2020,4400267.0
KWT,population,2019,4442316.0
KWT,population,2018,4323515.0
KWT,population,2017,4154812.0
KWT,population,2016,4004096.0
KWT,population,2015,3834574.0
KWT,population,2014,3665876.0
KWT,population,2013,3507844.0
KWT,population,2012,3337109.0
KWT,population,2011,3132814.0
KWT,population,2010,2943372.0
KWT,life_expectancy_years,2024,84.580487804878
KWT,life_expectancy_years,2023,83.1878048780488
KWT,life_expectancy_years,2022,80.5878048780488
KWT,life_expectancy_years,2021,78.7365853658537
KWT,life_expectancy_years,2020,78.7609756097561
KWT,life_expectancy_years,2019,81.969756097561
KWT,life_expectancy_years,2018,80.1063658536585
KWT,life_expectancy_years,2017,79.9160731707317
KWT,life_expectancy_years,2016,79.6775853658537
KWT,life_expectancy_years,2015,79.3765609756098
KWT,life_expectancy_years,2014,79.0803414634146
KWT,life_expectancy_years,2013,78.7418048780488
KWT,life_expectancy_years,2012,78.3950243902439
KWT,life_expectancy_years,2011,78.052243902439
KWT,life_expectancy_years,2010,77.7262195121951
KWT,access_to_electricity_pct,2024,100.0
KWT,access_to_electricity_pct,2023,100.0
KWT,access_to_electricity_pct,2022,100.0
KWT,access_to_electricity_pct,2021,100.0
KWT,access_to_electricity_pct,2020,100.0
KWT,access_to_electricity_pct,2019,100.0
KWT,access_to_electricity_pct,2018,100.0
KWT,access_to_electricity_pct,2017,100.0
KWT,access_to_electricity_pct,2016,100.0
KWT,access_to_electricity_pct,2015,100.0
KWT,access_to_electricity_pct,2014,100.0
KWT,access_to_electricity_pct,2013,100.0
KWT,access_to_electricity_pct,2012,100.0
KWT,access_to_electricity_pct,2011,100.0
KWT,access_to_electricity_pct,2010,100.0
KWT,internet_users_pct,2025,100.0
KWT,internet_users_pct,2024,99.74729919
KWT,internet_users_pct,2023,99.74731125
KWT,internet_users_pct,2022,99.74729919
KWT,internet_users_pct,2021,99.7
KWT,internet_users_pct,2020,99.10587017
KWT,internet_users_pct,2019,99.5426764518489
KWT,internet_users_pct,2018,99.5988495907557
KWT,internet_users_pct,2017,97.9999893344615
KWT,internet_users_pct,2016,85.59999847
KWT,internet_users_pct,2015,82.0
KWT,internet_users_pct,2014,78.69999695
KWT,internet_users_pct,2013,75.45999908
KWT,internet_users_pct,2012,70.44999695
KWT,internet_users_pct,2011,65.7690706867398
KWT,internet_users_pct,2010,61.40000153
KWT,urban_population_pct,2025,100.0
KWT,urban_population_pct,2024,100.0
KWT,urban_population_pct,2023,100.0
KWT,urban_population_pct,2022,100.0
KWT,urban_population_pct,2021,100.0
KWT,urban_population_pct,2020,100.0
KWT,urban_population_pct,2019,100.0
KWT,urban_population_pct,2018,100.0
KWT,urban_population_pct,2017,100.0
KWT,urban_population_pct,2016,100.0
KWT,urban_population_pct,2015,100.0
KWT,urban_population_pct,2014,100.0
KWT,urban_population_pct,2013,100.0
KWT,urban_population_pct,2012,100.0
KWT,urban_population_pct,2011,100.0
KWT,urban_population_pct,2010,100.0
KWT,agriculture_pct_gdp,2025,0.530516126274945
KWT,agriculture_pct_gdp,2024,0.490910108743826
KWT,agriculture_pct_gdp,2023,0.468514016254576
KWT,agriculture_pct_gdp,2022,0.402460238899801
KWT,agriculture_pct_gdp,2021,0.473024818982534
KWT,agriculture_pct_gdp,2020,0.496326689989677
KWT,agriculture_pct_gdp,2019,0.370434138380291
KWT,agriculture_pct_gdp,2018,0.44590687116951
KWT,agriculture_pct_gdp,2017,0.525092139249465
KWT,agriculture_pct_gdp,2016,0.518592131185869
KWT,agriculture_pct_gdp,2015,0.537729008869637
KWT,agriculture_pct_gdp,2014,0.450636106109894
KWT,agriculture_pct_gdp,2013,0.355177608949371
KWT,agriculture_pct_gdp,2012,0.359874300848834
KWT,agriculture_pct_gdp,2011,0.438835825324165
KWT,agriculture_pct_gdp,2010,0.451728985475114
KWT,industry_pct_gdp,2025,54.1153897826702
KWT,industry_pct_gdp,2024,57.7073494929421
KWT,industry_pct_gdp,2023,60.2656226708529
KWT,industry_pct_gdp,2022,65.7663289580606
KWT,industry_pct_gdp,2021,58.3067931153035
KWT,industry_pct_gdp,2020,48.4612101735294
KWT,industry_pct_gdp,2019,57.7186566770031
KWT,industry_pct_gdp,2018,60.1276537174576
KWT,industry_pct_gdp,2017,55.6192158978196
KWT,industry_pct_gdp,2016,52.134780154177
KWT,industry_pct_gdp,2015,55.9358456541559
KWT,industry_pct_gdp,2014,70.5483167543953
KWT,industry_pct_gdp,2013,73.0986938777857
KWT,industry_pct_gdp,2012,74.8123207433144
KWT,industry_pct_gdp,2011,72.7249733972566
KWT,industry_pct_gdp,2010,66.0655582815397
KWT,manufacturing_pct_gdp,2025,7.7428262302651
KWT,manufacturing_pct_gdp,2024,7.96462339439403
KWT,manufacturing_pct_gdp,2023,7.54800991399076
KWT,manufacturing_pct_gdp,2022,7.8743575039131
KWT,manufacturing_pct_gdp,2021,11.0425527919078
KWT,manufacturing_pct_gdp,2020,9.09212377718903
KWT,manufacturing_pct_gdp,2019,6.37931499205825
KWT,manufacturing_pct_gdp,2018,7.42772872434798
KWT,manufacturing_pct_gdp,2017,7.50147665024303
KWT,manufacturing_pct_gdp,2016,7.20205740085411
KWT,manufacturing_pct_gdp,2015,6.97750997601227
KWT,manufacturing_pct_gdp,2014,5.54227898196232
KWT,manufacturing_pct_gdp,2013,5.87984162345434
KWT,manufacturing_pct_gdp,2012,5.96446653129308
KWT,manufacturing_pct_gdp,2011,5.6131394558656
KWT,manufacturing_pct_gdp,2010,5.97790318611957
KWT,services_pct_gdp,2025,59.6249951530893
KWT,services_pct_gdp,2024,55.6638825460997
KWT,services_pct_gdp,2023,52.1545642214846
KWT,services_pct_gdp,2022,44.820980636545
KWT,services_pct_gdp,2021,53.4881361305761
KWT,services_pct_gdp,2020,66.9624896439687
KWT,services_pct_gdp,2019,54.6024842626311
KWT,services_pct_gdp,2018,51.7512772593754
KWT,services_pct_gdp,2017,56.789146483868
KWT,services_pct_gdp,2016,60.710435050585
KWT,services_pct_gdp,2015,58.4383547268602
KWT,services_pct_gdp,2014,42.1708386044131
KWT,services_pct_gdp,2013,38.1405373589437
KWT,services_pct_gdp,2012,36.780475654361
KWT,services_pct_gdp,2011,38.8294818780374
KWT,services_pct_gdp,2010,47.0401906716711
LBN,gdp_per_capita_usd,2024,4473.27134441128
LBN,gdp_per_capita_usd,2023,3477.72489842684
LBN,gdp_per_capita_usd,2022,3654.35845534878
LBN,gdp_per_capita_usd,2021,4045.37391066234
LBN,gdp_per_capita_usd,2020,5561.19166950397
LBN,gdp_per_capita_usd,2019,8905.88005497437
LBN,gdp_per_capita_usd,2018,9174.53666204759
LBN,gdp_per_capita_usd,2017,8608.21084982387
LBN,gdp_per_capita_usd,2016,8089.012088155
LBN,gdp_per_capita_usd,2015,7714.1099998804
LBN,gdp_per_capita_usd,2014,7577.6413302369
LBN,gdp_per_capita_usd,2013,8162.37929361396
LBN,gdp_per_capita_usd,2012,8406.98405608118
LBN,gdp_per_capita_usd,2011,7834.96257108993
LBN,gdp_per_capita_usd,2010,7625.81051551165
LBN,gni_per_capita_atlas_usd,2024,3560.0
LBN,gni_per_capita_atlas_usd,2023,3710.0
LBN,gni_per_capita_atlas_usd,2022,4130.0
LBN,gni_per_capita_atlas_usd,2021,4770.0
LBN,gni_per_capita_atlas_usd,2020,6350.0
LBN,gni_per_capita_atlas_usd,2019,8630.0
LBN,gni_per_capita_atlas_usd,2018,8700.0
LBN,gni_per_capita_atlas_usd,2017,8260.0
LBN,gni_per_capita_atlas_usd,2016,7670.0
LBN,gni_per_capita_atlas_usd,2015,7360.0
LBN,gni_per_capita_atlas_usd,2014,7440.0
LBN,gni_per_capita_atlas_usd,2013,7880.0
LBN,gni_per_capita_atlas_usd,2012,8000.0
LBN,gni_per_capita_atlas_usd,2011,7720.0
LBN,gni_per_capita_atlas_usd,2010,7340.0
LBN,population,2025,5849421.0
LBN,population,2024,5805962.0
LBN,population,2023,5773493.0
LBN,population,2022,5744489.0
LBN,population,2021,5718122.0
LBN,population,2020,5702398.0
LBN,population,2019,5794594.0
LBN,population,2018,5984119.0
LBN,population,2017,6160128.0
LBN,population,2016,6323060.0
LBN,population,2015,6472469.0
LBN,population,2014,6346990.0
LBN,population,2013,5743436.0
LBN,population,2012,5235742.0
LBN,population,2011,5096020.0
LBN,population,2010,5041288.0
LBN,life_expectancy_years,2024,77.945
LBN,life_expectancy_years,2023,77.817
LBN,life_expectancy_years,2022,78.003
LBN,life_expectancy_years,2021,73.65
LBN,life_expectancy_years,2020,76.299
LBN,life_expectancy_years,2019,78.208
LBN,life_expectancy_years,2018,78.263
LBN,life_expectancy_years,2017,78.192
LBN,life_expectancy_years,2016,78.306
LBN,life_expectancy_years,2015,78.275
LBN,life_expectancy_years,2014,78.148
LBN,life_expectancy_years,2013,78.037
LBN,life_expectancy_years,2012,77.941
LBN,life_expectancy_years,2011,77.768
LBN,life_expectancy_years,2010,77.529
LBN,access_to_electricity_pct,2024,100.0
LBN,access_to_electricity_pct,2023,100.0
LBN,access_to_electricity_pct,2022,100.0
LBN,access_to_electricity_pct,2021,100.0
LBN,access_to_electricity_pct,2020,100.0
LBN,access_to_electricity_pct,2019,100.0
LBN,access_to_electricity_pct,2018,99.7
LBN,access_to_electricity_pct,2017,99.9
LBN,access_to_electricity_pct,2016,99.8
LBN,access_to_electricity_pct,2015,99.7
LBN,access_to_electricity_pct,2014,99.7
LBN,access_to_electricity_pct,2013,99.6
LBN,access_to_electricity_pct,2012,99.5
LBN,access_to_electricity_pct,2011,99.7
LBN,access_to_electricity_pct,2010,99.5
LBN,internet_users_pct,2024,80.63400269
LBN,internet_users_pct,2023,81.7059021
LBN,internet_users_pct,2022,81.46479797
LBN,internet_users_pct,2021,82.65599823
LBN,internet_users_pct,2020,82.0664978
LBN,internet_users_pct,2019,81.48120117
LBN,internet_users_pct,2018,80.90000153
LBN,internet_users_pct,2017,78.18080139
LBN,internet_users_pct,2016,76.11000061
LBN,internet_users_pct,2015,74.0
LBN,internet_users_pct,2014,73.0
LBN,internet_users_pct,2013,70.5
LBN,internet_users_pct,2012,61.24980164
LBN,internet_users_pct,2011,52.0
LBN,internet_users_pct,2010,43.68000031
LBN,urban_population_pct,2025,90.9602314263044
LBN,urban_population_pct,2024,90.703695784554
LBN,urban_population_pct,2023,90.4524074197598
LBN,urban_population_pct,2022,90.206313713022
LBN,urban_population_pct,2021,89.965362045441
LBN,urban_population_pct,2020,89.729499798117
LBN,urban_population_pct,2019,89.4986743521503
LBN,urban_population_pct,2018,89.272833088641
LBN,urban_population_pct,2017,89.0519233886895
LBN,urban_population_pct,2016,88.835892633396
LBN,urban_population_pct,2015,88.6246882038608
LBN,urban_population_pct,2014,88.4182574811842
LBN,urban_population_pct,2013,88.2165478464663
LBN,urban_population_pct,2012,88.0195066808075
LBN,urban_population_pct,2011,87.8270813653079
LBN,urban_population_pct,2010,87.6392192810679
LBN,agriculture_pct_gdp,2024,1.04505447197468
LBN,agriculture_pct_gdp,2023,0.966455367369224
LBN,agriculture_pct_gdp,2022,1.1895732629522
LBN,agriculture_pct_gdp,2021,1.40016561487545
LBN,agriculture_pct_gdp,2020,3.07825000560689
LBN,agriculture_pct_gdp,2019,3.16909985150245
LBN,agriculture_pct_gdp,2018,3.23189728304163
LBN,agriculture_pct_gdp,2017,2.79291148520091
LBN,agriculture_pct_gdp,2016,2.72714945763945
LBN,agriculture_pct_gdp,2015,3.28466326670943
LBN,agriculture_pct_gdp,2014,4.02280590517852
LBN,agriculture_pct_gdp,2013,3.9553991560217
LBN,agriculture_pct_gdp,2012,3.76453077704882
LBN,agriculture_pct_gdp,2011,3.80460970714467
LBN,agriculture_pct_gdp,2010,3.86195936751946
LBN,industry_pct_gdp,2024,2.63395915623125
LBN,industry_pct_gdp,2023,2.0863020184691
LBN,industry_pct_gdp,2022,2.39076209975393
LBN,industry_pct_gdp,2021,2.7586320737767
LBN,industry_pct_gdp,2020,6.63816639544826
LBN,industry_pct_gdp,2019,12.4991181838946
LBN,industry_pct_gdp,2018,13.8056023781184
LBN,industry_pct_gdp,2017,14.9268797796791
LBN,industry_pct_gdp,2016,15.9539038084869
LBN,industry_pct_gdp,2015,15.7051846447457
LBN,industry_pct_gdp,2014,16.2094101272442
LBN,industry_pct_gdp,2013,16.3437962275105
LBN,industry_pct_gdp,2012,15.4855197381508
LBN,industry_pct_gdp,2011,14.506216070168
LBN,industry_pct_gdp,2010,13.809376206629
LBN,manufacturing_pct_gdp,2021,1.42682987688995
LBN,manufacturing_pct_gdp,2020,2.94371948788659
LBN,manufacturing_pct_gdp,2019,7.05147171311738
LBN,manufacturing_pct_gdp,2018,7.44505027672016
LBN,manufacturing_pct_gdp,2017,8.28789155701475
LBN,manufacturing_pct_gdp,2016,8.35641017095378
LBN,manufacturing_pct_gdp,2015,8.04853930548165
LBN,manufacturing_pct_gdp,2014,7.53256666556356
LBN,manufacturing_pct_gdp,2013,7.52441395625991
LBN,manufacturing_pct_gdp,2012,7.3880328196001
LBN,manufacturing_pct_gdp,2011,7.57931418515021
LBN,manufacturing_pct_gdp,2010,7.72153380341759
LBN,services_pct_gdp,2024,35.7279421027064
LBN,services_pct_gdp,2023,42.3804623372256
LBN,services_pct_gdp,2022,88.6220737442903
LBN,services_pct_gdp,2021,94.1483347283905
LBN,services_pct_gdp,2020,87.4214492992388
LBN,services_pct_gdp,2019,79.3126428766445
LBN,services_pct_gdp,2018,76.9908055119369
LBN,services_pct_gdp,2017,75.4187807415965
LBN,services_pct_gdp,2016,74.20253290968
LBN,services_pct_gdp,2015,73.8065438599639
LBN,services_pct_gdp,2014,73.7326618919194
LBN,services_pct_gdp,2013,72.0828493278447
LBN,services_pct_gdp,2012,72.9665422887919
LBN,services_pct_gdp,2011,73.5399992816103
LBN,services_pct_gdp,2010,71.8617767348569
LBN,external_debt_stock_total_usd,2024,67389006707.2
LBN,external_debt_stock_total_usd,2023,66329049009.2
LBN,external_debt_stock_total_usd,2022,67100895977.6
LBN,external_debt_stock_total_usd,2021,66924113512.2
LBN,external_debt_stock_total_usd,2020,68899942020.6
LBN,external_debt_stock_total_usd,2019,73914514299.2
LBN,external_debt_stock_total_usd,2018,79671964766.9
LBN,external_debt_stock_total_usd,2017,74188954317.3
LBN,external_debt_stock_total_usd,2016,69523800483.9
LBN,external_debt_stock_total_usd,2015,68232175837.7
LBN,external_debt_stock_total_usd,2014,64468852046.2
LBN,external_debt_stock_total_usd,2013,62119370082.4
LBN,external_debt_stock_total_usd,2012,55735120974.3
LBN,external_debt_stock_total_usd,2011,49669741104.3
LBN,external_debt_stock_total_usd,2010,47828988866.1
LBN,external_debt_public_publicly_guaranteed_usd,2024,33728240178.5
LBN,external_debt_public_publicly_guaranteed_usd,2023,33567692787.5
LBN,external_debt_public_publicly_guaranteed_usd,2022,33392012703.2
LBN,external_debt_public_publicly_guaranteed_usd,2021,33301311432.0
LBN,external_debt_public_publicly_guaranteed_usd,2020,33386173849.6
LBN,external_debt_public_publicly_guaranteed_usd,2019,33340745090.8
LBN,external_debt_public_publicly_guaranteed_usd,2018,33093350836.9
LBN,external_debt_public_publicly_guaranteed_usd,2017,30010452683.8
LBN,external_debt_public_publicly_guaranteed_usd,2016,27716753631.1
LBN,external_debt_public_publicly_guaranteed_usd,2015,26735924131.5
LBN,external_debt_public_publicly_guaranteed_usd,2014,25244021869.2
LBN,external_debt_public_publicly_guaranteed_usd,2013,25739092354.0
LBN,external_debt_public_publicly_guaranteed_usd,2012,24257709990.7
LBN,external_debt_public_publicly_guaranteed_usd,2011,20792425480.4
LBN,external_debt_public_publicly_guaranteed_usd,2010,20396005755.3
LBN,external_debt_private_nonguaranteed_usd,2024,13572106000.0
LBN,external_debt_private_nonguaranteed_usd,2023,14531271000.0
LBN,external_debt_private_nonguaranteed_usd,2022,17124400000.0
LBN,external_debt_private_nonguaranteed_usd,2021,19645631000.0
LBN,external_debt_private_nonguaranteed_usd,2020,25081373000.0
LBN,external_debt_private_nonguaranteed_usd,2019,35343281000.0
LBN,external_debt_private_nonguaranteed_usd,2018,40762895000.0
LBN,external_debt_private_nonguaranteed_usd,2017,35139630000.0
LBN,external_debt_private_nonguaranteed_usd,2016,33692881000.0
LBN,external_debt_private_nonguaranteed_usd,2015,32849341000.0
LBN,external_debt_private_nonguaranteed_usd,2014,30939204000.0
LBN,external_debt_private_nonguaranteed_usd,2013,28922720000.0
LBN,external_debt_private_nonguaranteed_usd,2012,27033642000.0
LBN,external_debt_private_nonguaranteed_usd,2011,25152131000.0
LBN,external_debt_private_nonguaranteed_usd,2010,23470619000.0
LBY,gdp_per_capita_usd,2025,6448.82415074121
LBY,gdp_per_capita_usd,2024,6569.16408678648
LBY,gdp_per_capita_usd,2023,6026.51518708812
LBY,gdp_per_capita_usd,2022,5986.63694851258
LBY,gdp_per_capita_usd,2021,4935.82787349801
LBY,gdp_per_capita_usd,2020,6650.33810585348
LBY,gdp_per_capita_usd,2019,9963.19489084483
LBY,gdp_per_capita_usd,2018,11196.5854810844
LBY,gdp_per_capita_usd,2017,9965.83236729757
LBY,gdp_per_capita_usd,2016,7525.80299308216
LBY,gdp_per_capita_usd,2015,7458.48917756374
LBY,gdp_per_capita_usd,2014,8926.42074591474
LBY,gdp_per_capita_usd,2013,11951.7134126011
LBY,gdp_per_capita_usd,2012,14975.8902795144
LBY,gdp_per_capita_usd,2011,7593.8391525702
LBY,gdp_per_capita_usd,2010,11600.9068649472
LBY,gni_per_capita_atlas_usd,2025,7250.0
LBY,gni_per_capita_atlas_usd,2024,6790.0
LBY,gni_per_capita_atlas_usd,2023,6160.0
LBY,gni_per_capita_atlas_usd,2022,6010.0
LBY,gni_per_capita_atlas_usd,2021,6950.0
LBY,gni_per_capita_atlas_usd,2020,7000.0
LBY,gni_per_capita_atlas_usd,2019,10100.0
LBY,gni_per_capita_atlas_usd,2018,11000.0
LBY,gni_per_capita_atlas_usd,2017,9760.0
LBY,gni_per_capita_atlas_usd,2016,7670.0
LBY,gni_per_capita_atlas_usd,2015,8370.0
LBY,gni_per_capita_atlas_usd,2014,9130.0
LBY,gni_per_capita_atlas_usd,2013,11960.0
LBY,gni_per_capita_atlas_usd,2012,13310.0
LBY,gni_per_capita_atlas_usd,2011,6080.0
LBY,gni_per_capita_atlas_usd,2010,11550.0
LBY,population,2025,7458555.0
LBY,population,2024,7381023.0
LBY,population,2023,7305659.0
LBY,population,2022,7223805.0
LBY,population,2021,7135175.0
LBY,population,2020,7045399.0
LBY,population,2019,6951033.0
LBY,population,2018,6849055.0
LBY,population,2017,6738770.0
LBY,population,2016,6632126.0
LBY,population,2015,6531819.0
LBY,population,2014,6427252.0
LBY,population,2013,6304628.0
LBY,population,2012,6179328.0
LBY,population,2011,6343203.0
LBY,population,2010,6497839.0
LBY,life_expectancy_years,2024,71.121
LBY,life_expectancy_years,2023,69.339
LBY,life_expectancy_years,2022,74.462
LBY,life_expectancy_years,2021,72.062
LBY,life_expectancy_years,2020,72.388
LBY,life_expectancy_years,2019,72.941
LBY,life_expectancy_years,2018,73.151
LBY,life_expectancy_years,2017,72.721
LBY,life_expectancy_years,2016,71.799
LBY,life_expectancy_years,2015,71.644
LBY,life_expectancy_years,2014,71.3
LBY,life_expectancy_years,2013,72.339
LBY,life_expectancy_years,2012,72.188
LBY,life_expectancy_years,2011,69.95
LBY,life_expectancy_years,2010,72.196
LBY,access_to_electricity_pct,2024,77.4
LBY,access_to_electricity_pct,2023,73.2
LBY,access_to_electricity_pct,2022,70.0
LBY,access_to_electricity_pct,2021,70.2
LBY,access_to_electricity_pct,2020,69.4
LBY,access_to_electricity_pct,2019,68.5
LBY,access_to_electricity_pct,2018,67.0
LBY,access_to_electricity_pct,2017,70.6
LBY,access_to_electricity_pct,2016,72.2
LBY,access_to_electricity_pct,2015,73.8
LBY,access_to_electricity_pct,2014,75.5
LBY,access_to_electricity_pct,2013,77.1
LBY,access_to_electricity_pct,2012,78.7
LBY,access_to_electricity_pct,2011,80.3
LBY,access_to_electricity_pct,2010,81.9
LBY,internet_users_pct,2024,81.95449829
LBY,internet_users_pct,2023,82.10469818
LBY,internet_users_pct,2022,80.64720154
LBY,internet_users_pct,2021,77.438797
LBY,internet_users_pct,2020,74.35810089
LBY,internet_users_pct,2019,71.40409851
LBY,internet_users_pct,2018,47.5
LBY,internet_users_pct,2017,47.5
LBY,internet_users_pct,2016,35.0
LBY,internet_users_pct,2015,25.0
LBY,internet_users_pct,2014,17.76000023
LBY,internet_users_pct,2013,16.5
LBY,internet_users_pct,2012,15.19999981
LBY,internet_users_pct,2011,14.0
LBY,internet_users_pct,2010,14.0
LBY,urban_population_pct,2025,87.9112413015221
LBY,urban_population_pct,2024,87.8854066107749
LBY,urban_population_pct,2023,87.8647197919848
LBY,urban_population_pct,2022,87.8486088593786
LBY,urban_population_pct,2021,87.8365018271835
LBY,urban_population_pct,2020,87.8278267096263
LBY,urban_population_pct,2019,87.8220115209342
LBY,urban_population_pct,2018,87.818484275334
LBY,urban_population_pct,2017,87.8166729870528
LBY,urban_population_pct,2016,87.8160056703177
LBY,urban_population_pct,2015,87.8159103393555
LBY,urban_population_pct,2014,88.0142059326172
LBY,urban_population_pct,2013,88.0451431274414
LBY,urban_population_pct,2012,88.0727920532227
LBY,urban_population_pct,2011,88.0970458984375
LBY,urban_population_pct,2010,88.1177139282227
LBY,agriculture_pct_gdp,2025,1.50083505042772
LBY,agriculture_pct_gdp,2024,2.39197609901835
LBY,agriculture_pct_gdp,2023,1.7692779613025
LBY,agriculture_pct_gdp,2022,1.68643769937353
LBY,agriculture_pct_gdp,2021,1.9292341608539
LBY,agriculture_pct_gdp,2020,4.326770152924
LBY,agriculture_pct_gdp,2019,2.04201619232517
LBY,agriculture_pct_gdp,2018,3.66012922036917
LBY,agriculture_pct_gdp,2017,3.87477645520451
LBY,agriculture_pct_gdp,2016,4.61177989572916
LBY,agriculture_pct_gdp,2015,4.3862973349324
LBY,agriculture_pct_gdp,2014,3.51667860719144
LBY,agriculture_pct_gdp,2013,2.41548515289585
LBY,agriculture_pct_gdp,2012,1.81559365235981
LBY,agriculture_pct_gdp,2011,3.05766833710666
LBY,agriculture_pct_gdp,2010,1.79953001101668
LBY,industry_pct_gdp,2025,73.2498107962825
LBY,industry_pct_gdp,2024,73.4971404182672
LBY,industry_pct_gdp,2023,78.8995280792827
LBY,industry_pct_gdp,2022,76.8380798647142
LBY,industry_pct_gdp,2021,74.9121008371648
LBY,industry_pct_gdp,2020,15.9502036425113
LBY,industry_pct_gdp,2019,49.9776179313478
LBY,industry_pct_gdp,2018,49.676758007488
LBY,industry_pct_gdp,2017,38.9800161101817
LBY,industry_pct_gdp,2016,26.0770762664238
LBY,industry_pct_gdp,2015,34.8289693278703
LBY,industry_pct_gdp,2014,46.7692775548728
LBY,industry_pct_gdp,2013,65.1237589148371
LBY,industry_pct_gdp,2012,73.7369299183248
LBY,industry_pct_gdp,2011,53.8989087023988
LBY,industry_pct_gdp,2010,75.7449869936204
LBY,manufacturing_pct_gdp,2017,2.80678251468398
LBY,manufacturing_pct_gdp,2016,3.65524337067447
LBY,manufacturing_pct_gdp,2015,4.14078951865904
LBY,manufacturing_pct_gdp,2014,4.56529868891668
LBY,manufacturing_pct_gdp,2013,2.96399418096206
LBY,manufacturing_pct_gdp,2012,2.31116044510223
LBY,manufacturing_pct_gdp,2011,3.70922472929545
LBY,manufacturing_pct_gdp,2010,3.95888224723431
LBY,services_pct_gdp,2025,26.9114111677186
LBY,services_pct_gdp,2024,28.3399914639351
LBY,services_pct_gdp,2023,23.9767815007079
LBY,services_pct_gdp,2022,26.5756015796149
LBY,services_pct_gdp,2021,32.2272169143777
LBY,services_pct_gdp,2020,88.3298040421117
LBY,services_pct_gdp,2019,56.1374562146309
LBY,services_pct_gdp,2018,52.9941083689439
LBY,services_pct_gdp,2017,64.0663893322394
LBY,services_pct_gdp,2016,77.8397088024993
LBY,services_pct_gdp,2015,72.4462059977024
LBY,services_pct_gdp,2014,67.8416782304827
LBY,services_pct_gdp,2013,49.5688944454069
LBY,services_pct_gdp,2012,38.0498684426903
LBY,services_pct_gdp,2011,60.4271917105475
LBY,services_pct_gdp,2010,32.1610487205157
LKA,gdp_per_capita_usd,2025,5002.07904353724
LKA,gdp_per_capita_usd,2024,4545.36006870612
LKA,gdp_per_capita_usd,2023,3815.41531767474
LKA,gdp_per_capita_usd,2022,3342.63650438046
LKA,gdp_per_capita_usd,2021,3996.96240531688
LKA,gdp_per_capita_usd,2020,3847.60136741182
LKA,gdp_per_capita_usd,2019,4081.94772178134
LKA,gdp_per_capita_usd,2018,4358.56095905888
LKA,gdp_per_capita_usd,2017,4398.88828786059
LKA,gdp_per_capita_usd,2016,4149.19189391879
LKA,gdp_per_capita_usd,2015,4057.71582716521
LKA,gdp_per_capita_usd,2014,3972.04377042271
LKA,gdp_per_capita_usd,2013,3739.43182292825
LKA,gdp_per_capita_usd,2012,3327.77612404326
LKA,gdp_per_capita_usd,2011,3224.95745082305
LKA,gdp_per_capita_usd,2010,2808.36245207687
LKA,gni_per_capita_atlas_usd,2025,4670.0
LKA,gni_per_capita_atlas_usd,2024,3870.0
LKA,gni_per_capita_atlas_usd,2023,3550.0
LKA,gni_per_capita_atlas_usd,2022,3620.0
LKA,gni_per_capita_atlas_usd,2021,4010.0
LKA,gni_per_capita_atlas_usd,2020,3880.0
LKA,gni_per_capita_atlas_usd,2019,4220.0
LKA,gni_per_capita_atlas_usd,2018,4350.0
LKA,gni_per_capita_atlas_usd,2017,4220.0
LKA,gni_per_capita_atlas_usd,2016,4020.0
LKA,gni_per_capita_atlas_usd,2015,3920.0
LKA,gni_per_capita_atlas_usd,2014,3810.0
LKA,gni_per_capita_atlas_usd,2013,3630.0
LKA,gni_per_capita_atlas_usd,2012,3340.0
LKA,gni_per_capita_atlas_usd,2011,2830.0
LKA,gni_per_capita_atlas_usd,2010,2360.0
LKA,population,2025,21756000.0
LKA,population,2024,21916000.0
LKA,population,2023,22037000.0
LKA,population,2022,22181000.0
LKA,population,2021,22156000.0
LKA,population,2020,21919000.0
LKA,population,2019,21803000.0
LKA,population,2018,21670000.0
LKA,population,2017,21453000.0
LKA,population,2016,21209000.0
LKA,population,2015,20970000.0
LKA,population,2014,20778000.0
LKA,population,2013,20585000.0
LKA,population,2012,21169458.0
LKA,population,2011,21009048.0
LKA,population,2010,20879089.0
LKA,life_expectancy_years,2024,77.672
LKA,life_expectancy_years,2023,77.483
LKA,life_expectancy_years,2022,77.3
LKA,life_expectancy_years,2021,76.278
LKA,life_expectancy_years,2020,76.928
LKA,life_expectancy_years,2019,76.698
LKA,life_expectancy_years,2018,76.485
LKA,life_expectancy_years,2017,76.239
LKA,life_expectancy_years,2016,76.136
LKA,life_expectancy_years,2015,75.99
LKA,life_expectancy_years,2014,75.757
LKA,life_expectancy_years,2013,75.546
LKA,life_expectancy_years,2012,75.187
LKA,life_expectancy_years,2011,74.74
LKA,life_expectancy_years,2010,74.463
LKA,access_to_electricity_pct,2024,100.0
LKA,access_to_electricity_pct,2023,100.0
LKA,access_to_electricity_pct,2022,100.0
LKA,access_to_electricity_pct,2021,100.0
LKA,access_to_electricity_pct,2020,100.0
LKA,access_to_electricity_pct,2019,99.8
LKA,access_to_electricity_pct,2018,99.6
LKA,access_to_electricity_pct,2017,97.5
LKA,access_to_electricity_pct,2016,97.5
LKA,access_to_electricity_pct,2015,94.3
LKA,access_to_electricity_pct,2014,92.7
LKA,access_to_electricity_pct,2013,90.2
LKA,access_to_electricity_pct,2012,87.0
LKA,access_to_electricity_pct,2011,87.8
LKA,access_to_electricity_pct,2010,85.3
LKA,internet_users_pct,2024,54.59
LKA,internet_users_pct,2023,51.2
LKA,internet_users_pct,2022,48.3
LKA,internet_users_pct,2021,44.45308724
LKA,internet_users_pct,2020,36.18473435
LKA,internet_users_pct,2019,32.02090073
LKA,internet_users_pct,2018,28.33620071
LKA,internet_users_pct,2017,25.07550049
LKA,internet_users_pct,2016,22.19
LKA,internet_users_pct,2015,15.26249981
LKA,internet_users_pct,2014,10.5000026214106
LKA,internet_users_pct,2013,10.04440022
LKA,internet_users_pct,2012,9.00039959
LKA,internet_users_pct,2011,7.956399918
LKA,internet_users_pct,2010,6.912399769
LKA,urban_population_pct,2025,20.4501355167937
LKA,urban_population_pct,2024,20.2996997058686
LKA,urban_population_pct,2023,20.1455348442463
LKA,urban_population_pct,2022,19.9877933196367
LKA,urban_population_pct,2021,19.8266275195269
LKA,urban_population_pct,2020,19.6621898312161
LKA,urban_population_pct,2019,19.4946326418437
LKA,urban_population_pct,2018,19.3241083384127
LKA,urban_population_pct,2017,19.1507693078088
LKA,urban_population_pct,2016,18.9747679368162
LKA,urban_population_pct,2015,18.796256612131
LKA,urban_population_pct,2014,18.6153877203724
LKA,urban_population_pct,2013,18.4323136480916
LKA,urban_population_pct,2012,18.2617686748284
LKA,urban_population_pct,2011,17.7881192817964
LKA,urban_population_pct,2010,17.2486209380693
LKA,agriculture_pct_gdp,2025,8.36247166017662
LKA,agriculture_pct_gdp,2024,8.37364946905484
LKA,agriculture_pct_gdp,2023,8.04312180256758
LKA,agriculture_pct_gdp,2022,8.4479528697634
LKA,agriculture_pct_gdp,2021,8.78994016441411
LKA,agriculture_pct_gdp,2020,8.25132326034921
LKA,agriculture_pct_gdp,2019,7.2562466999024
LKA,agriculture_pct_gdp,2018,7.5920639513666
LKA,agriculture_pct_gdp,2017,7.43067877940601
LKA,agriculture_pct_gdp,2016,7.26171847766503
LKA,agriculture_pct_gdp,2015,8.21693887934065
LKA,agriculture_pct_gdp,2014,8.08070792377259
LKA,agriculture_pct_gdp,2013,7.9246041166418
LKA,agriculture_pct_gdp,2012,7.91028886801456
LKA,agriculture_pct_gdp,2011,9.53315934995748
LKA,agriculture_pct_gdp,2010,9.04833700695796
LKA,industry_pct_gdp,2025,25.4401366461187
LKA,industry_pct_gdp,2024,25.4835532853095
LKA,industry_pct_gdp,2023,25.6710307504815
LKA,industry_pct_gdp,2022,29.8058315779478
LKA,industry_pct_gdp,2021,29.9540097665519
LKA,industry_pct_gdp,2020,28.2358328750276
LKA,industry_pct_gdp,2019,29.1910098708421
LKA,industry_pct_gdp,2018,30.0568195253216
LKA,industry_pct_gdp,2017,31.1282786463629
LKA,industry_pct_gdp,2016,30.48271772947
LKA,industry_pct_gdp,2015,29.5354178731659
LKA,industry_pct_gdp,2014,30.5178954291897
LKA,industry_pct_gdp,2013,30.7956807276274
LKA,industry_pct_gdp,2012,30.9698538095878
LKA,industry_pct_gdp,2011,29.0731497644916
LKA,industry_pct_gdp,2010,27.7831982979266
LKA,manufacturing_pct_gdp,2025,17.1158915361628
LKA,manufacturing_pct_gdp,2024,17.4915508731994
LKA,manufacturing_pct_gdp,2023,17.9723933987226
LKA,manufacturing_pct_gdp,2022,19.6510544330762
LKA,manufacturing_pct_gdp,2021,17.9651186199509
LKA,manufacturing_pct_gdp,2020,16.2859641029035
LKA,manufacturing_pct_gdp,2019,16.160801717524
LKA,manufacturing_pct_gdp,2018,15.0327786139962
LKA,manufacturing_pct_gdp,2017,14.891296047659
LKA,manufacturing_pct_gdp,2016,16.018659247464
LKA,manufacturing_pct_gdp,2015,16.1769598771991
LKA,manufacturing_pct_gdp,2014,17.1564291875524
LKA,manufacturing_pct_gdp,2013,18.0646306474511
LKA,manufacturing_pct_gdp,2012,19.7379423600008
LKA,manufacturing_pct_gdp,2011,18.6156868794475
LKA,manufacturing_pct_gdp,2010,18.4566842207205
LKA,services_pct_gdp,2025,54.6309397511069
LKA,services_pct_gdp,2024,57.4978361047906
LKA,services_pct_gdp,2023,60.0610214917243
LKA,services_pct_gdp,2022,57.0665321872281
LKA,services_pct_gdp,2021,55.874385350147
LKA,services_pct_gdp,2020,57.8323873796436
LKA,services_pct_gdp,2019,55.7458586317871
LKA,services_pct_gdp,2018,53.6373194381874
LKA,services_pct_gdp,2017,52.2395328654736
LKA,services_pct_gdp,2016,53.4181636949792
LKA,services_pct_gdp,2015,54.2106196151911
LKA,services_pct_gdp,2014,54.6273859148658
LKA,services_pct_gdp,2013,54.515555670243
LKA,services_pct_gdp,2012,54.204493062591
LKA,services_pct_gdp,2011,53.3645298044492
LKA,services_pct_gdp,2010,53.0103501848071
LKA,external_debt_stock_total_usd,2024,56827528393.8
LKA,external_debt_stock_total_usd,2023,60544707010.4
LKA,external_debt_stock_total_usd,2022,58718751204.5
LKA,external_debt_stock_total_usd,2021,58741883598.1
LKA,external_debt_stock_total_usd,2020,56875086630.2
LKA,external_debt_stock_total_usd,2019,56118735647.0
LKA,external_debt_stock_total_usd,2018,52920652662.2
LKA,external_debt_stock_total_usd,2017,50766665978.7
LKA,external_debt_stock_total_usd,2016,46662738616.2
LKA,external_debt_stock_total_usd,2015,43926833891.1
LKA,external_debt_stock_total_usd,2014,42264361571.6
LKA,external_debt_stock_total_usd,2013,39316198514.4
LKA,external_debt_stock_total_usd,2012,35735908567.5
LKA,external_debt_stock_total_usd,2011,25795379781.1
LKA,external_debt_stock_total_usd,2010,21684210688.5
LKA,external_debt_public_publicly_guaranteed_usd,2024,39541858681.4
LKA,external_debt_public_publicly_guaranteed_usd,2023,41391968056.7
LKA,external_debt_public_publicly_guaranteed_usd,2022,38488278143.9
LKA,external_debt_public_publicly_guaranteed_usd,2021,38491045714.9
LKA,external_debt_public_publicly_guaranteed_usd,2020,37568683173.3
LKA,external_debt_public_publicly_guaranteed_usd,2019,36986947568.7
LKA,external_debt_public_publicly_guaranteed_usd,2018,34355813920.6
LKA,external_debt_public_publicly_guaranteed_usd,2017,32625375176.7
LKA,external_debt_public_publicly_guaranteed_usd,2016,30115690503.0
LKA,external_debt_public_publicly_guaranteed_usd,2015,27454469834.6
LKA,external_debt_public_publicly_guaranteed_usd,2014,25826203879.2
LKA,external_debt_public_publicly_guaranteed_usd,2013,25429413567.3
LKA,external_debt_public_publicly_guaranteed_usd,2012,22954102769.6
LKA,external_debt_public_publicly_guaranteed_usd,2011,18681699405.2
LKA,external_debt_public_publicly_guaranteed_usd,2010,16429773255.2
LKA,external_debt_private_nonguaranteed_usd,2024,8569475000.0
LKA,external_debt_private_nonguaranteed_usd,2023,9001612000.0
LKA,external_debt_private_nonguaranteed_usd,2022,9314447545.5
LKA,external_debt_private_nonguaranteed_usd,2021,9031759000.0
LKA,external_debt_private_nonguaranteed_usd,2020,8983706000.0
LKA,external_debt_private_nonguaranteed_usd,2019,8826412000.0
LKA,external_debt_private_nonguaranteed_usd,2018,8838953000.0
LKA,external_debt_private_nonguaranteed_usd,2017,8801820000.0
LKA,external_debt_private_nonguaranteed_usd,2016,8048638000.0
LKA,external_debt_private_nonguaranteed_usd,2015,7644511000.0
LKA,external_debt_private_nonguaranteed_usd,2014,7292237000.0
LKA,external_debt_private_nonguaranteed_usd,2013,4446217000.0
LKA,external_debt_private_nonguaranteed_usd,2012,3244727000.0
LKA,external_debt_private_nonguaranteed_usd,2011,1212670000.0
LKA,external_debt_private_nonguaranteed_usd,2010,919000000.0
MAR,gdp_per_capita_usd,2025,4672.46826171875
MAR,gdp_per_capita_usd,2024,4153.1943359375
MAR,gdp_per_capita_usd,2023,3813.72607421875
MAR,gdp_per_capita_usd,2022,3463.1376953125
MAR,gdp_per_capita_usd,2021,3785.93627929688
MAR,gdp_per_capita_usd,2020,3268.0302734375
MAR,gdp_per_capita_usd,2019,3508.09765625
MAR,gdp_per_capita_usd,2018,3501.69799804688
MAR,gdp_per_capita_usd,2017,3296.52661132813
MAR,gdp_per_capita_usd,2016,3140.85546875
MAR,gdp_per_capita_usd,2015,3146.24780273438
MAR,gdp_per_capita_usd,2014,3435.40698242188
MAR,gdp_per_capita_usd,2013,3379.7431640625
MAR,gdp_per_capita_usd,2012,3164.17724609375
MAR,gdp_per_capita_usd,2011,3301.98876953125
MAR,gdp_per_capita_usd,2010,3067.9853515625
MAR,gni_per_capita_atlas_usd,2025,4360.0
MAR,gni_per_capita_atlas_usd,2024,3840.0
MAR,gni_per_capita_atlas_usd,2023,3780.0
MAR,gni_per_capita_atlas_usd,2022,3700.0
MAR,gni_per_capita_atlas_usd,2021,3630.0
MAR,gni_per_capita_atlas_usd,2020,3260.0
MAR,gni_per_capita_atlas_usd,2019,3510.0
MAR,gni_per_capita_atlas_usd,2018,3380.0
MAR,gni_per_capita_atlas_usd,2017,3160.0
MAR,gni_per_capita_atlas_usd,2016,3150.0
MAR,gni_per_capita_atlas_usd,2015,3300.0
MAR,gni_per_capita_atlas_usd,2014,3330.0
MAR,gni_per_capita_atlas_usd,2013,3350.0
MAR,gni_per_capita_atlas_usd,2012,3230.0
MAR,gni_per_capita_atlas_usd,2011,3260.0
MAR,gni_per_capita_atlas_usd,2010,3190.0
MAR,population,2025,38430770.0
MAR,population,2024,38081173.0
MAR,population,2023,37712505.0
MAR,population,2022,37329064.0
MAR,population,2021,36954442.0
MAR,population,2020,36584208.0
MAR,population,2019,36210898.0
MAR,population,2018,35839760.0
MAR,population,2017,35446392.0
MAR,population,2016,35023457.0
MAR,population,2015,34607588.0
MAR,population,2014,34204780.0
MAR,population,2013,33787571.0
MAR,population,2012,33355241.0
MAR,population,2011,32912588.0
MAR,population,2010,32467016.0
MAR,life_expectancy_years,2024,75.493
MAR,life_expectancy_years,2023,75.313
MAR,life_expectancy_years,2022,75.161
MAR,life_expectancy_years,2021,73.385
MAR,life_expectancy_years,2020,73.133
MAR,life_expectancy_years,2019,74.245
MAR,life_expectancy_years,2018,73.946
MAR,life_expectancy_years,2017,73.608
MAR,life_expectancy_years,2016,73.228
MAR,life_expectancy_years,2015,72.894
MAR,life_expectancy_years,2014,72.522
MAR,life_expectancy_years,2013,72.117
MAR,life_expectancy_years,2012,71.674
MAR,life_expectancy_years,2011,71.263
MAR,life_expectancy_years,2010,70.821
MAR,access_to_electricity_pct,2024,100.0
MAR,access_to_electricity_pct,2023,100.0
MAR,access_to_electricity_pct,2022,100.0
MAR,access_to_electricity_pct,2021,100.0
MAR,access_to_electricity_pct,2020,100.0
MAR,access_to_electricity_pct,2019,99.6
MAR,access_to_electricity_pct,2018,98.1
MAR,access_to_electricity_pct,2017,100.0
MAR,access_to_electricity_pct,2016,97.8
MAR,access_to_electricity_pct,2015,97.3
MAR,access_to_electricity_pct,2014,97.3
MAR,access_to_electricity_pct,2013,97.2
MAR,access_to_electricity_pct,2012,96.4
MAR,access_to_electricity_pct,2011,96.1
MAR,access_to_electricity_pct,2010,95.7
MAR,internet_users_pct,2024,91.2
MAR,internet_users_pct,2023,91.0
MAR,internet_users_pct,2022,89.9
MAR,internet_users_pct,2021,88.13031937
MAR,internet_users_pct,2020,84.12036305
MAR,internet_users_pct,2019,84.1203630467602
MAR,internet_users_pct,2018,64.8038651924043
MAR,internet_users_pct,2017,61.7622120123071
MAR,internet_users_pct,2016,58.271236420398
MAR,internet_users_pct,2015,57.0799993486116
MAR,internet_users_pct,2014,56.7746379160074
MAR,internet_users_pct,2013,56.0
MAR,internet_users_pct,2012,55.4160531914894
MAR,internet_users_pct,2011,46.107482597
MAR,internet_users_pct,2010,52.0
MAR,urban_population_pct,2025,63.1278612260269
MAR,urban_population_pct,2024,62.7998124018197
MAR,urban_population_pct,2023,62.673750838878
MAR,urban_population_pct,2022,62.5118468550703
MAR,urban_population_pct,2021,62.3173276600289
MAR,urban_population_pct,2020,62.0933436005366
MAR,urban_population_pct,2019,61.8430450233765
MAR,urban_population_pct,2018,61.5695822753314
MAR,urban_population_pct,2017,61.2761057031842
MAR,urban_population_pct,2016,60.9657656537179
MAR,urban_population_pct,2015,60.6417124737154
MAR,urban_population_pct,2014,60.3030486171654
MAR,urban_population_pct,2013,59.9083499302469
MAR,urban_population_pct,2012,59.4348555979895
MAR,urban_population_pct,2011,58.902576690412
MAR,urban_population_pct,2010,58.3287516486646
MAR,agriculture_pct_gdp,2025,10.5468998514808
MAR,agriculture_pct_gdp,2024,10.5673287621047
MAR,agriculture_pct_gdp,2023,11.1311743840061
MAR,agriculture_pct_gdp,2022,9.79618893785634
MAR,agriculture_pct_gdp,2021,11.9779439009277
MAR,agriculture_pct_gdp,2020,10.6636401420592
MAR,agriculture_pct_gdp,2019,10.8424017370039
MAR,agriculture_pct_gdp,2018,11.3055402401365
MAR,agriculture_pct_gdp,2017,11.1602887992375
MAR,agriculture_pct_gdp,2016,10.3219651103177
MAR,agriculture_pct_gdp,2015,11.7961931846113
MAR,agriculture_pct_gdp,2014,10.3531465249527
MAR,agriculture_pct_gdp,2013,12.3583661932506
MAR,agriculture_pct_gdp,2012,11.3297511522793
MAR,agriculture_pct_gdp,2011,12.0819026098454
MAR,agriculture_pct_gdp,2010,11.9620812709231
MAR,industry_pct_gdp,2025,25.245138579595
MAR,industry_pct_gdp,2024,25.6379794827026
MAR,industry_pct_gdp,2023,25.3229740167851
MAR,industry_pct_gdp,2022,26.0855513037114
MAR,industry_pct_gdp,2021,25.9539090511005
MAR,industry_pct_gdp,2020,26.0436433872433
MAR,industry_pct_gdp,2019,25.2499524130611
MAR,industry_pct_gdp,2018,25.2413538068182
MAR,industry_pct_gdp,2017,25.405454806575
MAR,industry_pct_gdp,2016,25.685104578574
MAR,industry_pct_gdp,2015,25.6226817262287
MAR,industry_pct_gdp,2014,25.8132675090419
MAR,industry_pct_gdp,2013,24.1531288845084
MAR,industry_pct_gdp,2012,24.2659773507632
MAR,industry_pct_gdp,2011,24.5065191885483
MAR,industry_pct_gdp,2010,23.7119126900355
MAR,manufacturing_pct_gdp,2025,14.931928471929
MAR,manufacturing_pct_gdp,2024,15.2654153716279
MAR,manufacturing_pct_gdp,2023,15.7918531548633
MAR,manufacturing_pct_gdp,2022,16.0498493107438
MAR,manufacturing_pct_gdp,2021,15.2356757950841
MAR,manufacturing_pct_gdp,2020,15.177396164956
MAR,manufacturing_pct_gdp,2019,14.7633235363387
MAR,manufacturing_pct_gdp,2018,14.8703562557049
MAR,manufacturing_pct_gdp,2017,14.5941970328011
MAR,manufacturing_pct_gdp,2016,14.7595291382492
MAR,manufacturing_pct_gdp,2015,14.984152955286
MAR,manufacturing_pct_gdp,2014,15.3452879513188
MAR,manufacturing_pct_gdp,2013,14.5581548719729
MAR,manufacturing_pct_gdp,2012,14.3615270032686
MAR,manufacturing_pct_gdp,2011,14.6656401995519
MAR,manufacturing_pct_gdp,2010,14.8171920253699
MAR,services_pct_gdp,2025,52.3067602231989
MAR,services_pct_gdp,2024,52.7268616776438
MAR,services_pct_gdp,2023,53.7147502674415
MAR,services_pct_gdp,2022,54.4992684878357
MAR,services_pct_gdp,2021,51.7882000339975
MAR,services_pct_gdp,2020,53.1903022793513
MAR,services_pct_gdp,2019,53.4781212999139
MAR,services_pct_gdp,2018,53.070813570865
MAR,services_pct_gdp,2017,53.0987601129781
MAR,services_pct_gdp,2016,53.3932404781727
MAR,services_pct_gdp,2015,52.2029571874719
MAR,services_pct_gdp,2014,54.7549862499925
MAR,services_pct_gdp,2013,47.6140626235819
MAR,services_pct_gdp,2012,49.1349653712344
MAR,services_pct_gdp,2011,48.2264357061115
MAR,services_pct_gdp,2010,47.166110243688
MAR,external_debt_stock_total_usd,2024,67993946129.4
MAR,external_debt_stock_total_usd,2023,69632222212.5
MAR,external_debt_stock_total_usd,2022,64971802459.6
MAR,external_debt_stock_total_usd,2021,65687357710.1
MAR,external_debt_stock_total_usd,2020,66009840918.5
MAR,external_debt_stock_total_usd,2019,55279299519.3
MAR,external_debt_stock_total_usd,2018,50686138658.3
MAR,external_debt_stock_total_usd,2017,51358094284.0
MAR,external_debt_stock_total_usd,2016,47831451631.0
MAR,external_debt_stock_total_usd,2015,44625383212.7
MAR,external_debt_stock_total_usd,2014,43338961889.4
MAR,external_debt_stock_total_usd,2013,39430846407.3
MAR,external_debt_stock_total_usd,2012,33925181786.7
MAR,external_debt_stock_total_usd,2011,30016607498.1
MAR,external_debt_stock_total_usd,2010,27347978062.1
MAR,external_debt_public_publicly_guaranteed_usd,2024,45727304918.4
MAR,external_debt_public_publicly_guaranteed_usd,2023,45116709743.6
MAR,external_debt_public_publicly_guaranteed_usd,2022,41285713704.7
MAR,external_debt_public_publicly_guaranteed_usd,2021,42422152195.1
MAR,external_debt_public_publicly_guaranteed_usd,2020,43949181587.2
MAR,external_debt_public_publicly_guaranteed_usd,2019,36771963618.5
MAR,external_debt_public_publicly_guaranteed_usd,2018,33759318329.3
MAR,external_debt_public_publicly_guaranteed_usd,2017,35039776449.7
MAR,external_debt_public_publicly_guaranteed_usd,2016,31665368205.9
MAR,external_debt_public_publicly_guaranteed_usd,2015,31364909580.2
MAR,external_debt_public_publicly_guaranteed_usd,2014,30346704874.3
MAR,external_debt_public_publicly_guaranteed_usd,2013,28447684912.6
MAR,external_debt_public_publicly_guaranteed_usd,2012,25195619067.0
MAR,external_debt_public_publicly_guaranteed_usd,2011,22484476062.8
MAR,external_debt_public_publicly_guaranteed_usd,2010,21147705257.8
MAR,external_debt_private_nonguaranteed_usd,2024,11477469444.3
MAR,external_debt_private_nonguaranteed_usd,2023,10440086135.0
MAR,external_debt_private_nonguaranteed_usd,2022,9851394080.6
MAR,external_debt_private_nonguaranteed_usd,2021,10101912286.6
MAR,external_debt_private_nonguaranteed_usd,2020,10008034741.3
MAR,external_debt_private_nonguaranteed_usd,2019,9035563266.2
MAR,external_debt_private_nonguaranteed_usd,2018,8700381000.0
MAR,external_debt_private_nonguaranteed_usd,2017,8110799000.0
MAR,external_debt_private_nonguaranteed_usd,2016,6488660000.0
MAR,external_debt_private_nonguaranteed_usd,2015,5615242000.0
MAR,external_debt_private_nonguaranteed_usd,2014,4571947000.0
MAR,external_debt_private_nonguaranteed_usd,2013,4767710000.0
MAR,external_debt_private_nonguaranteed_usd,2012,3699330000.0
MAR,external_debt_private_nonguaranteed_usd,2011,2833303000.0
MAR,external_debt_private_nonguaranteed_usd,2010,2588544000.0
MDV,gdp_per_capita_usd,2025,14614.7208116541
MDV,gdp_per_capita_usd,2024,13379.3513577224
MDV,gdp_per_capita_usd,2023,12587.6126038651
MDV,gdp_per_capita_usd,2022,11786.0191492983
MDV,gdp_per_capita_usd,2021,10176.143882547
MDV,gdp_per_capita_usd,2020,7393.8886543933
MDV,gdp_per_capita_usd,2019,11740.2724029785
MDV,gdp_per_capita_usd,2018,11423.2838427029
MDV,gdp_per_capita_usd,2017,10509.628805812
MDV,gdp_per_capita_usd,2016,9947.80744731739
MDV,gdp_per_capita_usd,2015,9644.90655028145
MDV,gdp_per_capita_usd,2014,8939.07416571472
MDV,gdp_per_capita_usd,2013,8236.08177944126
MDV,gdp_per_capita_usd,2012,7461.29703686309
MDV,gdp_per_capita_usd,2011,7424.520410971
MDV,gdp_per_capita_usd,2010,7173.59601844692
MDV,gni_per_capita_atlas_usd,2025,12950.0
MDV,gni_per_capita_atlas_usd,2024,11540.0
MDV,gni_per_capita_atlas_usd,2023,11130.0
MDV,gni_per_capita_atlas_usd,2022,10570.0
MDV,gni_per_capita_atlas_usd,2021,9350.0
MDV,gni_per_capita_atlas_usd,2020,7050.0
MDV,gni_per_capita_atlas_usd,2019,10730.0
MDV,gni_per_capita_atlas_usd,2018,10220.0
MDV,gni_per_capita_atlas_usd,2017,9400.0
MDV,gni_per_capita_atlas_usd,2016,8720.0
MDV,gni_per_capita_atlas_usd,2015,8210.0
MDV,gni_per_capita_atlas_usd,2014,7720.0
MDV,gni_per_capita_atlas_usd,2013,7050.0
MDV,gni_per_capita_atlas_usd,2012,6810.0
MDV,gni_per_capita_atlas_usd,2011,6720.0
MDV,gni_per_capita_atlas_usd,2010,6000.0
MDV,population,2025,529676.0
MDV,population,2024,527799.0
MDV,population,2023,525994.0
MDV,population,2022,524106.0
MDV,population,2021,516154.0
MDV,population,2020,502118.0
MDV,population,2019,487731.0
MDV,population,2018,473099.0
MDV,population,2017,458287.0
MDV,population,2016,443308.0
MDV,population,2015,428154.0
MDV,population,2014,413617.0
MDV,population,2013,400070.0
MDV,population,2012,386818.0
MDV,population,2011,373674.0
MDV,population,2010,360792.0
MDV,life_expectancy_years,2024,81.285
MDV,life_expectancy_years,2023,81.041
MDV,life_expectancy_years,2022,80.76
MDV,life_expectancy_years,2021,78.052
MDV,life_expectancy_years,2020,78.713
MDV,life_expectancy_years,2019,79.707
MDV,life_expectancy_years,2018,79.433
MDV,life_expectancy_years,2017,79.228
MDV,life_expectancy_years,2016,78.913
MDV,life_expectancy_years,2015,78.607
MDV,life_expectancy_years,2014,78.187
MDV,life_expectancy_years,2013,77.847
MDV,life_expectancy_years,2012,77.512
MDV,life_expectancy_years,2011,77.141
MDV,life_expectancy_years,2010,76.756
MDV,access_to_electricity_pct,2024,100.0
MDV,access_to_electricity_pct,2023,100.0
MDV,access_to_electricity_pct,2022,100.0
MDV,access_to_electricity_pct,2021,100.0
MDV,access_to_electricity_pct,2020,100.0
MDV,access_to_electricity_pct,2019,100.0
MDV,access_to_electricity_pct,2018,100.0
MDV,access_to_electricity_pct,2017,99.8
MDV,access_to_electricity_pct,2016,100.0
MDV,access_to_electricity_pct,2015,99.8
MDV,access_to_electricity_pct,2014,100.0
MDV,access_to_electricity_pct,2013,99.4
MDV,access_to_electricity_pct,2012,99.2
MDV,access_to_electricity_pct,2011,99.1
MDV,access_to_electricity_pct,2010,99.0
MDV,internet_users_pct,2024,85.23999786
MDV,internet_users_pct,2023,84.55290222
MDV,internet_users_pct,2022,83.91189054
MDV,internet_users_pct,2021,81.95760345
MDV,internet_users_pct,2020,79.09780121
MDV,internet_users_pct,2019,77.46970367
MDV,internet_users_pct,2018,70.93689728
MDV,internet_users_pct,2017,64.95500183
MDV,internet_users_pct,2016,59.47750092
MDV,internet_users_pct,2015,54.4620018
MDV,internet_users_pct,2014,49.27999878
MDV,internet_users_pct,2013,44.09999847
MDV,internet_users_pct,2012,38.93009949
MDV,internet_users_pct,2011,34.0
MDV,internet_users_pct,2010,26.53
MDV,urban_population_pct,2025,42.5061567995467
MDV,urban_population_pct,2024,41.9982152717385
MDV,urban_population_pct,2023,41.5096832933973
MDV,urban_population_pct,2022,41.0641769690663
MDV,urban_population_pct,2021,40.7398648710483
MDV,urban_population_pct,2020,40.3985147902839
MDV,urban_population_pct,2019,40.0492764783282
MDV,urban_population_pct,2018,39.6923354428279
MDV,urban_population_pct,2017,39.32787719143
MDV,urban_population_pct,2016,38.9560872317815
MDV,urban_population_pct,2015,38.5771510715291
MDV,urban_population_pct,2014,38.1938859868107
MDV,urban_population_pct,2013,37.8257075155926
MDV,urban_population_pct,2012,37.475963433544
MDV,urban_population_pct,2011,37.1274623517731
MDV,urban_population_pct,2010,36.7646137762553
MDV,agriculture_pct_gdp,2025,4.59079378253004
MDV,agriculture_pct_gdp,2024,3.84195892285095
MDV,agriculture_pct_gdp,2023,5.08184564628541
MDV,agriculture_pct_gdp,2022,5.06182473582962
MDV,agriculture_pct_gdp,2021,5.30620393459186
MDV,agriculture_pct_gdp,2020,7.57494511363438
MDV,agriculture_pct_gdp,2019,4.49402391073316
MDV,agriculture_pct_gdp,2018,5.12400558285918
MDV,agriculture_pct_gdp,2017,5.27109968794242
MDV,agriculture_pct_gdp,2016,5.62856345772863
MDV,agriculture_pct_gdp,2015,5.53360361810085
MDV,agriculture_pct_gdp,2014,5.30718633604263
MDV,agriculture_pct_gdp,2013,5.41343405241382
MDV,agriculture_pct_gdp,2012,5.19060478867434
MDV,agriculture_pct_gdp,2011,5.385634653611
MDV,agriculture_pct_gdp,2010,5.63412062612204
MDV,industry_pct_gdp,2025,9.33032179524073
MDV,industry_pct_gdp,2024,9.19750766656193
MDV,industry_pct_gdp,2023,9.64044735636074
MDV,industry_pct_gdp,2022,9.9186172924346
MDV,industry_pct_gdp,2021,9.19229759630424
MDV,industry_pct_gdp,2020,12.5605139140038
MDV,industry_pct_gdp,2019,11.9425437773352
MDV,industry_pct_gdp,2018,13.0536487046675
MDV,industry_pct_gdp,2017,11.4251984593511
MDV,industry_pct_gdp,2016,11.2741492757581
MDV,industry_pct_gdp,2015,10.7232266023621
MDV,industry_pct_gdp,2014,8.4139107553832
MDV,industry_pct_gdp,2013,8.05840306592254
MDV,industry_pct_gdp,2012,9.79079162730297
MDV,industry_pct_gdp,2011,10.0744819854785
MDV,industry_pct_gdp,2010,9.43175580619357
MDV,manufacturing_pct_gdp,2025,1.78727619957572
MDV,manufacturing_pct_gdp,2024,1.57825099733604
MDV,manufacturing_pct_gdp,2023,1.96608425232466
MDV,manufacturing_pct_gdp,2022,1.99500404232389
MDV,manufacturing_pct_gdp,2021,2.13594481648086
MDV,manufacturing_pct_gdp,2020,2.6859682263453
MDV,manufacturing_pct_gdp,2019,2.13121452981657
MDV,manufacturing_pct_gdp,2018,2.19273569064963
MDV,manufacturing_pct_gdp,2017,2.18421103604745
MDV,manufacturing_pct_gdp,2016,2.07833683806784
MDV,manufacturing_pct_gdp,2015,1.92794348282613
MDV,manufacturing_pct_gdp,2014,1.98497323914953
MDV,manufacturing_pct_gdp,2013,2.11838215713654
MDV,manufacturing_pct_gdp,2012,2.62452727488947
MDV,manufacturing_pct_gdp,2011,2.58052904651449
MDV,manufacturing_pct_gdp,2010,2.28771084825406
MDV,services_pct_gdp,2025,69.8585304596462
MDV,services_pct_gdp,2024,72.0973260767818
MDV,services_pct_gdp,2023,70.7639209152849
MDV,services_pct_gdp,2022,73.567430802867
MDV,services_pct_gdp,2021,73.1643124551169
MDV,services_pct_gdp,2020,70.787997194807
MDV,services_pct_gdp,2019,71.2654681353912
MDV,services_pct_gdp,2018,68.4267005521203
MDV,services_pct_gdp,2017,69.4930565365242
MDV,services_pct_gdp,2016,69.9439456799519
MDV,services_pct_gdp,2015,72.3765842355726
MDV,services_pct_gdp,2014,75.405092890608
MDV,services_pct_gdp,2013,75.576223617033
MDV,services_pct_gdp,2012,75.4770286319992
MDV,services_pct_gdp,2011,75.0633081409914
MDV,services_pct_gdp,2010,77.6940062981947
MDV,external_debt_stock_total_usd,2024,4692462747.8
MDV,external_debt_stock_total_usd,2023,3999770239.2
MDV,external_debt_stock_total_usd,2022,3992801782.9
MDV,external_debt_stock_total_usd,2021,4099470066.5
MDV,external_debt_stock_total_usd,2020,3661325289.9
MDV,external_debt_stock_total_usd,2019,2674811758.5
MDV,external_debt_stock_total_usd,2018,2321198855.1
MDV,external_debt_stock_total_usd,2017,1465514069.7
MDV,external_debt_stock_total_usd,2016,1137521463.6
MDV,external_debt_stock_total_usd,2015,1004002006.3
MDV,external_debt_stock_total_usd,2014,1101101172.9
MDV,external_debt_stock_total_usd,2013,1024556824.2
MDV,external_debt_stock_total_usd,2012,939044142.8
MDV,external_debt_stock_total_usd,2011,880681947.2
MDV,external_debt_stock_total_usd,2010,913686330.3
MDV,external_debt_public_publicly_guaranteed_usd,2024,4115745282.8
MDV,external_debt_public_publicly_guaranteed_usd,2023,3417559679.4
MDV,external_debt_public_publicly_guaranteed_usd,2022,3067184961.1
MDV,external_debt_public_publicly_guaranteed_usd,2021,3134363053.7
MDV,external_debt_public_publicly_guaranteed_usd,2020,2851867493.6
MDV,external_debt_public_publicly_guaranteed_usd,2019,2226513398.7
MDV,external_debt_public_publicly_guaranteed_usd,2018,2003328191.8
MDV,external_debt_public_publicly_guaranteed_usd,2017,1234062577.4
MDV,external_debt_public_publicly_guaranteed_usd,2016,911809213.8
MDV,external_debt_public_publicly_guaranteed_usd,2015,685301024.0
MDV,external_debt_public_publicly_guaranteed_usd,2014,747031126.1
MDV,external_debt_public_publicly_guaranteed_usd,2013,874664509.8
MDV,external_debt_public_publicly_guaranteed_usd,2012,720029097.0
MDV,external_debt_public_publicly_guaranteed_usd,2011,675194502.3
MDV,external_debt_public_publicly_guaranteed_usd,2010,627808485.7
MDV,external_debt_private_nonguaranteed_usd,2024,352727000.0
MDV,external_debt_private_nonguaranteed_usd,2023,417710000.0
MDV,external_debt_private_nonguaranteed_usd,2022,408990000.0
MDV,external_debt_private_nonguaranteed_usd,2021,410954000.0
MDV,external_debt_private_nonguaranteed_usd,2020,358842000.0
MDV,external_debt_private_nonguaranteed_usd,2019,103722000.0
MDV,external_debt_private_nonguaranteed_usd,2018,69370000.0
MDV,external_debt_private_nonguaranteed_usd,2017,108072000.0
MDV,external_debt_private_nonguaranteed_usd,2016,84899000.0
MDV,external_debt_private_nonguaranteed_usd,2015,150666000.0
MDV,external_debt_private_nonguaranteed_usd,2014,196214000.0
MDV,external_debt_private_nonguaranteed_usd,2013,44787000.0
MDV,external_debt_private_nonguaranteed_usd,2012,93441000.0
MDV,external_debt_private_nonguaranteed_usd,2011,41943000.0
MDV,external_debt_private_nonguaranteed_usd,2010,115248000.0
NPL,gdp_per_capita_usd,2025,1535.87781246307
NPL,gdp_per_capita_usd,2024,1460.28237984149
NPL,gdp_per_capita_usd,2023,1382.38300895424
NPL,gdp_per_capita_usd,2022,1385.91066002922
NPL,gdp_per_capita_usd,2021,1252.75076731986
NPL,gdp_per_capita_usd,2020,1154.21517578318
NPL,gdp_per_capita_usd,2019,1203.14294706401
NPL,gdp_per_capita_usd,2018,1179.19843190389
NPL,gdp_per_capita_usd,2017,1034.28374906846
NPL,gdp_per_capita_usd,2016,877.256454696737
NPL,gdp_per_capita_usd,2015,875.543635474862
NPL,gdp_per_capita_usd,2014,821.455224911731
NPL,gdp_per_capita_usd,2013,803.269595420477
NPL,gdp_per_capita_usd,2012,788.202937148377
NPL,gdp_per_capita_usd,2011,785.518656222132
NPL,gdp_per_capita_usd,2010,585.278491984574
NPL,gni_per_capita_atlas_usd,2025,1570.0
NPL,gni_per_capita_atlas_usd,2024,1480.0
NPL,gni_per_capita_atlas_usd,2023,1430.0
NPL,gni_per_capita_atlas_usd,2022,1380.0
NPL,gni_per_capita_atlas_usd,2021,1250.0
NPL,gni_per_capita_atlas_usd,2020,1190.0
NPL,gni_per_capita_atlas_usd,2019,1240.0
NPL,gni_per_capita_atlas_usd,2018,1120.0
NPL,gni_per_capita_atlas_usd,2017,970.0
NPL,gni_per_capita_atlas_usd,2016,860.0
NPL,gni_per_capita_atlas_usd,2015,870.0
NPL,gni_per_capita_atlas_usd,2014,860.0
NPL,gni_per_capita_atlas_usd,2013,840.0
NPL,gni_per_capita_atlas_usd,2012,750.0
NPL,gni_per_capita_atlas_usd,2011,620.0
NPL,gni_per_capita_atlas_usd,2010,530.0
NPL,population,2025,29618118.0
NPL,population,2024,29651054.0
NPL,population,2023,29694614.0
NPL,population,2022,29715436.0
NPL,population,2021,29475010.0
NPL,population,2020,28966574.0
NPL,population,2019,28414064.0
NPL,population,2018,28079689.0
NPL,population,2017,28011258.0
NPL,population,2016,27955462.0
NPL,population,2015,27823629.0
NPL,population,2014,27672370.0
NPL,population,2013,27589996.0
NPL,population,2012,27534915.0
NPL,population,2011,27464494.0
NPL,population,2010,27341952.0
NPL,life_expectancy_years,2024,70.636
NPL,life_expectancy_years,2023,70.354
NPL,life_expectancy_years,2022,70.087
NPL,life_expectancy_years,2021,68.385
NPL,life_expectancy_years,2020,69.106
NPL,life_expectancy_years,2019,69.299
NPL,life_expectancy_years,2018,69.036
NPL,life_expectancy_years,2017,68.74
NPL,life_expectancy_years,2016,68.444
NPL,life_expectancy_years,2015,67.374
NPL,life_expectancy_years,2014,67.812
NPL,life_expectancy_years,2013,67.598
NPL,life_expectancy_years,2012,67.364
NPL,life_expectancy_years,2011,67.123
NPL,life_expectancy_years,2010,66.772
NPL,access_to_electricity_pct,2024,97.9
NPL,access_to_electricity_pct,2023,94.0
NPL,access_to_electricity_pct,2022,91.3
NPL,access_to_electricity_pct,2021,89.9
NPL,access_to_electricity_pct,2020,89.9
NPL,access_to_electricity_pct,2019,89.9
NPL,access_to_electricity_pct,2018,93.9
NPL,access_to_electricity_pct,2017,86.6
NPL,access_to_electricity_pct,2016,90.7
NPL,access_to_electricity_pct,2015,82.0
NPL,access_to_electricity_pct,2014,84.9
NPL,access_to_electricity_pct,2013,77.4
NPL,access_to_electricity_pct,2012,75.2
NPL,access_to_electricity_pct,2011,67.3
NPL,access_to_electricity_pct,2010,68.6
NPL,internet_users_pct,2024,46.32189941
NPL,internet_users_pct,2023,45.80680084
NPL,internet_users_pct,2022,45.45080185
NPL,internet_users_pct,2021,40.98910141
NPL,internet_users_pct,2020,36.96530151
NPL,internet_users_pct,2019,33.33660126
NPL,internet_users_pct,2018,28.60000038
NPL,internet_users_pct,2017,24.3
NPL,internet_users_pct,2016,20.70000076
NPL,internet_users_pct,2015,17.58160019
NPL,internet_users_pct,2014,15.43999958
NPL,internet_users_pct,2013,13.30000019
NPL,internet_users_pct,2012,11.14929962
NPL,internet_users_pct,2011,9.0
NPL,internet_users_pct,2010,7.93
NPL,urban_population_pct,2025,66.999424884859
NPL,urban_population_pct,2024,66.772343163029
NPL,urban_population_pct,2023,66.5432933453944
NPL,urban_population_pct,2022,66.2992968721053
NPL,urban_population_pct,2021,66.144235274522
NPL,urban_population_pct,2020,66.1050886088505
NPL,urban_population_pct,2019,65.9873929484157
NPL,urban_population_pct,2018,65.8104229225551
NPL,urban_population_pct,2017,65.5768928085184
NPL,urban_population_pct,2016,65.2895168835553
NPL,urban_population_pct,2015,64.9510094249155
NPL,urban_population_pct,2014,64.5640847098488
NPL,urban_population_pct,2013,64.1314570156048
NPL,urban_population_pct,2012,63.6558406194333
NPL,urban_population_pct,2011,63.139949798584
NPL,urban_population_pct,2010,62.0156581578338
NPL,agriculture_pct_gdp,2025,21.5578137957376
NPL,agriculture_pct_gdp,2024,21.6736520881574
NPL,agriculture_pct_gdp,2023,21.2987131119062
NPL,agriculture_pct_gdp,2022,20.9143699815129
NPL,agriculture_pct_gdp,2021,22.0214522788058
NPL,agriculture_pct_gdp,2020,22.1800901927916
NPL,agriculture_pct_gdp,2019,21.583372760027
NPL,agriculture_pct_gdp,2018,22.3346720502565
NPL,agriculture_pct_gdp,2017,23.6995484588973
NPL,agriculture_pct_gdp,2016,25.5178753726064
NPL,agriculture_pct_gdp,2015,26.518508431071
NPL,agriculture_pct_gdp,2014,27.4618953626735
NPL,agriculture_pct_gdp,2013,28.6226575274714
NPL,agriculture_pct_gdp,2012,30.0760569589773
NPL,agriculture_pct_gdp,2011,30.805485476422
NPL,agriculture_pct_gdp,2010,33.1793784908122
NPL,industry_pct_gdp,2025,12.0505423178616
NPL,industry_pct_gdp,2024,12.0569372675441
NPL,industry_pct_gdp,2023,11.9717042539656
NPL,industry_pct_gdp,2022,12.1812284731342
NPL,industry_pct_gdp,2021,11.7920425516798
NPL,industry_pct_gdp,2020,12.0473199260523
NPL,industry_pct_gdp,2019,13.0106754137816
NPL,industry_pct_gdp,2018,13.2006396345706
NPL,industry_pct_gdp,2017,12.8625858898462
NPL,industry_pct_gdp,2016,12.6554177698827
NPL,industry_pct_gdp,2015,13.1616546305814
NPL,industry_pct_gdp,2014,13.564565231944
NPL,industry_pct_gdp,2013,13.798337565324
NPL,industry_pct_gdp,2012,13.9771618083831
NPL,industry_pct_gdp,2011,13.3934706003613
NPL,industry_pct_gdp,2010,14.2007622567226
NPL,manufacturing_pct_gdp,2025,4.98224395298016
NPL,manufacturing_pct_gdp,2024,5.01008065501509
NPL,manufacturing_pct_gdp,2023,4.54032315308082
NPL,manufacturing_pct_gdp,2022,4.8320719144747
NPL,manufacturing_pct_gdp,2021,4.76603766540233
NPL,manufacturing_pct_gdp,2020,4.47485439163579
NPL,manufacturing_pct_gdp,2019,4.98144138801895
NPL,manufacturing_pct_gdp,2018,4.90647453944016
NPL,manufacturing_pct_gdp,2017,4.85567399386538
NPL,manufacturing_pct_gdp,2016,4.88818962559367
NPL,manufacturing_pct_gdp,2015,5.3560555553661
NPL,manufacturing_pct_gdp,2014,5.61219115976027
NPL,manufacturing_pct_gdp,2013,5.75041430553108
NPL,manufacturing_pct_gdp,2012,5.78522283353524
NPL,manufacturing_pct_gdp,2011,5.39690252451741
NPL,manufacturing_pct_gdp,2010,5.94613900034709
NPL,services_pct_gdp,2025,54.3679395133002
NPL,services_pct_gdp,2024,54.8909878849941
NPL,services_pct_gdp,2023,55.3711684725339
NPL,services_pct_gdp,2022,52.4250544391455
NPL,services_pct_gdp,2021,51.537232774772
NPL,services_pct_gdp,2020,53.9388467417554
NPL,services_pct_gdp,2019,52.0227162622952
NPL,services_pct_gdp,2018,51.5904434669289
NPL,services_pct_gdp,2017,51.8497822865927
NPL,services_pct_gdp,2016,51.5980440895029
NPL,services_pct_gdp,2015,50.5398969851676
NPL,services_pct_gdp,2014,49.5640197527913
NPL,services_pct_gdp,2013,48.7552170087503
NPL,services_pct_gdp,2012,47.987452587316
NPL,services_pct_gdp,2011,47.9028529380012
NPL,services_pct_gdp,2010,46.3988379106184
NPL,external_debt_stock_total_usd,2024,10152157325.7
NPL,external_debt_stock_total_usd,2023,9982808324.0
NPL,external_debt_stock_total_usd,2022,9183774214.5
NPL,external_debt_stock_total_usd,2021,8820883327.7
NPL,external_debt_stock_total_usd,2020,7905810313.0
NPL,external_debt_stock_total_usd,2019,6515787783.1
NPL,external_debt_stock_total_usd,2018,5510938186.4
NPL,external_debt_stock_total_usd,2017,4963402939.1
NPL,external_debt_stock_total_usd,2016,4297388214.0
NPL,external_debt_stock_total_usd,2015,4142916401.3
NPL,external_debt_stock_total_usd,2014,3980972649.0
NPL,external_debt_stock_total_usd,2013,4012919215.7
NPL,external_debt_stock_total_usd,2012,3809914765.9
NPL,external_debt_stock_total_usd,2011,3826237147.3
NPL,external_debt_stock_total_usd,2010,3787483271.7
NPL,external_debt_public_publicly_guaranteed_usd,2024,8870826934.3
NPL,external_debt_public_publicly_guaranteed_usd,2023,8618871893.6
NPL,external_debt_public_publicly_guaranteed_usd,2022,7958378765.9
NPL,external_debt_public_publicly_guaranteed_usd,2021,7759291529.0
NPL,external_debt_public_publicly_guaranteed_usd,2020,7056767894.4
NPL,external_debt_public_publicly_guaranteed_usd,2019,5847252810.3
NPL,external_debt_public_publicly_guaranteed_usd,2018,4973775948.4
NPL,external_debt_public_publicly_guaranteed_usd,2017,4299444858.2
NPL,external_debt_public_publicly_guaranteed_usd,2016,3665275282.8
NPL,external_debt_public_publicly_guaranteed_usd,2015,3543267395.8
NPL,external_debt_public_publicly_guaranteed_usd,2014,3439771625.3
NPL,external_debt_public_publicly_guaranteed_usd,2013,3574454955.3
NPL,external_debt_public_publicly_guaranteed_usd,2012,3493093677.2
NPL,external_debt_public_publicly_guaranteed_usd,2011,3528236477.6
NPL,external_debt_public_publicly_guaranteed_usd,2010,3507426942.0
NPL,external_debt_private_nonguaranteed_usd,2024,114035000.0
NPL,external_debt_private_nonguaranteed_usd,2023,213122000.0
NPL,external_debt_private_nonguaranteed_usd,2022,271002000.0
NPL,external_debt_private_nonguaranteed_usd,2021,166238000.0
NPL,external_debt_private_nonguaranteed_usd,2020,118271000.0
NPL,external_debt_private_nonguaranteed_usd,2019,118271000.0
NPL,external_debt_private_nonguaranteed_usd,2018,129349000.0
NPL,external_debt_private_nonguaranteed_usd,2017,74686000.0
NPL,external_debt_private_nonguaranteed_usd,2016,82984000.0
NPL,external_debt_private_nonguaranteed_usd,2015,56555000.0
NPL,external_debt_private_nonguaranteed_usd,2014,43025000.0
OMN,gdp_per_capita_usd,2025,19947.3966227092
OMN,gdp_per_capita_usd,2024,20285.2272765262
OMN,gdp_per_capita_usd,2023,21027.7384572657
OMN,gdp_per_capita_usd,2022,23223.5829405935
OMN,gdp_per_capita_usd,2021,19403.4600160211
OMN,gdp_per_capita_usd,2020,16784.8630630058
OMN,gdp_per_capita_usd,2019,19180.1864152801
OMN,gdp_per_capita_usd,2018,19901.7615642016
OMN,gdp_per_capita_usd,2017,17820.0661809335
OMN,gdp_per_capita_usd,2016,17110.1897460545
OMN,gdp_per_capita_usd,2015,18808.3077921839
OMN,gdp_per_capita_usd,2014,23160.6502252547
OMN,gdp_per_capita_usd,2013,23458.0233840053
OMN,gdp_per_capita_usd,2012,24642.2978768596
OMN,gdp_per_capita_usd,2011,25188.0074151885
OMN,gdp_per_capita_usd,2010,23570.1798147325
OMN,gni_per_capita_atlas_usd,2024,19520.0
OMN,gni_per_capita_atlas_usd,2023,19950.0
OMN,gni_per_capita_atlas_usd,2022,19270.0
OMN,gni_per_capita_atlas_usd,2021,17910.0
OMN,gni_per_capita_atlas_usd,2020,17190.0
OMN,gni_per_capita_atlas_usd,2019,17860.0
OMN,gni_per_capita_atlas_usd,2018,17250.0
OMN,gni_per_capita_atlas_usd,2017,16640.0
OMN,gni_per_capita_atlas_usd,2016,18550.0
OMN,gni_per_capita_atlas_usd,2015,20560.0
OMN,gni_per_capita_atlas_usd,2014,22060.0
OMN,gni_per_capita_atlas_usd,2013,22920.0
OMN,gni_per_capita_atlas_usd,2012,21960.0
OMN,gni_per_capita_atlas_usd,2011,20820.0
OMN,gni_per_capita_atlas_usd,2010,22510.0
OMN,population,2025,5494691.0
OMN,population,2024,5281538.0
OMN,population,2023,5049269.0
OMN,population,2022,4730226.0
OMN,population,2021,4500424.0
OMN,population,2020,4522497.0
OMN,population,2019,4591241.0
OMN,population,2018,4597877.0
OMN,population,2017,4537396.0
OMN,population,2016,4390877.0
OMN,population,2015,4184895.0
OMN,population,2014,4002439.0
OMN,population,2013,3833913.0
OMN,population,2012,3547106.0
OMN,population,2011,3076763.0
OMN,population,2010,2757446.0
OMN,life_expectancy_years,2024,80.246
OMN,life_expectancy_years,2023,80.031
OMN,life_expectancy_years,2022,77.911
OMN,life_expectancy_years,2021,75.969
OMN,life_expectancy_years,2020,77.763
OMN,life_expectancy_years,2019,79.946
OMN,life_expectancy_years,2018,79.864
OMN,life_expectancy_years,2017,79.748
OMN,life_expectancy_years,2016,79.581
OMN,life_expectancy_years,2015,79.346
OMN,life_expectancy_years,2014,79.03
OMN,life_expectancy_years,2013,78.633
OMN,life_expectancy_years,2012,78.187
OMN,life_expectancy_years,2011,77.74
OMN,life_expectancy_years,2010,77.184
OMN,access_to_electricity_pct,2024,100.0
OMN,access_to_electricity_pct,2023,100.0
OMN,access_to_electricity_pct,2022,100.0
OMN,access_to_electricity_pct,2021,100.0
OMN,access_to_electricity_pct,2020,100.0
OMN,access_to_electricity_pct,2019,100.0
OMN,access_to_electricity_pct,2018,100.0
OMN,access_to_electricity_pct,2017,100.0
OMN,access_to_electricity_pct,2016,100.0
OMN,access_to_electricity_pct,2015,100.0
OMN,access_to_electricity_pct,2014,100.0
OMN,access_to_electricity_pct,2013,100.0
OMN,access_to_electricity_pct,2012,100.0
OMN,access_to_electricity_pct,2011,100.0
OMN,access_to_electricity_pct,2010,100.0
OMN,internet_users_pct,2024,95.25174678
OMN,internet_users_pct,2023,95.25170135
OMN,internet_users_pct,2022,95.24530029
OMN,internet_users_pct,2021,95.23880005
OMN,internet_users_pct,2020,95.23229321
OMN,internet_users_pct,2019,90.25939941
OMN,internet_users_pct,2018,85.5
OMN,internet_users_pct,2017,80.18560028
OMN,internet_users_pct,2016,76.8453904741456
OMN,internet_users_pct,2015,73.52999878
OMN,internet_users_pct,2014,70.22000122
OMN,internet_users_pct,2013,66.45
OMN,internet_users_pct,2012,60.0
OMN,internet_users_pct,2011,48.0
OMN,internet_users_pct,2010,35.8278
OMN,urban_population_pct,2025,79.4781383307689
OMN,urban_population_pct,2024,79.4440302814714
OMN,urban_population_pct,2023,79.5702973228932
OMN,urban_population_pct,2022,80.0117053152301
OMN,urban_population_pct,2021,80.1239942103569
OMN,urban_population_pct,2020,80.0176378922722
OMN,urban_population_pct,2019,79.5780017545962
OMN,urban_population_pct,2018,78.9655839720276
OMN,urban_population_pct,2017,78.3142260040136
OMN,urban_population_pct,2016,77.7521362304688
OMN,urban_population_pct,2015,77.3025363037955
OMN,urban_population_pct,2014,76.8892576748951
OMN,urban_population_pct,2013,76.4914234214313
OMN,urban_population_pct,2012,76.088156621068
OMN,urban_population_pct,2011,75.6585803514688
OMN,urban_population_pct,2010,75.1579724666274
OMN,agriculture_pct_gdp,2025,2.808326710845
OMN,agriculture_pct_gdp,2024,2.60311068780179
OMN,agriculture_pct_gdp,2023,2.41559858874993
OMN,agriculture_pct_gdp,2022,2.10827114663434
OMN,agriculture_pct_gdp,2021,2.39218489397188
OMN,agriculture_pct_gdp,2020,2.46923308847714
OMN,agriculture_pct_gdp,2019,1.99471933938581
OMN,agriculture_pct_gdp,2018,1.84942019099591
OMN,agriculture_pct_gdp,2017,1.98459925247834
OMN,agriculture_pct_gdp,2016,1.98532211721536
OMN,agriculture_pct_gdp,2015,1.72976080728779
OMN,agriculture_pct_gdp,2014,1.11270719472095
OMN,agriculture_pct_gdp,2013,1.14226556083793
OMN,agriculture_pct_gdp,2012,1.01551086474633
OMN,agriculture_pct_gdp,2011,1.10041680929465
OMN,agriculture_pct_gdp,2010,1.24729891956783
OMN,industry_pct_gdp,2025,52.7418073331056
OMN,industry_pct_gdp,2024,54.1653226583944
OMN,industry_pct_gdp,2023,55.3716024616708
OMN,industry_pct_gdp,2022,59.4852077730217
OMN,industry_pct_gdp,2021,51.9269716464141
OMN,industry_pct_gdp,2020,47.1477222892227
OMN,industry_pct_gdp,2019,51.3792329456517
OMN,industry_pct_gdp,2018,53.893815370623
OMN,industry_pct_gdp,2017,49.5943955174432
OMN,industry_pct_gdp,2016,47.9402499394191
OMN,industry_pct_gdp,2015,53.0988656602003
OMN,industry_pct_gdp,2014,62.0562918738146
OMN,industry_pct_gdp,2013,64.9283987461105
OMN,industry_pct_gdp,2012,67.5378696587491
OMN,industry_pct_gdp,2011,68.1872487230601
OMN,industry_pct_gdp,2010,63.2733093237295
OMN,manufacturing_pct_gdp,2025,9.38083990233894
OMN,manufacturing_pct_gdp,2024,10.0021187664263
OMN,manufacturing_pct_gdp,2023,9.3490459545157
OMN,manufacturing_pct_gdp,2022,10.5205216106671
OMN,manufacturing_pct_gdp,2021,9.40969740290684
OMN,manufacturing_pct_gdp,2020,8.35606019076856
OMN,manufacturing_pct_gdp,2019,8.02938031979303
OMN,manufacturing_pct_gdp,2018,9.09106412005457
OMN,manufacturing_pct_gdp,2017,8.4951784209409
OMN,manufacturing_pct_gdp,2016,7.91428670336137
OMN,manufacturing_pct_gdp,2015,8.91611568746014
OMN,manufacturing_pct_gdp,2014,8.63119620231856
OMN,manufacturing_pct_gdp,2013,9.40793050398492
OMN,manufacturing_pct_gdp,2012,9.93224968534933
OMN,manufacturing_pct_gdp,2011,10.4645309385257
OMN,manufacturing_pct_gdp,2010,10.0456182472989
OMN,services_pct_gdp,2025,47.2079659880665
OMN,services_pct_gdp,2024,46.0137001295149
OMN,services_pct_gdp,2023,45.3040383777307
OMN,services_pct_gdp,2022,42.3261771279215
OMN,services_pct_gdp,2021,49.1562425542054
OMN,services_pct_gdp,2020,55.0241201622629
OMN,services_pct_gdp,2019,50.673372829997
OMN,services_pct_gdp,2018,47.5068212824011
OMN,services_pct_gdp,2017,52.0222326580764
OMN,services_pct_gdp,2016,53.3326409803718
OMN,services_pct_gdp,2015,50.1154825983089
OMN,services_pct_gdp,2014,42.3134546107489
OMN,services_pct_gdp,2013,39.731466379799
OMN,services_pct_gdp,2012,37.4757131338017
OMN,services_pct_gdp,2011,37.0144775788817
OMN,services_pct_gdp,2010,39.9391756702681
PAK,gdp_per_capita_usd,2025,1595.90912252837
PAK,gdp_per_capita_usd,2024,1479.47755241191
PAK,gdp_per_capita_usd,2023,1360.32417758419
PAK,gdp_per_capita_usd,2022,1538.3228133171
PAK,gdp_per_capita_usd,2021,1455.31922370186
PAK,gdp_per_capita_usd,2020,1278.39735206896
PAK,gdp_per_capita_usd,2019,1390.41690981745
PAK,gdp_per_capita_usd,2018,1569.33814626355
PAK,gdp_per_capita_usd,2017,1519.23459514248
PAK,gdp_per_capita_usd,2016,1424.69161195897
PAK,gdp_per_capita_usd,2015,1380.47020838317
PAK,gdp_per_capita_usd,2014,1266.61340849959
PAK,gdp_per_capita_usd,2013,1225.4340119198
PAK,gdp_per_capita_usd,2012,1204.36475491585
PAK,gdp_per_capita_usd,2011,1131.73513834324
PAK,gdp_per_capita_usd,2010,987.304571124485
PAK,gni_per_capita_atlas_usd,2025,1500.0
PAK,gni_per_capita_atlas_usd,2024,1430.0
PAK,gni_per_capita_atlas_usd,2023,1450.0
PAK,gni_per_capita_atlas_usd,2022,1510.0
PAK,gni_per_capita_atlas_usd,2021,1420.0
PAK,gni_per_capita_atlas_usd,2020,1370.0
PAK,gni_per_capita_atlas_usd,2019,1520.0
PAK,gni_per_capita_atlas_usd,2018,1560.0
PAK,gni_per_capita_atlas_usd,2017,1450.0
PAK,gni_per_capita_atlas_usd,2016,1360.0
PAK,gni_per_capita_atlas_usd,2015,1280.0
PAK,gni_per_capita_atlas_usd,2014,1250.0
PAK,gni_per_capita_atlas_usd,2013,1210.0
PAK,gni_per_capita_atlas_usd,2012,1110.0
PAK,gni_per_capita_atlas_usd,2011,1020.0
PAK,gni_per_capita_atlas_usd,2010,1000.0
PAK,population,2025,255219554.0
PAK,population,2024,251269164.0
PAK,population,2023,247504495.0
PAK,population,2022,243700667.0
PAK,population,2021,239477801.0
PAK,population,2020,235001746.0
PAK,population,2019,230800899.0
PAK,population,2018,226928892.0
PAK,population,2017,223273967.0
PAK,population,2016,220138869.0
PAK,population,2015,217290883.0
PAK,population,2014,214264647.0
PAK,population,2013,211073978.0
PAK,population,2012,207667125.0
PAK,population,2011,203746065.0
PAK,population,2010,199239047.0
PAK,life_expectancy_years,2024,67.799
PAK,life_expectancy_years,2023,67.649
PAK,life_expectancy_years,2022,67.417
PAK,life_expectancy_years,2021,65.773
PAK,life_expectancy_years,2020,65.701
PAK,life_expectancy_years,2019,66.729
PAK,life_expectancy_years,2018,66.481
PAK,life_expectancy_years,2017,66.223
PAK,life_expectancy_years,2016,65.943
PAK,life_expectancy_years,2015,65.641
PAK,life_expectancy_years,2014,65.374
PAK,life_expectancy_years,2013,65.129
PAK,life_expectancy_years,2012,64.883
PAK,life_expectancy_years,2011,64.659
PAK,life_expectancy_years,2010,64.378
PAK,access_to_electricity_pct,2024,95.7
PAK,access_to_electricity_pct,2023,95.6
PAK,access_to_electricity_pct,2022,95.0
PAK,access_to_electricity_pct,2021,94.9
PAK,access_to_electricity_pct,2020,94.5
PAK,access_to_electricity_pct,2019,93.9
PAK,access_to_electricity_pct,2018,93.4
PAK,access_to_electricity_pct,2017,92.7
PAK,access_to_electricity_pct,2016,91.8
PAK,access_to_electricity_pct,2015,91.0
PAK,access_to_electricity_pct,2014,90.1
PAK,access_to_electricity_pct,2013,89.3
PAK,access_to_electricity_pct,2012,88.6
PAK,access_to_electricity_pct,2011,87.8
PAK,access_to_electricity_pct,2010,87.1
PAK,internet_users_pct,2024,57.253
PAK,internet_users_pct,2020,18.935
PAK,internet_users_pct,2019,17.070901719916
PAK,internet_users_pct,2018,15.34000015
PAK,internet_users_pct,2017,13.77999973
PAK,internet_users_pct,2016,12.385446763381
PAK,internet_users_pct,2015,11.0
PAK,internet_users_pct,2014,10.0
PAK,internet_users_pct,2013,9.0
PAK,internet_users_pct,2012,8.100000381
PAK,internet_users_pct,2011,8.0
PAK,internet_users_pct,2010,8.0
PAK,urban_population_pct,2025,39.5256010979606
PAK,urban_population_pct,2024,39.1734368360905
PAK,urban_population_pct,2023,38.8191861872791
PAK,urban_population_pct,2022,38.3740439760816
PAK,urban_population_pct,2021,37.9333395514173
PAK,urban_population_pct,2020,37.5080192948099
PAK,urban_population_pct,2019,37.1091631735769
PAK,urban_population_pct,2018,36.7478511550359
PAK,urban_population_pct,2017,36.4351548223399
PAK,urban_population_pct,2016,36.1597184900333
PAK,urban_population_pct,2015,35.9017325715342
PAK,urban_population_pct,2014,35.6595549759128
PAK,urban_population_pct,2013,35.4315352494366
PAK,urban_population_pct,2012,35.2160229383731
PAK,urban_population_pct,2011,35.0113675889897
PAK,urban_population_pct,2010,34.8159187475539
PAK,agriculture_pct_gdp,2025,23.0212949096389
PAK,agriculture_pct_gdp,2024,23.7319671905124
PAK,agriculture_pct_gdp,2023,23.426703596366
PAK,agriculture_pct_gdp,2022,22.3268646996031
PAK,agriculture_pct_gdp,2021,22.6625080760743
PAK,agriculture_pct_gdp,2020,21.8541325548966
PAK,agriculture_pct_gdp,2019,20.6778713222887
PAK,agriculture_pct_gdp,2018,21.6512353593957
PAK,agriculture_pct_gdp,2017,21.9632035366872
PAK,agriculture_pct_gdp,2016,22.3283302035697
PAK,agriculture_pct_gdp,2015,23.2628407756242
PAK,agriculture_pct_gdp,2014,23.4927320097855
PAK,agriculture_pct_gdp,2013,23.7075945934908
PAK,agriculture_pct_gdp,2012,23.3861955340345
PAK,agriculture_pct_gdp,2011,23.819642978628
PAK,agriculture_pct_gdp,2010,22.6888101741789
PAK,industry_pct_gdp,2025,20.0628227554558
PAK,industry_pct_gdp,2024,20.281782302625
PAK,industry_pct_gdp,2023,20.718694602313
PAK,industry_pct_gdp,2022,20.4125955543613
PAK,industry_pct_gdp,2021,18.8964082009484
PAK,industry_pct_gdp,2020,18.5894635445816
PAK,industry_pct_gdp,2019,19.5638945814483
PAK,industry_pct_gdp,2018,18.5890515927482
PAK,industry_pct_gdp,2017,18.0993270885214
PAK,industry_pct_gdp,2016,18.1501179723214
PAK,industry_pct_gdp,2015,19.602614668814
PAK,industry_pct_gdp,2014,20.8659912298838
PAK,industry_pct_gdp,2013,20.8910295084645
PAK,industry_pct_gdp,2012,21.9583720724829
PAK,industry_pct_gdp,2011,21.1864809532945
PAK,industry_pct_gdp,2010,20.9650197800876
PAK,manufacturing_pct_gdp,2025,13.0208748319536
PAK,manufacturing_pct_gdp,2024,13.1475520639224
PAK,manufacturing_pct_gdp,2023,13.6467934627786
PAK,manufacturing_pct_gdp,2022,13.7586338644974
PAK,manufacturing_pct_gdp,2021,11.9347162169362
PAK,manufacturing_pct_gdp,2020,11.4160734292379
PAK,manufacturing_pct_gdp,2019,12.5872745902299
PAK,manufacturing_pct_gdp,2018,11.6027431620618
PAK,manufacturing_pct_gdp,2017,11.2993459112201
PAK,manufacturing_pct_gdp,2016,11.2109167506518
PAK,manufacturing_pct_gdp,2015,12.3014420948153
PAK,manufacturing_pct_gdp,2014,13.4140262892618
PAK,manufacturing_pct_gdp,2013,13.3207628541452
PAK,manufacturing_pct_gdp,2012,13.7390762104055
PAK,manufacturing_pct_gdp,2011,13.3811359313224
PAK,manufacturing_pct_gdp,2010,13.0355003666411
PAK,services_pct_gdp,2025,50.9274184497786
PAK,services_pct_gdp,2024,50.7097455434804
PAK,services_pct_gdp,2023,50.9693352713894
PAK,services_pct_gdp,2022,52.2312939861803
PAK,services_pct_gdp,2021,52.0255067386808
PAK,services_pct_gdp,2020,53.680280706041
PAK,services_pct_gdp,2019,53.6204826290348
PAK,services_pct_gdp,2018,52.9323158239348
PAK,services_pct_gdp,2017,53.249254299638
PAK,services_pct_gdp,2016,52.747401539414
PAK,services_pct_gdp,2015,52.6865814332807
PAK,services_pct_gdp,2014,51.5633070162566
PAK,services_pct_gdp,2013,51.878053333919
PAK,services_pct_gdp,2012,51.5898687341456
PAK,services_pct_gdp,2011,51.8065797217263
PAK,services_pct_gdp,2010,52.5995937357421
PAK,external_debt_stock_total_usd,2024,129717513746.7
PAK,external_debt_stock_total_usd,2023,131021002940.1
PAK,external_debt_stock_total_usd,2022,127601482349.2
PAK,external_debt_stock_total_usd,2021,130752452005.8
PAK,external_debt_stock_total_usd,2020,117948502847.7
PAK,external_debt_stock_total_usd,2019,110097413225.2
PAK,external_debt_stock_total_usd,2018,100120484567.5
PAK,external_debt_stock_total_usd,2017,93080292741.6
PAK,external_debt_stock_total_usd,2016,75132689979.4
PAK,external_debt_stock_total_usd,2015,68673371108.6
PAK,external_debt_stock_total_usd,2014,64281642245.6
PAK,external_debt_stock_total_usd,2013,60219473309.0
PAK,external_debt_stock_total_usd,2012,63876676495.3
PAK,external_debt_stock_total_usd,2011,65010917821.7
PAK,external_debt_stock_total_usd,2010,63407877831.5
PAK,external_debt_public_publicly_guaranteed_usd,2024,89555608082.9
PAK,external_debt_public_publicly_guaranteed_usd,2023,93096118695.6
PAK,external_debt_public_publicly_guaranteed_usd,2022,91113642059.5
PAK,external_debt_public_publicly_guaranteed_usd,2021,95292897342.3
PAK,external_debt_public_publicly_guaranteed_usd,2020,86908003281.9
PAK,external_debt_public_publicly_guaranteed_usd,2019,78316101524.1
PAK,external_debt_public_publicly_guaranteed_usd,2018,73069991463.5
PAK,external_debt_public_publicly_guaranteed_usd,2017,66779643221.1
PAK,external_debt_public_publicly_guaranteed_usd,2016,54652329578.0
PAK,external_debt_public_publicly_guaranteed_usd,2015,51101857664.9
PAK,external_debt_public_publicly_guaranteed_usd,2014,49066936677.6
PAK,external_debt_public_publicly_guaranteed_usd,2013,45641931323.2
PAK,external_debt_public_publicly_guaranteed_usd,2012,46547938873.7
PAK,external_debt_public_publicly_guaranteed_usd,2011,45671141485.3
PAK,external_debt_public_publicly_guaranteed_usd,2010,44009893158.0
PAK,external_debt_private_nonguaranteed_usd,2024,18232066000.0
PAK,external_debt_private_nonguaranteed_usd,2023,17452102000.0
PAK,external_debt_private_nonguaranteed_usd,2022,16197875000.0
PAK,external_debt_private_nonguaranteed_usd,2021,15545345000.0
PAK,external_debt_private_nonguaranteed_usd,2020,14908526000.0
PAK,external_debt_private_nonguaranteed_usd,2019,14428357000.0
PAK,external_debt_private_nonguaranteed_usd,2018,11686557000.0
PAK,external_debt_private_nonguaranteed_usd,2017,9927180000.0
PAK,external_debt_private_nonguaranteed_usd,2016,6124753000.0
PAK,external_debt_private_nonguaranteed_usd,2015,4739000000.0
PAK,external_debt_private_nonguaranteed_usd,2014,4727000000.0
PAK,external_debt_private_nonguaranteed_usd,2013,4813000000.0
PAK,external_debt_private_nonguaranteed_usd,2012,5618000000.0
PAK,external_debt_private_nonguaranteed_usd,2011,5759000000.0
PAK,external_debt_private_nonguaranteed_usd,2010,4473000000.0
PSE,gdp_per_capita_usd,2025,3171.10844621579
PSE,gdp_per_capita_usd,2024,3028.25481286981
PSE,gdp_per_capita_usd,2023,3607.41611858821
PSE,gdp_per_capita_usd,2022,3799.95527015163
PSE,gdp_per_capita_usd,2021,3678.63565662194
PSE,gdp_per_capita_usd,2020,3233.56863835858
PSE,gdp_per_capita_usd,2019,3656.85827137011
PSE,gdp_per_capita_usd,2018,3562.33094270256
PSE,gdp_per_capita_usd,2017,3620.36048715937
PSE,gdp_per_capita_usd,2016,3527.61382413178
PSE,gdp_per_capita_usd,2015,3272.15432360708
PSE,gdp_per_capita_usd,2014,3352.11259506043
PSE,gdp_per_capita_usd,2013,3315.29753909282
PSE,gdp_per_capita_usd,2012,3067.43872735614
PSE,gdp_per_capita_usd,2011,2880.79843707909
PSE,gdp_per_capita_usd,2010,2557.07562356699
PSE,gni_per_capita_atlas_usd,2025,3250.0
PSE,gni_per_capita_atlas_usd,2024,2980.0
PSE,gni_per_capita_atlas_usd,2023,4450.0
PSE,gni_per_capita_atlas_usd,2022,4720.0
PSE,gni_per_capita_atlas_usd,2021,4270.0
PSE,gni_per_capita_atlas_usd,2020,3700.0
PSE,gni_per_capita_atlas_usd,2019,4200.0
PSE,gni_per_capita_atlas_usd,2018,4190.0
PSE,gni_per_capita_atlas_usd,2017,3930.0
PSE,gni_per_capita_atlas_usd,2016,3900.0
PSE,gni_per_capita_atlas_usd,2015,3670.0
PSE,gni_per_capita_atlas_usd,2014,3560.0
PSE,gni_per_capita_atlas_usd,2013,3470.0
PSE,gni_per_capita_atlas_usd,2012,3210.0
PSE,gni_per_capita_atlas_usd,2011,2880.0
PSE,gni_per_capita_atlas_usd,2010,2510.0
PSE,population,2025,5413596.0
PSE,population,2024,5289152.0
PSE,population,2023,5165775.0
PSE,population,2022,5043612.0
PSE,population,2021,4922749.0
PSE,population,2020,4803269.0
PSE,population,2019,4685306.0
PSE,population,2018,4569087.0
PSE,population,2017,4454805.0
PSE,population,2016,4367088.0
PSE,population,2015,4270092.0
PSE,population,2014,4173398.0
PSE,population,2013,4076708.0
PSE,population,2012,3979998.0
PSE,population,2011,3882986.0
PSE,population,2010,3786161.0
PSE,life_expectancy_years,2024,69.213
PSE,life_expectancy_years,2023,65.17
PSE,life_expectancy_years,2022,76.662
PSE,life_expectancy_years,2021,73.89
PSE,life_expectancy_years,2020,74.998
PSE,life_expectancy_years,2019,75.811
PSE,life_expectancy_years,2018,75.38
PSE,life_expectancy_years,2017,75.216
PSE,life_expectancy_years,2016,74.917
PSE,life_expectancy_years,2015,74.577
PSE,life_expectancy_years,2014,72.781
PSE,life_expectancy_years,2013,74.14
PSE,life_expectancy_years,2012,73.722
PSE,life_expectancy_years,2011,73.557
PSE,life_expectancy_years,2010,73.302
PSE,access_to_electricity_pct,2024,100.0
PSE,access_to_electricity_pct,2023,100.0
PSE,access_to_electricity_pct,2022,100.0
PSE,access_to_electricity_pct,2021,100.0
PSE,access_to_electricity_pct,2020,100.0
PSE,access_to_electricity_pct,2019,100.0
PSE,access_to_electricity_pct,2018,100.0
PSE,access_to_electricity_pct,2017,99.9
PSE,access_to_electricity_pct,2016,100.0
PSE,access_to_electricity_pct,2015,99.9
PSE,access_to_electricity_pct,2014,99.9
PSE,access_to_electricity_pct,2013,99.9
PSE,access_to_electricity_pct,2012,99.8
PSE,access_to_electricity_pct,2011,99.7
PSE,access_to_electricity_pct,2010,99.9
PSE,internet_users_pct,2023,86.63765334
PSE,internet_users_pct,2022,88.64690554
PSE,internet_users_pct,2020,76.18160248
PSE,internet_users_pct,2019,70.6225837001758
PSE,internet_users_pct,2018,64.3999937114499
PSE,internet_users_pct,2017,63.29999924
PSE,internet_users_pct,2016,59.90000153
PSE,internet_users_pct,2015,56.70000076
PSE,internet_users_pct,2014,53.6651997924171
PSE,internet_users_pct,2013,46.59999847
PSE,internet_users_pct,2012,43.4
PSE,internet_users_pct,2011,41.08000183
PSE,internet_users_pct,2010,37.40000153
PSE,urban_population_pct,2025,87.3818962963393
PSE,urban_population_pct,2024,87.1196014117004
PSE,urban_population_pct,2023,86.8576870415886
PSE,urban_population_pct,2022,86.5961423216016
PSE,urban_population_pct,2021,86.334956387337
PSE,urban_population_pct,2020,86.0741183743925
PSE,urban_population_pct,2019,85.8136174183656
PSE,urban_population_pct,2018,85.5351131070872
PSE,urban_population_pct,2017,85.3782255354
PSE,urban_population_pct,2016,85.3377390706351
PSE,urban_population_pct,2015,85.2182174537886
PSE,urban_population_pct,2014,85.0433335176723
PSE,urban_population_pct,2013,84.8178459889593
PSE,urban_population_pct,2012,84.5465135943222
PSE,urban_population_pct,2011,84.2340950604341
PSE,urban_population_pct,2010,83.8853491139676
PSE,agriculture_pct_gdp,2024,5.52041905737065
PSE,agriculture_pct_gdp,2023,4.87628185520872
PSE,agriculture_pct_gdp,2022,5.74521927421669
PSE,agriculture_pct_gdp,2021,6.31674857805511
PSE,agriculture_pct_gdp,2020,7.10160510439939
PSE,agriculture_pct_gdp,2019,7.05401698427058
PSE,agriculture_pct_gdp,2018,7.3596451347333
PSE,agriculture_pct_gdp,2017,7.0405505952381
PSE,agriculture_pct_gdp,2016,7.60382722941306
PSE,agriculture_pct_gdp,2015,7.40889181529301
PSE,agriculture_pct_gdp,2014,7.83505007255338
PSE,agriculture_pct_gdp,2013,7.59868299359994
PSE,agriculture_pct_gdp,2012,8.10589430228367
PSE,agriculture_pct_gdp,2011,8.34249649118102
PSE,agriculture_pct_gdp,2010,9.00273717915612
PSE,industry_pct_gdp,2024,16.2522086046613
PSE,industry_pct_gdp,2023,16.6728378168081
PSE,industry_pct_gdp,2022,17.3927108606611
PSE,industry_pct_gdp,2021,17.6851289414104
PSE,industry_pct_gdp,2020,17.0283999819724
PSE,industry_pct_gdp,2019,18.4328946216476
PSE,industry_pct_gdp,2018,19.2841256773528
PSE,industry_pct_gdp,2017,19.2317708333333
PSE,industry_pct_gdp,2016,17.2627779869396
PSE,industry_pct_gdp,2015,16.4252383269875
PSE,industry_pct_gdp,2014,17.9717935338142
PSE,industry_pct_gdp,2013,18.5586918722948
PSE,industry_pct_gdp,2012,20.2360669702828
PSE,industry_pct_gdp,2011,18.9342129964867
PSE,industry_pct_gdp,2010,18.6262459329649
PSE,manufacturing_pct_gdp,2024,11.3180453146364
PSE,manufacturing_pct_gdp,2023,11.003965634743
PSE,manufacturing_pct_gdp,2022,11.1956379953562
PSE,manufacturing_pct_gdp,2021,11.1933292837815
PSE,manufacturing_pct_gdp,2020,11.0470843500711
PSE,manufacturing_pct_gdp,2019,11.2347156156069
PSE,manufacturing_pct_gdp,2018,11.5472518830714
PSE,manufacturing_pct_gdp,2017,11.655505952381
PSE,manufacturing_pct_gdp,2016,10.0263543952121
PSE,manufacturing_pct_gdp,2015,9.32123328848301
PSE,manufacturing_pct_gdp,2014,10.7507666354532
PSE,manufacturing_pct_gdp,2013,11.898930857164
PSE,manufacturing_pct_gdp,2012,13.1106451295829
PSE,manufacturing_pct_gdp,2011,11.469591725445
PSE,manufacturing_pct_gdp,2010,12.2295098899964
PSE,services_pct_gdp,2024,60.2089043447858
PSE,services_pct_gdp,2023,58.8003284125119
PSE,services_pct_gdp,2022,58.3308549216039
PSE,services_pct_gdp,2021,60.0751007786184
PSE,services_pct_gdp,2020,60.5516459885267
PSE,services_pct_gdp,2019,61.1095222809117
PSE,services_pct_gdp,2018,59.977513731369
PSE,services_pct_gdp,2017,58.9961557539682
PSE,services_pct_gdp,2016,60.9565477040518
PSE,services_pct_gdp,2015,61.6830322636054
PSE,services_pct_gdp,2014,61.4273358256431
PSE,services_pct_gdp,2013,60.7687469941919
PSE,services_pct_gdp,2012,59.9775564365519
PSE,services_pct_gdp,2011,60.2175914751343
PSE,services_pct_gdp,2010,57.6987037132676
QAT,gdp_per_capita_usd,2025,72524.9066385222
QAT,gdp_per_capita_usd,2024,75685.0865779973
QAT,gdp_per_capita_usd,2023,80195.8746508549
QAT,gdp_per_capita_usd,2022,88701.463352273
QAT,gdp_per_capita_usd,2021,71751.8831257169
QAT,gdp_per_capita_usd,2020,51683.5054376677
QAT,gdp_per_capita_usd,2019,66841.3013484919
QAT,gdp_per_capita_usd,2018,71039.8490579352
QAT,gdp_per_capita_usd,2017,63279.8556949332
QAT,gdp_per_capita_usd,2016,61253.6375482797
QAT,gdp_per_capita_usd,2015,68985.2946961507
QAT,gdp_per_capita_usd,2014,95840.6310094498
QAT,gdp_per_capita_usd,2013,103697.008372373
QAT,gdp_per_capita_usd,2012,108470.378825036
QAT,gdp_per_capita_usd,2011,103261.510293068
QAT,gdp_per_capita_usd,2010,77387.2936379616
QAT,gni_per_capita_atlas_usd,2025,74330.0
QAT,gni_per_capita_atlas_usd,2024,76570.0
QAT,gni_per_capita_atlas_usd,2023,79430.0
QAT,gni_per_capita_atlas_usd,2022,71050.0
QAT,gni_per_capita_atlas_usd,2021,66970.0
QAT,gni_per_capita_atlas_usd,2020,57730.0
QAT,gni_per_capita_atlas_usd,2019,65700.0
QAT,gni_per_capita_atlas_usd,2018,63410.0
QAT,gni_per_capita_atlas_usd,2017,60920.0
QAT,gni_per_capita_atlas_usd,2016,69170.0
QAT,gni_per_capita_atlas_usd,2015,80090.0
QAT,gni_per_capita_atlas_usd,2014,91410.0
QAT,gni_per_capita_atlas_usd,2013,96070.0
QAT,gni_per_capita_atlas_usd,2012,92750.0
QAT,gni_per_capita_atlas_usd,2011,82960.0
QAT,gni_per_capita_atlas_usd,2010,71900.0
QAT,population,2025,2972215.0
QAT,population,2024,2857822.0
QAT,population,2023,2656032.0
QAT,population,2022,2657333.0
QAT,population,2021,2504910.0
QAT,population,2020,2794148.0
QAT,population,2019,2638657.0
QAT,population,2018,2580734.0
QAT,population,2017,2545820.0
QAT,population,2016,2477113.0
QAT,population,2015,2344557.0
QAT,population,2014,2151745.0
QAT,population,2013,1916426.0
QAT,population,2012,1722438.0
QAT,population,2011,1624761.0
QAT,population,2010,1616832.0
QAT,life_expectancy_years,2024,82.522
QAT,life_expectancy_years,2023,82.368
QAT,life_expectancy_years,2022,81.857
QAT,life_expectancy_years,2021,81.083
QAT,life_expectancy_years,2020,80.409
QAT,life_expectancy_years,2019,82.945
QAT,life_expectancy_years,2018,82.714
QAT,life_expectancy_years,2017,82.458
QAT,life_expectancy_years,2016,82.147
QAT,life_expectancy_years,2015,81.785
QAT,life_expectancy_years,2014,81.395
QAT,life_expectancy_years,2013,80.974
QAT,life_expectancy_years,2012,80.499
QAT,life_expectancy_years,2011,79.994
QAT,life_expectancy_years,2010,79.444
QAT,access_to_electricity_pct,2024,100.0
QAT,access_to_electricity_pct,2023,100.0
QAT,access_to_electricity_pct,2022,100.0
QAT,access_to_electricity_pct,2021,100.0
QAT,access_to_electricity_pct,2020,100.0
QAT,access_to_electricity_pct,2019,100.0
QAT,access_to_electricity_pct,2018,100.0
QAT,access_to_electricity_pct,2017,100.0
QAT,access_to_electricity_pct,2016,100.0
QAT,access_to_electricity_pct,2015,100.0
QAT,access_to_electricity_pct,2014,100.0
QAT,access_to_electricity_pct,2013,100.0
QAT,access_to_electricity_pct,2012,100.0
QAT,access_to_electricity_pct,2011,100.0
QAT,access_to_electricity_pct,2010,100.0
QAT,internet_users_pct,2024,98.08540344
QAT,internet_users_pct,2023,98.15229797
QAT,internet_users_pct,2022,98.03800201
QAT,internet_users_pct,2021,99.65280151
QAT,internet_users_pct,2020,99.65284913
QAT,internet_users_pct,2019,99.6528042086389
QAT,internet_users_pct,2018,99.6528491261175
QAT,internet_users_pct,2017,97.3888491654164
QAT,internet_users_pct,2016,95.1246621661148
QAT,internet_users_pct,2015,92.8848264535481
QAT,internet_users_pct,2014,91.48999786
QAT,internet_users_pct,2013,85.3
QAT,internet_users_pct,2012,69.3
QAT,internet_users_pct,2011,69.0
QAT,internet_users_pct,2010,69.0
QAT,urban_population_pct,2025,99.3593427696312
QAT,urban_population_pct,2024,99.3219891728394
QAT,urban_population_pct,2023,99.2835325193835
QAT,urban_population_pct,2022,99.243997525719
QAT,urban_population_pct,2021,99.203408908243
QAT,urban_population_pct,2020,99.1617913833034
QAT,urban_population_pct,2019,99.1191696672067
QAT,urban_population_pct,2018,99.0755684762244
QAT,urban_population_pct,2017,99.0310125265978
QAT,urban_population_pct,2016,98.9855265345423
QAT,urban_population_pct,2015,98.9382407681154
QAT,urban_population_pct,2014,98.901627838826
QAT,urban_population_pct,2013,98.8357621827901
QAT,urban_population_pct,2012,98.7428010471968
QAT,urban_population_pct,2011,98.6300610210909
QAT,urban_population_pct,2010,98.5066232166665
QAT,agriculture_pct_gdp,2025,0.30600137388372
QAT,agriculture_pct_gdp,2024,0.29060905968663
QAT,agriculture_pct_gdp,2023,0.292779131249811
QAT,agriculture_pct_gdp,2022,0.256559617750539
QAT,agriculture_pct_gdp,2021,0.298239680088491
QAT,agriculture_pct_gdp,2020,0.338750396492592
QAT,agriculture_pct_gdp,2019,0.260005315111579
QAT,agriculture_pct_gdp,2018,0.218257646242842
QAT,agriculture_pct_gdp,2017,0.214741536757396
QAT,agriculture_pct_gdp,2016,0.183872269651982
QAT,agriculture_pct_gdp,2015,0.161318389310859
QAT,agriculture_pct_gdp,2014,0.117168462919326
QAT,agriculture_pct_gdp,2013,0.0960229515645713
QAT,agriculture_pct_gdp,2012,0.0941964622110214
QAT,agriculture_pct_gdp,2011,0.0966101306365461
QAT,agriculture_pct_gdp,2010,0.117906662714488
QAT,industry_pct_gdp,2025,57.0431932218338
QAT,industry_pct_gdp,2024,58.7650131078911
QAT,industry_pct_gdp,2023,60.3680507871752
QAT,industry_pct_gdp,2022,65.3488994932063
QAT,industry_pct_gdp,2021,59.9840087955078
QAT,industry_pct_gdp,2020,52.333430723643
QAT,industry_pct_gdp,2019,57.1645660780351
QAT,industry_pct_gdp,2018,60.3815234948425
QAT,industry_pct_gdp,2017,56.6879653169453
QAT,industry_pct_gdp,2016,53.2052600553192
QAT,industry_pct_gdp,2015,57.4407932011631
QAT,industry_pct_gdp,2014,69.7579474572513
QAT,industry_pct_gdp,2013,71.7682513257109
QAT,industry_pct_gdp,2012,73.4691607623801
QAT,industry_pct_gdp,2011,73.2142681700731
QAT,industry_pct_gdp,2010,68.1070162149107
QAT,manufacturing_pct_gdp,2025,7.87893000202641
QAT,manufacturing_pct_gdp,2024,8.18036559839047
QAT,manufacturing_pct_gdp,2023,8.66470474736787
QAT,manufacturing_pct_gdp,2022,9.28538916332181
QAT,manufacturing_pct_gdp,2021,8.76190774011637
QAT,manufacturing_pct_gdp,2020,7.91126040626678
QAT,manufacturing_pct_gdp,2019,8.33357267713641
QAT,manufacturing_pct_gdp,2018,8.23742387263655
QAT,manufacturing_pct_gdp,2017,8.04717029814568
QAT,manufacturing_pct_gdp,2016,8.47608042005157
QAT,manufacturing_pct_gdp,2015,8.91552530998815
QAT,manufacturing_pct_gdp,2014,10.1421524949587
QAT,manufacturing_pct_gdp,2013,10.2049904181882
QAT,manufacturing_pct_gdp,2012,10.5240057860378
QAT,manufacturing_pct_gdp,2011,9.4627166768735
QAT,manufacturing_pct_gdp,2010,8.96529767589939
QAT,services_pct_gdp,2025,47.0101970720218
QAT,services_pct_gdp,2024,45.3465716259882
QAT,services_pct_gdp,2023,45.280617448803
QAT,services_pct_gdp,2022,38.5414362733182
QAT,services_pct_gdp,2021,44.7688209283227
QAT,services_pct_gdp,2020,52.7438680452718
QAT,services_pct_gdp,2019,46.4545282398717
QAT,services_pct_gdp,2018,43.0924167580024
QAT,services_pct_gdp,2017,47.3003409753676
QAT,services_pct_gdp,2016,50.7781031848514
QAT,services_pct_gdp,2015,46.0682464857373
QAT,services_pct_gdp,2014,32.8508108629948
QAT,services_pct_gdp,2013,30.3224172454025
QAT,services_pct_gdp,2012,28.4828037155017
QAT,services_pct_gdp,2011,28.5571358862424
QAT,services_pct_gdp,2010,33.7364555544577
SAU,gdp_per_capita_usd,2025,34536.6555456551
SAU,gdp_per_capita_usd,2024,35527.786181866
SAU,gdp_per_capita_usd,2023,36156.8562500172
SAU,gdp_per_capita_usd,2022,38510.2276211037
SAU,gdp_per_capita_usd,2021,31920.7653655643
SAU,gdp_per_capita_usd,2020,24338.8307301067
SAU,gdp_per_capita_usd,2019,29566.7933827436
SAU,gdp_per_capita_usd,2018,29360.0658968566
SAU,gdp_per_capita_usd,2017,23929.2907135982
SAU,gdp_per_capita_usd,2016,22267.7217050387
SAU,gdp_per_capita_usd,2015,23256.1549553531
SAU,gdp_per_capita_usd,2014,27805.4850319422
SAU,gdp_per_capita_usd,2013,27865.465604962
SAU,gdp_per_capita_usd,2012,28733.4375513452
SAU,gdp_per_capita_usd,2011,27126.7498747702
SAU,gdp_per_capita_usd,2010,22028.3901426586
SAU,gni_per_capita_atlas_usd,2025,36070.0
SAU,gni_per_capita_atlas_usd,2024,35990.0
SAU,gni_per_capita_atlas_usd,2023,36330.0
SAU,gni_per_capita_atlas_usd,2022,35110.0
SAU,gni_per_capita_atlas_usd,2021,30480.0
SAU,gni_per_capita_atlas_usd,2020,26940.0
SAU,gni_per_capita_atlas_usd,2019,29140.0
SAU,gni_per_capita_atlas_usd,2018,26570.0
SAU,gni_per_capita_atlas_usd,2017,23130.0
SAU,gni_per_capita_atlas_usd,2016,23940.0
SAU,gni_per_capita_atlas_usd,2015,26580.0
SAU,gni_per_capita_atlas_usd,2014,29080.0
SAU,gni_per_capita_atlas_usd,2013,28620.0
SAU,gni_per_capita_atlas_usd,2012,27610.0
SAU,gni_per_capita_atlas_usd,2011,24110.0
SAU,gni_per_capita_atlas_usd,2010,21820.0
SAU,population,2025,36973555.0
SAU,population,2024,35300280.0
SAU,population,2023,33702731.0
SAU,population,2022,32175224.0
SAU,population,2021,30784383.0
SAU,population,2020,31552510.0
SAU,population,2019,30063799.0
SAU,population,2018,30196281.0
SAU,population,2017,30977355.0
SAU,population,2016,30954198.0
SAU,population,2015,29816382.0
SAU,population,2014,28309273.0
SAU,population,2013,27624004.0
SAU,population,2012,26168861.0
SAU,population,2011,25091867.0
SAU,population,2010,23978487.0
SAU,life_expectancy_years,2024,78.982
SAU,life_expectancy_years,2023,78.732
SAU,life_expectancy_years,2022,77.31
SAU,life_expectancy_years,2021,77.089
SAU,life_expectancy_years,2020,77.596
SAU,life_expectancy_years,2019,78.313
SAU,life_expectancy_years,2018,78.75
SAU,life_expectancy_years,2017,78.721
SAU,life_expectancy_years,2016,78.354
SAU,life_expectancy_years,2015,77.776
SAU,life_expectancy_years,2014,77.116
SAU,life_expectancy_years,2013,76.517
SAU,life_expectancy_years,2012,76.09
SAU,life_expectancy_years,2011,75.808
SAU,life_expectancy_years,2010,75.616
SAU,access_to_electricity_pct,2024,100.0
SAU,access_to_electricity_pct,2023,100.0
SAU,access_to_electricity_pct,2022,100.0
SAU,access_to_electricity_pct,2021,100.0
SAU,access_to_electricity_pct,2020,100.0
SAU,access_to_electricity_pct,2019,100.0
SAU,access_to_electricity_pct,2018,99.9
SAU,access_to_electricity_pct,2017,100.0
SAU,access_to_electricity_pct,2016,99.9
SAU,access_to_electricity_pct,2015,100.0
SAU,access_to_electricity_pct,2014,100.0
SAU,access_to_electricity_pct,2013,100.0
SAU,access_to_electricity_pct,2012,100.0
SAU,access_to_electricity_pct,2011,100.0
SAU,access_to_electricity_pct,2010,100.0
SAU,internet_users_pct,2024,100.0
SAU,internet_users_pct,2023,100.0
SAU,internet_users_pct,2022,100.0
SAU,internet_users_pct,2021,100.0
SAU,internet_users_pct,2020,97.8623325
SAU,internet_users_pct,2019,95.7247355953812
SAU,internet_users_pct,2018,93.3100018480347
SAU,internet_users_pct,2017,94.1755996113911
SAU,internet_users_pct,2016,74.8792746891625
SAU,internet_users_pct,2015,69.6162358014004
SAU,internet_users_pct,2014,64.713657369019
SAU,internet_users_pct,2013,60.5
SAU,internet_users_pct,2012,54.0
SAU,internet_users_pct,2011,47.5
SAU,internet_users_pct,2010,41.0
SAU,urban_population_pct,2025,84.6123121062185
SAU,urban_population_pct,2024,84.4554020211443
SAU,urban_population_pct,2023,84.2962388315415
SAU,urban_population_pct,2022,84.1349430023993
SAU,urban_population_pct,2021,83.9716349986538
SAU,urban_population_pct,2020,83.8064352851942
SAU,urban_population_pct,2019,83.6394643268678
SAU,urban_population_pct,2018,83.4708425884849
SAU,urban_population_pct,2017,83.300690534822
SAU,urban_population_pct,2016,83.129128630626
SAU,urban_population_pct,2015,82.9562773406163
SAU,urban_population_pct,2014,82.7822571294871
SAU,urban_population_pct,2013,82.6071884619102
SAU,urban_population_pct,2012,82.4311918025358
SAU,urban_population_pct,2011,82.2543876159947
SAU,urban_population_pct,2010,82.0791668544465
SAU,agriculture_pct_gdp,2025,2.58995651280475
SAU,agriculture_pct_gdp,2024,2.50674671722133
SAU,agriculture_pct_gdp,2023,2.45769245330047
SAU,agriculture_pct_gdp,2022,2.21479159080364
SAU,agriculture_pct_gdp,2021,2.44812792691627
SAU,agriculture_pct_gdp,2020,2.95556974627207
SAU,agriculture_pct_gdp,2019,2.45384656461481
SAU,agriculture_pct_gdp,2018,2.41396154385256
SAU,agriculture_pct_gdp,2017,2.83525700890872
SAU,agriculture_pct_gdp,2016,2.91802299444676
SAU,agriculture_pct_gdp,2015,2.75387031670143
SAU,agriculture_pct_gdp,2014,2.27940419211986
SAU,agriculture_pct_gdp,2013,2.14783287096443
SAU,agriculture_pct_gdp,2012,2.06209514825132
SAU,agriculture_pct_gdp,2011,2.15288829129967
SAU,agriculture_pct_gdp,2010,2.61912238524459
SAU,industry_pct_gdp,2025,42.9716932273246
SAU,industry_pct_gdp,2024,45.1706857794595
SAU,industry_pct_gdp,2023,47.6052986491653
SAU,industry_pct_gdp,2022,53.1237705884733
SAU,industry_pct_gdp,2021,45.957331100123
SAU,industry_pct_gdp,2020,38.3004545080469
SAU,industry_pct_gdp,2019,45.7234459871756
SAU,industry_pct_gdp,2018,49.0147439495304
SAU,industry_pct_gdp,2017,44.8899324686986
SAU,industry_pct_gdp,2016,42.5305962013279
SAU,industry_pct_gdp,2015,44.6011697093878
SAU,industry_pct_gdp,2014,56.1653404810043
SAU,industry_pct_gdp,2013,58.9702568849547
SAU,industry_pct_gdp,2012,61.9428982819125
SAU,industry_pct_gdp,2011,63.0803869808085
SAU,industry_pct_gdp,2010,58.0314401714882
SAU,manufacturing_pct_gdp,2025,15.8166504334519
SAU,manufacturing_pct_gdp,2024,16.1043055665414
SAU,manufacturing_pct_gdp,2023,15.8916802507302
SAU,manufacturing_pct_gdp,2022,15.1155743681524
SAU,manufacturing_pct_gdp,2021,14.1394021512741
SAU,manufacturing_pct_gdp,2020,13.3861630791123
SAU,manufacturing_pct_gdp,2019,12.8691119832432
SAU,manufacturing_pct_gdp,2018,12.6216605937885
SAU,manufacturing_pct_gdp,2017,13.4207489311981
SAU,manufacturing_pct_gdp,2016,13.5336300941118
SAU,manufacturing_pct_gdp,2015,13.0972378614193
SAU,manufacturing_pct_gdp,2014,10.9905942901745
SAU,manufacturing_pct_gdp,2013,10.0246519761767
SAU,manufacturing_pct_gdp,2012,9.75495663553457
SAU,manufacturing_pct_gdp,2011,9.93626585616017
SAU,manufacturing_pct_gdp,2010,10.8283714782777
SAU,services_pct_gdp,2025,48.9257259421251
SAU,services_pct_gdp,2024,46.8660828725664
SAU,services_pct_gdp,2023,44.7549539980038
SAU,services_pct_gdp,2022,40.2066530479076
SAU,services_pct_gdp,2021,45.8018349629672
SAU,services_pct_gdp,2020,54.5874963582755
SAU,services_pct_gdp,2019,49.0640913102722
SAU,services_pct_gdp,2018,46.0223400101906
SAU,services_pct_gdp,2017,51.4336551370844
SAU,services_pct_gdp,2016,53.5509157775579
SAU,services_pct_gdp,2015,51.6451922544441
SAU,services_pct_gdp,2014,40.7584259766165
SAU,services_pct_gdp,2013,38.1484481310781
SAU,services_pct_gdp,2012,35.2326927816917
SAU,services_pct_gdp,2011,34.0894612999603
SAU,services_pct_gdp,2010,38.6088698481102
SDN,gdp_per_capita_usd,2025,1164.53991699219
SDN,gdp_per_capita_usd,2024,984.607666015625
SDN,gdp_per_capita_usd,2023,797.283447265625
SDN,gdp_per_capita_usd,2022,1046.24084472656
SDN,gdp_per_capita_usd,2021,712.122009277344
SDN,gdp_per_capita_usd,2020,577.795227050781
SDN,gdp_per_capita_usd,2019,709.975280761719
SDN,gdp_per_capita_usd,2018,731.027465820313
SDN,gdp_per_capita_usd,2017,966.505676269531
SDN,gdp_per_capita_usd,2016,1033.21594238281
SDN,gdp_per_capita_usd,2015,1292.37963867188
SDN,gdp_per_capita_usd,2014,1275.43835449219
SDN,gdp_per_capita_usd,2013,1138.62780761719
SDN,gdp_per_capita_usd,2012,1019.22210693359
SDN,gdp_per_capita_usd,2011,1332.6572265625
SDN,gdp_per_capita_usd,2010,1305.63598632813
SDN,gni_per_capita_atlas_usd,2025,900.0
SDN,gni_per_capita_atlas_usd,2024,710.0
SDN,gni_per_capita_atlas_usd,2023,660.0
SDN,gni_per_capita_atlas_usd,2022,720.0
SDN,gni_per_capita_atlas_usd,2021,620.0
SDN,gni_per_capita_atlas_usd,2020,600.0
SDN,gni_per_capita_atlas_usd,2019,720.0
SDN,gni_per_capita_atlas_usd,2018,810.0
SDN,gni_per_capita_atlas_usd,2017,1010.0
SDN,gni_per_capita_atlas_usd,2016,1140.0
SDN,gni_per_capita_atlas_usd,2015,1180.0
SDN,gni_per_capita_atlas_usd,2014,1130.0
SDN,gni_per_capita_atlas_usd,2013,1060.0
SDN,gni_per_capita_atlas_usd,2012,1120.0
SDN,gni_per_capita_atlas_usd,2011,1250.0
SDN,gni_per_capita_atlas_usd,2010,1230.0
SDN,population,2025,51662147.0
SDN,population,2024,50448963.0
SDN,population,2023,50042791.0
SDN,population,2022,49383346.0
SDN,population,2021,48066924.0
SDN,population,2020,46789231.0
SDN,population,2019,45548175.0
SDN,population,2018,44230596.0
SDN,population,2017,42714306.0
SDN,population,2016,41259892.0
SDN,population,2015,40024431.0
SDN,population,2014,38823318.0
SDN,population,2013,37785849.0
SDN,population,2012,36923178.0
SDN,population,2011,36140806.0
SDN,population,2010,35414399.0
SDN,life_expectancy_years,2024,66.521
SDN,life_expectancy_years,2023,66.331
SDN,life_expectancy_years,2022,65.695
SDN,life_expectancy_years,2021,64.46
SDN,life_expectancy_years,2020,65.124
SDN,life_expectancy_years,2019,65.803
SDN,life_expectancy_years,2018,65.501
SDN,life_expectancy_years,2017,65.146
SDN,life_expectancy_years,2016,64.677
SDN,life_expectancy_years,2015,64.375
SDN,life_expectancy_years,2014,63.99
SDN,life_expectancy_years,2013,63.443
SDN,life_expectancy_years,2012,63.427
SDN,life_expectancy_years,2011,63.181
SDN,life_expectancy_years,2010,62.979
SDN,access_to_electricity_pct,2024,66.0
SDN,access_to_electricity_pct,2023,66.0
SDN,access_to_electricity_pct,2022,63.2
SDN,access_to_electricity_pct,2021,61.8
SDN,access_to_electricity_pct,2020,59.7
SDN,access_to_electricity_pct,2019,57.6
SDN,access_to_electricity_pct,2018,55.3
SDN,access_to_electricity_pct,2017,53.0
SDN,access_to_electricity_pct,2016,50.5
SDN,access_to_electricity_pct,2015,48.0
SDN,access_to_electricity_pct,2014,44.9
SDN,access_to_electricity_pct,2013,43.1
SDN,access_to_electricity_pct,2012,40.7
SDN,access_to_electricity_pct,2011,38.3
SDN,access_to_electricity_pct,2010,36.0
SDN,internet_users_pct,2017,18.60000038
SDN,internet_users_pct,2016,14.0999999446534
SDN,internet_users_pct,2015,12.0
SDN,urban_population_pct,2025,34.9349444966605
SDN,urban_population_pct,2024,34.8673015510839
SDN,urban_population_pct,2023,34.7960076976764
SDN,urban_population_pct,2022,34.7209852053086
SDN,urban_population_pct,2021,34.6421563427994
SDN,urban_population_pct,2020,34.5594433789246
SDN,urban_population_pct,2019,34.4727685824236
SDN,urban_population_pct,2018,34.382054222005
SDN,urban_population_pct,2017,34.2872225663509
SDN,urban_population_pct,2016,34.1881958841213
SDN,urban_population_pct,2015,34.0914394628597
SDN,urban_population_pct,2014,33.7624582408117
SDN,urban_population_pct,2013,33.4264777958103
SDN,urban_population_pct,2012,33.1425561614901
SDN,urban_population_pct,2011,32.9059760141986
SDN,urban_population_pct,2010,32.7174026591513
SDN,agriculture_pct_gdp,2025,29.3570939629694
SDN,agriculture_pct_gdp,2024,22.1813816000123
SDN,agriculture_pct_gdp,2023,30.2756760075975
SDN,agriculture_pct_gdp,2022,26.4
SDN,agriculture_pct_gdp,2021,20.1999999999641
SDN,agriculture_pct_gdp,2020,20.4
SDN,agriculture_pct_gdp,2019,20.19999999954
SDN,agriculture_pct_gdp,2018,21.999999999848
SDN,agriculture_pct_gdp,2017,31.7999999982698
SDN,agriculture_pct_gdp,2016,31.6000000015638
SDN,agriculture_pct_gdp,2015,31.3999999994923
SDN,agriculture_pct_gdp,2014,31.9000000019741
SDN,agriculture_pct_gdp,2013,30.6000000025472
SDN,agriculture_pct_gdp,2012,30.5999999961027
SDN,agriculture_pct_gdp,2011,30.599999994069
SDN,agriculture_pct_gdp,2010,30.6000000071348
SDN,industry_pct_gdp,2025,33.649840671597
SDN,industry_pct_gdp,2024,23.1519847472415
SDN,industry_pct_gdp,2023,28.3364187359122
SDN,industry_pct_gdp,2022,22.2
SDN,industry_pct_gdp,2021,22.5000000000373
SDN,industry_pct_gdp,2020,21.5
SDN,industry_pct_gdp,2019,21.7999999999489
SDN,industry_pct_gdp,2018,20.6999999991489
SDN,industry_pct_gdp,2017,17.2999999991349
SDN,industry_pct_gdp,2016,16.9000000015638
SDN,industry_pct_gdp,2015,15.4000000002734
SDN,industry_pct_gdp,2014,16.0000000018153
SDN,industry_pct_gdp,2013,21.1000000025472
SDN,industry_pct_gdp,2012,20.4000000003543
SDN,industry_pct_gdp,2011,20.3999999944516
SDN,industry_pct_gdp,2010,20.4000000028071
SDN,services_pct_gdp,2025,36.9930654771171
SDN,services_pct_gdp,2024,54.6666336526563
SDN,services_pct_gdp,2023,41.3879052564524
SDN,services_pct_gdp,2022,51.4
SDN,services_pct_gdp,2021,57.2999999999985
SDN,services_pct_gdp,2020,58.1
SDN,services_pct_gdp,2019,57.9999999994889
SDN,services_pct_gdp,2018,57.2999999987234
SDN,services_pct_gdp,2017,50.8999999979814
SDN,services_pct_gdp,2016,51.5000000031277
SDN,services_pct_gdp,2015,53.2000000002343
SDN,services_pct_gdp,2014,52.1000000052871
SDN,services_pct_gdp,2013,48.3000000076415
SDN,services_pct_gdp,2012,48.9999999946855
SDN,services_pct_gdp,2011,48.9999999923471
SDN,services_pct_gdp,2010,49.0000000134509
SDN,external_debt_stock_total_usd,2024,22020660462.5
SDN,external_debt_stock_total_usd,2023,22580297676.7
SDN,external_debt_stock_total_usd,2022,22440226840.5
SDN,external_debt_stock_total_usd,2021,22976037485.2
SDN,external_debt_stock_total_usd,2020,23811151810.3
SDN,external_debt_stock_total_usd,2019,22843739036.9
SDN,external_debt_stock_total_usd,2018,21804346688.2
SDN,external_debt_stock_total_usd,2017,21969836080.4
SDN,external_debt_stock_total_usd,2016,21361100515.0
SDN,external_debt_stock_total_usd,2015,21657638751.4
SDN,external_debt_stock_total_usd,2014,21971930557.2
SDN,external_debt_stock_total_usd,2013,22721571815.8
SDN,external_debt_stock_total_usd,2012,22078256122.2
SDN,external_debt_stock_total_usd,2011,21460776765.5
SDN,external_debt_stock_total_usd,2010,22592936139.0
SDN,external_debt_public_publicly_guaranteed_usd,2024,14950741401.7
SDN,external_debt_public_publicly_guaranteed_usd,2023,15364275697.1
SDN,external_debt_public_publicly_guaranteed_usd,2022,15252751360.9
SDN,external_debt_public_publicly_guaranteed_usd,2021,15611116404.8
SDN,external_debt_public_publicly_guaranteed_usd,2020,17084249810.0
SDN,external_debt_public_publicly_guaranteed_usd,2019,16793947292.9
SDN,external_debt_public_publicly_guaranteed_usd,2018,15762241860.1
SDN,external_debt_public_publicly_guaranteed_usd,2017,15985743591.0
SDN,external_debt_public_publicly_guaranteed_usd,2016,15690345595.1
SDN,external_debt_public_publicly_guaranteed_usd,2015,15945652458.2
SDN,external_debt_public_publicly_guaranteed_usd,2014,16051543055.5
SDN,external_debt_public_publicly_guaranteed_usd,2013,16561478718.8
SDN,external_debt_public_publicly_guaranteed_usd,2012,15874514614.6
SDN,external_debt_public_publicly_guaranteed_usd,2011,15288269758.4
SDN,external_debt_public_publicly_guaranteed_usd,2010,14637724839.5
SOM,gdp_per_capita_usd,2025,661.173877723116
SOM,gdp_per_capita_usd,2024,629.538899449007
SOM,gdp_per_capita_usd,2023,596.885985135589
SOM,gdp_per_capita_usd,2022,573.141165798229
SOM,gdp_per_capita_usd,2021,549.056994756254
SOM,gdp_per_capita_usd,2020,518.16113333875
SOM,gdp_per_capita_usd,2019,539.954816211694
SOM,gdp_per_capita_usd,2018,509.497273804534
SOM,gdp_per_capita_usd,2017,510.939952317726
SOM,gdp_per_capita_usd,2016,460.928490585175
SOM,gdp_per_capita_usd,2015,445.583080073396
SOM,gdp_per_capita_usd,2014,429.431656725102
SOM,gdp_per_capita_usd,2013,393.398703952979
SOM,gdp_per_capita_usd,2012,350.261946720512
SOM,gdp_per_capita_usd,2011,235.325945610434
SOM,gdp_per_capita_usd,2010,219.202453852397
SOM,gni_per_capita_atlas_usd,2025,640.0
SOM,gni_per_capita_atlas_usd,2024,620.0
SOM,gni_per_capita_atlas_usd,2023,600.0
SOM,gni_per_capita_atlas_usd,2022,570.0
SOM,gni_per_capita_atlas_usd,2021,540.0
SOM,gni_per_capita_atlas_usd,2020,500.0
SOM,gni_per_capita_atlas_usd,2019,520.0
SOM,gni_per_capita_atlas_usd,2018,510.0
SOM,gni_per_capita_atlas_usd,2017,500.0
SOM,gni_per_capita_atlas_usd,2016,450.0
SOM,gni_per_capita_atlas_usd,2015,440.0
SOM,gni_per_capita_atlas_usd,2014,410.0
SOM,gni_per_capita_atlas_usd,2013,340.0
SOM,gni_per_capita_atlas_usd,2012,280.0
SOM,gni_per_capita_atlas_usd,2011,250.0
SOM,gni_per_capita_atlas_usd,2010,290.0
SOM,population,2025,19654739.0
SOM,population,2024,19009151.0
SOM,population,2023,18358615.0
SOM,population,2022,17801897.0
SOM,population,2021,17271431.0
SOM,population,2020,16651191.0
SOM,population,2019,16030971.0
SOM,population,2018,15452487.0
SOM,population,2017,14916629.0
SOM,population,2016,14348740.0
SOM,population,2015,13806963.0
SOM,population,2014,13339491.0
SOM,population,2013,12869594.0
SOM,population,2012,12461160.0
SOM,population,2011,12348830.0
SOM,population,2010,12261756.0
SOM,life_expectancy_years,2024,58.967
SOM,life_expectancy_years,2023,58.816
SOM,life_expectancy_years,2022,53.931
SOM,life_expectancy_years,2021,55.703
SOM,life_expectancy_years,2020,57.095
SOM,life_expectancy_years,2019,57.249
SOM,life_expectancy_years,2018,54.767
SOM,life_expectancy_years,2017,52.19
SOM,life_expectancy_years,2016,55.283
SOM,life_expectancy_years,2015,55.056
SOM,life_expectancy_years,2014,54.442
SOM,life_expectancy_years,2013,54.016
SOM,life_expectancy_years,2012,49.138
SOM,life_expectancy_years,2011,32.453
SOM,life_expectancy_years,2010,48.9
SOM,access_to_electricity_pct,2024,54.4
SOM,access_to_electricity_pct,2023,50.3
SOM,access_to_electricity_pct,2022,48.9
SOM,access_to_electricity_pct,2021,49.3
SOM,access_to_electricity_pct,2020,49.9
SOM,access_to_electricity_pct,2019,49.2
SOM,access_to_electricity_pct,2018,50.7
SOM,access_to_electricity_pct,2017,52.1
SOM,access_to_electricity_pct,2016,51.1
SOM,access_to_electricity_pct,2015,51.2
SOM,access_to_electricity_pct,2014,51.4
SOM,access_to_electricity_pct,2013,51.5
SOM,access_to_electricity_pct,2012,51.8
SOM,access_to_electricity_pct,2011,52.0
SOM,access_to_electricity_pct,2010,52.3
SOM,internet_users_pct,2024,27.94020081
SOM,internet_users_pct,2023,26.12010002
SOM,internet_users_pct,2022,27.6
SOM,internet_users_pct,2021,23.87479973
SOM,internet_users_pct,2020,15.02369976
SOM,internet_users_pct,2019,2.731400013
SOM,internet_users_pct,2016,1.879999995
SOM,internet_users_pct,2015,1.75999999
SOM,internet_users_pct,2014,1.629999995
SOM,internet_users_pct,2013,1.5
SOM,internet_users_pct,2012,1.376700044
SOM,internet_users_pct,2011,1.25
SOM,urban_population_pct,2025,55.1399062872976
SOM,urban_population_pct,2024,54.6176465524521
SOM,urban_population_pct,2023,54.0714435506882
SOM,urban_population_pct,2022,53.5010115886789
SOM,urban_population_pct,2021,52.9060649733324
SOM,urban_population_pct,2020,52.286318011754
SOM,urban_population_pct,2019,51.6421170703225
SOM,urban_population_pct,2018,50.9506215336872
SOM,urban_population_pct,2017,48.3639630032265
SOM,urban_population_pct,2016,45.942842729174
SOM,urban_population_pct,2015,43.8618107408479
SOM,urban_population_pct,2014,42.3515167236328
SOM,urban_population_pct,2013,41.2593474250273
SOM,urban_population_pct,2012,40.2722730087349
SOM,urban_population_pct,2011,39.380318284448
SOM,urban_population_pct,2010,38.5735080618592
SOM,external_debt_stock_total_usd,2024,1799443760.8
SOM,external_debt_stock_total_usd,2023,3093994159.7
SOM,external_debt_stock_total_usd,2022,4095256883.7
SOM,external_debt_stock_total_usd,2021,4142587646.4
SOM,external_debt_stock_total_usd,2020,4591822809.5
SOM,external_debt_stock_total_usd,2019,5374181112.2
SOM,external_debt_stock_total_usd,2018,5313257657.7
SOM,external_debt_stock_total_usd,2017,2838649115.2
SOM,external_debt_stock_total_usd,2016,2744666127.8
SOM,external_debt_stock_total_usd,2015,2770590306.7
SOM,external_debt_stock_total_usd,2014,2837118511.5
SOM,external_debt_stock_total_usd,2013,2938896763.1
SOM,external_debt_stock_total_usd,2012,2940422478.5
SOM,external_debt_stock_total_usd,2011,2940364939.5
SOM,external_debt_stock_total_usd,2010,2934384056.4
SOM,external_debt_public_publicly_guaranteed_usd,2024,663722400.9
SOM,external_debt_public_publicly_guaranteed_usd,2023,2019304877.2
SOM,external_debt_public_publicly_guaranteed_usd,2022,2311352699.3
SOM,external_debt_public_publicly_guaranteed_usd,2021,2313140392.5
SOM,external_debt_public_publicly_guaranteed_usd,2020,2608537202.3
SOM,external_debt_public_publicly_guaranteed_usd,2019,2049354387.5
SOM,external_debt_public_publicly_guaranteed_usd,2018,2050509722.3
SOM,external_debt_public_publicly_guaranteed_usd,2017,1785660135.5
SOM,external_debt_public_publicly_guaranteed_usd,2016,1743889509.0
SOM,external_debt_public_publicly_guaranteed_usd,2015,1758825813.2
SOM,external_debt_public_publicly_guaranteed_usd,2014,1799261700.8
SOM,external_debt_public_publicly_guaranteed_usd,2013,1860267126.4
SOM,external_debt_public_publicly_guaranteed_usd,2012,1870340509.2
SOM,external_debt_public_publicly_guaranteed_usd,2011,1878598214.9
SOM,external_debt_public_publicly_guaranteed_usd,2010,1878881910.7
SSD,gdp_per_capita_usd,2015,1080.14718624765
SSD,gdp_per_capita_usd,2014,1242.73450181032
SSD,gdp_per_capita_usd,2013,1650.18943353528
SSD,gdp_per_capita_usd,2012,1109.26050083408
SSD,gdp_per_capita_usd,2011,1448.98435006408
SSD,gdp_per_capita_usd,2010,1498.27034985194
SSD,gni_per_capita_atlas_usd,2015,1050.0
SSD,gni_per_capita_atlas_usd,2014,1170.0
SSD,gni_per_capita_atlas_usd,2013,1080.0
SSD,gni_per_capita_atlas_usd,2012,800.0
SSD,gni_per_capita_atlas_usd,2011,770.0
SSD,population,2025,12188788.0
SSD,population,2024,11943408.0
SSD,population,2023,11483374.0
SSD,population,2022,11021177.0
SSD,population,2021,10865780.0
SSD,population,2020,10698467.0
SSD,population,2019,10423384.0
SSD,population,2018,10122977.0
SSD,population,2017,10259154.0
SSD,population,2016,10830102.0
SSD,population,2015,11107561.0
SSD,population,2014,11235073.0
SSD,population,2013,11166275.0
SSD,population,2012,10756240.0
SSD,population,2011,10288109.0
SSD,population,2010,9745953.0
SSD,life_expectancy_years,2024,57.738
SSD,life_expectancy_years,2023,57.617
SSD,life_expectancy_years,2022,57.203
SSD,life_expectancy_years,2021,57.047
SSD,life_expectancy_years,2020,57.648
SSD,life_expectancy_years,2019,58.129
SSD,life_expectancy_years,2018,51.905
SSD,life_expectancy_years,2017,35.351
SSD,life_expectancy_years,2016,36.72
SSD,life_expectancy_years,2015,39.757
SSD,life_expectancy_years,2014,45.625
SSD,life_expectancy_years,2013,58.285
SSD,life_expectancy_years,2012,58.241
SSD,life_expectancy_years,2011,57.674
SSD,life_expectancy_years,2010,57.485
SSD,access_to_electricity_pct,2024,5.4
SSD,access_to_electricity_pct,2023,5.4
SSD,access_to_electricity_pct,2022,8.4
SSD,access_to_electricity_pct,2021,7.7
SSD,access_to_electricity_pct,2020,7.3
SSD,access_to_electricity_pct,2019,6.8
SSD,access_to_electricity_pct,2018,6.3
SSD,access_to_electricity_pct,2017,4.2
SSD,access_to_electricity_pct,2016,5.3
SSD,access_to_electricity_pct,2015,4.8
SSD,access_to_electricity_pct,2014,4.3
SSD,access_to_electricity_pct,2013,3.8
SSD,access_to_electricity_pct,2012,3.3
SSD,access_to_electricity_pct,2011,2.8
SSD,access_to_electricity_pct,2010,1.5
SSD,internet_users_pct,2019,6.671000004
SSD,internet_users_pct,2018,4.800000191
SSD,internet_users_pct,2017,4.1
SSD,internet_users_pct,2016,3.5
SSD,internet_users_pct,2015,3.0
SSD,internet_users_pct,2014,2.599999905
SSD,internet_users_pct,2013,2.200000048
SSD,internet_users_pct,2012,1.5
SSD,urban_population_pct,2025,21.6843599017401
SSD,urban_population_pct,2024,21.3768190444906
SSD,urban_population_pct,2023,21.0737755279692
SSD,urban_population_pct,2022,20.7752121046616
SSD,urban_population_pct,2021,20.4811115270532
SSD,urban_population_pct,2020,20.1914565476286
SSD,urban_population_pct,2019,19.9062299188719
SSD,urban_population_pct,2018,19.6254143932663
SSD,urban_population_pct,2017,19.3489927232944
SSD,urban_population_pct,2016,19.0769476614377
SSD,urban_population_pct,2015,18.8092619601773
SSD,urban_population_pct,2014,18.5459183719929
SSD,urban_population_pct,2013,18.2868996493633
SSD,urban_population_pct,2012,18.0321885447664
SSD,urban_population_pct,2011,17.7817678106789
SSD,urban_population_pct,2010,17.535620199576
SSD,agriculture_pct_gdp,2015,10.3550274477245
SSD,agriculture_pct_gdp,2014,7.59650844428456
SSD,agriculture_pct_gdp,2013,9.635809346303
SSD,agriculture_pct_gdp,2012,6.17613217428162
SSD,agriculture_pct_gdp,2011,4.67693681681883
SSD,agriculture_pct_gdp,2010,5.29379348275505
SSD,industry_pct_gdp,2015,33.0945353993221
SSD,industry_pct_gdp,2014,46.6994007328919
SSD,industry_pct_gdp,2013,22.2248278451082
SSD,industry_pct_gdp,2012,51.1502922242999
SSD,industry_pct_gdp,2011,61.2256432446357
SSD,industry_pct_gdp,2010,61.1436996609911
SSD,manufacturing_pct_gdp,2015,3.53427701123526
SSD,manufacturing_pct_gdp,2014,2.67583561781046
SSD,manufacturing_pct_gdp,2013,4.01725107910169
SSD,manufacturing_pct_gdp,2012,2.71597155176802
SSD,manufacturing_pct_gdp,2011,2.06310989233561
SSD,manufacturing_pct_gdp,2010,2.33112377386204
SSD,services_pct_gdp,2015,56.5504512594544
SSD,services_pct_gdp,2014,45.7040840248141
SSD,services_pct_gdp,2013,68.1393629925541
SSD,services_pct_gdp,2012,42.6735756014185
SSD,services_pct_gdp,2011,34.0974199385455
SSD,services_pct_gdp,2010,33.5625068562538
SYR,gdp_per_capita_usd,2022,1056.78264718197
SYR,gdp_per_capita_usd,2021,688.566109726934
SYR,gdp_per_capita_usd,2020,593.911771822527
SYR,gdp_per_capita_usd,2019,1109.53933821464
SYR,gdp_per_capita_usd,2018,1098.06667935023
SYR,gdp_per_capita_usd,2017,851.501972646386
SYR,gdp_per_capita_usd,2016,656.349017520952
SYR,gdp_per_capita_usd,2015,847.731545352582
SYR,gdp_per_capita_usd,2014,1060.59105887433
SYR,gdp_per_capita_usd,2013,985.892669221634
SYR,gdp_per_capita_usd,2012,1897.66115018696
SYR,gdp_per_capita_usd,2011,2952.14372909443
SYR,gdp_per_capita_usd,2010,2730.61487784917
SYR,gni_per_capita_atlas_usd,2022,720.0
SYR,gni_per_capita_atlas_usd,2021,730.0
SYR,gni_per_capita_atlas_usd,2020,820.0
SYR,gni_per_capita_atlas_usd,2019,970.0
SYR,gni_per_capita_atlas_usd,2018,810.0
SYR,gni_per_capita_atlas_usd,2017,720.0
SYR,gni_per_capita_atlas_usd,2016,750.0
SYR,gni_per_capita_atlas_usd,2015,900.0
SYR,gni_per_capita_atlas_usd,2014,1070.0
SYR,gni_per_capita_atlas_usd,2013,1270.0
SYR,gni_per_capita_atlas_usd,2012,1980.0
SYR,gni_per_capita_atlas_usd,2011,2600.0
SYR,gni_per_capita_atlas_usd,2010,2480.0
SYR,population,2025,25620427.0
SYR,population,2024,24672760.0
SYR,population,2023,23594623.0
SYR,population,2022,22462173.0
SYR,population,2021,21628839.0
SYR,population,2020,21049429.0
SYR,population,2019,20353534.0
SYR,population,2018,19577845.0
SYR,population,2017,19224668.0
SYR,population,2016,19193834.0
SYR,population,2015,19424618.0
SYR,population,2014,20273659.0
SYR,population,2013,21666917.0
SYR,population,2012,22759763.0
SYR,population,2011,22878098.0
SYR,population,2010,22482421.0
SYR,life_expectancy_years,2024,72.56
SYR,life_expectancy_years,2023,72.12
SYR,life_expectancy_years,2022,72.79
SYR,life_expectancy_years,2021,72.418
SYR,life_expectancy_years,2020,71.944
SYR,life_expectancy_years,2019,70.97
SYR,life_expectancy_years,2018,67.371
SYR,life_expectancy_years,2017,65.651
SYR,life_expectancy_years,2016,65.19
SYR,life_expectancy_years,2015,63.265
SYR,life_expectancy_years,2014,65.492
SYR,life_expectancy_years,2013,65.146
SYR,life_expectancy_years,2012,66.206
SYR,life_expectancy_years,2011,72.259
SYR,life_expectancy_years,2010,73.542
SYR,access_to_electricity_pct,2024,89.3
SYR,access_to_electricity_pct,2023,88.4
SYR,access_to_electricity_pct,2022,89.0
SYR,access_to_electricity_pct,2021,88.8
SYR,access_to_electricity_pct,2020,89.0
SYR,access_to_electricity_pct,2019,89.2
SYR,access_to_electricity_pct,2018,86.0
SYR,access_to_electricity_pct,2017,89.6
SYR,access_to_electricity_pct,2016,89.8
SYR,access_to_electricity_pct,2015,90.0
SYR,access_to_electricity_pct,2014,90.2
SYR,access_to_electricity_pct,2013,90.4
SYR,access_to_electricity_pct,2012,90.7
SYR,access_to_electricity_pct,2011,91.5
SYR,access_to_electricity_pct,2010,92.7
SYR,internet_users_pct,2018,33.77000046
SYR,internet_users_pct,2017,32.70000076
SYR,internet_users_pct,2016,31.8696003
SYR,internet_users_pct,2015,29.97979927
SYR,internet_users_pct,2014,28.09000015
SYR,internet_users_pct,2013,26.20000076
SYR,internet_users_pct,2012,24.30010033
SYR,internet_users_pct,2011,22.5
SYR,internet_users_pct,2010,20.7
SYR,urban_population_pct,2025,72.0836286208518
SYR,urban_population_pct,2024,72.0761345758254
SYR,urban_population_pct,2023,72.1673803143204
SYR,urban_population_pct,2022,72.6124992370605
SYR,urban_population_pct,2021,73.0125007629395
SYR,urban_population_pct,2020,73.4125031102512
SYR,urban_population_pct,2019,73.8248788261986
SYR,urban_population_pct,2018,74.0612602381775
SYR,urban_population_pct,2017,74.5395596323392
SYR,urban_population_pct,2016,75.15400963398
SYR,urban_population_pct,2015,75.7529067188542
SYR,urban_population_pct,2014,76.0
SYR,urban_population_pct,2013,73.0620491886137
SYR,urban_population_pct,2012,65.0896662830335
SYR,urban_population_pct,2011,58.4817704183521
SYR,urban_population_pct,2010,55.6962002889119
SYR,agriculture_pct_gdp,2022,42.8517272820162
SYR,agriculture_pct_gdp,2021,38.6743054965317
SYR,agriculture_pct_gdp,2020,32.652890568598
SYR,agriculture_pct_gdp,2019,40.7410419328786
SYR,agriculture_pct_gdp,2018,39.0098877578608
SYR,agriculture_pct_gdp,2017,40.6356090849324
SYR,agriculture_pct_gdp,2016,34.1668749627531
SYR,agriculture_pct_gdp,2015,33.1304655969871
SYR,agriculture_pct_gdp,2014,26.8601256182656
SYR,agriculture_pct_gdp,2013,25.1049303727798
SYR,agriculture_pct_gdp,2012,23.432298282026
SYR,agriculture_pct_gdp,2011,20.6469030981773
SYR,agriculture_pct_gdp,2010,19.4389724414256
SYR,industry_pct_gdp,2022,11.9429158166427
SYR,industry_pct_gdp,2021,17.9924214597196
SYR,industry_pct_gdp,2020,20.3249119843557
SYR,industry_pct_gdp,2019,15.9160457378987
SYR,industry_pct_gdp,2018,18.4959547270984
SYR,industry_pct_gdp,2017,17.2068655661833
SYR,industry_pct_gdp,2016,16.2367806484668
SYR,industry_pct_gdp,2015,15.4913376113713
SYR,industry_pct_gdp,2014,19.4952280331484
SYR,industry_pct_gdp,2013,23.193609016883
SYR,industry_pct_gdp,2012,25.0488124668991
SYR,industry_pct_gdp,2011,33.7332113590303
SYR,industry_pct_gdp,2010,30.4265229777175
SYR,services_pct_gdp,2022,44.7217048163099
SYR,services_pct_gdp,2021,39.709530360564
SYR,services_pct_gdp,2020,43.3926209655976
SYR,services_pct_gdp,2019,43.3429053124234
SYR,services_pct_gdp,2018,42.4941743524037
SYR,services_pct_gdp,2017,42.1575291783254
SYR,services_pct_gdp,2016,49.5963506522692
SYR,services_pct_gdp,2015,51.378207005958
SYR,services_pct_gdp,2014,53.6446463480406
SYR,services_pct_gdp,2013,51.7014606108871
SYR,services_pct_gdp,2012,51.5188892510749
SYR,services_pct_gdp,2011,45.6198775698793
SYR,services_pct_gdp,2010,50.1345006747884
SYR,external_debt_stock_total_usd,2024,4756737935.6
SYR,external_debt_stock_total_usd,2023,4875542720.1
SYR,external_debt_stock_total_usd,2022,4862033265.3
SYR,external_debt_stock_total_usd,2021,5028598331.8
SYR,external_debt_stock_total_usd,2020,4763247277.8
SYR,external_debt_stock_total_usd,2019,4590239653.7
SYR,external_debt_stock_total_usd,2018,4583582193.9
SYR,external_debt_stock_total_usd,2017,4603897926.4
SYR,external_debt_stock_total_usd,2016,4367932030.6
SYR,external_debt_stock_total_usd,2015,4419183536.1
SYR,external_debt_stock_total_usd,2014,4608449443.0
SYR,external_debt_stock_total_usd,2013,4765860589.2
SYR,external_debt_stock_total_usd,2012,4748208496.5
SYR,external_debt_stock_total_usd,2011,4980444783.4
SYR,external_debt_stock_total_usd,2010,5276579226.5
SYR,external_debt_public_publicly_guaranteed_usd,2024,3409607147.6
SYR,external_debt_public_publicly_guaranteed_usd,2023,3501530080.5
SYR,external_debt_public_publicly_guaranteed_usd,2022,3497976516.6
SYR,external_debt_public_publicly_guaranteed_usd,2021,3632210267.2
SYR,external_debt_public_publicly_guaranteed_usd,2020,3751183313.2
SYR,external_debt_public_publicly_guaranteed_usd,2019,3634865796.6
SYR,external_debt_public_publicly_guaranteed_usd,2018,3647090821.1
SYR,external_debt_public_publicly_guaranteed_usd,2017,3653664156.6
SYR,external_debt_public_publicly_guaranteed_usd,2016,3497197361.4
SYR,external_debt_public_publicly_guaranteed_usd,2015,3528277984.4
SYR,external_debt_public_publicly_guaranteed_usd,2014,3671617520.3
SYR,external_debt_public_publicly_guaranteed_usd,2013,3906412593.0
SYR,external_debt_public_publicly_guaranteed_usd,2012,3955480469.3
SYR,external_debt_public_publicly_guaranteed_usd,2011,4005638608.3
SYR,external_debt_public_publicly_guaranteed_usd,2010,4284407470.4
TUN,gdp_per_capita_usd,2025,4656.63818386852
TUN,gdp_per_capita_usd,2024,4187.64079392362
TUN,gdp_per_capita_usd,2023,3951.11683376921
TUN,gdp_per_capita_usd,2022,3707.29283414381
TUN,gdp_per_capita_usd,2021,3906.93926319391
TUN,gdp_per_capita_usd,2020,3548.65363663803
TUN,gdp_per_capita_usd,2019,3528.87213306798
TUN,gdp_per_capita_usd,2018,3628.10366464236
TUN,gdp_per_capita_usd,2017,3619.03247319953
TUN,gdp_per_capita_usd,2016,3847.80354448809
TUN,gdp_per_capita_usd,2015,4014.94773686432
TUN,gdp_per_capita_usd,2014,4458.97895464547
TUN,gdp_per_capita_usd,2013,4369.79345826358
TUN,gdp_per_capita_usd,2012,4297.26782454273
TUN,gdp_per_capita_usd,2011,4420.64772206537
TUN,gdp_per_capita_usd,2010,4291.86120891575
TUN,gni_per_capita_atlas_usd,2025,4300.0
TUN,gni_per_capita_atlas_usd,2024,3880.0
TUN,gni_per_capita_atlas_usd,2023,3850.0
TUN,gni_per_capita_atlas_usd,2022,3890.0
TUN,gni_per_capita_atlas_usd,2021,3640.0
TUN,gni_per_capita_atlas_usd,2020,3270.0
TUN,gni_per_capita_atlas_usd,2019,3590.0
TUN,gni_per_capita_atlas_usd,2018,3700.0
TUN,gni_per_capita_atlas_usd,2017,3700.0
TUN,gni_per_capita_atlas_usd,2016,3930.0
TUN,gni_per_capita_atlas_usd,2015,4130.0
TUN,gni_per_capita_atlas_usd,2014,4310.0
TUN,gni_per_capita_atlas_usd,2013,4300.0
TUN,gni_per_capita_atlas_usd,2012,4250.0
TUN,gni_per_capita_atlas_usd,2011,4060.0
TUN,gni_per_capita_atlas_usd,2010,4140.0
TUN,population,2025,12348573.0
TUN,population,2024,12277109.0
TUN,population,2023,12200431.0
TUN,population,2022,12119334.0
TUN,population,2021,12048622.0
TUN,population,2020,11974057.0
TUN,population,2019,11875081.0
TUN,population,2018,11765514.0
TUN,population,2017,11650498.0
TUN,population,2016,11528674.0
TUN,population,2015,11402264.0
TUN,population,2014,11274288.0
TUN,population,2013,11141361.0
TUN,population,2012,11009647.0
TUN,population,2011,10886035.0
TUN,population,2010,10765980.0
TUN,life_expectancy_years,2024,76.711
TUN,life_expectancy_years,2023,76.508
TUN,life_expectancy_years,2022,76.05
TUN,life_expectancy_years,2021,72.893
TUN,life_expectancy_years,2020,75.004
TUN,life_expectancy_years,2019,75.599
TUN,life_expectancy_years,2018,75.37
TUN,life_expectancy_years,2017,75.177
TUN,life_expectancy_years,2016,75.007
TUN,life_expectancy_years,2015,74.875
TUN,life_expectancy_years,2014,74.784
TUN,life_expectancy_years,2013,74.674
TUN,life_expectancy_years,2012,74.599
TUN,life_expectancy_years,2011,74.471
TUN,life_expectancy_years,2010,74.438
TUN,access_to_electricity_pct,2024,100.0
TUN,access_to_electricity_pct,2023,100.0
TUN,access_to_electricity_pct,2022,100.0
TUN,access_to_electricity_pct,2021,99.9
TUN,access_to_electricity_pct,2020,99.9
TUN,access_to_electricity_pct,2019,100.0
TUN,access_to_electricity_pct,2018,99.8
TUN,access_to_electricity_pct,2017,100.0
TUN,access_to_electricity_pct,2016,100.0
TUN,access_to_electricity_pct,2015,99.9
TUN,access_to_electricity_pct,2014,99.8
TUN,access_to_electricity_pct,2013,99.7
TUN,access_to_electricity_pct,2012,99.5
TUN,access_to_electricity_pct,2011,99.5
TUN,access_to_electricity_pct,2010,99.5
TUN,internet_users_pct,2024,76.5
TUN,internet_users_pct,2021,68.31552226
TUN,internet_users_pct,2020,68.55639648
TUN,internet_users_pct,2019,66.6999983024144
TUN,internet_users_pct,2018,64.1908102327387
TUN,internet_users_pct,2017,55.5001550633671
TUN,internet_users_pct,2016,49.5999948415756
TUN,internet_users_pct,2015,46.4999943435776
TUN,internet_users_pct,2014,46.15999985
TUN,internet_users_pct,2013,43.79999924
TUN,internet_users_pct,2012,41.4416008
TUN,internet_users_pct,2011,39.1
TUN,internet_users_pct,2010,36.8
TUN,urban_population_pct,2025,70.7029326009864
TUN,urban_population_pct,2024,70.3585355691955
TUN,urban_population_pct,2023,70.0266686486584
TUN,urban_population_pct,2022,69.707138648303
TUN,urban_population_pct,2021,69.3997523770568
TUN,urban_population_pct,2020,69.1043166438476
TUN,urban_population_pct,2019,68.8206382576031
TUN,urban_population_pct,2018,68.5485240272509
TUN,urban_population_pct,2017,68.2877807617188
TUN,urban_population_pct,2016,68.0623356528248
TUN,urban_population_pct,2015,67.8807907104492
TUN,urban_population_pct,2014,67.7524643379101
TUN,urban_population_pct,2013,67.4999542236328
TUN,urban_population_pct,2012,67.2098922729492
TUN,urban_population_pct,2011,66.9191886197857
TUN,urban_population_pct,2010,66.6280059814453
TUN,agriculture_pct_gdp,2025,10.2934775669857
TUN,agriculture_pct_gdp,2024,9.73863393101929
TUN,agriculture_pct_gdp,2023,9.47367928951245
TUN,agriculture_pct_gdp,2022,10.8217247722212
TUN,agriculture_pct_gdp,2021,10.0900379034943
TUN,agriculture_pct_gdp,2020,10.3917002295357
TUN,agriculture_pct_gdp,2019,9.76625873287072
TUN,agriculture_pct_gdp,2018,9.88852551876126
TUN,agriculture_pct_gdp,2017,8.986045690927
TUN,agriculture_pct_gdp,2016,8.52541115305462
TUN,agriculture_pct_gdp,2015,9.20589918732503
TUN,agriculture_pct_gdp,2014,8.57165956609159
TUN,agriculture_pct_gdp,2013,7.96930864809374
TUN,agriculture_pct_gdp,2012,8.30025725587419
TUN,agriculture_pct_gdp,2011,7.57684450427472
TUN,agriculture_pct_gdp,2010,6.846146170059
TUN,industry_pct_gdp,2025,21.9594574988538
TUN,industry_pct_gdp,2024,22.5572512872385
TUN,industry_pct_gdp,2023,24.0937583898893
TUN,industry_pct_gdp,2022,25.9624438396638
TUN,industry_pct_gdp,2021,23.3568690771039
TUN,industry_pct_gdp,2020,21.5120069019708
TUN,industry_pct_gdp,2019,23.2353115777678
TUN,industry_pct_gdp,2018,23.6862252235906
TUN,industry_pct_gdp,2017,23.624101204276
TUN,industry_pct_gdp,2016,24.0076023041992
TUN,industry_pct_gdp,2015,24.8970515198959
TUN,industry_pct_gdp,2014,27.1288836396189
TUN,industry_pct_gdp,2013,29.1379467288349
TUN,industry_pct_gdp,2012,30.1215368230456
TUN,industry_pct_gdp,2011,30.54812597421
TUN,industry_pct_gdp,2010,29.5235517709565
TUN,manufacturing_pct_gdp,2024,14.7948868494485
TUN,manufacturing_pct_gdp,2023,15.1735279542762
TUN,manufacturing_pct_gdp,2022,15.6275077181244
TUN,manufacturing_pct_gdp,2021,14.4468111955945
TUN,manufacturing_pct_gdp,2020,13.6939016134445
TUN,manufacturing_pct_gdp,2019,14.3189397678933
TUN,manufacturing_pct_gdp,2018,14.5169070367437
TUN,manufacturing_pct_gdp,2017,14.2010459605045
TUN,manufacturing_pct_gdp,2016,13.8091385069721
TUN,manufacturing_pct_gdp,2015,14.0105698969513
TUN,manufacturing_pct_gdp,2014,14.5464536962829
TUN,manufacturing_pct_gdp,2013,15.008243022509
TUN,manufacturing_pct_gdp,2012,15.4349464715618
TUN,manufacturing_pct_gdp,2011,15.9695160833215
TUN,manufacturing_pct_gdp,2010,15.7239104074122
TUN,services_pct_gdp,2025,62.6905689065828
TUN,services_pct_gdp,2024,62.6074263616937
TUN,services_pct_gdp,2023,62.0931279377135
TUN,services_pct_gdp,2022,61.0687406100635
TUN,services_pct_gdp,2021,59.5291634928382
TUN,services_pct_gdp,2020,60.1899882930928
TUN,services_pct_gdp,2019,59.9417090281883
TUN,services_pct_gdp,2018,59.4591341366813
TUN,services_pct_gdp,2017,60.2679109708219
TUN,services_pct_gdp,2016,59.7022255944941
TUN,services_pct_gdp,2015,58.9457719298636
TUN,services_pct_gdp,2014,57.5059874486204
TUN,services_pct_gdp,2013,58.023672140101
TUN,services_pct_gdp,2012,57.0947002042078
TUN,services_pct_gdp,2011,56.8340831798214
TUN,services_pct_gdp,2010,55.8976948687167
TUN,external_debt_stock_total_usd,2024,40459855368.3
TUN,external_debt_stock_total_usd,2023,42407399347.3
TUN,external_debt_stock_total_usd,2022,41041206300.8
TUN,external_debt_stock_total_usd,2021,43022033493.3
TUN,external_debt_stock_total_usd,2020,41977373872.0
TUN,external_debt_stock_total_usd,2019,40224514020.4
TUN,external_debt_stock_total_usd,2018,35245100362.9
TUN,external_debt_stock_total_usd,2017,33714237269.7
TUN,external_debt_stock_total_usd,2016,29527167044.6
TUN,external_debt_stock_total_usd,2015,28197062216.1
TUN,external_debt_stock_total_usd,2014,27595974477.9
TUN,external_debt_stock_total_usd,2013,26262224742.9
TUN,external_debt_stock_total_usd,2012,25416510709.4
TUN,external_debt_stock_total_usd,2011,22866532270.0
TUN,external_debt_stock_total_usd,2010,22659417009.8
TUN,external_debt_public_publicly_guaranteed_usd,2024,20816257886.5
TUN,external_debt_public_publicly_guaranteed_usd,2023,22062431548.0
TUN,external_debt_public_publicly_guaranteed_usd,2022,21634288205.9
TUN,external_debt_public_publicly_guaranteed_usd,2021,23152380435.2
TUN,external_debt_public_publicly_guaranteed_usd,2020,25777508357.7
TUN,external_debt_public_publicly_guaranteed_usd,2019,23782583917.9
TUN,external_debt_public_publicly_guaranteed_usd,2018,22539677597.3
TUN,external_debt_public_publicly_guaranteed_usd,2017,22262507705.6
TUN,external_debt_public_publicly_guaranteed_usd,2016,18604389072.9
TUN,external_debt_public_publicly_guaranteed_usd,2015,18107330835.0
TUN,external_debt_public_publicly_guaranteed_usd,2014,16999315978.6
TUN,external_debt_public_publicly_guaranteed_usd,2013,16932035346.1
TUN,external_debt_public_publicly_guaranteed_usd,2012,16673642183.1
TUN,external_debt_public_publicly_guaranteed_usd,2011,15105548793.6
TUN,external_debt_public_publicly_guaranteed_usd,2010,14858476120.7
TUN,external_debt_private_nonguaranteed_usd,2024,1686252000.0
TUN,external_debt_private_nonguaranteed_usd,2023,2028880000.0
TUN,external_debt_private_nonguaranteed_usd,2022,2573909000.0
TUN,external_debt_private_nonguaranteed_usd,2021,2984575000.0
TUN,external_debt_private_nonguaranteed_usd,2020,2743962000.0
TUN,external_debt_private_nonguaranteed_usd,2019,2879075000.0
TUN,external_debt_private_nonguaranteed_usd,2018,2332138000.0
TUN,external_debt_private_nonguaranteed_usd,2017,1887904000.0
TUN,external_debt_private_nonguaranteed_usd,2016,2241697000.0
TUN,external_debt_private_nonguaranteed_usd,2015,1747482000.0
TUN,external_debt_private_nonguaranteed_usd,2014,2214288000.0
TUN,external_debt_private_nonguaranteed_usd,2013,2186154000.0
TUN,external_debt_private_nonguaranteed_usd,2012,2094045000.0
TUN,external_debt_private_nonguaranteed_usd,2011,2392823000.0
TUN,external_debt_private_nonguaranteed_usd,2010,2402000000.0
TUR,gdp_per_capita_usd,2025,18599.4420922378
TUR,gdp_per_capita_usd,2024,15892.7157287241
TUR,gdp_per_capita_usd,2023,13375.0947282864
TUR,gdp_per_capita_usd,2022,10897.8397861365
TUR,gdp_per_capita_usd,2021,9981.76398411336
TUR,gdp_per_capita_usd,2020,8798.11791709313
TUR,gdp_per_capita_usd,2019,9395.23378001368
TUR,gdp_per_capita_usd,2018,9684.11819884721
TUR,gdp_per_capita_usd,2017,10756.3877677883
TUR,gdp_per_capita_usd,2016,10984.3643169061
TUR,gdp_per_capita_usd,2015,11064.6494504662
TUR,gdp_per_capita_usd,2014,12209.3862327674
TUR,gdp_per_capita_usd,2013,12635.5570016068
TUR,gdp_per_capita_usd,2012,11776.7593362033
TUR,gdp_per_capita_usd,2011,11373.6355760885
TUR,gdp_per_capita_usd,2010,10698.9699409757
TUR,gni_per_capita_atlas_usd,2025,16300.0
TUR,gni_per_capita_atlas_usd,2024,13430.0
TUR,gni_per_capita_atlas_usd,2023,11980.0
TUR,gni_per_capita_atlas_usd,2022,10870.0
TUR,gni_per_capita_atlas_usd,2021,10230.0
TUR,gni_per_capita_atlas_usd,2020,9330.0
TUR,gni_per_capita_atlas_usd,2019,9970.0
TUR,gni_per_capita_atlas_usd,2018,10760.0
TUR,gni_per_capita_atlas_usd,2017,11140.0
TUR,gni_per_capita_atlas_usd,2016,11350.0
TUR,gni_per_capita_atlas_usd,2015,12080.0
TUR,gni_per_capita_atlas_usd,2014,12670.0
TUR,gni_per_capita_atlas_usd,2013,12640.0
TUR,gni_per_capita_atlas_usd,2012,11950.0
TUR,gni_per_capita_atlas_usd,2011,11260.0
TUR,gni_per_capita_atlas_usd,2010,10460.0
TUR,population,2025,85878556.0
TUR,population,2024,85518661.0
TUR,population,2023,85325965.0
TUR,population,2022,84979913.0
TUR,population,2021,84147318.0
TUR,population,2020,83384680.0
TUR,population,2019,82579440.0
TUR,population,2018,81407204.0
TUR,population,2017,80312698.0
TUR,population,2016,79277962.0
TUR,population,2015,78218479.0
TUR,population,2014,77181884.0
TUR,population,2013,76147624.0
TUR,population,2012,75175827.0
TUR,population,2011,74223629.0
TUR,population,2010,73142150.0
TUR,life_expectancy_years,2024,77.421
TUR,life_expectancy_years,2023,77.156
TUR,life_expectancy_years,2022,77.591
TUR,life_expectancy_years,2021,75.722
TUR,life_expectancy_years,2020,76.525
TUR,life_expectancy_years,2019,77.737
TUR,life_expectancy_years,2018,77.454
TUR,life_expectancy_years,2017,77.037
TUR,life_expectancy_years,2016,76.595
TUR,life_expectancy_years,2015,76.539
TUR,life_expectancy_years,2014,76.452
TUR,life_expectancy_years,2013,76.171
TUR,life_expectancy_years,2012,75.552
TUR,life_expectancy_years,2011,74.823
TUR,life_expectancy_years,2010,74.964
TUR,access_to_electricity_pct,2024,100.0
TUR,access_to_electricity_pct,2023,100.0
TUR,access_to_electricity_pct,2022,100.0
TUR,access_to_electricity_pct,2021,100.0
TUR,access_to_electricity_pct,2020,100.0
TUR,access_to_electricity_pct,2019,100.0
TUR,access_to_electricity_pct,2018,100.0
TUR,access_to_electricity_pct,2017,100.0
TUR,access_to_electricity_pct,2016,100.0
TUR,access_to_electricity_pct,2015,100.0
TUR,access_to_electricity_pct,2014,100.0
TUR,access_to_electricity_pct,2013,100.0
TUR,access_to_electricity_pct,2012,100.0
TUR,access_to_electricity_pct,2011,100.0
TUR,access_to_electricity_pct,2010,100.0
TUR,internet_users_pct,2025,89.77024003
TUR,internet_users_pct,2024,87.3078767
TUR,internet_users_pct,2023,85.96074155
TUR,internet_users_pct,2022,83.43716576
TUR,internet_users_pct,2021,81.40843745
TUR,internet_users_pct,2020,77.6695605
TUR,internet_users_pct,2019,73.9767022871511
TUR,internet_users_pct,2018,71.0427608433809
TUR,internet_users_pct,2017,64.6846176835371
TUR,internet_users_pct,2016,58.3477340145685
TUR,internet_users_pct,2015,53.7449791423583
TUR,internet_users_pct,2014,51.0373665521645
TUR,internet_users_pct,2013,46.25
TUR,internet_users_pct,2012,45.13
TUR,internet_users_pct,2011,43.065710430925
TUR,internet_users_pct,2010,39.82
TUR,urban_population_pct,2025,89.494060002186
TUR,urban_population_pct,2024,89.3443122873887
TUR,urban_population_pct,2023,89.0218446796121
TUR,urban_population_pct,2022,89.0381164550781
TUR,urban_population_pct,2021,89.1762048153239
TUR,urban_population_pct,2020,88.9303114965222
TUR,urban_population_pct,2019,88.6618152857124
TUR,urban_population_pct,2018,88.1655749576173
TUR,urban_population_pct,2017,88.0320472717286
TUR,urban_population_pct,2016,88.1020958581776
TUR,urban_population_pct,2015,87.2167107972537
TUR,urban_population_pct,2014,83.6024850744433
TUR,urban_population_pct,2013,78.5218368384696
TUR,urban_population_pct,2012,73.7788680234324
TUR,urban_population_pct,2011,71.0028723528334
TUR,urban_population_pct,2010,69.3471253941487
TUR,agriculture_pct_gdp,2025,5.20951196750004
TUR,agriculture_pct_gdp,2024,5.82042467876951
TUR,agriculture_pct_gdp,2023,6.38984597795627
TUR,agriculture_pct_gdp,2022,6.69360961922604
TUR,agriculture_pct_gdp,2021,5.70488171636816
TUR,agriculture_pct_gdp,2020,6.89122590909685
TUR,agriculture_pct_gdp,2019,6.6541535628227
TUR,agriculture_pct_gdp,2018,6.00418639185492
TUR,agriculture_pct_gdp,2017,6.19642323537778
TUR,agriculture_pct_gdp,2016,6.26556196399699
TUR,agriculture_pct_gdp,2015,6.87689834308907
TUR,agriculture_pct_gdp,2014,6.53828042868413
TUR,agriculture_pct_gdp,2013,6.64997261417217
TUR,agriculture_pct_gdp,2012,7.658344974583
TUR,agriculture_pct_gdp,2011,8.1265846445357
TUR,agriculture_pct_gdp,2010,8.90737962747164
TUR,industry_pct_gdp,2025,24.0232052689053
TUR,industry_pct_gdp,2024,25.5035682450148
TUR,industry_pct_gdp,2023,28.1932800305474
TUR,industry_pct_gdp,2022,30.890102398727
TUR,industry_pct_gdp,2021,30.8205598235418
TUR,industry_pct_gdp,2020,27.7974533640579
TUR,industry_pct_gdp,2019,27.0679926930773
TUR,industry_pct_gdp,2018,29.1851848904908
TUR,industry_pct_gdp,2017,29.0347245862534
TUR,industry_pct_gdp,2016,28.3385128402288
TUR,industry_pct_gdp,2015,27.9632974104138
TUR,industry_pct_gdp,2014,28.1981753928692
TUR,industry_pct_gdp,2013,27.7513691316392
TUR,industry_pct_gdp,2012,26.6835564000517
TUR,industry_pct_gdp,2011,26.8475365830986
TUR,industry_pct_gdp,2010,24.5086143505767
TUR,manufacturing_pct_gdp,2024,16.8424801408013
TUR,manufacturing_pct_gdp,2023,19.4686514459728
TUR,manufacturing_pct_gdp,2022,21.8019507331825
TUR,manufacturing_pct_gdp,2021,22.1239158921094
TUR,manufacturing_pct_gdp,2020,19.0347706467316
TUR,manufacturing_pct_gdp,2019,18.2598551795211
TUR,manufacturing_pct_gdp,2018,18.9095014162052
TUR,manufacturing_pct_gdp,2017,17.5741769956451
TUR,manufacturing_pct_gdp,2016,16.8380121277676
TUR,manufacturing_pct_gdp,2015,16.7689719715354
TUR,manufacturing_pct_gdp,2014,16.9058575089632
TUR,manufacturing_pct_gdp,2013,16.4008846890319
TUR,manufacturing_pct_gdp,2012,15.9402307745547
TUR,manufacturing_pct_gdp,2011,16.5303098311021
TUR,manufacturing_pct_gdp,2010,15.1158365547928
TUR,services_pct_gdp,2025,59.4243639680082
TUR,services_pct_gdp,2024,57.5212773580131
TUR,services_pct_gdp,2023,54.3519824455967
TUR,services_pct_gdp,2022,52.1784720579494
TUR,services_pct_gdp,2021,53.1953606066903
TUR,services_pct_gdp,2020,54.5738221616136
TUR,services_pct_gdp,2019,56.5329774818317
TUR,services_pct_gdp,2018,54.6144926867008
TUR,services_pct_gdp,2017,53.5617425067038
TUR,services_pct_gdp,2016,53.6443880043807
TUR,services_pct_gdp,2015,53.3668283175625
TUR,services_pct_gdp,2014,53.828575166833
TUR,services_pct_gdp,2013,53.3643455931878
TUR,services_pct_gdp,2012,54.0902575185714
TUR,services_pct_gdp,2011,53.1764169502883
TUR,services_pct_gdp,2010,54.658291110913
TUR,external_debt_stock_total_usd,2024,514989218110.8
TUR,external_debt_stock_total_usd,2023,499814231476.7
TUR,external_debt_stock_total_usd,2022,455963245504.7
TUR,external_debt_stock_total_usd,2021,434872791578.9
TUR,external_debt_stock_total_usd,2020,429283302461.7
TUR,external_debt_stock_total_usd,2019,414340675661.9
TUR,external_debt_stock_total_usd,2018,425763850698.8
TUR,external_debt_stock_total_usd,2017,446932919001.7
TUR,external_debt_stock_total_usd,2016,398941852378.3
TUR,external_debt_stock_total_usd,2015,399458974329.3
TUR,external_debt_stock_total_usd,2014,413804313727.1
TUR,external_debt_stock_total_usd,2013,402178071207.6
TUR,external_debt_stock_total_usd,2012,353395551599.8
TUR,external_debt_stock_total_usd,2011,320983526166.8
TUR,external_debt_stock_total_usd,2010,316646701767.8
TUR,external_debt_public_publicly_guaranteed_usd,2024,157127934803.6
TUR,external_debt_public_publicly_guaranteed_usd,2023,148507676149.4
TUR,external_debt_public_publicly_guaranteed_usd,2022,139061189036.2
TUR,external_debt_public_publicly_guaranteed_usd,2021,138015682050.1
TUR,external_debt_public_publicly_guaranteed_usd,2020,138031426646.0
TUR,external_debt_public_publicly_guaranteed_usd,2019,129002102130.3
TUR,external_debt_public_publicly_guaranteed_usd,2018,123460831967.2
TUR,external_debt_public_publicly_guaranteed_usd,2017,118859529273.6
TUR,external_debt_public_publicly_guaranteed_usd,2016,108554426434.3
TUR,external_debt_public_publicly_guaranteed_usd,2015,103604345502.1
TUR,external_debt_public_publicly_guaranteed_usd,2014,105783973059.7
TUR,external_debt_public_publicly_guaranteed_usd,2013,106494108329.7
TUR,external_debt_public_publicly_guaranteed_usd,2012,100270473605.7
TUR,external_debt_public_publicly_guaranteed_usd,2011,95252921923.9
TUR,external_debt_public_publicly_guaranteed_usd,2010,93288915227.7
TUR,external_debt_private_nonguaranteed_usd,2024,172507248000.0
TUR,external_debt_private_nonguaranteed_usd,2023,169021289000.0
TUR,external_debt_private_nonguaranteed_usd,2022,161743923000.0
TUR,external_debt_private_nonguaranteed_usd,2021,171073962000.0
TUR,external_debt_private_nonguaranteed_usd,2020,178487661000.0
TUR,external_debt_private_nonguaranteed_usd,2019,188413329000.0
TUR,external_debt_private_nonguaranteed_usd,2018,208774772000.0
TUR,external_debt_private_nonguaranteed_usd,2017,217330837000.0
TUR,external_debt_private_nonguaranteed_usd,2016,199010589000.0
TUR,external_debt_private_nonguaranteed_usd,2015,190050081087.1
TUR,external_debt_private_nonguaranteed_usd,2014,163964561379.3
TUR,external_debt_private_nonguaranteed_usd,2013,152129766000.0
TUR,external_debt_private_nonguaranteed_usd,2012,135971404000.0
TUR,external_debt_private_nonguaranteed_usd,2011,124266780000.0
TUR,external_debt_private_nonguaranteed_usd,2010,123079892000.0
YEM,gdp_per_capita_usd,2018,633.887202451545
YEM,gdp_per_capita_usd,2017,811.165970405745
YEM,gdp_per_capita_usd,2016,975.359417003225
YEM,gdp_per_capita_usd,2015,1362.1738120601
YEM,gdp_per_capita_usd,2014,1430.16420964026
YEM,gdp_per_capita_usd,2013,1378.75002954928
YEM,gdp_per_capita_usd,2012,1245.05068272078
YEM,gdp_per_capita_usd,2011,1186.47500581215
YEM,gdp_per_capita_usd,2010,1155.20305261418
YEM,gni_per_capita_atlas_usd,2018,740.0
YEM,gni_per_capita_atlas_usd,2017,880.0
YEM,gni_per_capita_atlas_usd,2016,970.0
YEM,gni_per_capita_atlas_usd,2015,1030.0
YEM,gni_per_capita_atlas_usd,2014,1250.0
YEM,gni_per_capita_atlas_usd,2013,1230.0
YEM,gni_per_capita_atlas_usd,2012,1080.0
YEM,gni_per_capita_atlas_usd,2011,930.0
YEM,gni_per_capita_atlas_usd,2010,1040.0
YEM,population,2025,41773878.0
YEM,population,2024,40583164.0
YEM,population,2023,39390799.0
YEM,population,2022,38222876.0
YEM,population,2021,37140230.0
YEM,population,2020,36134863.0
YEM,population,2019,35111408.0
YEM,population,2018,34085182.0
YEM,population,2017,33090921.0
YEM,population,2016,32109010.0
YEM,population,2015,31159379.0
YEM,population,2014,30226309.0
YEM,population,2013,29312952.0
YEM,population,2012,28433647.0
YEM,population,2011,27582897.0
YEM,population,2010,26754387.0
YEM,life_expectancy_years,2024,69.439
YEM,life_expectancy_years,2023,69.295
YEM,life_expectancy_years,2022,67.952
YEM,life_expectancy_years,2021,66.019
YEM,life_expectancy_years,2020,66.435
YEM,life_expectancy_years,2019,66.567
YEM,life_expectancy_years,2018,65.915
YEM,life_expectancy_years,2017,67.12
YEM,life_expectancy_years,2016,67.105
YEM,life_expectancy_years,2015,66.761
YEM,life_expectancy_years,2014,68.003
YEM,life_expectancy_years,2013,67.961
YEM,life_expectancy_years,2012,67.569
YEM,life_expectancy_years,2011,67.412
YEM,life_expectancy_years,2010,67.223
YEM,access_to_electricity_pct,2024,86.3
YEM,access_to_electricity_pct,2023,83.6
YEM,access_to_electricity_pct,2022,76.0
YEM,access_to_electricity_pct,2021,74.9
YEM,access_to_electricity_pct,2020,73.9
YEM,access_to_electricity_pct,2019,72.8
YEM,access_to_electricity_pct,2018,62.0
YEM,access_to_electricity_pct,2017,79.2
YEM,access_to_electricity_pct,2016,68.9
YEM,access_to_electricity_pct,2015,67.4
YEM,access_to_electricity_pct,2014,66.1
YEM,access_to_electricity_pct,2013,75.6
YEM,access_to_electricity_pct,2012,52.4
YEM,access_to_electricity_pct,2011,62.0
YEM,access_to_electricity_pct,2010,60.8
YEM,internet_users_pct,2019,17.49099922
YEM,internet_users_pct,2016,24.57920074
YEM,internet_users_pct,2015,24.08539963
YEM,internet_users_pct,2014,22.54999924
YEM,internet_users_pct,2013,20.0
YEM,internet_users_pct,2012,17.44650078
YEM,internet_users_pct,2011,14.90499973
YEM,internet_users_pct,2010,12.35
YEM,urban_population_pct,2025,37.0336664607078
YEM,urban_population_pct,2024,36.8077517596594
YEM,urban_population_pct,2023,36.5707979836506
YEM,urban_population_pct,2022,36.3226310308295
YEM,urban_population_pct,2021,36.0704951256305
YEM,urban_population_pct,2020,35.7025604580302
YEM,urban_population_pct,2019,34.9067561732024
YEM,urban_population_pct,2018,34.2106045810864
YEM,urban_population_pct,2017,33.5586912522175
YEM,urban_population_pct,2016,32.9512008005236
YEM,urban_population_pct,2015,32.3883178702702
YEM,urban_population_pct,2014,31.8626162180918
YEM,urban_population_pct,2013,31.4427187944215
YEM,urban_population_pct,2012,31.2031839858628
YEM,urban_population_pct,2011,30.9237389467026
YEM,urban_population_pct,2010,30.6232848305331
YEM,agriculture_pct_gdp,2018,28.7451403146812
YEM,agriculture_pct_gdp,2017,26.9610663621827
YEM,agriculture_pct_gdp,2016,25.0909130885165
YEM,agriculture_pct_gdp,2015,20.2059373997207
YEM,agriculture_pct_gdp,2014,17.6765738204232
YEM,agriculture_pct_gdp,2013,17.6849846837323
YEM,agriculture_pct_gdp,2012,16.9903322750241
YEM,agriculture_pct_gdp,2011,9.75264427533183
YEM,agriculture_pct_gdp,2010,9.87370902755356
YEM,industry_pct_gdp,2018,25.4429978433173
YEM,industry_pct_gdp,2017,25.9240409654207
YEM,industry_pct_gdp,2016,25.9022680665842
YEM,industry_pct_gdp,2015,33.866159352981
YEM,industry_pct_gdp,2014,39.8882580148089
YEM,industry_pct_gdp,2013,38.9944141504647
YEM,industry_pct_gdp,2012,39.7484554361741
YEM,industry_pct_gdp,2011,53.1065650909838
YEM,industry_pct_gdp,2010,52.9607477523107
YEM,services_pct_gdp,2018,41.8118618427961
YEM,services_pct_gdp,2017,43.114892673396
YEM,services_pct_gdp,2016,45.0068188448993
YEM,services_pct_gdp,2015,41.9279032478698
YEM,services_pct_gdp,2014,38.4351681646387
YEM,services_pct_gdp,2013,39.3206011649279
YEM,services_pct_gdp,2012,39.2612122878001
YEM,services_pct_gdp,2011,33.1407906336272
YEM,services_pct_gdp,2010,33.1655432216092
YEM,external_debt_stock_total_usd,2024,7086874767.4
YEM,external_debt_stock_total_usd,2023,7283022249.3
YEM,external_debt_stock_total_usd,2022,7351067998.2
YEM,external_debt_stock_total_usd,2021,7601630730.3
YEM,external_debt_stock_total_usd,2020,7120836024.2
YEM,external_debt_stock_total_usd,2019,7055219065.7
YEM,external_debt_stock_total_usd,2018,7036509959.0
YEM,external_debt_stock_total_usd,2017,7193099657.9
YEM,external_debt_stock_total_usd,2016,7062871730.7
YEM,external_debt_stock_total_usd,2015,7298886699.6
YEM,external_debt_stock_total_usd,2014,7723142216.8
YEM,external_debt_stock_total_usd,2013,7688888675.9
YEM,external_debt_stock_total_usd,2012,7585844974.3
YEM,external_debt_stock_total_usd,2011,6429107186.2
YEM,external_debt_stock_total_usd,2010,6504445072.0
YEM,external_debt_public_publicly_guaranteed_usd,2024,5664615782.8
YEM,external_debt_public_publicly_guaranteed_usd,2023,5814628864.4
YEM,external_debt_public_publicly_guaranteed_usd,2022,5895706365.7
YEM,external_debt_public_publicly_guaranteed_usd,2021,6107650687.0
YEM,external_debt_public_publicly_guaranteed_usd,2020,6251311659.2
YEM,external_debt_public_publicly_guaranteed_usd,2019,6188033657.6
YEM,external_debt_public_publicly_guaranteed_usd,2018,6205138005.7
YEM,external_debt_public_publicly_guaranteed_usd,2017,6316885577.2
YEM,external_debt_public_publicly_guaranteed_usd,2016,6322415766.8
YEM,external_debt_public_publicly_guaranteed_usd,2015,6476660913.3
YEM,external_debt_public_publicly_guaranteed_usd,2014,6861844490.7
YEM,external_debt_public_publicly_guaranteed_usd,2013,6924480065.5
YEM,external_debt_public_publicly_guaranteed_usd,2012,6942115606.1
YEM,external_debt_public_publicly_guaranteed_usd,2011,5887842504.5
YEM,external_debt_public_publicly_guaranteed_usd,2010,5944744525.7
