country_code,indicator,year,value
AFG,external_debt_pct_gni,2023,19.8909368152618
AFG,external_debt_pct_gni,2022,23.3368489761511
AFG,external_debt_pct_gni,2021,24.7857399527695
AFG,external_debt_pct_gni,2020,15.1208585304773
AFG,external_debt_pct_gni,2019,13.9496520351375
AFG,external_debt_pct_gni,2018,14.6424246657516
AFG,external_debt_pct_gni,2017,14.5133427404056
AFG,external_debt_pct_gni,2016,14.1470450360055
AFG,external_debt_pct_gni,2015,13.4908301094464
AFG,external_debt_pct_gni,2014,12.3049882693651
AFG,external_debt_pct_gni,2013,12.8048363659593
AFG,external_debt_pct_gni,2012,12.9281604362278
AFG,external_debt_pct_gni,2011,13.9770517017747
AFG,external_debt_pct_gni,2010,15.3334973971382
AFG,external_debt_service_pct_exports,2020,2.67397501265809
AFG,external_debt_service_pct_exports,2019,2.97423809266455
AFG,external_debt_service_pct_exports,2018,3.32380000211032
AFG,external_debt_service_pct_exports,2017,4.35357201508207
AFG,external_debt_service_pct_exports,2016,4.333403208221
AFG,external_debt_service_pct_exports,2015,3.29960835203606
AFG,external_debt_service_pct_exports,2014,1.93817780133484
AFG,external_debt_service_pct_exports,2013,1.58322814481364
AFG,external_debt_service_pct_exports,2012,0.598756026259218
AFG,external_debt_service_pct_exports,2011,0.323576197641919
AFG,external_debt_service_pct_exports,2010,0.379800304581339
AFG,fiscal_balance_pct_gdp,2017,0.355603091056577
AFG,fiscal_balance_pct_gdp,2016,0.675796502619667
AFG,fiscal_balance_pct_gdp,2015,-1.28044038464162
AFG,fiscal_balance_pct_gdp,2014,-1.94743593413573
AFG,fiscal_balance_pct_gdp,2013,2.28247071623154
AFG,fiscal_balance_pct_gdp,2012,-0.640739779224387
AFG,fiscal_balance_pct_gdp,2011,-0.630811517861432
AFG,fiscal_balance_pct_gdp,2010,1.5031237019132
AFG,interest_payments_pct_revenue,2017,0.109378878694535
AFG,interest_payments_pct_revenue,2016,0.0915435039044285
AFG,interest_payments_pct_revenue,2015,0.101941745648561
AFG,interest_payments_pct_revenue,2014,0.0518220686922314
AFG,interest_payments_pct_revenue,2013,0.0350619479814528
AFG,interest_payments_pct_revenue,2012,0.0171919008924942
AFG,interest_payments_pct_revenue,2011,0.0115304161485474
AFG,interest_payments_pct_revenue,2010,0.0142406244753313
AFG,bank_npl_pct_loans,2018,8.88666018352578
AFG,bank_npl_pct_loans,2017,12.2018301907814
AFG,bank_npl_pct_loans,2016,11.0743789647307
AFG,bank_npl_pct_loans,2015,12.0536179767696
AFG,bank_npl_pct_loans,2014,7.7810908959605
AFG,bank_npl_pct_loans,2013,4.85228704838131
AFG,bank_npl_pct_loans,2012,4.95890140377645
AFG,bank_npl_pct_loans,2011,4.6968178252385
AFG,bank_npl_pct_loans,2010,49.9013229069412
AFG,private_credit_pct_gdp,2020,3.09659808966059
AFG,private_credit_pct_gdp,2019,3.22995723026215
AFG,private_credit_pct_gdp,2018,3.51231703339133
AFG,private_credit_pct_gdp,2017,3.84188120492596
AFG,private_credit_pct_gdp,2016,3.88832174612488
AFG,private_credit_pct_gdp,2015,3.98149379462535
AFG,private_credit_pct_gdp,2014,3.94105709996345
AFG,private_credit_pct_gdp,2013,4.3216854169302
AFG,private_credit_pct_gdp,2012,4.47210362973721
AFG,private_credit_pct_gdp,2011,4.95918037606027
AFG,private_credit_pct_gdp,2010,11.5750442390122
AFG,exports_pct_gdp,2024,15.7027518479481
AFG,exports_pct_gdp,2023,16.2352784419391
AFG,exports_pct_gdp,2022,18.3800424016375
AFG,exports_pct_gdp,2021,14.342152797537
AFG,exports_pct_gdp,2020,10.4208171386207
AFG,imports_pct_gdp,2024,68.0602732398198
AFG,imports_pct_gdp,2023,50.764299620256
AFG,imports_pct_gdp,2022,54.5054272070161
AFG,imports_pct_gdp,2021,37.06956357719
AFG,imports_pct_gdp,2020,36.2890774127896
AFG,fuel_exports_pct_merch_exports,2019,8.0512789669382
AFG,fuel_exports_pct_merch_exports,2018,10.2131805125
AFG,fuel_exports_pct_merch_exports,2017,5.23442813305688
AFG,fuel_exports_pct_merch_exports,2015,3.45045583056684
AFG,food_imports_pct_merch_imports,2019,26.9158389109364
AFG,food_imports_pct_merch_imports,2018,34.0330576607125
AFG,food_imports_pct_merch_imports,2017,36.7934457407199
AFG,food_imports_pct_merch_imports,2016,23.5599976538184
AFG,food_imports_pct_merch_imports,2015,19.2271236461949
AFG,food_imports_pct_merch_imports,2014,9.51326053298309
AFG,food_imports_pct_merch_imports,2013,7.54684020369565
AFG,food_imports_pct_merch_imports,2012,4.27602344633308
AFG,food_imports_pct_merch_imports,2011,14.0292708513797
AFG,food_imports_pct_merch_imports,2010,13.6918477995859
AFG,remittances_pct_gdp,2020,3.95329685319887
AFG,remittances_pct_gdp,2019,4.40742759471936
AFG,remittances_pct_gdp,2018,4.45098621835989
AFG,remittances_pct_gdp,2017,4.38709328246437
AFG,remittances_pct_gdp,2016,3.46484306572226
AFG,remittances_pct_gdp,2015,1.82199581344675
AFG,remittances_pct_gdp,2014,1.23611373619901
AFG,remittances_pct_gdp,2013,1.72321110990224
AFG,remittances_pct_gdp,2012,1.10218743514509
AFG,remittances_pct_gdp,2011,1.0059846865258
AFG,remittances_pct_gdp,2010,2.38515836845792
AFG,fdi_net_inflows_pct_gdp,2021,0.144466946606861
AFG,fdi_net_inflows_pct_gdp,2020,0.0649939571808755
AFG,fdi_net_inflows_pct_gdp,2019,0.124495985291258
AFG,fdi_net_inflows_pct_gdp,2018,0.661572217787196
AFG,fdi_net_inflows_pct_gdp,2017,0.274796791572807
AFG,fdi_net_inflows_pct_gdp,2016,0.516606084523093
AFG,fdi_net_inflows_pct_gdp,2015,0.88400046336123
AFG,fdi_net_inflows_pct_gdp,2014,0.209664794672203
AFG,fdi_net_inflows_pct_gdp,2013,0.239801184405551
AFG,fdi_net_inflows_pct_gdp,2012,0.285440893554571
AFG,fdi_net_inflows_pct_gdp,2011,0.293025179616803
AFG,fdi_net_inflows_pct_gdp,2010,1.20311798981139
AFG,unemployment_rate,2025,13.351
AFG,unemployment_rate,2024,13.687
AFG,unemployment_rate,2023,14.008
AFG,unemployment_rate,2022,14.1
AFG,unemployment_rate,2021,12.006
AFG,unemployment_rate,2020,11.71
AFG,unemployment_rate,2019,11.187
AFG,unemployment_rate,2018,11.192
AFG,unemployment_rate,2017,11.184
AFG,unemployment_rate,2016,10.116
AFG,unemployment_rate,2015,9.032
AFG,unemployment_rate,2014,7.915
AFG,unemployment_rate,2013,7.921
AFG,unemployment_rate,2012,7.875
AFG,unemployment_rate,2011,7.83
AFG,unemployment_rate,2010,7.809
ARE,fiscal_balance_pct_gdp,2024,0.388175773737928
ARE,fiscal_balance_pct_gdp,2023,0.746043890605662
ARE,fiscal_balance_pct_gdp,2022,0.0866519332162338
ARE,fiscal_balance_pct_gdp,2021,0.723420246282824
ARE,fiscal_balance_pct_gdp,2020,1.52433203333886
ARE,fiscal_balance_pct_gdp,2019,1.00989737769591
ARE,fiscal_balance_pct_gdp,2018,0.304314350496807
ARE,fiscal_balance_pct_gdp,2017,0.176255453261709
ARE,fiscal_balance_pct_gdp,2016,0.113621754738987
ARE,fiscal_balance_pct_gdp,2015,-0.00644326403716772
ARE,fiscal_balance_pct_gdp,2014,-0.0814685014756499
ARE,fiscal_balance_pct_gdp,2013,0.217380522482608
ARE,fiscal_balance_pct_gdp,2012,-0.182046254556401
ARE,fiscal_balance_pct_gdp,2011,0.0718886358430584
ARE,interest_payments_pct_revenue,2024,3.0388427510985
ARE,interest_payments_pct_revenue,2023,1.92498132600234
ARE,interest_payments_pct_revenue,2022,1.1786818753689
ARE,interest_payments_pct_revenue,2021,0.340713650725389
ARE,interest_payments_pct_revenue,2020,0.079158266303592
ARE,interest_payments_pct_revenue,2019,0.00201529963006026
ARE,bank_npl_pct_loans,2024,4.13722730162714
ARE,bank_npl_pct_loans,2023,5.30826886216617
ARE,bank_npl_pct_loans,2022,6.55317267111425
ARE,bank_npl_pct_loans,2021,7.28694437688478
ARE,bank_npl_pct_loans,2020,7.57146032262558
ARE,bank_npl_pct_loans,2019,6.02686885240592
ARE,bank_npl_pct_loans,2018,5.25650797811493
ARE,bank_npl_pct_loans,2017,4.99704232082411
ARE,bank_npl_pct_loans,2016,4.79735362210192
ARE,bank_npl_pct_loans,2015,4.74620283630956
ARE,bank_npl_pct_loans,2014,5.31214096469623
ARE,bank_npl_pct_loans,2013,5.85229580988926
ARE,bank_npl_pct_loans,2012,7.12965175228016
ARE,bank_npl_pct_loans,2011,6.08629581295721
ARE,bank_npl_pct_loans,2010,5.26698896173512
ARE,private_credit_pct_gdp,2022,65.4574311816346
ARE,private_credit_pct_gdp,2021,76.167662138751
ARE,private_credit_pct_gdp,2020,88.835691606539
ARE,private_credit_pct_gdp,2019,75.2884970259968
ARE,private_credit_pct_gdp,2018,73.9843078244922
ARE,private_credit_pct_gdp,2017,78.1488923243763
ARE,private_credit_pct_gdp,2016,81.9398449176157
ARE,exports_pct_gdp,2023,106.846123390953
ARE,exports_pct_gdp,2022,102.051988781325
ARE,exports_pct_gdp,2021,100.642599583908
ARE,exports_pct_gdp,2020,98.0724956970145
ARE,exports_pct_gdp,2019,93.3023068879995
ARE,exports_pct_gdp,2018,90.8429799324319
ARE,exports_pct_gdp,2017,94.737385589121
ARE,exports_pct_gdp,2016,94.4747232332881
ARE,exports_pct_gdp,2015,93.8625203312699
ARE,exports_pct_gdp,2014,94.7738651442525
ARE,exports_pct_gdp,2013,95.755207057533
ARE,exports_pct_gdp,2012,95.6008433485867
ARE,exports_pct_gdp,2011,85.6286738245297
ARE,exports_pct_gdp,2010,77.4455521760851
ARE,imports_pct_gdp,2023,92.1988267361531
ARE,imports_pct_gdp,2022,83.689671850569
ARE,imports_pct_gdp,2021,82.2668014928681
ARE,imports_pct_gdp,2020,83.2194445309836
ARE,imports_pct_gdp,2019,70.5198421376147
ARE,imports_pct_gdp,2018,63.9040622338676
ARE,imports_pct_gdp,2017,70.7391380638734
ARE,imports_pct_gdp,2016,70.9202430070485
ARE,imports_pct_gdp,2015,70.4236225679817
ARE,imports_pct_gdp,2014,64.7417651694601
ARE,imports_pct_gdp,2013,61.6429155817142
ARE,imports_pct_gdp,2012,61.036813624374
ARE,imports_pct_gdp,2011,58.5481559098621
ARE,imports_pct_gdp,2010,58.040188125584
ARE,fuel_exports_pct_merch_exports,2023,68.202872587783
ARE,fuel_exports_pct_merch_exports,2022,73.1440771980313
ARE,fuel_exports_pct_merch_exports,2021,70.3219846270872
ARE,fuel_exports_pct_merch_exports,2020,71.434331985329
ARE,fuel_exports_pct_merch_exports,2019,77.8387271988389
ARE,fuel_exports_pct_merch_exports,2018,68.5381737167988
ARE,fuel_exports_pct_merch_exports,2017,35.9982377334342
ARE,fuel_exports_pct_merch_exports,2016,31.5589751074458
ARE,fuel_exports_pct_merch_exports,2015,37.6515533891839
ARE,fuel_exports_pct_merch_exports,2014,50.7904126785472
ARE,fuel_exports_pct_merch_exports,2013,55.8450474819963
ARE,fuel_exports_pct_merch_exports,2012,47.2314196497577
ARE,fuel_exports_pct_merch_exports,2011,53.5351069475687
ARE,fuel_exports_pct_merch_exports,2010,49.9895856498744
ARE,food_imports_pct_merch_imports,2023,4.98896751809272
ARE,food_imports_pct_merch_imports,2022,5.58446625724263
ARE,food_imports_pct_merch_imports,2021,5.35670321702564
ARE,food_imports_pct_merch_imports,2020,6.82659326418843
ARE,food_imports_pct_merch_imports,2019,6.18405146475468
ARE,food_imports_pct_merch_imports,2018,7.30579317402429
ARE,food_imports_pct_merch_imports,2017,6.99707888598958
ARE,food_imports_pct_merch_imports,2016,5.91080832504944
ARE,food_imports_pct_merch_imports,2015,5.78591921199886
ARE,food_imports_pct_merch_imports,2014,5.52683313407757
ARE,food_imports_pct_merch_imports,2013,5.04314244016449
ARE,food_imports_pct_merch_imports,2012,5.89138072219693
ARE,food_imports_pct_merch_imports,2011,6.51232628789495
ARE,food_imports_pct_merch_imports,2010,6.00656231464003
ARE,remittances_pct_gdp,2024,0.325377481632911
ARE,remittances_pct_gdp,2023,0.359500398100958
ARE,fdi_net_inflows_pct_gdp,2024,8.26261604873876
ARE,fdi_net_inflows_pct_gdp,2023,5.87183983564899
ARE,fdi_net_inflows_pct_gdp,2022,4.44591398367961
ARE,fdi_net_inflows_pct_gdp,2021,4.89230595097426
ARE,fdi_net_inflows_pct_gdp,2020,5.56735667729859
ARE,fdi_net_inflows_pct_gdp,2019,4.11928554446951
ARE,fdi_net_inflows_pct_gdp,2018,2.35729206588897
ARE,fdi_net_inflows_pct_gdp,2017,2.5669608321193
ARE,fdi_net_inflows_pct_gdp,2016,2.51620120421066
ARE,fdi_net_inflows_pct_gdp,2015,2.23861341413826
ARE,fdi_net_inflows_pct_gdp,2014,2.60546090290076
ARE,fdi_net_inflows_pct_gdp,2013,2.3838227555723
ARE,fdi_net_inflows_pct_gdp,2012,2.43554180804761
ARE,fdi_net_inflows_pct_gdp,2011,1.93886244385384
ARE,fdi_net_inflows_pct_gdp,2010,2.85854098227163
ARE,unemployment_rate,2025,2.174
ARE,unemployment_rate,2024,2.16
ARE,unemployment_rate,2023,2.151
ARE,unemployment_rate,2022,2.872
ARE,unemployment_rate,2021,3.105
ARE,unemployment_rate,2020,4.294
ARE,unemployment_rate,2019,2.331
ARE,unemployment_rate,2018,2.236
ARE,unemployment_rate,2017,2.462
ARE,unemployment_rate,2016,1.64
ARE,unemployment_rate,2015,1.793
ARE,unemployment_rate,2014,1.999
ARE,unemployment_rate,2013,2.125
ARE,unemployment_rate,2012,2.323
ARE,unemployment_rate,2011,2.587
ARE,unemployment_rate,2010,2.798
BGD,external_debt_pct_gni,2024,22.2547977203389
BGD,external_debt_pct_gni,2023,22.285488486933
BGD,external_debt_pct_gni,2022,20.2659753173734
BGD,external_debt_pct_gni,2021,20.8766117836117
BGD,external_debt_pct_gni,2020,18.8853836099419
BGD,external_debt_pct_gni,2019,17.0856511809436
BGD,external_debt_pct_gni,2018,17.0924802738604
BGD,external_debt_pct_gni,2017,16.8057450414319
BGD,external_debt_pct_gni,2016,14.9717904789002
BGD,external_debt_pct_gni,2015,18.656464728563
BGD,external_debt_pct_gni,2014,19.1263744321957
BGD,external_debt_pct_gni,2013,20.0259278722599
BGD,external_debt_pct_gni,2012,20.1641903015642
BGD,external_debt_pct_gni,2011,19.4870042621521
BGD,external_debt_pct_gni,2010,21.3233746649766
BGD,external_debt_service_pct_exports,2024,15.7658301164336
BGD,external_debt_service_pct_exports,2023,12.5939799449972
BGD,external_debt_service_pct_exports,2022,11.2392162165619
BGD,external_debt_service_pct_exports,2021,11.4417559557247
BGD,external_debt_service_pct_exports,2020,10.4592111139286
BGD,external_debt_service_pct_exports,2019,13.1445525906638
BGD,external_debt_service_pct_exports,2018,6.79539373258512
BGD,external_debt_service_pct_exports,2017,5.79903429874665
BGD,external_debt_service_pct_exports,2016,4.92101273972835
BGD,external_debt_service_pct_exports,2015,5.00105961552124
BGD,external_debt_service_pct_exports,2014,6.13466573895137
BGD,external_debt_service_pct_exports,2013,6.11014310075419
BGD,external_debt_service_pct_exports,2012,6.03570025042511
BGD,external_debt_service_pct_exports,2011,5.629773751522
BGD,external_debt_service_pct_exports,2010,5.08304182414987
BGD,fiscal_balance_pct_gdp,2021,-2.82210670527631
BGD,fiscal_balance_pct_gdp,2020,-3.94714517667321
BGD,fiscal_balance_pct_gdp,2019,-3.92879733231891
BGD,fiscal_balance_pct_gdp,2018,-3.5361798688043
BGD,fiscal_balance_pct_gdp,2017,-2.93968284398895
BGD,fiscal_balance_pct_gdp,2016,-1.22173341431013
BGD,fiscal_balance_pct_gdp,2015,-1.33807311151329
BGD,fiscal_balance_pct_gdp,2014,-0.769287559545676
BGD,fiscal_balance_pct_gdp,2013,0.0690736503730761
BGD,fiscal_balance_pct_gdp,2012,-0.1373990191993
BGD,fiscal_balance_pct_gdp,2011,-0.822744381919415
BGD,fiscal_balance_pct_gdp,2010,-0.813674182832758
BGD,interest_payments_pct_revenue,2021,20.8277384040526
BGD,interest_payments_pct_revenue,2020,21.0903642354009
BGD,interest_payments_pct_revenue,2019,19.0400358921353
BGD,interest_payments_pct_revenue,2018,18.0722402064144
BGD,interest_payments_pct_revenue,2017,18.7004546302975
BGD,interest_payments_pct_revenue,2016,18.4590815688377
BGD,interest_payments_pct_revenue,2015,20.4265885640651
BGD,interest_payments_pct_revenue,2014,18.4370651150336
BGD,interest_payments_pct_revenue,2013,17.1762291283182
BGD,interest_payments_pct_revenue,2012,16.744483390165
BGD,interest_payments_pct_revenue,2011,15.8622555734813
BGD,interest_payments_pct_revenue,2010,18.305351091756
BGD,bank_npl_pct_loans,2024,18.9607821141026
BGD,bank_npl_pct_loans,2023,9.56912775275672
BGD,bank_npl_pct_loans,2022,8.72436040117116
BGD,bank_npl_pct_loans,2021,7.96907960398036
BGD,bank_npl_pct_loans,2020,7.73754873370445
BGD,bank_npl_pct_loans,2019,8.90213335235846
BGD,bank_npl_pct_loans,2018,9.88732966644866
BGD,bank_npl_pct_loans,2017,8.89566055291347
BGD,bank_npl_pct_loans,2016,8.8585217562526
BGD,bank_npl_pct_loans,2015,8.39790781352824
BGD,bank_npl_pct_loans,2014,9.36516719804562
BGD,bank_npl_pct_loans,2013,4.84439636539415
BGD,bank_npl_pct_loans,2012,6.72327958982541
BGD,bank_npl_pct_loans,2011,1.9042059394074
BGD,private_credit_pct_gdp,2025,34.504343787161
BGD,private_credit_pct_gdp,2024,35.8111715787963
BGD,private_credit_pct_gdp,2023,37.6413802339103
BGD,private_credit_pct_gdp,2022,38.9555684288032
BGD,private_credit_pct_gdp,2021,39.0820163295701
BGD,private_credit_pct_gdp,2020,39.161059242521
BGD,private_credit_pct_gdp,2019,39.0344709350066
BGD,private_credit_pct_gdp,2018,40.0247365906979
BGD,private_credit_pct_gdp,2017,40.4489561448676
BGD,private_credit_pct_gdp,2016,37.7986426672318
BGD,private_credit_pct_gdp,2015,44.4069718062837
BGD,private_credit_pct_gdp,2014,43.7361238704853
BGD,private_credit_pct_gdp,2013,41.7947548053392
BGD,private_credit_pct_gdp,2012,43.0006693750914
BGD,private_credit_pct_gdp,2011,42.4702411629772
BGD,private_credit_pct_gdp,2010,40.9613226292342
BGD,exports_pct_gdp,2025,11.1161085689856
BGD,exports_pct_gdp,2024,10.4611878291715
BGD,exports_pct_gdp,2023,13.1571638341204
BGD,exports_pct_gdp,2022,12.8822264348985
BGD,exports_pct_gdp,2021,10.6627789004134
BGD,exports_pct_gdp,2020,10.4427880616037
BGD,exports_pct_gdp,2019,13.0947573353039
BGD,exports_pct_gdp,2018,12.6747879443391
BGD,exports_pct_gdp,2017,12.8197468906003
BGD,exports_pct_gdp,2016,13.9212044814459
BGD,exports_pct_gdp,2015,17.3366737865485
BGD,exports_pct_gdp,2014,18.9896599950107
BGD,exports_pct_gdp,2013,19.5378741098798
BGD,exports_pct_gdp,2012,20.1615888640625
BGD,exports_pct_gdp,2011,19.9220749554939
BGD,exports_pct_gdp,2010,16.0241126856916
BGD,imports_pct_gdp,2025,16.8344754735707
BGD,imports_pct_gdp,2024,16.3168879748762
BGD,imports_pct_gdp,2023,17.8258075763392
BGD,imports_pct_gdp,2022,20.897740835675
BGD,imports_pct_gdp,2021,17.0612258032497
BGD,imports_pct_gdp,2020,15.8286593146113
BGD,imports_pct_gdp,2019,18.4832971559365
BGD,imports_pct_gdp,2018,19.8398437797492
BGD,imports_pct_gdp,2017,17.179983781834
BGD,imports_pct_gdp,2016,17.4129456531683
BGD,imports_pct_gdp,2015,24.7493225204896
BGD,imports_pct_gdp,2014,25.5244202017989
BGD,imports_pct_gdp,2013,26.7585286129376
BGD,imports_pct_gdp,2012,27.9493338849842
BGD,imports_pct_gdp,2011,27.4987748801959
BGD,imports_pct_gdp,2010,21.7787299851405
BGD,fuel_exports_pct_merch_exports,2018,1.09687826106508
BGD,fuel_exports_pct_merch_exports,2017,0.682738569544682
BGD,fuel_exports_pct_merch_exports,2016,0.799979316816806
BGD,fuel_exports_pct_merch_exports,2015,0.561290711404927
BGD,fuel_exports_pct_merch_exports,2013,1.13549487669373
BGD,fuel_exports_pct_merch_exports,2012,1.82373354611352
BGD,fuel_exports_pct_merch_exports,2011,1.15197562004724
BGD,fuel_exports_pct_merch_exports,2010,1.87340450699641
BGD,food_imports_pct_merch_imports,2018,13.0022763018655
BGD,food_imports_pct_merch_imports,2017,18.9346180073446
BGD,food_imports_pct_merch_imports,2016,15.2417870221937
BGD,food_imports_pct_merch_imports,2015,16.561579168916
BGD,food_imports_pct_merch_imports,2013,16.8657778641165
BGD,food_imports_pct_merch_imports,2012,14.4704238243695
BGD,food_imports_pct_merch_imports,2011,19.4937925236267
BGD,food_imports_pct_merch_imports,2010,17.4240481119914
BGD,remittances_pct_gdp,2025,7.42441824923219
BGD,remittances_pct_gdp,2024,6.11494686698428
BGD,remittances_pct_gdp,2023,5.04555725354251
BGD,remittances_pct_gdp,2022,4.6737649876073
BGD,remittances_pct_gdp,2021,5.33437804101103
BGD,remittances_pct_gdp,2020,5.81626795895569
BGD,remittances_pct_gdp,2019,5.22841813674275
BGD,remittances_pct_gdp,2018,4.84382269321267
BGD,remittances_pct_gdp,2017,4.59667741438375
BGD,remittances_pct_gdp,2016,5.11803588431436
BGD,remittances_pct_gdp,2015,7.83797175617291
BGD,remittances_pct_gdp,2014,8.66899486049041
BGD,remittances_pct_gdp,2013,9.24470026765418
BGD,remittances_pct_gdp,2012,10.5915144036117
BGD,remittances_pct_gdp,2011,9.3859804789798
BGD,remittances_pct_gdp,2010,9.41241447446753
BGD,fdi_net_inflows_pct_gdp,2025,0.404544313117544
BGD,fdi_net_inflows_pct_gdp,2024,0.283870773350074
BGD,fdi_net_inflows_pct_gdp,2023,0.335721505298968
BGD,fdi_net_inflows_pct_gdp,2022,0.347960024540439
BGD,fdi_net_inflows_pct_gdp,2021,0.414118154040593
BGD,fdi_net_inflows_pct_gdp,2020,0.407859894856915
BGD,fdi_net_inflows_pct_gdp,2019,0.543244141585063
BGD,fdi_net_inflows_pct_gdp,2018,0.75354913412869
BGD,fdi_net_inflows_pct_gdp,2017,0.616341784631384
BGD,fdi_net_inflows_pct_gdp,2016,0.879528340271998
BGD,fdi_net_inflows_pct_gdp,2015,1.4507824552936
BGD,fdi_net_inflows_pct_gdp,2014,1.46870305074204
BGD,fdi_net_inflows_pct_gdp,2013,1.73532012481503
BGD,fdi_net_inflows_pct_gdp,2012,1.18850391920183
BGD,fdi_net_inflows_pct_gdp,2011,0.983399364184761
BGD,fdi_net_inflows_pct_gdp,2010,1.06896766308322
BGD,unemployment_rate,2025,3.778
BGD,unemployment_rate,2024,3.635
BGD,unemployment_rate,2023,3.352
BGD,unemployment_rate,2022,4.593
BGD,unemployment_rate,2021,5.457
BGD,unemployment_rate,2020,5.539
BGD,unemployment_rate,2019,4.504
BGD,unemployment_rate,2018,4.439
BGD,unemployment_rate,2017,4.372
BGD,unemployment_rate,2016,4.35
BGD,unemployment_rate,2015,4.397
BGD,unemployment_rate,2014,4.417
BGD,unemployment_rate,2013,4.426
BGD,unemployment_rate,2012,4.07
BGD,unemployment_rate,2011,3.737
BGD,unemployment_rate,2010,3.379
BHR,fiscal_balance_pct_gdp,2020,-12.3991609013466
BHR,fiscal_balance_pct_gdp,2019,-4.49608623842714
BHR,fiscal_balance_pct_gdp,2018,-6.01521087644748
BHR,fiscal_balance_pct_gdp,2017,-9.54921540708742
BHR,fiscal_balance_pct_gdp,2016,-12.8293050669353
BHR,fiscal_balance_pct_gdp,2015,-12.4069815745832
BHR,fiscal_balance_pct_gdp,2014,-3.47945270439261
BHR,fiscal_balance_pct_gdp,2013,-3.36024885257168
BHR,fiscal_balance_pct_gdp,2012,-1.87486565711785
BHR,fiscal_balance_pct_gdp,2011,-0.519062177718191
BHR,fiscal_balance_pct_gdp,2010,-4.58465827632565
BHR,interest_payments_pct_revenue,2020,31.9422121469037
BHR,interest_payments_pct_revenue,2019,22.1965712704672
BHR,interest_payments_pct_revenue,2018,22.2888788363676
BHR,interest_payments_pct_revenue,2017,21.7717442615796
BHR,interest_payments_pct_revenue,2016,19.0727522284835
BHR,interest_payments_pct_revenue,2015,13.194917121661
BHR,interest_payments_pct_revenue,2014,7.35881974047496
BHR,interest_payments_pct_revenue,2013,6.53618901920789
BHR,interest_payments_pct_revenue,2012,4.95967102389092
BHR,interest_payments_pct_revenue,2011,4.06180432295173
BHR,interest_payments_pct_revenue,2010,4.16249161158658
BHR,private_credit_pct_gdp,2015,70.5500803025
BHR,private_credit_pct_gdp,2014,61.3347998045045
BHR,private_credit_pct_gdp,2013,66.9876399343585
BHR,private_credit_pct_gdp,2012,66.5172271480683
BHR,private_credit_pct_gdp,2011,66.9065925077703
BHR,private_credit_pct_gdp,2010,64.9376677365426
BHR,exports_pct_gdp,2024,87.4874315086406
BHR,exports_pct_gdp,2023,87.351143952571
BHR,exports_pct_gdp,2022,95.9613654006004
BHR,exports_pct_gdp,2021,86.2742186726683
BHR,exports_pct_gdp,2020,70.4544358235096
BHR,exports_pct_gdp,2019,73.0944239873751
BHR,exports_pct_gdp,2018,75.7153726820796
BHR,exports_pct_gdp,2017,72.2538621389219
BHR,exports_pct_gdp,2016,70.5882906981125
BHR,exports_pct_gdp,2015,79.3441035722346
BHR,exports_pct_gdp,2014,92.2255357196123
BHR,exports_pct_gdp,2013,100.826651632348
BHR,exports_pct_gdp,2012,98.265636232926
BHR,exports_pct_gdp,2011,95.6363487649272
BHR,exports_pct_gdp,2010,66.7027150376276
BHR,imports_pct_gdp,2024,69.9934379215464
BHR,imports_pct_gdp,2023,70.0967107297264
BHR,imports_pct_gdp,2022,71.1798757519344
BHR,imports_pct_gdp,2021,67.5250978124398
BHR,imports_pct_gdp,2020,65.0065491894219
BHR,imports_pct_gdp,2019,62.3231194108364
BHR,imports_pct_gdp,2018,68.3599998924555
BHR,imports_pct_gdp,2017,64.1753776714721
BHR,imports_pct_gdp,2016,62.2347072046616
BHR,imports_pct_gdp,2015,68.5719566006692
BHR,imports_pct_gdp,2014,76.3503224222473
BHR,imports_pct_gdp,2013,83.7628572125021
BHR,imports_pct_gdp,2012,80.5583845887584
BHR,imports_pct_gdp,2011,71.8932922709265
BHR,imports_pct_gdp,2010,48.8587714119882
BHR,fuel_exports_pct_merch_exports,2024,0.000371894251415909
BHR,fuel_exports_pct_merch_exports,2023,0.252930709797225
BHR,fuel_exports_pct_merch_exports,2022,0.0426131887253156
BHR,fuel_exports_pct_merch_exports,2021,0.0520982100390362
BHR,fuel_exports_pct_merch_exports,2020,29.8191901321903
BHR,fuel_exports_pct_merch_exports,2019,42.1282144838203
BHR,fuel_exports_pct_merch_exports,2018,53.3203933261076
BHR,fuel_exports_pct_merch_exports,2017,50.1771114184211
BHR,fuel_exports_pct_merch_exports,2016,45.0173153136849
BHR,fuel_exports_pct_merch_exports,2015,50.3566602372733
BHR,fuel_exports_pct_merch_exports,2014,66.8346508823664
BHR,fuel_exports_pct_merch_exports,2013,59.0027891704387
BHR,fuel_exports_pct_merch_exports,2012,64.1472033708371
BHR,fuel_exports_pct_merch_exports,2011,71.8441684413074
BHR,fuel_exports_pct_merch_exports,2010,74.3474756294398
BHR,food_imports_pct_merch_imports,2024,15.010526742122
BHR,food_imports_pct_merch_imports,2023,13.9121235503305
BHR,food_imports_pct_merch_imports,2022,14.1665572021434
BHR,food_imports_pct_merch_imports,2021,12.2792823667973
BHR,food_imports_pct_merch_imports,2020,11.6643354834077
BHR,food_imports_pct_merch_imports,2019,9.75028267373527
BHR,food_imports_pct_merch_imports,2018,9.24667873826657
BHR,food_imports_pct_merch_imports,2017,10.3368717197661
BHR,food_imports_pct_merch_imports,2016,11.9218922020205
BHR,food_imports_pct_merch_imports,2015,11.6708233304052
BHR,food_imports_pct_merch_imports,2014,9.42227781586713
BHR,food_imports_pct_merch_imports,2013,9.16647390950125
BHR,food_imports_pct_merch_imports,2012,10.7856321262738
BHR,food_imports_pct_merch_imports,2011,8.31394176480227
BHR,food_imports_pct_merch_imports,2010,7.61497583868662
BHR,fdi_net_inflows_pct_gdp,2024,5.72467195311559
BHR,fdi_net_inflows_pct_gdp,2023,15.6428756083644
BHR,fdi_net_inflows_pct_gdp,2022,4.20018456310523
BHR,fdi_net_inflows_pct_gdp,2021,4.3566259787756
BHR,fdi_net_inflows_pct_gdp,2020,2.84973228101032
BHR,fdi_net_inflows_pct_gdp,2019,2.32837980010521
BHR,fdi_net_inflows_pct_gdp,2018,4.18079308703845
BHR,fdi_net_inflows_pct_gdp,2017,3.83300891199591
BHR,fdi_net_inflows_pct_gdp,2016,0.718174283238518
BHR,fdi_net_inflows_pct_gdp,2015,0.199529633421541
BHR,fdi_net_inflows_pct_gdp,2014,4.36728984042946
BHR,fdi_net_inflows_pct_gdp,2013,11.0211306090707
BHR,fdi_net_inflows_pct_gdp,2012,4.83265436536461
BHR,fdi_net_inflows_pct_gdp,2011,2.61026038592024
BHR,fdi_net_inflows_pct_gdp,2010,0.581105356633959
BHR,unemployment_rate,2025,1.102
BHR,unemployment_rate,2024,1.084
BHR,unemployment_rate,2023,1.049
BHR,unemployment_rate,2022,1.265
BHR,unemployment_rate,2021,1.548
BHR,unemployment_rate,2020,1.765
BHR,unemployment_rate,2019,1.217
BHR,unemployment_rate,2018,1.188
BHR,unemployment_rate,2017,1.18
BHR,unemployment_rate,2016,1.19
BHR,unemployment_rate,2015,1.164
BHR,unemployment_rate,2014,1.144
BHR,unemployment_rate,2013,1.184
BHR,unemployment_rate,2012,1.2
BHR,unemployment_rate,2011,1.21
BHR,unemployment_rate,2010,1.13
BTN,external_debt_pct_gni,2023,114.49950351728
BTN,external_debt_pct_gni,2022,115.015506284534
BTN,external_debt_pct_gni,2021,125.138819900092
BTN,external_debt_pct_gni,2020,139.831817651251
BTN,external_debt_pct_gni,2019,111.877606026612
BTN,external_debt_pct_gni,2018,112.222258298103
BTN,external_debt_pct_gni,2017,113.849547308498
BTN,external_debt_pct_gni,2016,110.020732525956
BTN,external_debt_pct_gni,2015,103.230441033963
BTN,external_debt_pct_gni,2014,99.3381192854371
BTN,external_debt_pct_gni,2013,89.4459115640474
BTN,external_debt_pct_gni,2012,79.1608314145797
BTN,external_debt_pct_gni,2011,57.4352950866873
BTN,external_debt_pct_gni,2010,57.6608858212657
BTN,external_debt_service_pct_exports,2024,16.5776241652416
BTN,external_debt_service_pct_exports,2023,15.6094043269782
BTN,external_debt_service_pct_exports,2022,16.1948695115357
BTN,external_debt_service_pct_exports,2021,17.3241911789711
BTN,external_debt_service_pct_exports,2020,8.74330362481245
BTN,external_debt_service_pct_exports,2019,8.35212645374377
BTN,external_debt_service_pct_exports,2018,11.4177745462651
BTN,external_debt_service_pct_exports,2017,11.92263516548
BTN,external_debt_service_pct_exports,2016,17.5595801863358
BTN,external_debt_service_pct_exports,2015,18.1043400042224
BTN,external_debt_service_pct_exports,2014,13.1750850942313
BTN,external_debt_service_pct_exports,2013,11.8209262922086
BTN,external_debt_service_pct_exports,2012,18.7010212132352
BTN,external_debt_service_pct_exports,2011,11.2068085183067
BTN,external_debt_service_pct_exports,2010,14.4166531632125
BTN,fiscal_balance_pct_gdp,2020,-2.51661518400978
BTN,fiscal_balance_pct_gdp,2019,1.45528910168817
BTN,fiscal_balance_pct_gdp,2018,-1.62107597908262
BTN,fiscal_balance_pct_gdp,2017,-3.94365116799607
BTN,fiscal_balance_pct_gdp,2016,-1.15428618957057
BTN,fiscal_balance_pct_gdp,2015,-0.825435497564207
BTN,fiscal_balance_pct_gdp,2014,4.08713013518345
BTN,fiscal_balance_pct_gdp,2013,-4.70025601420684
BTN,fiscal_balance_pct_gdp,2012,-1.58387099377112
BTN,fiscal_balance_pct_gdp,2011,-1.43905802803783
BTN,fiscal_balance_pct_gdp,2010,1.80979039290256
BTN,interest_payments_pct_revenue,2020,1.51596119346737
BTN,interest_payments_pct_revenue,2019,3.43867185187086
BTN,interest_payments_pct_revenue,2018,4.03587795730617
BTN,interest_payments_pct_revenue,2017,4.67268019590186
BTN,interest_payments_pct_revenue,2016,5.00174619607642
BTN,interest_payments_pct_revenue,2015,5.75592351454246
BTN,interest_payments_pct_revenue,2014,5.58573790022866
BTN,interest_payments_pct_revenue,2013,8.63185857793323
BTN,interest_payments_pct_revenue,2012,5.75087901162003
BTN,interest_payments_pct_revenue,2011,6.43483061712557
BTN,interest_payments_pct_revenue,2010,6.53087674119465
BTN,bank_npl_pct_loans,2024,2.22229892645332
BTN,bank_npl_pct_loans,2023,2.37931186892763
BTN,bank_npl_pct_loans,2022,2.98322457252721
BTN,bank_npl_pct_loans,2021,6.73771086892548
BTN,bank_npl_pct_loans,2020,11.6947136976512
BTN,bank_npl_pct_loans,2019,8.45073446760821
BTN,bank_npl_pct_loans,2018,7.03307485407494
BTN,bank_npl_pct_loans,2017,8.42093855066563
BTN,bank_npl_pct_loans,2016,7.18904732657744
BTN,bank_npl_pct_loans,2015,6.60035135986288
BTN,bank_npl_pct_loans,2014,6.75453798371645
BTN,bank_npl_pct_loans,2013,6.97587050610785
BTN,bank_npl_pct_loans,2012,5.45153266771975
BTN,bank_npl_pct_loans,2011,3.92487971293095
BTN,bank_npl_pct_loans,2010,5.21442892752605
BTN,private_credit_pct_gdp,2025,72.2606802194578
BTN,private_credit_pct_gdp,2024,68.3942712583345
BTN,private_credit_pct_gdp,2023,71.443668276291
BTN,private_credit_pct_gdp,2022,67.8714365442651
BTN,private_credit_pct_gdp,2021,64.8888785590366
BTN,private_credit_pct_gdp,2020,67.5524988399458
BTN,private_credit_pct_gdp,2019,59.3734191159055
BTN,private_credit_pct_gdp,2018,54.8478285365288
BTN,private_credit_pct_gdp,2017,48.3130245523484
BTN,private_credit_pct_gdp,2016,44.1289341391622
BTN,private_credit_pct_gdp,2015,42.5291421509687
BTN,private_credit_pct_gdp,2014,41.0852999502378
BTN,private_credit_pct_gdp,2013,42.2246322971743
BTN,private_credit_pct_gdp,2012,42.2500390351052
BTN,private_credit_pct_gdp,2011,43.0834159551712
BTN,private_credit_pct_gdp,2010,38.4589220348196
BTN,exports_pct_gdp,2024,31.4948602422141
BTN,exports_pct_gdp,2023,28.3881078975658
BTN,exports_pct_gdp,2022,25.4988399587876
BTN,exports_pct_gdp,2021,29.1987406924537
BTN,exports_pct_gdp,2020,28.0656355144502
BTN,exports_pct_gdp,2019,31.4575032617598
BTN,exports_pct_gdp,2018,29.1897191930732
BTN,exports_pct_gdp,2017,28.4464080232377
BTN,exports_pct_gdp,2016,27.1228339132394
BTN,exports_pct_gdp,2015,31.5360910045004
BTN,exports_pct_gdp,2014,34.1893414068432
BTN,exports_pct_gdp,2013,37.4343659431634
BTN,exports_pct_gdp,2012,35.7881097866179
BTN,exports_pct_gdp,2011,37.9232018736818
BTN,exports_pct_gdp,2010,39.3870452376357
BTN,imports_pct_gdp,2024,47.8676815531182
BTN,imports_pct_gdp,2023,53.3485199564153
BTN,imports_pct_gdp,2022,60.0723765638263
BTN,imports_pct_gdp,2021,48.3837075785288
BTN,imports_pct_gdp,2020,43.7647155250135
BTN,imports_pct_gdp,2019,44.6660134423907
BTN,imports_pct_gdp,2018,50.550001136535
BTN,imports_pct_gdp,2017,48.3419936617844
BTN,imports_pct_gdp,2016,49.2619189365981
BTN,imports_pct_gdp,2015,58.1030694550492
BTN,imports_pct_gdp,2014,53.7449147944863
BTN,imports_pct_gdp,2013,57.618172334879
BTN,imports_pct_gdp,2012,58.2569173603391
BTN,imports_pct_gdp,2011,64.8723983474244
BTN,imports_pct_gdp,2010,65.623621455957
BTN,fuel_exports_pct_merch_exports,2025,0.000136608692237691
BTN,fuel_exports_pct_merch_exports,2023,0.000126714234700656
BTN,fuel_exports_pct_merch_exports,2022,0.000849772301445061
BTN,fuel_exports_pct_merch_exports,2020,0.031781268967114
BTN,fuel_exports_pct_merch_exports,2019,0.564427068374655
BTN,fuel_exports_pct_merch_exports,2018,0.923853378618622
BTN,fuel_exports_pct_merch_exports,2017,0.837284350231017
BTN,fuel_exports_pct_merch_exports,2016,0.359959674945716
BTN,fuel_exports_pct_merch_exports,2012,32.9166462100962
BTN,fuel_exports_pct_merch_exports,2011,1.32603384643971
BTN,fuel_exports_pct_merch_exports,2010,1.17938116636528
BTN,food_imports_pct_merch_imports,2025,11.4494454135648
BTN,food_imports_pct_merch_imports,2023,17.8223187322888
BTN,food_imports_pct_merch_imports,2022,16.5367264487644
BTN,food_imports_pct_merch_imports,2020,18.8555747753539
BTN,food_imports_pct_merch_imports,2019,16.5642205655472
BTN,food_imports_pct_merch_imports,2018,14.9073298565588
BTN,food_imports_pct_merch_imports,2017,15.7863753074163
BTN,food_imports_pct_merch_imports,2016,15.2217424132459
BTN,food_imports_pct_merch_imports,2012,13.7089181899016
BTN,food_imports_pct_merch_imports,2011,10.9487408218868
BTN,food_imports_pct_merch_imports,2010,11.473583472712
BTN,remittances_pct_gdp,2024,3.27508748747941
BTN,remittances_pct_gdp,2023,3.58251575117588
BTN,remittances_pct_gdp,2022,3.31086657464961
BTN,remittances_pct_gdp,2021,2.64978293694613
BTN,remittances_pct_gdp,2020,3.39498028366294
BTN,remittances_pct_gdp,2019,2.07110074974606
BTN,remittances_pct_gdp,2018,2.25090820783584
BTN,remittances_pct_gdp,2017,1.66529781961131
BTN,remittances_pct_gdp,2016,1.4567714658493
BTN,remittances_pct_gdp,2015,0.898453511897708
BTN,remittances_pct_gdp,2014,0.684145452942166
BTN,remittances_pct_gdp,2013,0.607310913154019
BTN,remittances_pct_gdp,2012,0.919471362422047
BTN,remittances_pct_gdp,2011,0.528916540638715
BTN,remittances_pct_gdp,2010,0.484146185181045
BTN,fdi_net_inflows_pct_gdp,2024,0.0841982308924301
BTN,fdi_net_inflows_pct_gdp,2023,0.338339566522946
BTN,fdi_net_inflows_pct_gdp,2022,0.289904655137253
BTN,fdi_net_inflows_pct_gdp,2021,0.244983575408047
BTN,fdi_net_inflows_pct_gdp,2020,-0.113401528947433
BTN,fdi_net_inflows_pct_gdp,2019,0.475617042344246
BTN,fdi_net_inflows_pct_gdp,2018,0.10255942689779
BTN,fdi_net_inflows_pct_gdp,2017,-0.638806366922729
BTN,fdi_net_inflows_pct_gdp,2016,0.504099187674602
BTN,fdi_net_inflows_pct_gdp,2015,0.294858179551153
BTN,fdi_net_inflows_pct_gdp,2014,1.12656942719562
BTN,fdi_net_inflows_pct_gdp,2013,1.05127659163372
BTN,fdi_net_inflows_pct_gdp,2012,1.2354733641673
BTN,fdi_net_inflows_pct_gdp,2011,1.57461513860453
BTN,fdi_net_inflows_pct_gdp,2010,4.40487201345335
BTN,unemployment_rate,2025,3.227
BTN,unemployment_rate,2024,3.282
BTN,unemployment_rate,2023,3.126
BTN,unemployment_rate,2022,5.947
BTN,unemployment_rate,2021,4.803
BTN,unemployment_rate,2020,5.03
BTN,unemployment_rate,2019,2.72
BTN,unemployment_rate,2018,3.35
BTN,unemployment_rate,2017,3.027
BTN,unemployment_rate,2016,2.707
BTN,unemployment_rate,2015,2.45
BTN,unemployment_rate,2014,2.63
BTN,unemployment_rate,2013,2.87
BTN,unemployment_rate,2012,2.05
BTN,unemployment_rate,2011,3.23
BTN,unemployment_rate,2010,3.32
DJI,external_debt_pct_gni,2024,83.8288747209446
DJI,external_debt_pct_gni,2023,85.2908177323727
DJI,external_debt_pct_gni,2022,87.3175079251638
DJI,external_debt_pct_gni,2021,96.2217659599007
DJI,external_debt_pct_gni,2020,95.2325058529055
DJI,external_debt_pct_gni,2019,85.2277738046756
DJI,external_debt_pct_gni,2018,83.7652176445944
DJI,external_debt_pct_gni,2017,86.0029214045977
DJI,external_debt_pct_gni,2016,67.4162737541098
DJI,external_debt_pct_gni,2015,51.2014218463801
DJI,external_debt_pct_gni,2014,42.9271673641205
DJI,external_debt_pct_gni,2013,40.6920825984022
DJI,external_debt_pct_gni,2012,58.090597298747
DJI,external_debt_pct_gni,2011,61.6657905187845
DJI,external_debt_pct_gni,2010,67.0646568443457
DJI,external_debt_service_pct_exports,2024,2.52675252956975
DJI,external_debt_service_pct_exports,2023,1.63906330772357
DJI,external_debt_service_pct_exports,2022,1.3139889030219
DJI,external_debt_service_pct_exports,2021,1.17105098898137
DJI,external_debt_service_pct_exports,2020,1.88392135365331
DJI,external_debt_service_pct_exports,2019,1.52528322747519
DJI,external_debt_service_pct_exports,2018,1.58567108414747
DJI,external_debt_service_pct_exports,2017,1.7173350672911
DJI,external_debt_service_pct_exports,2016,2.1475631145837
DJI,external_debt_service_pct_exports,2015,1.24037633439777
DJI,external_debt_service_pct_exports,2014,1.06181589657575
DJI,external_debt_service_pct_exports,2013,1.27737966871977
DJI,external_debt_service_pct_exports,2012,8.37894445755218
DJI,external_debt_service_pct_exports,2011,8.68421948523508
DJI,external_debt_service_pct_exports,2010,7.87953647772039
DJI,bank_npl_pct_loans,2024,3.06946217107715
DJI,bank_npl_pct_loans,2023,4.00934221417559
DJI,bank_npl_pct_loans,2022,5.21484304127589
DJI,bank_npl_pct_loans,2021,9.06421208958311
DJI,bank_npl_pct_loans,2020,13.7525623797664
DJI,bank_npl_pct_loans,2019,15.3542458806425
DJI,bank_npl_pct_loans,2018,17.5905936014938
DJI,bank_npl_pct_loans,2017,16.1205891536372
DJI,bank_npl_pct_loans,2016,21.8038069641343
DJI,bank_npl_pct_loans,2015,19.505193628606
DJI,bank_npl_pct_loans,2014,18.1882419023322
DJI,bank_npl_pct_loans,2013,15.3368529632838
DJI,bank_npl_pct_loans,2012,11.5343664524884
DJI,private_credit_pct_gdp,2025,25.1647278808558
DJI,private_credit_pct_gdp,2024,23.1025276600186
DJI,private_credit_pct_gdp,2023,21.8231301046989
DJI,private_credit_pct_gdp,2022,19.8343292529775
DJI,private_credit_pct_gdp,2021,18.5968581486669
DJI,private_credit_pct_gdp,2020,21.153639250123
DJI,private_credit_pct_gdp,2019,22.3514833157846
DJI,private_credit_pct_gdp,2018,21.6332373941692
DJI,private_credit_pct_gdp,2017,21.1727542584921
DJI,private_credit_pct_gdp,2016,20.4371265619881
DJI,private_credit_pct_gdp,2015,21.7028460975101
DJI,private_credit_pct_gdp,2014,22.1377018857024
DJI,private_credit_pct_gdp,2013,22.1463874057357
DJI,private_credit_pct_gdp,2012,28.9308988431593
DJI,private_credit_pct_gdp,2011,30.9088339588642
DJI,private_credit_pct_gdp,2010,33.1101651364158
DJI,exports_pct_gdp,2025,110.493588636595
DJI,exports_pct_gdp,2024,126.415267144255
DJI,exports_pct_gdp,2023,150.741322598259
DJI,exports_pct_gdp,2022,159.250735528808
DJI,exports_pct_gdp,2021,142.728193974095
DJI,exports_pct_gdp,2020,117.134854035476
DJI,exports_pct_gdp,2019,166.717864481384
DJI,exports_pct_gdp,2018,156.619986522272
DJI,exports_pct_gdp,2017,150.098361470494
DJI,exports_pct_gdp,2016,103.764025112093
DJI,exports_pct_gdp,2015,145.421307480105
DJI,exports_pct_gdp,2014,157.949327841603
DJI,exports_pct_gdp,2013,156.414102493532
DJI,imports_pct_gdp,2025,95.8024545556204
DJI,imports_pct_gdp,2024,114.822195954032
DJI,imports_pct_gdp,2023,135.160721202385
DJI,imports_pct_gdp,2022,143.034673702738
DJI,imports_pct_gdp,2021,120.749534759797
DJI,imports_pct_gdp,2020,108.610017288247
DJI,imports_pct_gdp,2019,154.221365882795
DJI,imports_pct_gdp,2018,143.778914001572
DJI,imports_pct_gdp,2017,155.869604932974
DJI,imports_pct_gdp,2016,109.307973495828
DJI,imports_pct_gdp,2015,122.942148774525
DJI,imports_pct_gdp,2014,140.615207979648
DJI,imports_pct_gdp,2013,191.30621456487
DJI,fuel_exports_pct_merch_exports,2023,0.995238487819515
DJI,fuel_exports_pct_merch_exports,2022,1.24359395878011
DJI,fuel_exports_pct_merch_exports,2021,0.442789095210204
DJI,food_imports_pct_merch_imports,2023,38.5612340185621
DJI,food_imports_pct_merch_imports,2022,36.8576646777546
DJI,food_imports_pct_merch_imports,2021,41.1079498430142
DJI,remittances_pct_gdp,2024,1.3486328033841
DJI,remittances_pct_gdp,2023,1.50297318211677
DJI,remittances_pct_gdp,2022,1.58752439290675
DJI,remittances_pct_gdp,2021,2.34123925393883
DJI,remittances_pct_gdp,2020,2.03729907694872
DJI,remittances_pct_gdp,2019,2.57252993016432
DJI,remittances_pct_gdp,2018,2.0545252519245
DJI,remittances_pct_gdp,2017,1.4958183161622
DJI,remittances_pct_gdp,2016,1.54464173973695
DJI,remittances_pct_gdp,2015,1.6380988368332
DJI,remittances_pct_gdp,2014,1.70579799013819
DJI,remittances_pct_gdp,2013,1.94611108053063
DJI,remittances_pct_gdp,2012,2.45750699383544
DJI,remittances_pct_gdp,2011,2.61145571287155
DJI,remittances_pct_gdp,2010,2.89214171045678
DJI,fdi_net_inflows_pct_gdp,2024,1.63337101411676
DJI,fdi_net_inflows_pct_gdp,2023,3.51446231641349
DJI,fdi_net_inflows_pct_gdp,2022,5.24930012962196
DJI,fdi_net_inflows_pct_gdp,2021,4.91482788768696
DJI,fdi_net_inflows_pct_gdp,2020,5.03254315668511
DJI,fdi_net_inflows_pct_gdp,2019,5.66550441566635
DJI,fdi_net_inflows_pct_gdp,2018,5.83497725047345
DJI,fdi_net_inflows_pct_gdp,2017,5.97013597143086
DJI,fdi_net_inflows_pct_gdp,2016,6.1420623506391
DJI,fdi_net_inflows_pct_gdp,2015,5.93271216592944
DJI,fdi_net_inflows_pct_gdp,2014,6.88983261287099
DJI,fdi_net_inflows_pct_gdp,2013,13.9893763417185
DJI,fdi_net_inflows_pct_gdp,2012,8.1261509172004
DJI,fdi_net_inflows_pct_gdp,2011,6.37538483893525
DJI,fdi_net_inflows_pct_gdp,2010,3.23415329697175
DJI,unemployment_rate,2025,26.015
DJI,unemployment_rate,2024,26.007
DJI,unemployment_rate,2023,26.074
DJI,unemployment_rate,2022,26.272
DJI,unemployment_rate,2021,27.628
DJI,unemployment_rate,2020,27.701
DJI,unemployment_rate,2019,26.257
DJI,unemployment_rate,2018,26.18
DJI,unemployment_rate,2017,26.064
DJI,unemployment_rate,2016,25.982
DJI,unemployment_rate,2015,26.063
DJI,unemployment_rate,2014,26.16
DJI,unemployment_rate,2013,26.149
DJI,unemployment_rate,2012,26.179
DJI,unemployment_rate,2011,26.31
DJI,unemployment_rate,2010,26.368
DZA,external_debt_pct_gni,2024,2.66774817396092
DZA,external_debt_pct_gni,2023,2.9975548859142
DZA,external_debt_pct_gni,2022,3.23500775227816
DZA,external_debt_pct_gni,2021,4.04120760001954
DZA,external_debt_pct_gni,2020,3.19351908942954
DZA,external_debt_pct_gni,2019,2.89761005806805
DZA,external_debt_pct_gni,2018,2.99935858462774
DZA,external_debt_pct_gni,2017,3.04068276560909
DZA,external_debt_pct_gni,2016,3.04187962008185
DZA,external_debt_pct_gni,2015,2.54367171691573
DZA,external_debt_pct_gni,2014,2.35485990757709
DZA,external_debt_pct_gni,2013,2.32227149466818
DZA,external_debt_pct_gni,2012,2.4523641196966
DZA,external_debt_pct_gni,2011,2.79540714477209
DZA,external_debt_pct_gni,2010,4.08153905024031
DZA,external_debt_service_pct_exports,2024,0.797700031642401
DZA,external_debt_service_pct_exports,2023,0.756757789102277
DZA,external_debt_service_pct_exports,2022,0.426551111107604
DZA,external_debt_service_pct_exports,2021,0.451864627527454
DZA,external_debt_service_pct_exports,2020,0.679786418584712
DZA,external_debt_service_pct_exports,2019,0.491760656376484
DZA,external_debt_service_pct_exports,2018,0.476882884742504
DZA,external_debt_service_pct_exports,2017,0.599991543214634
DZA,external_debt_service_pct_exports,2016,1.01404269029051
DZA,external_debt_service_pct_exports,2015,1.72343736396926
DZA,external_debt_service_pct_exports,2014,0.448059126334839
DZA,external_debt_service_pct_exports,2013,0.744237142683795
DZA,external_debt_service_pct_exports,2012,1.08156709978146
DZA,external_debt_service_pct_exports,2011,0.790385842536368
DZA,external_debt_service_pct_exports,2010,1.03761416768697
DZA,bank_npl_pct_loans,2024,20.6807801597915
DZA,bank_npl_pct_loans,2023,20.8822355092816
DZA,bank_npl_pct_loans,2022,19.8580536790798
DZA,bank_npl_pct_loans,2021,19.6415989191125
DZA,bank_npl_pct_loans,2020,16.3626239271064
DZA,bank_npl_pct_loans,2019,14.7557610602629
DZA,bank_npl_pct_loans,2018,12.6974012595365
DZA,bank_npl_pct_loans,2017,12.9585022894491
DZA,bank_npl_pct_loans,2016,12.0891590616386
DZA,bank_npl_pct_loans,2015,9.76734535087823
DZA,bank_npl_pct_loans,2014,9.9349604753277
DZA,bank_npl_pct_loans,2013,10.5639712164988
DZA,bank_npl_pct_loans,2012,11.7263814541695
DZA,bank_npl_pct_loans,2011,14.3983059633083
DZA,bank_npl_pct_loans,2010,18.3099999999999
DZA,private_credit_pct_gdp,2025,19.5912759166229
DZA,private_credit_pct_gdp,2024,19.0341413218985
DZA,private_credit_pct_gdp,2023,18.846702518083
DZA,private_credit_pct_gdp,2022,18.2397846012834
DZA,private_credit_pct_gdp,2021,22.659990400839
DZA,private_credit_pct_gdp,2020,26.1172134194462
DZA,private_credit_pct_gdp,2019,22.9128695368994
DZA,private_credit_pct_gdp,2018,22.387148870126
DZA,private_credit_pct_gdp,2017,21.8603855833638
DZA,private_credit_pct_gdp,2016,20.2524548230485
DZA,private_credit_pct_gdp,2015,19.2203451351034
DZA,private_credit_pct_gdp,2014,16.4216636360139
DZA,private_credit_pct_gdp,2013,15.0652748989807
DZA,private_credit_pct_gdp,2012,12.9086438651722
DZA,private_credit_pct_gdp,2011,12.5651064123385
DZA,private_credit_pct_gdp,2010,13.7901331989861
DZA,exports_pct_gdp,2025,16.8347751595565
DZA,exports_pct_gdp,2024,19.8523800653814
DZA,exports_pct_gdp,2023,23.7900604738163
DZA,exports_pct_gdp,2022,30.7915561763341
DZA,exports_pct_gdp,2021,23.4443672905951
DZA,exports_pct_gdp,2020,15.5352011116191
DZA,exports_pct_gdp,2019,20.407941949491
DZA,exports_pct_gdp,2018,23.423105738908
DZA,exports_pct_gdp,2017,20.3336795171675
DZA,exports_pct_gdp,2016,18.4866879717888
DZA,exports_pct_gdp,2015,20.5281416810455
DZA,exports_pct_gdp,2014,27.6194863705878
DZA,exports_pct_gdp,2013,30.7993649290893
DZA,exports_pct_gdp,2012,34.3827920015035
DZA,exports_pct_gdp,2011,35.9880864093259
DZA,exports_pct_gdp,2010,34.988229614912
DZA,imports_pct_gdp,2025,22.1441688566065
DZA,imports_pct_gdp,2024,20.2821940516889
DZA,imports_pct_gdp,2023,19.9497379768844
DZA,imports_pct_gdp,2022,20.3985331920556
DZA,imports_pct_gdp,2021,23.3926919693657
DZA,imports_pct_gdp,2020,24.8545554509197
DZA,imports_pct_gdp,2019,26.0989006586763
DZA,imports_pct_gdp,2018,29.0130619390143
DZA,imports_pct_gdp,2017,29.4871366540912
DZA,imports_pct_gdp,2016,31.2742448207328
DZA,imports_pct_gdp,2015,32.676480909369
DZA,imports_pct_gdp,2014,29.3040555963989
DZA,imports_pct_gdp,2013,28.3516432281546
DZA,imports_pct_gdp,2012,26.374847332557
DZA,imports_pct_gdp,2011,26.2320035517219
DZA,imports_pct_gdp,2010,28.5029863779305
DZA,fuel_exports_pct_merch_exports,2017,96.1115601990579
DZA,fuel_exports_pct_merch_exports,2016,95.3110605757096
DZA,fuel_exports_pct_merch_exports,2015,95.839787593179
DZA,fuel_exports_pct_merch_exports,2014,97.228399822397
DZA,fuel_exports_pct_merch_exports,2013,98.3397689163232
DZA,fuel_exports_pct_merch_exports,2012,98.4004104735679
DZA,fuel_exports_pct_merch_exports,2011,98.3333229077681
DZA,fuel_exports_pct_merch_exports,2010,98.3108761995675
DZA,food_imports_pct_merch_imports,2017,20.2300414574917
DZA,food_imports_pct_merch_imports,2016,19.0281661204509
DZA,food_imports_pct_merch_imports,2015,19.3150145530605
DZA,food_imports_pct_merch_imports,2014,20.1033684945136
DZA,food_imports_pct_merch_imports,2013,19.0622423212072
DZA,food_imports_pct_merch_imports,2012,19.8492922361838
DZA,food_imports_pct_merch_imports,2011,22.7921075134347
DZA,food_imports_pct_merch_imports,2010,16.3010014984036
DZA,remittances_pct_gdp,2024,0.667941907847866
DZA,remittances_pct_gdp,2023,0.753275484255268
DZA,remittances_pct_gdp,2022,0.755694605229352
DZA,remittances_pct_gdp,2021,0.962189288322084
DZA,remittances_pct_gdp,2020,1.03085687360381
DZA,remittances_pct_gdp,2019,0.923106483245038
DZA,remittances_pct_gdp,2018,1.0202789274424
DZA,remittances_pct_gdp,2017,0.943690019644755
DZA,remittances_pct_gdp,2016,1.10034374263179
DZA,remittances_pct_gdp,2015,1.06531142146634
DZA,remittances_pct_gdp,2014,1.02637284361066
DZA,remittances_pct_gdp,2013,0.0912495160252352
DZA,remittances_pct_gdp,2012,0.0945838361596958
DZA,remittances_pct_gdp,2011,0.0929180630893872
DZA,remittances_pct_gdp,2010,0.110576948771302
DZA,fdi_net_inflows_pct_gdp,2024,0.455370730483787
DZA,fdi_net_inflows_pct_gdp,2023,0.489819143410423
DZA,fdi_net_inflows_pct_gdp,2022,0.107187812155079
DZA,fdi_net_inflows_pct_gdp,2021,0.466728479682941
DZA,fdi_net_inflows_pct_gdp,2020,0.693816014772836
DZA,fdi_net_inflows_pct_gdp,2019,0.713947308015691
DZA,fdi_net_inflows_pct_gdp,2018,0.753576088552125
DZA,fdi_net_inflows_pct_gdp,2017,0.647902696344894
DZA,fdi_net_inflows_pct_gdp,2016,0.906300705997455
DZA,fdi_net_inflows_pct_gdp,2015,-0.286832290676438
DZA,fdi_net_inflows_pct_gdp,2014,0.628688968391006
DZA,fdi_net_inflows_pct_gdp,2013,0.736559065111634
DZA,fdi_net_inflows_pct_gdp,2012,0.660551953898791
DZA,fdi_net_inflows_pct_gdp,2011,1.17767329101171
DZA,fdi_net_inflows_pct_gdp,2010,1.29390467487817
DZA,unemployment_rate,2025,11.633
DZA,unemployment_rate,2024,11.655
DZA,unemployment_rate,2023,11.645
DZA,unemployment_rate,2022,12.382
DZA,unemployment_rate,2021,13.656
DZA,unemployment_rate,2020,14.08
DZA,unemployment_rate,2019,12.302
DZA,unemployment_rate,2018,12.112
DZA,unemployment_rate,2017,12.0
DZA,unemployment_rate,2016,10.202
DZA,unemployment_rate,2015,11.206
DZA,unemployment_rate,2014,10.207
DZA,unemployment_rate,2013,9.82
DZA,unemployment_rate,2012,10.97
DZA,unemployment_rate,2011,9.96
DZA,unemployment_rate,2010,9.96
EGY,external_debt_pct_gni,2024,41.9820138564051
EGY,external_debt_pct_gni,2023,44.4212432479616
EGY,external_debt_pct_gni,2022,35.3832819125992
EGY,external_debt_pct_gni,2021,35.4130599251787
EGY,external_debt_pct_gni,2020,35.5843178235706
EGY,external_debt_pct_gni,2019,37.3486377137165
EGY,external_debt_pct_gni,2018,38.8036123837843
EGY,external_debt_pct_gni,2017,34.6961018574758
EGY,external_debt_pct_gni,2016,21.0959884446522
EGY,external_debt_pct_gni,2015,15.4090910799379
EGY,external_debt_pct_gni,2014,14.0020767838652
EGY,external_debt_pct_gni,2013,16.5588608179564
EGY,external_debt_pct_gni,2012,14.6941589979995
EGY,external_debt_pct_gni,2011,15.3121406993227
EGY,external_debt_pct_gni,2010,17.1484993453553
EGY,external_debt_service_pct_exports,2024,49.2291017973666
EGY,external_debt_service_pct_exports,2023,30.3910889570483
EGY,external_debt_service_pct_exports,2022,23.1349293420531
EGY,external_debt_service_pct_exports,2021,31.0941269796866
EGY,external_debt_service_pct_exports,2020,30.61957277854
EGY,external_debt_service_pct_exports,2019,16.58038796421
EGY,external_debt_service_pct_exports,2018,16.3223660797798
EGY,external_debt_service_pct_exports,2017,15.3775515850977
EGY,external_debt_service_pct_exports,2016,19.5115368004423
EGY,external_debt_service_pct_exports,2015,9.98733957183104
EGY,external_debt_service_pct_exports,2014,12.6738497850725
EGY,external_debt_service_pct_exports,2013,7.63717373471107
EGY,external_debt_service_pct_exports,2012,6.64052009640903
EGY,external_debt_service_pct_exports,2011,7.90655385279539
EGY,external_debt_service_pct_exports,2010,6.20858249606502
EGY,fiscal_balance_pct_gdp,2015,-10.7275665943778
EGY,fiscal_balance_pct_gdp,2014,-11.0277183098592
EGY,fiscal_balance_pct_gdp,2013,-12.6356159965599
EGY,fiscal_balance_pct_gdp,2012,-10.0051949602914
EGY,fiscal_balance_pct_gdp,2011,-10.0824593392167
EGY,fiscal_balance_pct_gdp,2010,-7.73391347588264
EGY,interest_payments_pct_revenue,2015,33.25445457568
EGY,interest_payments_pct_revenue,2014,30.6852322625376
EGY,interest_payments_pct_revenue,2013,33.5278975911524
EGY,interest_payments_pct_revenue,2012,26.7728204319723
EGY,interest_payments_pct_revenue,2011,25.2846525842816
EGY,interest_payments_pct_revenue,2010,20.5023891270984
EGY,private_credit_pct_gdp,2025,25.8412480093151
EGY,private_credit_pct_gdp,2024,27.5692279729149
EGY,private_credit_pct_gdp,2023,29.2578215393463
EGY,private_credit_pct_gdp,2022,30.847002116672
EGY,private_credit_pct_gdp,2021,28.2307543894278
EGY,private_credit_pct_gdp,2020,25.7894742547866
EGY,private_credit_pct_gdp,2019,22.8487308972762
EGY,private_credit_pct_gdp,2018,24.2952790707642
EGY,private_credit_pct_gdp,2017,27.0698246737254
EGY,private_credit_pct_gdp,2016,34.1348626252639
EGY,private_credit_pct_gdp,2015,26.316393760305
EGY,private_credit_pct_gdp,2014,25.6066805392918
EGY,private_credit_pct_gdp,2013,26.2224394958043
EGY,private_credit_pct_gdp,2012,27.388449729504
EGY,private_credit_pct_gdp,2011,31.1549232899382
EGY,private_credit_pct_gdp,2010,33.0722952214189
EGY,exports_pct_gdp,2025,19.8200284513845
EGY,exports_pct_gdp,2024,16.3762422101126
EGY,exports_pct_gdp,2023,19.1060913405676
EGY,exports_pct_gdp,2022,15.0870258208479
EGY,exports_pct_gdp,2021,10.5611502153652
EGY,exports_pct_gdp,2020,12.4727757370868
EGY,exports_pct_gdp,2019,16.6440314510365
EGY,exports_pct_gdp,2018,17.984655608418
EGY,exports_pct_gdp,2017,15.0140868185672
EGY,exports_pct_gdp,2016,10.3454639403558
EGY,exports_pct_gdp,2015,13.1838454928598
EGY,exports_pct_gdp,2014,14.2441314553991
EGY,exports_pct_gdp,2013,17.0178456245969
EGY,exports_pct_gdp,2012,16.3969666208873
EGY,exports_pct_gdp,2011,20.5674276128656
EGY,exports_pct_gdp,2010,21.3492458146859
EGY,imports_pct_gdp,2025,31.5143194274435
EGY,imports_pct_gdp,2024,23.2245098772607
EGY,imports_pct_gdp,2023,21.3443094314355
EGY,imports_pct_gdp,2022,21.8960790564233
EGY,imports_pct_gdp,2021,19.295823265447
EGY,imports_pct_gdp,2020,19.6534798296655
EGY,imports_pct_gdp,2019,24.4799857040743
EGY,imports_pct_gdp,2018,27.9263640649779
EGY,imports_pct_gdp,2017,27.8180475395935
EGY,imports_pct_gdp,2016,19.9010851110947
EGY,imports_pct_gdp,2015,21.6620974671631
EGY,imports_pct_gdp,2014,22.6760563380282
EGY,imports_pct_gdp,2013,23.3551924317351
EGY,imports_pct_gdp,2012,24.3148026512211
EGY,imports_pct_gdp,2011,24.6882065494858
EGY,imports_pct_gdp,2010,26.5871042599039
EGY,fuel_exports_pct_merch_exports,2024,12.4540426829027
EGY,fuel_exports_pct_merch_exports,2023,18.1531616111814
EGY,fuel_exports_pct_merch_exports,2022,35.9532117277136
EGY,fuel_exports_pct_merch_exports,2021,31.6971100561669
EGY,fuel_exports_pct_merch_exports,2020,20.6229583667758
EGY,fuel_exports_pct_merch_exports,2019,26.465801966271
EGY,fuel_exports_pct_merch_exports,2018,24.5436332078061
EGY,fuel_exports_pct_merch_exports,2017,19.3528393471568
EGY,fuel_exports_pct_merch_exports,2016,13.7657934284608
EGY,fuel_exports_pct_merch_exports,2015,17.8713832773737
EGY,fuel_exports_pct_merch_exports,2014,23.3551757931695
EGY,fuel_exports_pct_merch_exports,2013,26.0844601901547
EGY,fuel_exports_pct_merch_exports,2012,30.1290625343441
EGY,fuel_exports_pct_merch_exports,2011,29.2504485443273
EGY,fuel_exports_pct_merch_exports,2010,28.675015261694
EGY,food_imports_pct_merch_imports,2024,20.4434848356971
EGY,food_imports_pct_merch_imports,2023,21.6972770278526
EGY,food_imports_pct_merch_imports,2022,22.1214154443618
EGY,food_imports_pct_merch_imports,2021,21.2684759245502
EGY,food_imports_pct_merch_imports,2020,23.1079323874633
EGY,food_imports_pct_merch_imports,2019,20.9318510685966
EGY,food_imports_pct_merch_imports,2018,18.3309787934642
EGY,food_imports_pct_merch_imports,2017,20.284907436335
EGY,food_imports_pct_merch_imports,2016,20.3753156142534
EGY,food_imports_pct_merch_imports,2015,19.4566174058816
EGY,food_imports_pct_merch_imports,2014,20.8840359685848
EGY,food_imports_pct_merch_imports,2013,17.5098909058737
EGY,food_imports_pct_merch_imports,2012,22.4231286293974
EGY,food_imports_pct_merch_imports,2011,23.7536654802803
EGY,food_imports_pct_merch_imports,2010,19.1408398397826
EGY,remittances_pct_gdp,2025,11.3667005342464
EGY,remittances_pct_gdp,2024,7.59757024437157
EGY,remittances_pct_gdp,2023,4.93326946835969
EGY,remittances_pct_gdp,2022,5.94293350334715
EGY,remittances_pct_gdp,2021,7.4144321712116
EGY,remittances_pct_gdp,2020,7.71274724506713
EGY,remittances_pct_gdp,2019,8.40388463187991
EGY,remittances_pct_gdp,2018,9.71698574857486
EGY,remittances_pct_gdp,2017,9.96018840777921
EGY,remittances_pct_gdp,2016,5.59207795083782
EGY,remittances_pct_gdp,2015,5.56383108965179
EGY,remittances_pct_gdp,2014,6.40402291079812
EGY,remittances_pct_gdp,2013,6.18272925177381
EGY,remittances_pct_gdp,2012,6.89188511375172
EGY,remittances_pct_gdp,2011,6.06988425351907
EGY,remittances_pct_gdp,2010,5.68677117520305
EGY,fdi_net_inflows_pct_gdp,2025,4.23066505478546
EGY,fdi_net_inflows_pct_gdp,2024,11.9719351009449
EGY,fdi_net_inflows_pct_gdp,2023,2.48546400695984
EGY,fdi_net_inflows_pct_gdp,2022,2.39118080969079
EGY,fdi_net_inflows_pct_gdp,2021,1.20617861055665
EGY,fdi_net_inflows_pct_gdp,2020,1.52462948997172
EGY,fdi_net_inflows_pct_gdp,2019,2.82732944960686
EGY,fdi_net_inflows_pct_gdp,2018,3.10040077579187
EGY,fdi_net_inflows_pct_gdp,2017,2.98301550917695
EGY,fdi_net_inflows_pct_gdp,2016,2.43856278142762
EGY,fdi_net_inflows_pct_gdp,2015,2.10258128401326
EGY,fdi_net_inflows_pct_gdp,2014,1.50925042253521
EGY,fdi_net_inflows_pct_gdp,2013,1.45343420769727
EGY,fdi_net_inflows_pct_gdp,2012,1.00234071774049
EGY,fdi_net_inflows_pct_gdp,2011,-0.204542848807527
EGY,fdi_net_inflows_pct_gdp,2010,2.91601657550141
EGY,unemployment_rate,2025,6.781
EGY,unemployment_rate,2024,6.817
EGY,unemployment_rate,2023,6.753
EGY,unemployment_rate,2022,6.546
EGY,unemployment_rate,2021,7.441
EGY,unemployment_rate,2020,7.974
EGY,unemployment_rate,2019,7.851
EGY,unemployment_rate,2018,9.855
EGY,unemployment_rate,2017,11.767
EGY,unemployment_rate,2016,12.45
EGY,unemployment_rate,2015,13.052
EGY,unemployment_rate,2014,13.105
EGY,unemployment_rate,2013,13.154
EGY,unemployment_rate,2012,12.597
EGY,unemployment_rate,2011,11.849
EGY,unemployment_rate,2010,8.757
ERI,external_debt_pct_gni,2011,51.4834999754646
ERI,external_debt_pct_gni,2010,66.0762157560823
ERI,private_credit_pct_gdp,2014,53.241077381173
ERI,private_credit_pct_gdp,2013,33.9868058928029
ERI,private_credit_pct_gdp,2012,16.1597177482946
ERI,private_credit_pct_gdp,2011,17.5647022127032
ERI,private_credit_pct_gdp,2010,21.2805376775865
ERI,exports_pct_gdp,2011,18.1548372567671
ERI,exports_pct_gdp,2010,6.37837659786896
ERI,imports_pct_gdp,2011,29.2389528621013
ERI,imports_pct_gdp,2010,31.0930888587001
ERI,fdi_net_inflows_pct_gdp,2011,1.8886183675912
ERI,fdi_net_inflows_pct_gdp,2010,5.72501513985957
ERI,unemployment_rate,2025,5.978
ERI,unemployment_rate,2024,5.947
ERI,unemployment_rate,2023,5.909
ERI,unemployment_rate,2022,6.033
ERI,unemployment_rate,2021,6.489
ERI,unemployment_rate,2020,6.375
ERI,unemployment_rate,2019,5.812
ERI,unemployment_rate,2018,5.756
ERI,unemployment_rate,2017,5.804
ERI,unemployment_rate,2016,5.772
ERI,unemployment_rate,2015,5.751
ERI,unemployment_rate,2014,5.637
ERI,unemployment_rate,2013,5.624
ERI,unemployment_rate,2012,5.692
ERI,unemployment_rate,2011,5.801
ERI,unemployment_rate,2010,5.854
ETH,external_debt_pct_gni,2022,24.2638688064282
ETH,external_debt_pct_gni,2021,28.9101982304795
ETH,external_debt_pct_gni,2020,30.2340278652052
ETH,external_debt_pct_gni,2019,31.8677861051946
ETH,external_debt_pct_gni,2018,35.572601682596
ETH,external_debt_pct_gni,2017,32.195990368417
ETH,external_debt_pct_gni,2016,31.5941088728904
ETH,external_debt_pct_gni,2015,31.7812582331685
ETH,external_debt_pct_gni,2014,30.5557352254075
ETH,external_debt_pct_gni,2013,26.4725857260442
ETH,external_debt_pct_gni,2012,24.2166657612452
ETH,external_debt_pct_gni,2011,26.9969906653902
ETH,external_debt_pct_gni,2010,24.4334323010783
ETH,external_debt_service_pct_exports,2024,11.538041500051
ETH,external_debt_service_pct_exports,2023,14.3397323570812
ETH,external_debt_service_pct_exports,2022,18.3033612266851
ETH,external_debt_service_pct_exports,2021,21.2158220927836
ETH,external_debt_service_pct_exports,2020,26.1117055633717
ETH,external_debt_service_pct_exports,2019,28.9364069267454
ETH,external_debt_service_pct_exports,2018,21.4915673746629
ETH,external_debt_service_pct_exports,2017,22.2353979988408
ETH,external_debt_service_pct_exports,2016,20.9349904391639
ETH,external_debt_service_pct_exports,2015,18.2926128660911
ETH,external_debt_service_pct_exports,2014,11.870058525757
ETH,external_debt_service_pct_exports,2013,10.679035983358
ETH,external_debt_service_pct_exports,2012,7.1428932989006
ETH,external_debt_service_pct_exports,2011,5.88919875915745
ETH,external_debt_service_pct_exports,2010,3.85484030213973
ETH,fiscal_balance_pct_gdp,2024,-1.90887263147621
ETH,fiscal_balance_pct_gdp,2023,-2.3050304723308
ETH,fiscal_balance_pct_gdp,2022,-3.97933886335177
ETH,fiscal_balance_pct_gdp,2021,-2.71360871083777
ETH,fiscal_balance_pct_gdp,2020,-1.82272506857345
ETH,fiscal_balance_pct_gdp,2019,-2.74966753001203
ETH,fiscal_balance_pct_gdp,2018,-4.04308562183414
ETH,fiscal_balance_pct_gdp,2017,-4.61838856890189
ETH,fiscal_balance_pct_gdp,2016,-3.67155655295525
ETH,fiscal_balance_pct_gdp,2015,-3.12338797018885
ETH,fiscal_balance_pct_gdp,2014,-2.6690901624725
ETH,fiscal_balance_pct_gdp,2013,-1.54263849758058
ETH,fiscal_balance_pct_gdp,2012,0.679089858634853
ETH,fiscal_balance_pct_gdp,2011,-1.34983977132917
ETH,fiscal_balance_pct_gdp,2010,-2.73395742953724
ETH,interest_payments_pct_revenue,2024,12.6217765676881
ETH,interest_payments_pct_revenue,2023,10.0247947838628
ETH,interest_payments_pct_revenue,2022,12.7921843780186
ETH,interest_payments_pct_revenue,2021,7.63586966162924
ETH,interest_payments_pct_revenue,2020,4.48992148221099
ETH,interest_payments_pct_revenue,2019,5.16530662612295
ETH,interest_payments_pct_revenue,2018,4.96155789432289
ETH,interest_payments_pct_revenue,2017,4.59660538983931
ETH,interest_payments_pct_revenue,2016,4.12609738010937
ETH,interest_payments_pct_revenue,2015,3.68542422150921
ETH,interest_payments_pct_revenue,2014,3.0107267564388
ETH,interest_payments_pct_revenue,2013,2.82906963683556
ETH,interest_payments_pct_revenue,2012,2.88934851971598
ETH,interest_payments_pct_revenue,2011,2.58756505223829
ETH,interest_payments_pct_revenue,2010,2.61286039053196
ETH,bank_npl_pct_loans,2021,5.41485933762582
ETH,bank_npl_pct_loans,2020,3.42977187734718
ETH,bank_npl_pct_loans,2019,2.6717358210858
ETH,bank_npl_pct_loans,2018,3.56052322049913
ETH,bank_npl_pct_loans,2017,3.41286431945902
ETH,exports_pct_gdp,2025,13.2837545839474
ETH,exports_pct_gdp,2024,5.53927082166771
ETH,exports_pct_gdp,2023,6.59591829052029
ETH,exports_pct_gdp,2022,8.24396037766464
ETH,exports_pct_gdp,2021,7.63170919167145
ETH,exports_pct_gdp,2020,7.12719989764702
ETH,exports_pct_gdp,2019,7.93996502525176
ETH,exports_pct_gdp,2018,8.37267815589761
ETH,exports_pct_gdp,2017,7.62937471525016
ETH,exports_pct_gdp,2016,7.8120625822914
ETH,exports_pct_gdp,2015,9.36331359735926
ETH,exports_pct_gdp,2014,11.6416199095703
ETH,exports_pct_gdp,2013,12.484073558977
ETH,exports_pct_gdp,2012,13.7672981990263
ETH,exports_pct_gdp,2011,16.6868531997337
ETH,imports_pct_gdp,2025,20.176028072184
ETH,imports_pct_gdp,2024,11.8611650370138
ETH,imports_pct_gdp,2023,14.0022832166203
ETH,imports_pct_gdp,2022,18.351539318761
ETH,imports_pct_gdp,2021,16.7133482738948
ETH,imports_pct_gdp,2020,16.8789144437579
ETH,imports_pct_gdp,2019,20.8753289040091
ETH,imports_pct_gdp,2018,22.8266908218905
ETH,imports_pct_gdp,2017,23.4742747776515
ETH,imports_pct_gdp,2016,27.0869584993198
ETH,imports_pct_gdp,2015,30.2928105475922
ETH,imports_pct_gdp,2014,29.0994642402923
ETH,imports_pct_gdp,2013,28.9877135217855
ETH,imports_pct_gdp,2012,31.630605984481
ETH,imports_pct_gdp,2011,31.5460822119553
ETH,fuel_exports_pct_merch_exports,2023,0.0317976469871324
ETH,fuel_exports_pct_merch_exports,2022,0.0081728528551792
ETH,fuel_exports_pct_merch_exports,2021,6.92693626282324e-05
ETH,fuel_exports_pct_merch_exports,2020,0.00466762968720468
ETH,fuel_exports_pct_merch_exports,2019,0.000100158271942029
ETH,fuel_exports_pct_merch_exports,2018,8.76209733929005e-06
ETH,fuel_exports_pct_merch_exports,2017,0.00174724528051893
ETH,fuel_exports_pct_merch_exports,2016,0.00792917271878003
ETH,fuel_exports_pct_merch_exports,2015,8.43578426363285e-07
ETH,fuel_exports_pct_merch_exports,2014,0.0463693412234373
ETH,fuel_exports_pct_merch_exports,2013,0.00120079987025877
ETH,fuel_exports_pct_merch_exports,2012,0.00477153174932123
ETH,fuel_exports_pct_merch_exports,2011,1.44284633759849e-05
ETH,fuel_exports_pct_merch_exports,2010,0.00597790062470827
ETH,food_imports_pct_merch_imports,2023,13.8401468775133
ETH,food_imports_pct_merch_imports,2022,23.8028758749573
ETH,food_imports_pct_merch_imports,2021,28.1676089683881
ETH,food_imports_pct_merch_imports,2020,18.3984132423039
ETH,food_imports_pct_merch_imports,2019,12.1948705346236
ETH,food_imports_pct_merch_imports,2018,15.0551986612583
ETH,food_imports_pct_merch_imports,2017,12.3849513836437
ETH,food_imports_pct_merch_imports,2016,13.1176685714478
ETH,food_imports_pct_merch_imports,2015,9.77249762984108
ETH,food_imports_pct_merch_imports,2014,8.95942983607244
ETH,food_imports_pct_merch_imports,2013,12.530803211071
ETH,food_imports_pct_merch_imports,2012,10.9430232166
ETH,food_imports_pct_merch_imports,2011,14.3759542950793
ETH,food_imports_pct_merch_imports,2010,10.8818231032271
ETH,remittances_pct_gdp,2024,4.766710838993
ETH,remittances_pct_gdp,2023,0.396956017593763
ETH,remittances_pct_gdp,2022,0.414325120261523
ETH,remittances_pct_gdp,2021,0.410418210796157
ETH,remittances_pct_gdp,2020,0.409506869488673
ETH,remittances_pct_gdp,2019,0.52227003564586
ETH,remittances_pct_gdp,2018,0.523561857784221
ETH,remittances_pct_gdp,2017,0.515122893440316
ETH,remittances_pct_gdp,2016,1.1277489909273
ETH,remittances_pct_gdp,2015,1.75028490068647
ETH,remittances_pct_gdp,2014,3.23018487802697
ETH,remittances_pct_gdp,2013,1.74829264852672
ETH,remittances_pct_gdp,2012,1.44158455346166
ETH,remittances_pct_gdp,2011,1.68479919300585
ETH,remittances_pct_gdp,2010,1.45702856682548
ETH,fdi_net_inflows_pct_gdp,2024,2.68582028017543
ETH,fdi_net_inflows_pct_gdp,2023,2.40146315356828
ETH,fdi_net_inflows_pct_gdp,2022,2.98033315911234
ETH,fdi_net_inflows_pct_gdp,2021,3.90520609775086
ETH,fdi_net_inflows_pct_gdp,2020,2.4279259279615
ETH,fdi_net_inflows_pct_gdp,2019,2.77536541538477
ETH,fdi_net_inflows_pct_gdp,2018,4.03228222144798
ETH,fdi_net_inflows_pct_gdp,2017,5.26039764214773
ETH,fdi_net_inflows_pct_gdp,2016,6.0502150951561
ETH,fdi_net_inflows_pct_gdp,2015,4.22926466080082
ETH,fdi_net_inflows_pct_gdp,2014,3.33569111068815
ETH,fdi_net_inflows_pct_gdp,2013,2.82040845857162
ETH,fdi_net_inflows_pct_gdp,2012,0.643172898229037
ETH,fdi_net_inflows_pct_gdp,2011,1.96735663905254
ETH,fdi_net_inflows_pct_gdp,2010,0.963030625359937
ETH,unemployment_rate,2025,3.323
ETH,unemployment_rate,2024,3.357
ETH,unemployment_rate,2023,3.375
ETH,unemployment_rate,2022,3.386
ETH,unemployment_rate,2021,3.935
ETH,unemployment_rate,2020,3.998
ETH,unemployment_rate,2019,2.928
ETH,unemployment_rate,2018,2.811
ETH,unemployment_rate,2017,2.665
ETH,unemployment_rate,2016,2.556
ETH,unemployment_rate,2015,2.442
ETH,unemployment_rate,2014,2.361
ETH,unemployment_rate,2013,2.251
ETH,unemployment_rate,2012,2.252
ETH,unemployment_rate,2011,2.27
ETH,unemployment_rate,2010,2.295
IND,external_debt_pct_gni,2024,18.5795533694083
IND,external_debt_pct_gni,2023,18.0442974446192
IND,external_debt_pct_gni,2022,18.6518069060743
IND,external_debt_pct_gni,2021,19.5524130311129
IND,external_debt_pct_gni,2020,21.4094740100862
IND,external_debt_pct_gni,2019,19.9766366353145
IND,external_debt_pct_gni,2018,19.4905310721105
IND,external_debt_pct_gni,2017,19.5049373712632
IND,external_debt_pct_gni,2016,20.0812235448632
IND,external_debt_pct_gni,2015,23.0297689509967
IND,external_debt_pct_gni,2014,22.7049198417658
IND,external_debt_pct_gni,2013,23.3008757774803
IND,external_debt_pct_gni,2012,21.7351878662519
IND,external_debt_pct_gni,2011,18.5055609944676
IND,external_debt_pct_gni,2010,17.520327243228
IND,external_debt_service_pct_exports,2024,10.493447761841
IND,external_debt_service_pct_exports,2023,10.1619274745821
IND,external_debt_service_pct_exports,2022,8.26658065989597
IND,external_debt_service_pct_exports,2021,7.81076067172717
IND,external_debt_service_pct_exports,2020,15.0538331069002
IND,external_debt_service_pct_exports,2019,9.0023457004643
IND,external_debt_service_pct_exports,2018,11.3976479343618
IND,external_debt_service_pct_exports,2017,10.0846800379296
IND,external_debt_service_pct_exports,2016,17.2634154874596
IND,external_debt_service_pct_exports,2015,11.2063688175425
IND,external_debt_service_pct_exports,2014,18.6296205367074
IND,external_debt_service_pct_exports,2013,8.08000121217609
IND,external_debt_service_pct_exports,2012,6.71426990966754
IND,external_debt_service_pct_exports,2011,6.4138689129389
IND,external_debt_service_pct_exports,2010,6.81923327447653
IND,fiscal_balance_pct_gdp,2022,-5.2600268875823
IND,fiscal_balance_pct_gdp,2018,-2.30328908296065
IND,fiscal_balance_pct_gdp,2017,-2.55426517252434
IND,fiscal_balance_pct_gdp,2016,-2.41851614428797
IND,fiscal_balance_pct_gdp,2015,-2.77580962011863
IND,fiscal_balance_pct_gdp,2014,-3.24743717876857
IND,fiscal_balance_pct_gdp,2013,-4.06573304249265
IND,fiscal_balance_pct_gdp,2012,-3.7644761333206
IND,fiscal_balance_pct_gdp,2011,-3.20649564885787
IND,fiscal_balance_pct_gdp,2010,-3.48058118972693
IND,interest_payments_pct_revenue,2022,33.9761997637185
IND,interest_payments_pct_revenue,2018,23.011306254749
IND,interest_payments_pct_revenue,2017,24.2919368978606
IND,interest_payments_pct_revenue,2016,24.2105608843598
IND,interest_payments_pct_revenue,2015,25.2096176405981
IND,interest_payments_pct_revenue,2014,27.1850847623906
IND,interest_payments_pct_revenue,2013,25.6891578331182
IND,interest_payments_pct_revenue,2012,24.9086652545747
IND,interest_payments_pct_revenue,2011,22.8683894409753
IND,interest_payments_pct_revenue,2010,22.8257875283649
IND,bank_npl_pct_loans,2025,2.06283569455848
IND,bank_npl_pct_loans,2024,2.50044366571028
IND,bank_npl_pct_loans,2023,3.35890319602042
IND,bank_npl_pct_loans,2022,4.81188454630947
IND,bank_npl_pct_loans,2021,6.54245582956179
IND,bank_npl_pct_loans,2020,7.93883072465331
IND,bank_npl_pct_loans,2019,9.23442899080833
IND,bank_npl_pct_loans,2018,9.46095691207991
IND,bank_npl_pct_loans,2017,9.97528206363178
IND,bank_npl_pct_loans,2016,9.18565591814956
IND,bank_npl_pct_loans,2015,5.88352227400691
IND,bank_npl_pct_loans,2014,4.34584976316208
IND,bank_npl_pct_loans,2013,4.0277286350163
IND,bank_npl_pct_loans,2012,3.37395391664123
IND,bank_npl_pct_loans,2011,2.67019501469286
IND,private_credit_pct_gdp,2025,44.0250903358104
IND,private_credit_pct_gdp,2024,41.6079694330613
IND,private_credit_pct_gdp,2023,40.8940758962907
IND,private_credit_pct_gdp,2022,38.1859763563586
IND,private_credit_pct_gdp,2021,36.8920885102897
IND,private_credit_pct_gdp,2020,40.7867848551821
IND,private_credit_pct_gdp,2019,38.73794497616
IND,private_credit_pct_gdp,2018,38.8975254010362
IND,private_credit_pct_gdp,2017,38.1707138624147
IND,private_credit_pct_gdp,2016,38.2036507912231
IND,private_credit_pct_gdp,2015,51.8675240772049
IND,private_credit_pct_gdp,2014,51.8821873589628
IND,private_credit_pct_gdp,2013,52.385709516972
IND,private_credit_pct_gdp,2012,51.8885076473464
IND,private_credit_pct_gdp,2011,51.2892331325447
IND,private_credit_pct_gdp,2010,50.5553749785224
IND,exports_pct_gdp,2025,22.2630410669804
IND,exports_pct_gdp,2024,22.0639816354399
IND,exports_pct_gdp,2023,22.354801966733
IND,exports_pct_gdp,2022,24.0401716365956
IND,exports_pct_gdp,2021,21.3991583305515
IND,exports_pct_gdp,2020,18.6824769296756
IND,exports_pct_gdp,2019,18.664264897257
IND,exports_pct_gdp,2018,19.9278285988562
IND,exports_pct_gdp,2017,18.7917648392982
IND,exports_pct_gdp,2016,19.1582349105946
IND,exports_pct_gdp,2015,19.8131891564045
IND,exports_pct_gdp,2014,22.9679630081172
IND,exports_pct_gdp,2013,25.430861300519
IND,exports_pct_gdp,2012,24.534430661418
IND,exports_pct_gdp,2011,24.5404113195713
IND,exports_pct_gdp,2010,22.4009332487945
IND,imports_pct_gdp,2025,24.0051596190103
IND,imports_pct_gdp,2024,23.8527091324349
IND,imports_pct_gdp,2023,23.9681500915008
IND,imports_pct_gdp,2022,26.6577666392086
IND,imports_pct_gdp,2021,24.0239304534931
IND,imports_pct_gdp,2020,19.0756283996012
IND,imports_pct_gdp,2019,21.2411386333872
IND,imports_pct_gdp,2018,23.6891407335327
IND,imports_pct_gdp,2017,21.9507321152243
IND,imports_pct_gdp,2016,20.9242508026814
IND,imports_pct_gdp,2015,22.1097247094602
IND,imports_pct_gdp,2014,25.9542227389497
IND,imports_pct_gdp,2013,28.4132706461587
IND,imports_pct_gdp,2012,31.2592910673332
IND,imports_pct_gdp,2011,31.0834686939585
IND,imports_pct_gdp,2010,26.8542732486216
IND,fuel_exports_pct_merch_exports,2024,17.094437885147
IND,fuel_exports_pct_merch_exports,2023,20.7059082080863
IND,fuel_exports_pct_merch_exports,2022,21.7524651912837
IND,fuel_exports_pct_merch_exports,2021,14.2846592727887
IND,fuel_exports_pct_merch_exports,2020,10.0306929080613
IND,fuel_exports_pct_merch_exports,2019,13.7763501701928
IND,fuel_exports_pct_merch_exports,2018,15.06745126951
IND,fuel_exports_pct_merch_exports,2017,12.1859467424678
IND,fuel_exports_pct_merch_exports,2016,10.6421920620902
IND,fuel_exports_pct_merch_exports,2015,11.8719127202525
IND,fuel_exports_pct_merch_exports,2014,19.6340746160473
IND,fuel_exports_pct_merch_exports,2013,20.6668895706043
IND,fuel_exports_pct_merch_exports,2012,18.7788936146643
IND,fuel_exports_pct_merch_exports,2011,18.7585466086377
IND,fuel_exports_pct_merch_exports,2010,17.2296552495647
IND,food_imports_pct_merch_imports,2024,5.06115292488684
IND,food_imports_pct_merch_imports,2023,4.69913000107828
IND,food_imports_pct_merch_imports,2022,4.68745287929006
IND,food_imports_pct_merch_imports,2021,5.05246462548225
IND,food_imports_pct_merch_imports,2020,5.48565406020561
IND,food_imports_pct_merch_imports,2019,3.97304277623304
IND,food_imports_pct_merch_imports,2018,3.85218741928945
IND,food_imports_pct_merch_imports,2017,5.63841140503153
IND,food_imports_pct_merch_imports,2016,6.08873220309444
IND,food_imports_pct_merch_imports,2015,5.2439586896853
IND,food_imports_pct_merch_imports,2014,4.15851458783714
IND,food_imports_pct_merch_imports,2013,3.58128041095053
IND,food_imports_pct_merch_imports,2012,3.61415055311196
IND,food_imports_pct_merch_imports,2011,3.30798828495291
IND,food_imports_pct_merch_imports,2010,3.5188131716977
IND,remittances_pct_gdp,2025,3.80963193396421
IND,remittances_pct_gdp,2024,3.66076475144487
IND,remittances_pct_gdp,2023,3.41414633702944
IND,remittances_pct_gdp,2022,3.42227322133658
IND,remittances_pct_gdp,2021,2.82183503869842
IND,remittances_pct_gdp,2020,3.10855277353444
IND,remittances_pct_gdp,2019,2.93877465566923
IND,remittances_pct_gdp,2018,2.91499156006937
IND,remittances_pct_gdp,2017,2.60108787283474
IND,remittances_pct_gdp,2016,2.73420120455754
IND,remittances_pct_gdp,2015,3.27581644116736
IND,remittances_pct_gdp,2014,3.45190175872427
IND,remittances_pct_gdp,2013,3.76848981172284
IND,remittances_pct_gdp,2012,3.76554510581057
IND,remittances_pct_gdp,2011,3.42826651551382
IND,remittances_pct_gdp,2010,3.19166058450459
IND,fdi_net_inflows_pct_gdp,2025,0.988285383995246
IND,fdi_net_inflows_pct_gdp,2024,0.721648483526777
IND,fdi_net_inflows_pct_gdp,2023,0.802254995836756
IND,fdi_net_inflows_pct_gdp,2022,1.53665241748393
IND,fdi_net_inflows_pct_gdp,2021,1.41217101040888
IND,fdi_net_inflows_pct_gdp,2020,2.40620322673636
IND,fdi_net_inflows_pct_gdp,2019,1.78482633957161
IND,fdi_net_inflows_pct_gdp,2018,1.55821483801456
IND,fdi_net_inflows_pct_gdp,2017,1.50731583255894
IND,fdi_net_inflows_pct_gdp,2016,1.9373641224439
IND,fdi_net_inflows_pct_gdp,2015,2.09211521443253
IND,fdi_net_inflows_pct_gdp,2014,1.69565958990806
IND,fdi_net_inflows_pct_gdp,2013,1.5162764665975
IND,fdi_net_inflows_pct_gdp,2012,1.31293453035323
IND,fdi_net_inflows_pct_gdp,2011,2.0020634629993
IND,fdi_net_inflows_pct_gdp,2010,1.6350340943491
IND,unemployment_rate,2025,4.219
IND,unemployment_rate,2024,4.173
IND,unemployment_rate,2023,4.172
IND,unemployment_rate,2022,4.822
IND,unemployment_rate,2021,6.38
IND,unemployment_rate,2020,7.859
IND,unemployment_rate,2019,6.51
IND,unemployment_rate,2018,7.652
IND,unemployment_rate,2017,7.626
IND,unemployment_rate,2016,7.611
IND,unemployment_rate,2015,7.629
IND,unemployment_rate,2014,7.656
IND,unemployment_rate,2013,7.678
IND,unemployment_rate,2012,7.645
IND,unemployment_rate,2011,7.609
IND,unemployment_rate,2010,7.631
IRN,external_debt_pct_gni,2024,2.21280566524888
IRN,external_debt_pct_gni,2023,2.45280776346942
IRN,external_debt_pct_gni,2022,2.40236604365308
IRN,external_debt_pct_gni,2021,2.69987581539856
IRN,external_debt_pct_gni,2020,2.07575442854437
IRN,external_debt_pct_gni,2019,1.45553662774804
IRN,external_debt_pct_gni,2018,1.43997047778518
IRN,external_debt_pct_gni,2017,1.39231179104553
IRN,external_debt_pct_gni,2016,1.31827151241227
IRN,external_debt_pct_gni,2015,1.57653508272573
IRN,external_debt_pct_gni,2014,1.25206746599556
IRN,external_debt_pct_gni,2013,1.39260534305275
IRN,external_debt_pct_gni,2012,1.15421603802317
IRN,external_debt_pct_gni,2011,2.74169060239135
IRN,external_debt_pct_gni,2010,4.05805118001816
IRN,external_debt_service_pct_exports,2024,0.284993582584259
IRN,external_debt_service_pct_exports,2023,0.330603345807062
IRN,external_debt_service_pct_exports,2022,0.16238790229739
IRN,external_debt_service_pct_exports,2021,0.437279150549298
IRN,external_debt_service_pct_exports,2020,0.620288000844809
IRN,external_debt_service_pct_exports,2019,0.422613619880303
IRN,external_debt_service_pct_exports,2018,0.166737548283308
IRN,external_debt_service_pct_exports,2017,0.465745117802912
IRN,external_debt_service_pct_exports,2016,2.40297736270952
IRN,external_debt_service_pct_exports,2015,0.912017039120813
IRN,external_debt_service_pct_exports,2014,0.487614453122765
IRN,external_debt_service_pct_exports,2013,0.444173683773493
IRN,external_debt_service_pct_exports,2012,0.505689329536826
IRN,external_debt_service_pct_exports,2011,1.04203676500054
IRN,external_debt_service_pct_exports,2010,1.65816700398136
IRN,private_credit_pct_gdp,2016,57.8313383703997
IRN,private_credit_pct_gdp,2015,56.3719593551977
IRN,private_credit_pct_gdp,2014,48.9844792976358
IRN,private_credit_pct_gdp,2013,44.5964991335657
IRN,private_credit_pct_gdp,2012,49.6173234830957
IRN,private_credit_pct_gdp,2011,49.2475078971103
IRN,private_credit_pct_gdp,2010,52.0229498170448
IRN,exports_pct_gdp,2025,25.754375261588
IRN,exports_pct_gdp,2024,23.5514720983508
IRN,exports_pct_gdp,2023,23.9216475542357
IRN,exports_pct_gdp,2022,25.5666185174995
IRN,exports_pct_gdp,2021,22.0192078360416
IRN,exports_pct_gdp,2020,18.3903748639131
IRN,exports_pct_gdp,2019,22.3147082096412
IRN,exports_pct_gdp,2018,29.639694129412
IRN,exports_pct_gdp,2017,21.8329309946109
IRN,exports_pct_gdp,2016,20.3097816144481
IRN,exports_pct_gdp,2015,18.7208345068656
IRN,exports_pct_gdp,2014,22.8306723891643
IRN,exports_pct_gdp,2013,25.1829067419072
IRN,exports_pct_gdp,2012,22.4753001992586
IRN,exports_pct_gdp,2011,24.9333131264674
IRN,exports_pct_gdp,2010,24.399653282909
IRN,imports_pct_gdp,2025,34.4882471351587
IRN,imports_pct_gdp,2024,28.5106585810839
IRN,imports_pct_gdp,2023,25.4719025417845
IRN,imports_pct_gdp,2022,23.3517323048057
IRN,imports_pct_gdp,2021,20.6531717002195
IRN,imports_pct_gdp,2020,25.4940926265882
IRN,imports_pct_gdp,2019,26.2770630040625
IRN,imports_pct_gdp,2018,26.975655484871
IRN,imports_pct_gdp,2017,21.3227621437797
IRN,imports_pct_gdp,2016,19.5674601594385
IRN,imports_pct_gdp,2015,20.7017541543144
IRN,imports_pct_gdp,2014,22.5207477521518
IRN,imports_pct_gdp,2013,21.9038111775683
IRN,imports_pct_gdp,2012,21.6140464814866
IRN,imports_pct_gdp,2011,16.2861016653904
IRN,imports_pct_gdp,2010,19.3709904542309
IRN,fuel_exports_pct_merch_exports,2022,56.361512409332
IRN,fuel_exports_pct_merch_exports,2021,47.9119531286438
IRN,fuel_exports_pct_merch_exports,2020,29.1637868954392
IRN,fuel_exports_pct_merch_exports,2019,38.5316504652718
IRN,fuel_exports_pct_merch_exports,2018,68.6777337315966
IRN,fuel_exports_pct_merch_exports,2017,71.0578843095261
IRN,fuel_exports_pct_merch_exports,2016,67.5862230701503
IRN,fuel_exports_pct_merch_exports,2015,57.7930861182423
IRN,fuel_exports_pct_merch_exports,2014,67.7953155547417
IRN,fuel_exports_pct_merch_exports,2013,71.7172687320017
IRN,fuel_exports_pct_merch_exports,2011,70.5041242804763
IRN,fuel_exports_pct_merch_exports,2010,70.8018189413379
IRN,food_imports_pct_merch_imports,2022,29.4601700206271
IRN,food_imports_pct_merch_imports,2021,30.9322239984819
IRN,food_imports_pct_merch_imports,2020,26.7610078346309
IRN,food_imports_pct_merch_imports,2019,28.0531454667852
IRN,food_imports_pct_merch_imports,2018,25.5591386885995
IRN,food_imports_pct_merch_imports,2017,20.191545455076
IRN,food_imports_pct_merch_imports,2016,20.4927483499843
IRN,food_imports_pct_merch_imports,2015,22.4023283543476
IRN,food_imports_pct_merch_imports,2014,23.3835141856178
IRN,food_imports_pct_merch_imports,2013,27.1072781979137
IRN,food_imports_pct_merch_imports,2011,14.1303676502876
IRN,food_imports_pct_merch_imports,2010,15.2279504772143
IRN,fdi_net_inflows_pct_gdp,2024,0.304914200880697
IRN,fdi_net_inflows_pct_gdp,2023,0.310885408088419
IRN,fdi_net_inflows_pct_gdp,2022,0.354893288694741
IRN,fdi_net_inflows_pct_gdp,2021,0.34982143161472
IRN,fdi_net_inflows_pct_gdp,2020,0.47769170946132
IRN,fdi_net_inflows_pct_gdp,2019,0.433347777066285
IRN,fdi_net_inflows_pct_gdp,2018,0.576106085876311
IRN,fdi_net_inflows_pct_gdp,2017,0.983654956177998
IRN,fdi_net_inflows_pct_gdp,2016,0.70452835935243
IRN,fdi_net_inflows_pct_gdp,2015,0.500987695412685
IRN,fdi_net_inflows_pct_gdp,2014,0.45545387401938
IRN,fdi_net_inflows_pct_gdp,2013,0.609501593960532
IRN,fdi_net_inflows_pct_gdp,2012,0.723850091355471
IRN,fdi_net_inflows_pct_gdp,2011,0.679834574763516
IRN,fdi_net_inflows_pct_gdp,2010,0.74916862626536
IRN,unemployment_rate,2025,8.301
IRN,unemployment_rate,2024,8.146
IRN,unemployment_rate,2023,8.129
IRN,unemployment_rate,2022,9.085
IRN,unemployment_rate,2021,9.282
IRN,unemployment_rate,2020,9.687
IRN,unemployment_rate,2019,10.74
IRN,unemployment_rate,2018,12.195
IRN,unemployment_rate,2017,12.232
IRN,unemployment_rate,2016,12.618
IRN,unemployment_rate,2015,11.166
IRN,unemployment_rate,2014,10.68
IRN,unemployment_rate,2013,10.595
IRN,unemployment_rate,2012,12.275
IRN,unemployment_rate,2011,12.491
IRN,unemployment_rate,2010,13.679
IRQ,external_debt_pct_gni,2024,6.22639916968424
IRQ,external_debt_pct_gni,2023,7.52940734720434
IRQ,external_debt_pct_gni,2022,7.93319206853994
IRQ,external_debt_pct_gni,2021,12.2142568885482
IRQ,external_debt_pct_gni,2020,14.7009987283311
IRQ,external_debt_pct_gni,2019,11.8236722126954
IRQ,external_debt_pct_gni,2018,12.3208283081304
IRQ,external_debt_pct_gni,2017,15.1156613914556
IRQ,external_debt_pct_gni,2016,14.1379782009615
IRQ,external_debt_pct_gni,2015,11.579236426727
IRQ,external_debt_service_pct_exports,2024,2.95676245098624
IRQ,external_debt_service_pct_exports,2023,3.99250437979392
IRQ,external_debt_service_pct_exports,2022,3.61085455056792
IRQ,external_debt_service_pct_exports,2021,5.233179700008
IRQ,external_debt_service_pct_exports,2020,7.80172338370913
IRQ,external_debt_service_pct_exports,2019,2.99500628539015
IRQ,external_debt_service_pct_exports,2018,2.1555189552832
IRQ,external_debt_service_pct_exports,2017,2.28590905651489
IRQ,external_debt_service_pct_exports,2016,2.87715256580691
IRQ,external_debt_service_pct_exports,2015,3.33581373594627
IRQ,fiscal_balance_pct_gdp,2019,2.00239002556102
IRQ,fiscal_balance_pct_gdp,2018,9.42345626419899
IRQ,fiscal_balance_pct_gdp,2017,1.1424097451246
IRQ,fiscal_balance_pct_gdp,2016,-7.07317178167074
IRQ,fiscal_balance_pct_gdp,2015,-6.0108056585636
IRQ,fiscal_balance_pct_gdp,2014,-2.76458776609102
IRQ,interest_payments_pct_revenue,2019,0.00583314613158625
IRQ,interest_payments_pct_revenue,2018,5.25976313291939
IRQ,interest_payments_pct_revenue,2017,2.98770093498904
IRQ,interest_payments_pct_revenue,2016,2.58173133156506
IRQ,interest_payments_pct_revenue,2015,1.1007589716208
IRQ,interest_payments_pct_revenue,2014,0.682069765435531
IRQ,bank_npl_pct_loans,2024,16.5398134318878
IRQ,bank_npl_pct_loans,2023,14.66410619547
IRQ,bank_npl_pct_loans,2022,18.8458136272734
IRQ,bank_npl_pct_loans,2021,18.4925334294474
IRQ,bank_npl_pct_loans,2020,20.9715574138551
IRQ,bank_npl_pct_loans,2019,16.1814499695754
IRQ,bank_npl_pct_loans,2018,17.5475713444444
IRQ,bank_npl_pct_loans,2017,14.8402137701319
IRQ,bank_npl_pct_loans,2016,12.6888140404039
IRQ,bank_npl_pct_loans,2015,9.01708883873133
IRQ,private_credit_pct_gdp,2024,13.9914475902598
IRQ,private_credit_pct_gdp,2023,12.5518993190744
IRQ,private_credit_pct_gdp,2022,9.54125684121782
IRQ,private_credit_pct_gdp,2021,11.1956027502836
IRQ,private_credit_pct_gdp,2020,13.3148576834755
IRQ,private_credit_pct_gdp,2019,8.80896032816847
IRQ,private_credit_pct_gdp,2018,8.58001733266219
IRQ,private_credit_pct_gdp,2017,9.54983973287939
IRQ,private_credit_pct_gdp,2016,10.0766837568499
IRQ,private_credit_pct_gdp,2015,9.8758223889244
IRQ,private_credit_pct_gdp,2014,6.81429545062197
IRQ,private_credit_pct_gdp,2013,6.33564916159929
IRQ,private_credit_pct_gdp,2012,5.90755944993835
IRQ,private_credit_pct_gdp,2011,5.41445203995753
IRQ,private_credit_pct_gdp,2010,5.39309563014871
IRQ,exports_pct_gdp,2024,39.7635173537006
IRQ,exports_pct_gdp,2023,39.6312322400043
IRQ,exports_pct_gdp,2022,44.5259462145341
IRQ,exports_pct_gdp,2021,37.3216528340457
IRQ,exports_pct_gdp,2020,27.750277551257
IRQ,exports_pct_gdp,2019,38.0518681988838
IRQ,exports_pct_gdp,2018,40.8026420265318
IRQ,exports_pct_gdp,2017,33.9160634134979
IRQ,exports_pct_gdp,2016,28.1085236792986
IRQ,exports_pct_gdp,2015,34.5141464410956
IRQ,exports_pct_gdp,2014,38.9417264514779
IRQ,exports_pct_gdp,2013,39.6635365352026
IRQ,exports_pct_gdp,2012,44.5084353612381
IRQ,exports_pct_gdp,2011,44.4175230392819
IRQ,exports_pct_gdp,2010,39.41682921428
IRQ,imports_pct_gdp,2024,37.375421957139
IRQ,imports_pct_gdp,2023,29.8300885590124
IRQ,imports_pct_gdp,2022,24.2328478795559
IRQ,imports_pct_gdp,2021,24.1816154776761
IRQ,imports_pct_gdp,2020,29.992038843889
IRQ,imports_pct_gdp,2019,30.9380702213968
IRQ,imports_pct_gdp,2018,24.9991497435766
IRQ,imports_pct_gdp,2017,25.8648489788178
IRQ,imports_pct_gdp,2016,26.4797965093784
IRQ,imports_pct_gdp,2015,35.0776221572159
IRQ,imports_pct_gdp,2014,30.0407604054258
IRQ,imports_pct_gdp,2013,27.7464818743646
IRQ,imports_pct_gdp,2012,29.1002492300431
IRQ,imports_pct_gdp,2011,27.7538051840835
IRQ,imports_pct_gdp,2010,34.0806504059643
IRQ,fuel_exports_pct_merch_exports,2016,99.9864810010682
IRQ,fuel_exports_pct_merch_exports,2015,99.7872777592791
IRQ,fuel_exports_pct_merch_exports,2014,99.8860619088129
IRQ,fuel_exports_pct_merch_exports,2013,99.7968723357044
IRQ,fuel_exports_pct_merch_exports,2012,99.749740585093
IRQ,fuel_exports_pct_merch_exports,2011,99.7790725268102
IRQ,fuel_exports_pct_merch_exports,2010,99.7045850237878
IRQ,food_imports_pct_merch_imports,2014,7.1958972279023
IRQ,remittances_pct_gdp,2024,0.248997592822188
IRQ,remittances_pct_gdp,2023,0.432049782942699
IRQ,remittances_pct_gdp,2022,0.3822220371914
IRQ,remittances_pct_gdp,2021,0.400349187063478
IRQ,remittances_pct_gdp,2020,0.356221273355833
IRQ,remittances_pct_gdp,2019,0.367751391197373
IRQ,remittances_pct_gdp,2018,0.32621201403662
IRQ,remittances_pct_gdp,2017,0.581408826339015
IRQ,remittances_pct_gdp,2016,0.59156708260519
IRQ,remittances_pct_gdp,2015,0.602311731936043
IRQ,remittances_pct_gdp,2014,0.319330124832297
IRQ,remittances_pct_gdp,2013,0.309839415005032
IRQ,remittances_pct_gdp,2012,0.124310514637941
IRQ,remittances_pct_gdp,2011,0.120054052677278
IRQ,remittances_pct_gdp,2010,0.127565824992139
IRQ,fdi_net_inflows_pct_gdp,2024,-2.73525447039729
IRQ,fdi_net_inflows_pct_gdp,2023,-1.99474822313262
IRQ,fdi_net_inflows_pct_gdp,2022,-0.726653366772653
IRQ,fdi_net_inflows_pct_gdp,2021,-1.25770209772783
IRQ,fdi_net_inflows_pct_gdp,2020,-1.58049696252586
IRQ,fdi_net_inflows_pct_gdp,2019,-1.31640616709339
IRQ,fdi_net_inflows_pct_gdp,2018,-2.14854834807913
IRQ,fdi_net_inflows_pct_gdp,2017,-2.68799428357231
IRQ,fdi_net_inflows_pct_gdp,2016,-3.75180911604806
IRQ,fdi_net_inflows_pct_gdp,2015,-4.54159235443502
IRQ,fdi_net_inflows_pct_gdp,2014,-4.45521124532956
IRQ,fdi_net_inflows_pct_gdp,2013,-0.995279210263068
IRQ,fdi_net_inflows_pct_gdp,2012,1.55961531280073
IRQ,fdi_net_inflows_pct_gdp,2011,1.12086339764167
IRQ,fdi_net_inflows_pct_gdp,2010,1.00796493975113
IRQ,unemployment_rate,2025,15.485
IRQ,unemployment_rate,2024,15.293
IRQ,unemployment_rate,2023,15.239
IRQ,unemployment_rate,2022,15.41
IRQ,unemployment_rate,2021,16.173
IRQ,unemployment_rate,2020,15.766
IRQ,unemployment_rate,2019,14.096
IRQ,unemployment_rate,2018,13.458
IRQ,unemployment_rate,2017,13.02
IRQ,unemployment_rate,2016,10.82
IRQ,unemployment_rate,2015,10.865
IRQ,unemployment_rate,2014,10.59
IRQ,unemployment_rate,2013,9.222
IRQ,unemployment_rate,2012,7.965
IRQ,unemployment_rate,2011,8.193
IRQ,unemployment_rate,2010,8.267
ISR,fiscal_balance_pct_gdp,2024,-8.17662740232167
ISR,fiscal_balance_pct_gdp,2023,-5.25987663182486
ISR,fiscal_balance_pct_gdp,2022,0.171425191763849
ISR,fiscal_balance_pct_gdp,2021,-3.68726947366334
ISR,fiscal_balance_pct_gdp,2020,-10.7435823954351
ISR,fiscal_balance_pct_gdp,2019,-3.76841835224781
ISR,fiscal_balance_pct_gdp,2018,-3.50146044350588
ISR,fiscal_balance_pct_gdp,2017,-1.24892920960319
ISR,fiscal_balance_pct_gdp,2016,-1.89032436845042
ISR,fiscal_balance_pct_gdp,2015,-1.31274138688426
ISR,fiscal_balance_pct_gdp,2014,-2.27191838510074
ISR,fiscal_balance_pct_gdp,2013,-3.89223300164066
ISR,fiscal_balance_pct_gdp,2012,-4.46542414192741
ISR,fiscal_balance_pct_gdp,2011,-3.66965962799645
ISR,fiscal_balance_pct_gdp,2010,-3.94775250398531
ISR,interest_payments_pct_revenue,2024,9.41846467273048
ISR,interest_payments_pct_revenue,2023,9.0133461915012
ISR,interest_payments_pct_revenue,2022,9.73112216641699
ISR,interest_payments_pct_revenue,2021,8.20472787897771
ISR,interest_payments_pct_revenue,2020,6.19116301781715
ISR,interest_payments_pct_revenue,2019,6.45566676110216
ISR,interest_payments_pct_revenue,2018,7.19324332665917
ISR,interest_payments_pct_revenue,2017,6.23249250988448
ISR,interest_payments_pct_revenue,2016,6.26518904660342
ISR,interest_payments_pct_revenue,2015,6.10841905983519
ISR,interest_payments_pct_revenue,2014,7.17029754497307
ISR,interest_payments_pct_revenue,2013,10.3732727667444
ISR,interest_payments_pct_revenue,2012,10.7937506314723
ISR,interest_payments_pct_revenue,2011,11.9221448754195
ISR,interest_payments_pct_revenue,2010,11.9768235748665
ISR,bank_npl_pct_loans,2024,0.721349952547698
ISR,bank_npl_pct_loans,2023,0.971523456197714
ISR,bank_npl_pct_loans,2022,0.711449035516496
ISR,bank_npl_pct_loans,2021,1.05034256985074
ISR,bank_npl_pct_loans,2020,1.3749571925134
ISR,bank_npl_pct_loans,2019,1.38801645888401
ISR,bank_npl_pct_loans,2018,1.21092611547296
ISR,bank_npl_pct_loans,2017,1.29067074436065
ISR,bank_npl_pct_loans,2016,1.6065430145001
ISR,bank_npl_pct_loans,2015,1.8448062230203
ISR,bank_npl_pct_loans,2014,2.16639379251708
ISR,bank_npl_pct_loans,2013,2.90140768348366
ISR,bank_npl_pct_loans,2012,3.45440510625779
ISR,private_credit_pct_gdp,2025,72.4743806692902
ISR,private_credit_pct_gdp,2024,69.5099804468565
ISR,private_credit_pct_gdp,2023,69.3907873036217
ISR,private_credit_pct_gdp,2022,70.1452401316966
ISR,private_credit_pct_gdp,2021,69.2009240511496
ISR,private_credit_pct_gdp,2020,67.9389454861554
ISR,private_credit_pct_gdp,2019,64.6830724126458
ISR,private_credit_pct_gdp,2018,65.6306954870958
ISR,private_credit_pct_gdp,2017,64.8424704014193
ISR,private_credit_pct_gdp,2016,64.9008451275146
ISR,private_credit_pct_gdp,2015,65.8537521095593
ISR,private_credit_pct_gdp,2014,65.0728810341114
ISR,private_credit_pct_gdp,2013,64.7680421108357
ISR,private_credit_pct_gdp,2012,66.3710636674816
ISR,private_credit_pct_gdp,2011,67.4637001049575
ISR,private_credit_pct_gdp,2010,67.0209708441445
ISR,exports_pct_gdp,2025,27.5583636636004
ISR,exports_pct_gdp,2024,28.399007008222
ISR,exports_pct_gdp,2023,30.3284744013966
ISR,exports_pct_gdp,2022,31.3653023276254
ISR,exports_pct_gdp,2021,28.8185860359887
ISR,exports_pct_gdp,2020,27.1546338087038
ISR,exports_pct_gdp,2019,29.0853955837603
ISR,exports_pct_gdp,2018,29.7580333991368
ISR,exports_pct_gdp,2017,29.0661275196759
ISR,exports_pct_gdp,2016,29.7752716268816
ISR,exports_pct_gdp,2015,30.9258891134922
ISR,exports_pct_gdp,2014,31.5531969734526
ISR,exports_pct_gdp,2013,32.8527519137225
ISR,exports_pct_gdp,2012,34.7734390454533
ISR,exports_pct_gdp,2011,34.2274243361125
ISR,exports_pct_gdp,2010,33.5712633456599
ISR,imports_pct_gdp,2025,25.4308527107197
ISR,imports_pct_gdp,2024,25.9832493695112
ISR,imports_pct_gdp,2023,27.6493079272484
ISR,imports_pct_gdp,2022,29.2705404990247
ISR,imports_pct_gdp,2021,25.9998176202801
ISR,imports_pct_gdp,2020,23.9857646464416
ISR,imports_pct_gdp,2019,27.442766261022
ISR,imports_pct_gdp,2018,29.1153679363257
ISR,imports_pct_gdp,2017,27.3858098637803
ISR,imports_pct_gdp,2016,28.1780335374756
ISR,imports_pct_gdp,2015,28.0942665991862
ISR,imports_pct_gdp,2014,30.2858558244869
ISR,imports_pct_gdp,2013,31.374418442059
ISR,imports_pct_gdp,2012,35.3024648732099
ISR,imports_pct_gdp,2011,34.7735478331397
ISR,imports_pct_gdp,2010,32.1457670493261
ISR,fuel_exports_pct_merch_exports,2022,5.31969619319333
ISR,fuel_exports_pct_merch_exports,2019,2.05400326279715
ISR,fuel_exports_pct_merch_exports,2018,2.26461032824839
ISR,fuel_exports_pct_merch_exports,2017,1.43726242593619
ISR,fuel_exports_pct_merch_exports,2016,1.38774761271954
ISR,fuel_exports_pct_merch_exports,2015,0.791842717525683
ISR,fuel_exports_pct_merch_exports,2014,1.14301444001863
ISR,fuel_exports_pct_merch_exports,2013,1.57983966956452
ISR,fuel_exports_pct_merch_exports,2012,1.70032816426379
ISR,fuel_exports_pct_merch_exports,2011,0.971529018503775
ISR,fuel_exports_pct_merch_exports,2010,0.86528471011638
ISR,food_imports_pct_merch_imports,2024,10.5547207249929
ISR,food_imports_pct_merch_imports,2023,9.99506959636049
ISR,food_imports_pct_merch_imports,2022,9.36066373895247
ISR,food_imports_pct_merch_imports,2021,9.42348713145627
ISR,food_imports_pct_merch_imports,2020,10.053818979815
ISR,food_imports_pct_merch_imports,2019,8.73662822514067
ISR,food_imports_pct_merch_imports,2018,8.41916293079596
ISR,food_imports_pct_merch_imports,2017,8.74423157968572
ISR,food_imports_pct_merch_imports,2016,8.43285851538021
ISR,food_imports_pct_merch_imports,2015,8.42692831263779
ISR,food_imports_pct_merch_imports,2014,7.72744981528175
ISR,food_imports_pct_merch_imports,2013,7.48405216127304
ISR,food_imports_pct_merch_imports,2012,7.10744517185122
ISR,food_imports_pct_merch_imports,2011,7.24344911239348
ISR,food_imports_pct_merch_imports,2010,7.33456393323271
ISR,remittances_pct_gdp,2025,0.190691265832484
ISR,remittances_pct_gdp,2024,0.175608930307742
ISR,remittances_pct_gdp,2023,0.19285405864081
ISR,remittances_pct_gdp,2022,0.240917993734642
ISR,remittances_pct_gdp,2021,0.251176646676986
ISR,remittances_pct_gdp,2020,0.25132091340091
ISR,remittances_pct_gdp,2019,0.238823006229779
ISR,remittances_pct_gdp,2018,0.272085346668133
ISR,remittances_pct_gdp,2017,0.277366726637417
ISR,remittances_pct_gdp,2016,0.300046136097047
ISR,remittances_pct_gdp,2015,0.28169880037588
ISR,remittances_pct_gdp,2014,0.273239026232895
ISR,remittances_pct_gdp,2013,0.256605266557541
ISR,remittances_pct_gdp,2012,0.26024794777004
ISR,remittances_pct_gdp,2011,0.222081660467562
ISR,remittances_pct_gdp,2010,0.238748873153953
ISR,fdi_net_inflows_pct_gdp,2025,4.29339412127743
ISR,fdi_net_inflows_pct_gdp,2024,2.7251194069041
ISR,fdi_net_inflows_pct_gdp,2023,3.14968991459396
ISR,fdi_net_inflows_pct_gdp,2022,4.35745092445992
ISR,fdi_net_inflows_pct_gdp,2021,3.86941902029446
ISR,fdi_net_inflows_pct_gdp,2020,5.10300458684
ISR,fdi_net_inflows_pct_gdp,2019,4.34923898223678
ISR,fdi_net_inflows_pct_gdp,2018,5.73001193313582
ISR,fdi_net_inflows_pct_gdp,2017,4.72701516315835
ISR,fdi_net_inflows_pct_gdp,2016,3.73360294740648
ISR,fdi_net_inflows_pct_gdp,2015,3.7432820780929
ISR,fdi_net_inflows_pct_gdp,2014,1.92409260277085
ISR,fdi_net_inflows_pct_gdp,2013,3.9732882944923
ISR,fdi_net_inflows_pct_gdp,2012,3.42638899025665
ISR,fdi_net_inflows_pct_gdp,2011,3.23187455100204
ISR,fdi_net_inflows_pct_gdp,2010,2.91791645550029
ISR,unemployment_rate,2025,3.489
ISR,unemployment_rate,2024,3.595
ISR,unemployment_rate,2023,3.371
ISR,unemployment_rate,2022,3.695
ISR,unemployment_rate,2021,4.812
ISR,unemployment_rate,2020,4.169
ISR,unemployment_rate,2019,3.731
ISR,unemployment_rate,2018,3.917
ISR,unemployment_rate,2017,4.14
ISR,unemployment_rate,2016,4.723
ISR,unemployment_rate,2015,5.176
ISR,unemployment_rate,2014,5.789
ISR,unemployment_rate,2013,6.137
ISR,unemployment_rate,2012,6.762
ISR,unemployment_rate,2011,7.139
ISR,unemployment_rate,2010,8.48
JOR,external_debt_pct_gni,2024,90.1349716229773
JOR,external_debt_pct_gni,2023,87.8712529400758
JOR,external_debt_pct_gni,2022,85.3105835968273
JOR,external_debt_pct_gni,2021,90.649566277089
JOR,external_debt_pct_gni,2020,87.2903094132487
JOR,external_debt_pct_gni,2019,75.2477556467505
JOR,external_debt_pct_gni,2018,73.9512312696322
JOR,external_debt_pct_gni,2017,72.5857469158017
JOR,external_debt_pct_gni,2016,68.4833967118955
JOR,external_debt_pct_gni,2015,67.0927641139484
JOR,external_debt_pct_gni,2014,66.2217873926144
JOR,external_debt_pct_gni,2013,67.4266385860852
JOR,external_debt_pct_gni,2012,58.5598260044692
JOR,external_debt_pct_gni,2011,59.7339174529003
JOR,external_debt_pct_gni,2010,62.7590806656665
JOR,external_debt_service_pct_exports,2024,18.1501287979427
JOR,external_debt_service_pct_exports,2023,16.2393218106271
JOR,external_debt_service_pct_exports,2022,23.1153007808048
JOR,external_debt_service_pct_exports,2021,21.3934366564588
JOR,external_debt_service_pct_exports,2020,27.3626006953401
JOR,external_debt_service_pct_exports,2019,19.2145322382441
JOR,external_debt_service_pct_exports,2018,13.9594674109825
JOR,external_debt_service_pct_exports,2017,12.3017188255286
JOR,external_debt_service_pct_exports,2016,17.1503390780725
JOR,external_debt_service_pct_exports,2015,14.1388961326861
JOR,external_debt_service_pct_exports,2014,8.10709321682764
JOR,external_debt_service_pct_exports,2013,6.17182141088357
JOR,external_debt_service_pct_exports,2012,6.29930345834037
JOR,external_debt_service_pct_exports,2011,6.4642364896789
JOR,external_debt_service_pct_exports,2010,5.78863929536448
JOR,fiscal_balance_pct_gdp,2023,-4.66827853191258
JOR,fiscal_balance_pct_gdp,2022,-4.08689940330163
JOR,fiscal_balance_pct_gdp,2021,-4.80742733036063
JOR,fiscal_balance_pct_gdp,2020,-6.41257752135669
JOR,fiscal_balance_pct_gdp,2019,-3.06446338341822
JOR,fiscal_balance_pct_gdp,2018,-1.35364428030006
JOR,fiscal_balance_pct_gdp,2017,-2.31176425527591
JOR,fiscal_balance_pct_gdp,2016,-2.83247267504487
JOR,fiscal_balance_pct_gdp,2015,-3.0787605555191
JOR,fiscal_balance_pct_gdp,2014,-2.02745525352398
JOR,fiscal_balance_pct_gdp,2013,-4.90217813607205
JOR,fiscal_balance_pct_gdp,2012,-7.37078316999822
JOR,fiscal_balance_pct_gdp,2011,-5.96601271382941
JOR,fiscal_balance_pct_gdp,2010,-4.40310276140482
JOR,interest_payments_pct_revenue,2023,18.6224545593736
JOR,interest_payments_pct_revenue,2022,16.0152568992596
JOR,interest_payments_pct_revenue,2021,17.2660064885933
JOR,interest_payments_pct_revenue,2020,17.6884007454936
JOR,interest_payments_pct_revenue,2019,14.357195362573
JOR,interest_payments_pct_revenue,2018,12.3819504376772
JOR,interest_payments_pct_revenue,2017,11.529655766848
JOR,interest_payments_pct_revenue,2016,11.8139640149372
JOR,interest_payments_pct_revenue,2015,13.4632079219575
JOR,interest_payments_pct_revenue,2014,12.7414827453355
JOR,interest_payments_pct_revenue,2013,12.7891227339029
JOR,interest_payments_pct_revenue,2012,11.5347328017727
JOR,interest_payments_pct_revenue,2011,7.9332828460075
JOR,interest_payments_pct_revenue,2010,8.52510348081584
JOR,bank_npl_pct_loans,2024,6.87176811886602
JOR,bank_npl_pct_loans,2023,6.87127591284335
JOR,bank_npl_pct_loans,2022,6.6438175929575
JOR,bank_npl_pct_loans,2021,6.88453603146426
JOR,bank_npl_pct_loans,2020,7.35555327380676
JOR,bank_npl_pct_loans,2019,6.39996915255515
JOR,bank_npl_pct_loans,2018,6.13811537990142
JOR,bank_npl_pct_loans,2017,5.8128379824152
JOR,bank_npl_pct_loans,2016,6.05077425280183
JOR,bank_npl_pct_loans,2015,5.94308584863942
JOR,private_credit_pct_gdp,2025,71.3096159349229
JOR,private_credit_pct_gdp,2024,72.9559938224227
JOR,private_credit_pct_gdp,2023,74.475322197422
JOR,private_credit_pct_gdp,2022,76.7539131295227
JOR,private_credit_pct_gdp,2021,74.8391598670023
JOR,private_credit_pct_gdp,2020,75.7972888196971
JOR,private_credit_pct_gdp,2019,70.3588331315482
JOR,private_credit_pct_gdp,2018,69.1408952155216
JOR,private_credit_pct_gdp,2017,68.0683900951146
JOR,private_credit_pct_gdp,2016,64.7882043978307
JOR,private_credit_pct_gdp,2015,60.720435831105
JOR,private_credit_pct_gdp,2014,60.5995603657342
JOR,private_credit_pct_gdp,2013,64.1605568285298
JOR,private_credit_pct_gdp,2012,64.7040806138676
JOR,private_credit_pct_gdp,2011,64.9687824263859
JOR,private_credit_pct_gdp,2010,64.0144083027316
JOR,fuel_exports_pct_merch_exports,2024,0.264858580668078
JOR,fuel_exports_pct_merch_exports,2023,0.498739629336105
JOR,fuel_exports_pct_merch_exports,2022,0.917109884625019
JOR,fuel_exports_pct_merch_exports,2021,0.706962713297216
JOR,fuel_exports_pct_merch_exports,2020,1.33182496918067
JOR,fuel_exports_pct_merch_exports,2019,2.03314518398133
JOR,fuel_exports_pct_merch_exports,2018,1.71392273426769
JOR,fuel_exports_pct_merch_exports,2017,0.123590689364973
JOR,fuel_exports_pct_merch_exports,2016,0.104709249071117
JOR,fuel_exports_pct_merch_exports,2015,0.120929763386295
JOR,fuel_exports_pct_merch_exports,2014,0.167919629735253
JOR,fuel_exports_pct_merch_exports,2013,0.173899859349714
JOR,fuel_exports_pct_merch_exports,2012,0.282058142253294
JOR,fuel_exports_pct_merch_exports,2011,0.184803898952021
JOR,fuel_exports_pct_merch_exports,2010,1.07702929489453
JOR,food_imports_pct_merch_imports,2024,20.6701222463335
JOR,food_imports_pct_merch_imports,2023,20.1760819152798
JOR,food_imports_pct_merch_imports,2022,21.2018889672992
JOR,food_imports_pct_merch_imports,2021,21.0315876504526
JOR,food_imports_pct_merch_imports,2020,23.8505677549977
JOR,food_imports_pct_merch_imports,2019,19.5154893784339
JOR,food_imports_pct_merch_imports,2018,18.9063968497975
JOR,food_imports_pct_merch_imports,2017,18.6700700543504
JOR,food_imports_pct_merch_imports,2016,21.0973767983218
JOR,food_imports_pct_merch_imports,2015,18.9454290328943
JOR,food_imports_pct_merch_imports,2014,17.7724667290356
JOR,food_imports_pct_merch_imports,2013,17.1295421487715
JOR,food_imports_pct_merch_imports,2012,17.3865465659055
JOR,food_imports_pct_merch_imports,2011,16.1062196225209
JOR,food_imports_pct_merch_imports,2010,16.2262641619845
JOR,remittances_pct_gdp,2024,7.55927870742229
JOR,remittances_pct_gdp,2023,7.76858564852626
JOR,remittances_pct_gdp,2022,8.91675179878051
JOR,remittances_pct_gdp,2021,10.0035867297427
JOR,remittances_pct_gdp,2020,10.0541975196234
JOR,remittances_pct_gdp,2019,9.38334460357812
JOR,remittances_pct_gdp,2018,9.42740941956724
JOR,remittances_pct_gdp,2017,9.73297910366162
JOR,remittances_pct_gdp,2016,10.0132712596055
JOR,remittances_pct_gdp,2015,12.6157089214122
JOR,remittances_pct_gdp,2014,15.714081206619
JOR,remittances_pct_gdp,2013,14.107057003016
JOR,remittances_pct_gdp,2012,11.041223056681
JOR,remittances_pct_gdp,2011,11.2864912876408
JOR,remittances_pct_gdp,2010,11.9954471861487
JOR,fdi_net_inflows_pct_gdp,2024,2.78862682935517
JOR,fdi_net_inflows_pct_gdp,2023,3.57486440635924
JOR,fdi_net_inflows_pct_gdp,2022,1.79856207883079
JOR,fdi_net_inflows_pct_gdp,2021,1.22641995478769
JOR,fdi_net_inflows_pct_gdp,2020,1.58617483665323
JOR,fdi_net_inflows_pct_gdp,2019,1.50023479065386
JOR,fdi_net_inflows_pct_gdp,2018,2.01309678009089
JOR,fdi_net_inflows_pct_gdp,2017,4.45743038303198
JOR,fdi_net_inflows_pct_gdp,2016,3.554614581726
JOR,fdi_net_inflows_pct_gdp,2015,3.77477904735167
JOR,fdi_net_inflows_pct_gdp,2014,5.37423314588782
JOR,fdi_net_inflows_pct_gdp,2013,5.1397527233423
JOR,fdi_net_inflows_pct_gdp,2012,4.4426748997237
JOR,fdi_net_inflows_pct_gdp,2011,4.5528280155948
JOR,fdi_net_inflows_pct_gdp,2010,5.59019642688163
JOR,unemployment_rate,2025,16.535
JOR,unemployment_rate,2024,16.693
JOR,unemployment_rate,2023,16.62
JOR,unemployment_rate,2022,18.2
JOR,unemployment_rate,2021,19.837
JOR,unemployment_rate,2020,19.213
JOR,unemployment_rate,2019,16.801
JOR,unemployment_rate,2018,18.257
JOR,unemployment_rate,2017,18.12
JOR,unemployment_rate,2016,15.275
JOR,unemployment_rate,2015,13.075
JOR,unemployment_rate,2014,11.9
JOR,unemployment_rate,2013,12.6
JOR,unemployment_rate,2012,12.2
JOR,unemployment_rate,2011,12.9
JOR,unemployment_rate,2010,12.5
KWT,bank_npl_pct_loans,2025,1.39809991865149
KWT,bank_npl_pct_loans,2024,1.53571132275835
KWT,bank_npl_pct_loans,2023,1.42363947712583
KWT,bank_npl_pct_loans,2022,1.41104352584751
KWT,bank_npl_pct_loans,2021,1.35921924143798
KWT,bank_npl_pct_loans,2020,2.0074652483311
KWT,bank_npl_pct_loans,2019,1.77656821835007
KWT,bank_npl_pct_loans,2018,1.62349995163983
KWT,bank_npl_pct_loans,2017,1.94939026221768
KWT,bank_npl_pct_loans,2016,2.22496479931359
KWT,bank_npl_pct_loans,2015,2.371720288643
KWT,bank_npl_pct_loans,2014,2.89041261906889
KWT,bank_npl_pct_loans,2013,3.64034786311307
KWT,bank_npl_pct_loans,2012,5.19116857201251
KWT,bank_npl_pct_loans,2011,6.98424741091625
KWT,bank_npl_pct_loans,2010,8.95258546965769
KWT,private_credit_pct_gdp,2025,4.92218063765765
KWT,private_credit_pct_gdp,2019,91.9570581282983
KWT,private_credit_pct_gdp,2018,90.6280713315415
KWT,private_credit_pct_gdp,2017,98.699107218372
KWT,private_credit_pct_gdp,2016,105.186812834562
KWT,private_credit_pct_gdp,2015,98.5107903934076
KWT,private_credit_pct_gdp,2014,67.6407157377814
KWT,private_credit_pct_gdp,2013,59.751887354111
KWT,private_credit_pct_gdp,2012,55.7433682729455
KWT,private_credit_pct_gdp,2011,60.8062581893838
KWT,private_credit_pct_gdp,2010,74.6393830657528
KWT,exports_pct_gdp,2024,55.7559768271522
KWT,exports_pct_gdp,2023,57.702062317436
KWT,exports_pct_gdp,2022,60.4485945316523
KWT,exports_pct_gdp,2021,51.725692658617
KWT,exports_pct_gdp,2020,43.7131472290911
KWT,exports_pct_gdp,2019,52.0582560763879
KWT,exports_pct_gdp,2018,57.311462753412
KWT,exports_pct_gdp,2017,51.1963155925274
KWT,exports_pct_gdp,2016,47.632285262531
KWT,exports_pct_gdp,2015,53.7653724505163
KWT,exports_pct_gdp,2014,68.5055251263225
KWT,exports_pct_gdp,2013,70.8610179890485
KWT,exports_pct_gdp,2012,74.7318371141504
KWT,exports_pct_gdp,2011,73.2176749998524
KWT,exports_pct_gdp,2010,66.6735112696735
KWT,imports_pct_gdp,2024,38.2349394412597
KWT,imports_pct_gdp,2023,38.3322886518802
KWT,imports_pct_gdp,2022,30.4702156706902
KWT,imports_pct_gdp,2021,30.2746825189716
KWT,imports_pct_gdp,2020,38.2993629002141
KWT,imports_pct_gdp,2019,39.6274563132075
KWT,imports_pct_gdp,2018,45.4741679015879
KWT,imports_pct_gdp,2017,46.6437308648816
KWT,imports_pct_gdp,2016,48.5253871133306
KWT,imports_pct_gdp,2015,44.9346159950322
KWT,imports_pct_gdp,2014,31.5316647155213
KWT,imports_pct_gdp,2013,26.7444733437666
KWT,imports_pct_gdp,2012,26.2795979898817
KWT,imports_pct_gdp,2011,25.8988177648389
KWT,imports_pct_gdp,2010,30.3545103903329
KWT,fuel_exports_pct_merch_exports,2024,90.7321487415169
KWT,fuel_exports_pct_merch_exports,2023,95.5164366055485
KWT,fuel_exports_pct_merch_exports,2022,96.0382613795238
KWT,fuel_exports_pct_merch_exports,2021,94.6305212160108
KWT,fuel_exports_pct_merch_exports,2020,92.8791686402667
KWT,fuel_exports_pct_merch_exports,2019,94.3677444960455
KWT,fuel_exports_pct_merch_exports,2018,90.8951500827978
KWT,fuel_exports_pct_merch_exports,2017,93.5741930367838
KWT,fuel_exports_pct_merch_exports,2016,92.7391106201563
KWT,fuel_exports_pct_merch_exports,2015,92.4993007083526
KWT,fuel_exports_pct_merch_exports,2014,95.2169457886681
KWT,fuel_exports_pct_merch_exports,2013,94.2171787337716
KWT,fuel_exports_pct_merch_exports,2011,94.8418724155951
KWT,fuel_exports_pct_merch_exports,2010,92.7518711482029
KWT,food_imports_pct_merch_imports,2024,17.4893557712884
KWT,food_imports_pct_merch_imports,2023,17.1095766003205
KWT,food_imports_pct_merch_imports,2022,17.6971081288462
KWT,food_imports_pct_merch_imports,2021,16.6311056148886
KWT,food_imports_pct_merch_imports,2020,20.0546775083583
KWT,food_imports_pct_merch_imports,2019,16.4863798431681
KWT,food_imports_pct_merch_imports,2018,15.0275119616334
KWT,food_imports_pct_merch_imports,2017,15.0544741071025
KWT,food_imports_pct_merch_imports,2016,15.004038165898
KWT,food_imports_pct_merch_imports,2015,15.84483374297
KWT,food_imports_pct_merch_imports,2014,15.6160360140515
KWT,food_imports_pct_merch_imports,2013,14.9606134655017
KWT,food_imports_pct_merch_imports,2011,16.7984035196711
KWT,food_imports_pct_merch_imports,2010,15.3224711592641
KWT,remittances_pct_gdp,2025,0.0152218774761316
KWT,remittances_pct_gdp,2024,0.0126724401949546
KWT,remittances_pct_gdp,2023,0.012863053545085
KWT,remittances_pct_gdp,2022,0.012043935758368
KWT,remittances_pct_gdp,2021,0.543748747830022
KWT,remittances_pct_gdp,2020,0.0202777033196997
KWT,remittances_pct_gdp,2019,0.0182457990225804
KWT,remittances_pct_gdp,2018,0.019990714304128
KWT,remittances_pct_gdp,2017,0.0190175282150974
KWT,remittances_pct_gdp,2016,0.00364924971693513
KWT,remittances_pct_gdp,2015,0.0299042006859653
KWT,remittances_pct_gdp,2014,0.00236059435558128
KWT,remittances_pct_gdp,2013,0.00242551112501154
KWT,remittances_pct_gdp,2012,0.00150181243219968
KWT,remittances_pct_gdp,2011,0.00365845519616473
KWT,remittances_pct_gdp,2010,0.00416589010888859
KWT,fdi_net_inflows_pct_gdp,2025,0.262764598716339
KWT,fdi_net_inflows_pct_gdp,2024,0.381956730773215
KWT,fdi_net_inflows_pct_gdp,2023,1.277994317906
KWT,fdi_net_inflows_pct_gdp,2022,0.409943823254394
KWT,fdi_net_inflows_pct_gdp,2021,-0.183575378772919
KWT,fdi_net_inflows_pct_gdp,2020,-0.502546857177858
KWT,fdi_net_inflows_pct_gdp,2019,0.366059041832984
KWT,fdi_net_inflows_pct_gdp,2018,-0.0154187787915342
KWT,fdi_net_inflows_pct_gdp,2017,0.0936402094114043
KWT,fdi_net_inflows_pct_gdp,2016,0.266918369047007
KWT,fdi_net_inflows_pct_gdp,2015,0.248414926379679
KWT,fdi_net_inflows_pct_gdp,2014,0.298681408941651
KWT,fdi_net_inflows_pct_gdp,2013,0.823130244872496
KWT,fdi_net_inflows_pct_gdp,2012,1.65046109668041
KWT,fdi_net_inflows_pct_gdp,2011,2.11573865053541
KWT,fdi_net_inflows_pct_gdp,2010,1.13036730425536
KWT,unemployment_rate,2025,2.181
KWT,unemployment_rate,2024,2.151
KWT,unemployment_rate,2023,2.08
KWT,unemployment_rate,2022,2.133
KWT,unemployment_rate,2021,2.97
KWT,unemployment_rate,2020,3.489
KWT,unemployment_rate,2019,2.213
KWT,unemployment_rate,2018,2.202
KWT,unemployment_rate,2017,2.23
KWT,unemployment_rate,2016,2.16
KWT,unemployment_rate,2015,2.2
KWT,unemployment_rate,2014,2.9
KWT,unemployment_rate,2013,2.465
KWT,unemployment_rate,2012,2.227
KWT,unemployment_rate,2011,2.051
KWT,unemployment_rate,2010,1.82
LBN,external_debt_pct_gni,2023,331.649550570327
LBN,external_debt_pct_gni,2022,332.863673499917
LBN,external_debt_pct_gni,2021,315.096531734783
LBN,external_debt_pct_gni,2020,224.448215097537
LBN,external_debt_pct_gni,2019,146.775884819801
LBN,external_debt_pct_gni,2018,148.119523422157
LBN,external_debt_pct_gni,2017,140.460273460979
LBN,external_debt_pct_gni,2016,138.137224788322
LBN,external_debt_pct_gni,2015,138.063603594415
LBN,external_debt_pct_gni,2014,135.672761134402
LBN,external_debt_pct_gni,2013,133.127238280872
LBN,external_debt_pct_gni,2012,127.212482591364
LBN,external_debt_pct_gni,2011,125.151296416081
LBN,external_debt_pct_gni,2010,126.083961601732
LBN,external_debt_service_pct_exports,2024,21.04734596175
LBN,external_debt_service_pct_exports,2023,34.5013159000827
LBN,external_debt_service_pct_exports,2022,28.706787657861
LBN,external_debt_service_pct_exports,2021,62.5191968683911
LBN,external_debt_service_pct_exports,2020,106.628056218762
LBN,external_debt_service_pct_exports,2019,80.2871194501338
LBN,external_debt_service_pct_exports,2018,72.5885880285532
LBN,external_debt_service_pct_exports,2017,70.1284307070546
LBN,external_debt_service_pct_exports,2016,65.5249903674778
LBN,external_debt_service_pct_exports,2015,58.6847226123087
LBN,external_debt_service_pct_exports,2014,56.8710153226803
LBN,external_debt_service_pct_exports,2013,50.2454947494857
LBN,external_debt_service_pct_exports,2012,51.7781580627129
LBN,external_debt_service_pct_exports,2011,47.8987074251357
LBN,external_debt_service_pct_exports,2010,46.241965839348
LBN,fiscal_balance_pct_gdp,2024,1.18573055578612
LBN,fiscal_balance_pct_gdp,2021,0.485686595313729
LBN,fiscal_balance_pct_gdp,2020,-3.6424213971647
LBN,fiscal_balance_pct_gdp,2019,-11.0772324117179
LBN,fiscal_balance_pct_gdp,2018,-11.8428379569845
LBN,fiscal_balance_pct_gdp,2017,-7.48504178762739
LBN,fiscal_balance_pct_gdp,2016,-9.26207163263294
LBN,fiscal_balance_pct_gdp,2015,-6.94732377898407
LBN,fiscal_balance_pct_gdp,2014,-8.22876236898969
LBN,fiscal_balance_pct_gdp,2013,-10.0510592391527
LBN,fiscal_balance_pct_gdp,2012,-8.6185546928297
LBN,fiscal_balance_pct_gdp,2011,-6.44392893285082
LBN,fiscal_balance_pct_gdp,2010,-7.50285701526297
LBN,interest_payments_pct_revenue,2024,5.41741607517506
LBN,interest_payments_pct_revenue,2021,13.5908223351618
LBN,interest_payments_pct_revenue,2020,20.9997791131216
LBN,interest_payments_pct_revenue,2019,50.8253324134478
LBN,interest_payments_pct_revenue,2018,49.9797571834916
LBN,interest_payments_pct_revenue,2017,45.6964156272407
LBN,interest_payments_pct_revenue,2016,50.8354703631747
LBN,interest_payments_pct_revenue,2015,50.4264077449651
LBN,interest_payments_pct_revenue,2014,43.6457993768457
LBN,interest_payments_pct_revenue,2013,43.6635615433405
LBN,interest_payments_pct_revenue,2012,41.2318572302857
LBN,interest_payments_pct_revenue,2011,42.9581798153986
LBN,interest_payments_pct_revenue,2010,50.5047648430001
LBN,bank_npl_pct_loans,2019,15.1937984496124
LBN,bank_npl_pct_loans,2018,10.2547809247156
LBN,bank_npl_pct_loans,2017,5.66619233797732
LBN,bank_npl_pct_loans,2016,4.87908375643174
LBN,bank_npl_pct_loans,2015,4.19528483569965
LBN,bank_npl_pct_loans,2014,4.0080407149345
LBN,bank_npl_pct_loans,2013,3.9655306434989
LBN,bank_npl_pct_loans,2012,3.78697531989083
LBN,bank_npl_pct_loans,2011,3.75693478858307
LBN,private_credit_pct_gdp,2017,106.567725062094
LBN,private_credit_pct_gdp,2016,103.999348177296
LBN,private_credit_pct_gdp,2015,100.566123866429
LBN,private_credit_pct_gdp,2014,98.2255475847967
LBN,private_credit_pct_gdp,2013,93.3172929302942
LBN,private_credit_pct_gdp,2012,89.9553302724696
LBN,private_credit_pct_gdp,2011,89.987856569182
LBN,private_credit_pct_gdp,2010,82.528480012555
LBN,exports_pct_gdp,2024,23.3165495276514
LBN,exports_pct_gdp,2023,30.5514119674735
LBN,exports_pct_gdp,2022,34.8287792460469
LBN,exports_pct_gdp,2021,26.0256276927137
LBN,exports_pct_gdp,2020,16.3725868676481
LBN,exports_pct_gdp,2019,20.6977589567577
LBN,exports_pct_gdp,2018,20.7545211587566
LBN,exports_pct_gdp,2017,21.9269331860238
LBN,exports_pct_gdp,2016,21.7261558874138
LBN,exports_pct_gdp,2015,23.1396677268024
LBN,exports_pct_gdp,2014,23.7561644984684
LBN,exports_pct_gdp,2013,26.6467547466619
LBN,exports_pct_gdp,2012,28.8092128781151
LBN,exports_pct_gdp,2011,36.3630972315613
LBN,exports_pct_gdp,2010,35.023122866407
LBN,imports_pct_gdp,2024,58.9158109340607
LBN,imports_pct_gdp,2023,73.6549981017088
LBN,imports_pct_gdp,2022,80.0594990196196
LBN,imports_pct_gdp,2021,52.8029927098104
LBN,imports_pct_gdp,2020,33.7572174203146
LBN,imports_pct_gdp,2019,42.2831570534023
LBN,imports_pct_gdp,2018,47.5027861456152
LBN,imports_pct_gdp,2017,46.5284960733038
LBN,imports_pct_gdp,2016,45.9974619033978
LBN,imports_pct_gdp,2015,48.6993749079787
LBN,imports_pct_gdp,2014,56.0609920940944
LBN,imports_pct_gdp,2013,59.5275738453946
LBN,imports_pct_gdp,2012,59.736289044944
LBN,imports_pct_gdp,2011,65.7767851809418
LBN,imports_pct_gdp,2010,60.0735300752172
LBN,fuel_exports_pct_merch_exports,2024,7.70940000965568
LBN,fuel_exports_pct_merch_exports,2023,9.88237160097366
LBN,fuel_exports_pct_merch_exports,2022,0.433020096745865
LBN,fuel_exports_pct_merch_exports,2021,0.241436727400156
LBN,fuel_exports_pct_merch_exports,2020,0.340577463595891
LBN,fuel_exports_pct_merch_exports,2019,1.45409543694151
LBN,fuel_exports_pct_merch_exports,2018,0.704025606732419
LBN,fuel_exports_pct_merch_exports,2017,1.51877124152991
LBN,fuel_exports_pct_merch_exports,2016,0.476668921652208
LBN,fuel_exports_pct_merch_exports,2015,0.812714035495173
LBN,fuel_exports_pct_merch_exports,2014,0.975199707169866
LBN,fuel_exports_pct_merch_exports,2013,8.55737748124045
LBN,fuel_exports_pct_merch_exports,2012,2.01796275219873
LBN,fuel_exports_pct_merch_exports,2011,0.098238163773614
LBN,fuel_exports_pct_merch_exports,2010,0.132265054585668
LBN,food_imports_pct_merch_imports,2024,18.548538743257
LBN,food_imports_pct_merch_imports,2023,16.2628211646141
LBN,food_imports_pct_merch_imports,2022,14.025527168013
LBN,food_imports_pct_merch_imports,2021,16.5019102115096
LBN,food_imports_pct_merch_imports,2020,19.7756866271019
LBN,food_imports_pct_merch_imports,2019,15.8900367356293
LBN,food_imports_pct_merch_imports,2018,16.8145008721869
LBN,food_imports_pct_merch_imports,2017,16.7696518115414
LBN,food_imports_pct_merch_imports,2016,17.1394821962351
LBN,food_imports_pct_merch_imports,2015,17.5815765410609
LBN,food_imports_pct_merch_imports,2014,17.2831066063169
LBN,food_imports_pct_merch_imports,2013,15.8236951519334
LBN,food_imports_pct_merch_imports,2012,15.268676630941
LBN,food_imports_pct_merch_imports,2011,15.4390501936215
LBN,food_imports_pct_merch_imports,2010,15.5783508924797
LBN,remittances_pct_gdp,2023,33.349773045666
LBN,remittances_pct_gdp,2022,30.6555163782975
LBN,remittances_pct_gdp,2021,27.4664867984856
LBN,remittances_pct_gdp,2020,20.7914353641318
LBN,remittances_pct_gdp,2019,14.2830959782727
LBN,remittances_pct_gdp,2018,12.7099619118303
LBN,remittances_pct_gdp,2017,13.3172963119566
LBN,remittances_pct_gdp,2016,14.870244060714
LBN,remittances_pct_gdp,2015,14.9828084463078
LBN,remittances_pct_gdp,2014,14.9511646268716
LBN,remittances_pct_gdp,2013,16.1403001328547
LBN,remittances_pct_gdp,2012,15.156125951893
LBN,remittances_pct_gdp,2011,17.2252495411949
LBN,remittances_pct_gdp,2010,17.9847875959222
LBN,fdi_net_inflows_pct_gdp,2024,7.09437049742925
LBN,fdi_net_inflows_pct_gdp,2023,3.26435467389127
LBN,fdi_net_inflows_pct_gdp,2022,2.50966160641735
LBN,fdi_net_inflows_pct_gdp,2021,2.5929006838647
LBN,fdi_net_inflows_pct_gdp,2020,5.06712986613403
LBN,fdi_net_inflows_pct_gdp,2019,3.69413245000342
LBN,fdi_net_inflows_pct_gdp,2018,4.84140308956364
LBN,fdi_net_inflows_pct_gdp,2017,4.756779140202
LBN,fdi_net_inflows_pct_gdp,2016,5.02174040562454
LBN,fdi_net_inflows_pct_gdp,2015,4.32469174487594
LBN,fdi_net_inflows_pct_gdp,2014,5.95175528625723
LBN,fdi_net_inflows_pct_gdp,2013,5.67636791033718
LBN,fdi_net_inflows_pct_gdp,2012,7.06847166156729
LBN,fdi_net_inflows_pct_gdp,2011,7.85693989450406
LBN,fdi_net_inflows_pct_gdp,2010,11.1327936305686
LBN,unemployment_rate,2023,10.985
LBN,unemployment_rate,2022,11.105
LBN,unemployment_rate,2021,12.715
LBN,unemployment_rate,2020,13.252
LBN,unemployment_rate,2019,11.301
LBN,unemployment_rate,2018,10.755
LBN,unemployment_rate,2017,10.258
LBN,unemployment_rate,2016,9.794
LBN,unemployment_rate,2015,9.312
LBN,unemployment_rate,2014,8.84
LBN,unemployment_rate,2013,8.477
LBN,unemployment_rate,2012,7.952
LBN,unemployment_rate,2011,7.352
LBN,unemployment_rate,2010,6.768
LBY,private_credit_pct_gdp,2025,12.5355481490495
LBY,private_credit_pct_gdp,2024,13.041851907924
LBY,private_credit_pct_gdp,2023,12.2180075415622
LBY,private_credit_pct_gdp,2022,10.7185706773584
LBY,private_credit_pct_gdp,2021,11.0391738497626
LBY,private_credit_pct_gdp,2020,21.8337391546377
LBY,private_credit_pct_gdp,2019,14.6289531807933
LBY,private_credit_pct_gdp,2018,12.8465423346937
LBY,private_credit_pct_gdp,2017,14.7896283143846
LBY,private_credit_pct_gdp,2016,18.8829258302328
LBY,private_credit_pct_gdp,2015,21.5199787186929
LBY,private_credit_pct_gdp,2014,19.3187188616
LBY,private_credit_pct_gdp,2013,13.7369369068516
LBY,private_credit_pct_gdp,2012,9.33808515595023
LBY,private_credit_pct_gdp,2011,14.1819194729211
LBY,private_credit_pct_gdp,2010,9.26018623627628
LBY,exports_pct_gdp,2025,71.7134746269549
LBY,exports_pct_gdp,2024,71.7293179684166
LBY,exports_pct_gdp,2023,85.6010032090609
LBY,exports_pct_gdp,2022,91.9809235078212
LBY,exports_pct_gdp,2021,92.0546075514658
LBY,exports_pct_gdp,2020,20.3637900560977
LBY,exports_pct_gdp,2019,42.35532240076
LBY,exports_pct_gdp,2018,39.6135044170514
LBY,exports_pct_gdp,2017,27.1972557138798
LBY,exports_pct_gdp,2016,14.5778875500388
LBY,exports_pct_gdp,2015,22.2273741215145
LBY,exports_pct_gdp,2014,32.2383210024013
LBY,exports_pct_gdp,2013,59.8886075843687
LBY,exports_pct_gdp,2012,66.8678568492024
LBY,exports_pct_gdp,2011,38.1458963988027
LBY,exports_pct_gdp,2010,66.2720071713114
LBY,imports_pct_gdp,2025,65.9450985743532
LBY,imports_pct_gdp,2024,65.7818127187367
LBY,imports_pct_gdp,2023,75.4692294006607
LBY,imports_pct_gdp,2022,64.3407611745263
LBY,imports_pct_gdp,2021,72.2294624156388
LBY,imports_pct_gdp,2020,30.6120033812341
LBY,imports_pct_gdp,2019,36.6386467842538
LBY,imports_pct_gdp,2018,24.1676291797669
LBY,imports_pct_gdp,2017,20.3517104782416
LBY,imports_pct_gdp,2016,26.5322885114747
LBY,imports_pct_gdp,2015,34.6775332111739
LBY,imports_pct_gdp,2014,44.2865616357103
LBY,imports_pct_gdp,2013,46.4457533337369
LBY,imports_pct_gdp,2012,31.3564620676424
LBY,imports_pct_gdp,2011,24.8595388907261
LBY,imports_pct_gdp,2010,31.8052059029276
LBY,fuel_exports_pct_merch_exports,2019,94.4050188673453
LBY,fuel_exports_pct_merch_exports,2018,95.3967472853869
LBY,fuel_exports_pct_merch_exports,2017,89.0527915280661
LBY,fuel_exports_pct_merch_exports,2016,89.0527915280661
LBY,fuel_exports_pct_merch_exports,2010,97.7181660474755
LBY,food_imports_pct_merch_imports,2019,21.6020225297359
LBY,food_imports_pct_merch_imports,2018,26.2829514153415
LBY,food_imports_pct_merch_imports,2017,31.4949217115993
LBY,food_imports_pct_merch_imports,2016,32.9046515173011
LBY,food_imports_pct_merch_imports,2010,12.1710636780918
LBY,fdi_net_inflows_pct_gdp,2023,1.80500147243983
LBY,fdi_net_inflows_pct_gdp,2022,1.62326033379453
LBY,fdi_net_inflows_pct_gdp,2021,1.71219284038518
LBY,fdi_net_inflows_pct_gdp,2013,0.931638601844643
LBY,fdi_net_inflows_pct_gdp,2012,1.53985903839829
LBY,fdi_net_inflows_pct_gdp,2010,2.36664960687642
LBY,unemployment_rate,2025,18.758
LBY,unemployment_rate,2024,19.085
LBY,unemployment_rate,2023,18.713
LBY,unemployment_rate,2022,19.238
LBY,unemployment_rate,2021,19.779
LBY,unemployment_rate,2020,19.651
LBY,unemployment_rate,2019,19.087
LBY,unemployment_rate,2018,18.865
LBY,unemployment_rate,2017,19.053
LBY,unemployment_rate,2016,19.559
LBY,unemployment_rate,2015,19.69
LBY,unemployment_rate,2014,19.295
LBY,unemployment_rate,2013,19.311
LBY,unemployment_rate,2012,19.03
LBY,unemployment_rate,2011,19.504
LBY,unemployment_rate,2010,19.321
LKA,external_debt_pct_gni,2024,58.8897020425324
LKA,external_debt_pct_gni,2023,74.5886504230503
LKA,external_debt_pct_gni,2022,81.2809065665702
LKA,external_debt_pct_gni,2021,67.8564357341891
LKA,external_debt_pct_gni,2020,69.3131980107832
LKA,external_debt_pct_gni,2019,64.8548435072259
LKA,external_debt_pct_gni,2018,57.4892865658485
LKA,external_debt_pct_gni,2017,55.1482519976375
LKA,external_debt_pct_gni,2016,54.3824177664107
LKA,external_debt_pct_gni,2015,52.8797914705966
LKA,external_debt_pct_gni,2014,52.3589316985507
LKA,external_debt_pct_gni,2013,52.2481960961188
LKA,external_debt_pct_gni,2012,51.6165842309571
LKA,external_debt_pct_gni,2011,38.4422070940857
LKA,external_debt_pct_gni,2010,37.3743097647659
LKA,external_debt_service_pct_exports,2024,23.7051670387884
LKA,external_debt_service_pct_exports,2023,16.0664255632604
LKA,external_debt_service_pct_exports,2022,20.2896271246193
LKA,external_debt_service_pct_exports,2021,31.478444431029
LKA,external_debt_service_pct_exports,2020,38.0133141864765
LKA,external_debt_service_pct_exports,2019,31.7328919801286
LKA,external_debt_service_pct_exports,2018,36.0547284753285
LKA,external_debt_service_pct_exports,2017,21.8690715229906
LKA,external_debt_service_pct_exports,2016,18.9088666759476
LKA,external_debt_service_pct_exports,2015,20.8014354274166
LKA,external_debt_service_pct_exports,2014,38.2320892792974
LKA,external_debt_service_pct_exports,2013,14.0822781704545
LKA,external_debt_service_pct_exports,2012,15.4998497838903
LKA,external_debt_service_pct_exports,2011,9.31997112621852
LKA,external_debt_service_pct_exports,2010,12.3287816485283
LKA,fiscal_balance_pct_gdp,2023,-9.22442442361431
LKA,fiscal_balance_pct_gdp,2022,-9.23055761414091
LKA,fiscal_balance_pct_gdp,2021,-11.6469711223128
LKA,fiscal_balance_pct_gdp,2020,-13.3824109586552
LKA,fiscal_balance_pct_gdp,2019,-6.41956744425451
LKA,fiscal_balance_pct_gdp,2018,-5.01445077766982
LKA,fiscal_balance_pct_gdp,2017,-5.04940389364639
LKA,fiscal_balance_pct_gdp,2016,-5.00476487024556
LKA,fiscal_balance_pct_gdp,2015,-7.16643542646082
LKA,fiscal_balance_pct_gdp,2014,-5.36533787301632
LKA,fiscal_balance_pct_gdp,2013,-5.09312876094842
LKA,fiscal_balance_pct_gdp,2012,-5.15691923088686
LKA,fiscal_balance_pct_gdp,2011,-5.59601219344153
LKA,fiscal_balance_pct_gdp,2010,-6.10516333108697
LKA,interest_payments_pct_revenue,2023,79.8744543518094
LKA,interest_payments_pct_revenue,2022,77.7699768805255
LKA,interest_payments_pct_revenue,2021,71.6201004077685
LKA,interest_payments_pct_revenue,2020,71.3825303573561
LKA,interest_payments_pct_revenue,2019,47.469362688155
LKA,interest_payments_pct_revenue,2018,44.0987328854393
LKA,interest_payments_pct_revenue,2017,39.9859170828158
LKA,interest_payments_pct_revenue,2016,36.0803323324563
LKA,interest_payments_pct_revenue,2015,34.8902193450038
LKA,interest_payments_pct_revenue,2014,36.7640390271581
LKA,interest_payments_pct_revenue,2013,38.4984956343047
LKA,interest_payments_pct_revenue,2012,38.2954907659136
LKA,interest_payments_pct_revenue,2011,37.5712825436328
LKA,interest_payments_pct_revenue,2010,42.2675705032621
LKA,bank_npl_pct_loans,2025,9.87219855823573
LKA,bank_npl_pct_loans,2024,12.9605592286262
LKA,bank_npl_pct_loans,2023,13.1079211175582
LKA,bank_npl_pct_loans,2022,11.9682691812072
LKA,bank_npl_pct_loans,2021,4.46720885923597
LKA,bank_npl_pct_loans,2020,4.92827495911881
LKA,bank_npl_pct_loans,2019,4.69918303381587
LKA,bank_npl_pct_loans,2018,3.42041976161882
LKA,bank_npl_pct_loans,2017,2.4984326063791
LKA,bank_npl_pct_loans,2016,2.63381101624579
LKA,bank_npl_pct_loans,2015,3.24077029740187
LKA,bank_npl_pct_loans,2014,4.23421449884782
LKA,bank_npl_pct_loans,2013,5.57505794057582
LKA,bank_npl_pct_loans,2012,3.62758332957378
LKA,bank_npl_pct_loans,2011,3.81740370617271
LKA,private_credit_pct_gdp,2019,47.0084929449139
LKA,private_credit_pct_gdp,2018,46.6984073264081
LKA,private_credit_pct_gdp,2017,43.8827525642367
LKA,private_credit_pct_gdp,2016,42.4756652877165
LKA,private_credit_pct_gdp,2015,39.3818504426548
LKA,private_credit_pct_gdp,2014,34.4936288810274
LKA,private_credit_pct_gdp,2013,33.539360763445
LKA,private_credit_pct_gdp,2012,34.0180437825091
LKA,private_credit_pct_gdp,2011,33.7387969525402
LKA,private_credit_pct_gdp,2010,24.6842616568486
LKA,exports_pct_gdp,2025,18.9673796128721
LKA,exports_pct_gdp,2024,19.7559774138192
LKA,exports_pct_gdp,2023,20.5995283672112
LKA,exports_pct_gdp,2022,21.5595624612904
LKA,exports_pct_gdp,2021,16.9214215897796
LKA,exports_pct_gdp,2020,15.4576399170356
LKA,exports_pct_gdp,2019,21.8235309246323
LKA,exports_pct_gdp,2018,21.4462486145463
LKA,exports_pct_gdp,2017,20.2242000359935
LKA,exports_pct_gdp,2016,19.824036042668
LKA,exports_pct_gdp,2015,19.893383820467
LKA,imports_pct_gdp,2025,22.8416230396327
LKA,imports_pct_gdp,2024,22.3636324192921
LKA,imports_pct_gdp,2023,22.7481397523022
LKA,imports_pct_gdp,2022,25.1230455566456
LKA,imports_pct_gdp,2021,24.3074247397182
LKA,imports_pct_gdp,2020,21.6314789397836
LKA,imports_pct_gdp,2019,27.6019929606444
LKA,imports_pct_gdp,2018,28.3631481374973
LKA,imports_pct_gdp,2017,26.9162097641559
LKA,imports_pct_gdp,2016,26.6475009824081
LKA,imports_pct_gdp,2015,27.0245869884029
LKA,fuel_exports_pct_merch_exports,2024,3.43981418083681
LKA,fuel_exports_pct_merch_exports,2023,3.22549312462179
LKA,fuel_exports_pct_merch_exports,2022,2.25446590051031
LKA,fuel_exports_pct_merch_exports,2021,1.92719188762874
LKA,fuel_exports_pct_merch_exports,2020,2.73757863569001
LKA,fuel_exports_pct_merch_exports,2019,2.85971752760838
LKA,fuel_exports_pct_merch_exports,2017,2.5584319412636
LKA,fuel_exports_pct_merch_exports,2016,1.60024589595184
LKA,fuel_exports_pct_merch_exports,2015,1.80834526900714
LKA,fuel_exports_pct_merch_exports,2014,2.6384817081413
LKA,fuel_exports_pct_merch_exports,2013,0.316453474817973
LKA,fuel_exports_pct_merch_exports,2012,0.359491962840932
LKA,fuel_exports_pct_merch_exports,2011,0.440288017795888
LKA,fuel_exports_pct_merch_exports,2010,0.15783503417986
LKA,food_imports_pct_merch_imports,2024,15.2925487801049
LKA,food_imports_pct_merch_imports,2023,15.3541604282848
LKA,food_imports_pct_merch_imports,2022,13.9004389044115
LKA,food_imports_pct_merch_imports,2021,13.3769085197473
LKA,food_imports_pct_merch_imports,2020,15.6880756478408
LKA,food_imports_pct_merch_imports,2019,11.644341247059
LKA,food_imports_pct_merch_imports,2017,12.9560404749405
LKA,food_imports_pct_merch_imports,2016,11.9368573719924
LKA,food_imports_pct_merch_imports,2015,13.124069302214
LKA,food_imports_pct_merch_imports,2014,13.2042965878645
LKA,food_imports_pct_merch_imports,2013,11.9665971594275
LKA,food_imports_pct_merch_imports,2012,11.3958956233089
LKA,food_imports_pct_merch_imports,2011,12.8920471742762
LKA,food_imports_pct_merch_imports,2010,15.2488895536725
LKA,remittances_pct_gdp,2024,6.74752055316036
LKA,remittances_pct_gdp,2023,7.16290737039539
LKA,remittances_pct_gdp,2022,5.15135988688752
LKA,remittances_pct_gdp,2021,6.23540006537571
LKA,remittances_pct_gdp,2020,8.4666695107936
LKA,remittances_pct_gdp,2019,7.58292152118561
LKA,remittances_pct_gdp,2018,7.45689609377593
LKA,remittances_pct_gdp,2017,7.61931281877923
LKA,remittances_pct_gdp,2016,8.25208423100115
LKA,remittances_pct_gdp,2015,8.22623894980981
LKA,remittances_pct_gdp,2014,8.52566411916688
LKA,remittances_pct_gdp,2013,8.34308044196111
LKA,remittances_pct_gdp,2012,8.51637948114988
LKA,remittances_pct_gdp,2011,7.60554994919627
LKA,remittances_pct_gdp,2010,7.03173223546081
LKA,fdi_net_inflows_pct_gdp,2024,0.764077754153862
LKA,fdi_net_inflows_pct_gdp,2023,0.848017076796717
LKA,fdi_net_inflows_pct_gdp,2022,1.19249322162632
LKA,fdi_net_inflows_pct_gdp,2021,0.668825708548416
LKA,fdi_net_inflows_pct_gdp,2020,0.514700553944402
LKA,fdi_net_inflows_pct_gdp,2019,0.835367460265196
LKA,fdi_net_inflows_pct_gdp,2018,1.70888696252064
LKA,fdi_net_inflows_pct_gdp,2017,1.45462805110061
LKA,fdi_net_inflows_pct_gdp,2016,1.01937184801285
LKA,fdi_net_inflows_pct_gdp,2015,0.798746316666859
LKA,fdi_net_inflows_pct_gdp,2014,1.08277813405104
LKA,fdi_net_inflows_pct_gdp,2013,1.21148000059153
LKA,fdi_net_inflows_pct_gdp,2012,1.33591734742632
LKA,fdi_net_inflows_pct_gdp,2011,1.41088360151362
LKA,fdi_net_inflows_pct_gdp,2010,0.814446067583227
LKA,unemployment_rate,2025,4.005
LKA,unemployment_rate,2024,4.239
LKA,unemployment_rate,2023,4.528
LKA,unemployment_rate,2022,4.528
LKA,unemployment_rate,2021,4.981
LKA,unemployment_rate,2020,5.364
LKA,unemployment_rate,2019,4.67
LKA,unemployment_rate,2018,4.318
LKA,unemployment_rate,2017,4.046
LKA,unemployment_rate,2016,4.242
LKA,unemployment_rate,2015,4.519
LKA,unemployment_rate,2014,4.157
LKA,unemployment_rate,2013,4.186
LKA,unemployment_rate,2012,3.88
LKA,unemployment_rate,2011,4.118
LKA,unemployment_rate,2010,4.784
MAR,external_debt_pct_gni,2024,44.7188367863758
MAR,external_debt_pct_gni,2023,48.9147951964991
MAR,external_debt_pct_gni,2022,50.35106931617
MAR,external_debt_pct_gni,2021,46.8983264543197
MAR,external_debt_pct_gni,2020,54.9196081945346
MAR,external_debt_pct_gni,2019,43.5343377341004
MAR,external_debt_pct_gni,2018,40.4114034285646
MAR,external_debt_pct_gni,2017,44.0032096192297
MAR,external_debt_pct_gni,2016,43.4727961452493
MAR,external_debt_pct_gni,2015,41.0525743321797
MAR,external_debt_pct_gni,2014,37.1250189916679
MAR,external_debt_pct_gni,2013,34.502888034062
MAR,external_debt_pct_gni,2012,32.3240509195629
MAR,external_debt_pct_gni,2011,27.6980798517634
MAR,external_debt_pct_gni,2010,27.462969464641
MAR,external_debt_service_pct_exports,2024,12.9254798325863
MAR,external_debt_service_pct_exports,2023,9.20347207035798
MAR,external_debt_service_pct_exports,2022,10.1164827473821
MAR,external_debt_service_pct_exports,2021,13.8056895646823
MAR,external_debt_service_pct_exports,2020,13.8428032596205
MAR,external_debt_service_pct_exports,2019,9.53426255528164
MAR,external_debt_service_pct_exports,2018,9.28560361990773
MAR,external_debt_service_pct_exports,2017,10.1033609468872
MAR,external_debt_service_pct_exports,2016,11.0788252872274
MAR,external_debt_service_pct_exports,2015,10.5762551692244
MAR,external_debt_service_pct_exports,2014,12.9466515206553
MAR,external_debt_service_pct_exports,2013,15.8587772705737
MAR,external_debt_service_pct_exports,2012,10.9736870036953
MAR,external_debt_service_pct_exports,2011,9.88853852756038
MAR,external_debt_service_pct_exports,2010,11.8546292970521
MAR,fiscal_balance_pct_gdp,2023,-4.35528687460668
MAR,fiscal_balance_pct_gdp,2022,-5.20810961337784
MAR,fiscal_balance_pct_gdp,2021,-5.97683229119353
MAR,fiscal_balance_pct_gdp,2020,-7.14709365752452
MAR,fiscal_balance_pct_gdp,2019,-3.65939358108653
MAR,fiscal_balance_pct_gdp,2018,-3.45978747311203
MAR,fiscal_balance_pct_gdp,2017,-3.13500180851877
MAR,fiscal_balance_pct_gdp,2016,-3.84718983028543
MAR,fiscal_balance_pct_gdp,2015,0.883861707288342
MAR,fiscal_balance_pct_gdp,2014,-4.48013338605667
MAR,fiscal_balance_pct_gdp,2013,-4.69644517675516
MAR,fiscal_balance_pct_gdp,2012,-6.59493456644955
MAR,fiscal_balance_pct_gdp,2011,-6.07615405289125
MAR,fiscal_balance_pct_gdp,2010,-3.72314519933894
MAR,interest_payments_pct_revenue,2023,8.01285790687035
MAR,interest_payments_pct_revenue,2022,7.96111730498483
MAR,interest_payments_pct_revenue,2021,8.7322327235262
MAR,interest_payments_pct_revenue,2020,9.25109567211958
MAR,interest_payments_pct_revenue,2019,9.92660325327262
MAR,interest_payments_pct_revenue,2018,9.41504965390079
MAR,interest_payments_pct_revenue,2017,9.6760987609537
MAR,interest_payments_pct_revenue,2016,10.2502226418494
MAR,interest_payments_pct_revenue,2015,10.4802478105814
MAR,interest_payments_pct_revenue,2014,9.55613343961327
MAR,interest_payments_pct_revenue,2013,9.00016179365084
MAR,interest_payments_pct_revenue,2012,8.45346803134801
MAR,interest_payments_pct_revenue,2011,8.17501572516698
MAR,interest_payments_pct_revenue,2010,8.34926887616703
MAR,bank_npl_pct_loans,2024,8.18776433111185
MAR,bank_npl_pct_loans,2023,8.48309408041805
MAR,bank_npl_pct_loans,2022,8.68360679573923
MAR,bank_npl_pct_loans,2021,9.05863022934855
MAR,bank_npl_pct_loans,2020,8.79376526247322
MAR,bank_npl_pct_loans,2019,7.86756194132143
MAR,bank_npl_pct_loans,2018,7.72518485920519
MAR,bank_npl_pct_loans,2017,7.60581163179934
MAR,bank_npl_pct_loans,2016,8.07938649012445
MAR,bank_npl_pct_loans,2015,7.67129786194117
MAR,bank_npl_pct_loans,2014,7.26696282330555
MAR,bank_npl_pct_loans,2013,6.62387078084964
MAR,bank_npl_pct_loans,2012,5.74656037615339
MAR,bank_npl_pct_loans,2011,5.44855241763618
MAR,private_credit_pct_gdp,2024,77.7635533817471
MAR,private_credit_pct_gdp,2023,80.504808579487
MAR,private_credit_pct_gdp,2022,87.5362177555406
MAR,private_credit_pct_gdp,2021,86.0589211866219
MAR,private_credit_pct_gdp,2020,90.9314449752962
MAR,private_credit_pct_gdp,2019,81.4748595489142
MAR,private_credit_pct_gdp,2018,78.9568101792168
MAR,private_credit_pct_gdp,2017,80.1940481650889
MAR,private_credit_pct_gdp,2016,80.2299496773881
MAR,private_credit_pct_gdp,2015,78.3933979966934
MAR,private_credit_pct_gdp,2014,83.5103076143461
MAR,private_credit_pct_gdp,2013,83.5655425605352
MAR,private_credit_pct_gdp,2012,87.7618401933056
MAR,private_credit_pct_gdp,2011,86.804176959607
MAR,private_credit_pct_gdp,2010,83.2922890768629
MAR,exports_pct_gdp,2025,41.9692139163022
MAR,exports_pct_gdp,2024,41.9985232956684
MAR,exports_pct_gdp,2023,42.4176033594569
MAR,exports_pct_gdp,2022,44.7116282313453
MAR,exports_pct_gdp,2021,33.1360849405787
MAR,exports_pct_gdp,2020,30.7941069539783
MAR,exports_pct_gdp,2019,34.093057468891
MAR,exports_pct_gdp,2018,33.8284373726717
MAR,exports_pct_gdp,2017,32.6064609907781
MAR,exports_pct_gdp,2016,30.7345951424219
MAR,exports_pct_gdp,2015,29.9958538899695
MAR,exports_pct_gdp,2014,30.1329866374292
MAR,exports_pct_gdp,2013,30.2532656391617
MAR,exports_pct_gdp,2012,32.0970961451136
MAR,exports_pct_gdp,2011,31.9544842646976
MAR,exports_pct_gdp,2010,29.7889486802284
MAR,imports_pct_gdp,2025,51.1324428826402
MAR,imports_pct_gdp,2024,50.188721310572
MAR,imports_pct_gdp,2023,50.7002810585209
MAR,imports_pct_gdp,2022,56.1946819703061
MAR,imports_pct_gdp,2021,42.3873322350718
MAR,imports_pct_gdp,2020,38.0496964364582
MAR,imports_pct_gdp,2019,41.9050584109511
MAR,imports_pct_gdp,2018,43.4264501517272
MAR,imports_pct_gdp,2017,41.5668968878792
MAR,imports_pct_gdp,2016,40.3880652392646
MAR,imports_pct_gdp,2015,37.2928220354154
MAR,imports_pct_gdp,2014,41.7605801165106
MAR,imports_pct_gdp,2013,43.6044908923701
MAR,imports_pct_gdp,2012,46.1250057504935
MAR,imports_pct_gdp,2011,44.8713872259271
MAR,imports_pct_gdp,2010,39.7530309299157
MAR,fuel_exports_pct_merch_exports,2024,0.759031246462188
MAR,fuel_exports_pct_merch_exports,2023,1.21428847268287
MAR,fuel_exports_pct_merch_exports,2022,1.00965161630831
MAR,fuel_exports_pct_merch_exports,2021,0.690786590320233
MAR,fuel_exports_pct_merch_exports,2020,0.515055497762877
MAR,fuel_exports_pct_merch_exports,2019,1.5096725010458
MAR,fuel_exports_pct_merch_exports,2018,1.16507270206512
MAR,fuel_exports_pct_merch_exports,2017,0.915717103285065
MAR,fuel_exports_pct_merch_exports,2016,0.851631730088442
MAR,fuel_exports_pct_merch_exports,2015,1.93131182632741
MAR,fuel_exports_pct_merch_exports,2014,5.06512046366423
MAR,fuel_exports_pct_merch_exports,2013,7.21783053567622
MAR,fuel_exports_pct_merch_exports,2012,5.76450248609948
MAR,fuel_exports_pct_merch_exports,2011,4.34145432822333
MAR,fuel_exports_pct_merch_exports,2010,3.31051983251718
MAR,food_imports_pct_merch_imports,2024,11.1809766440455
MAR,food_imports_pct_merch_imports,2023,13.9777708702069
MAR,food_imports_pct_merch_imports,2022,13.3904543924044
MAR,food_imports_pct_merch_imports,2021,12.9963409257012
MAR,food_imports_pct_merch_imports,2020,14.6013907488208
MAR,food_imports_pct_merch_imports,2019,10.9298479348448
MAR,food_imports_pct_merch_imports,2018,10.8302051328602
MAR,food_imports_pct_merch_imports,2017,11.2874889238467
MAR,food_imports_pct_merch_imports,2016,12.3120817561093
MAR,food_imports_pct_merch_imports,2015,11.0162882215194
MAR,food_imports_pct_merch_imports,2014,12.2148627181969
MAR,food_imports_pct_merch_imports,2013,10.7813884917017
MAR,food_imports_pct_merch_imports,2012,12.4603705117426
MAR,food_imports_pct_merch_imports,2011,12.6362660609577
MAR,food_imports_pct_merch_imports,2010,11.4679756885026
MAR,remittances_pct_gdp,2025,7.48822220209894
MAR,remittances_pct_gdp,2024,7.78840277046277
MAR,remittances_pct_gdp,2023,8.0456838833246
MAR,remittances_pct_gdp,2022,8.51110257085938
MAR,remittances_pct_gdp,2021,7.67928536986343
MAR,remittances_pct_gdp,2020,6.10953091862088
MAR,remittances_pct_gdp,2019,5.40068574715694
MAR,remittances_pct_gdp,2018,5.43376597358728
MAR,remittances_pct_gdp,2017,5.75583694617319
MAR,remittances_pct_gdp,2016,5.72134559064724
MAR,remittances_pct_gdp,2015,6.2524269134956
MAR,remittances_pct_gdp,2014,6.53793335615207
MAR,remittances_pct_gdp,2013,5.94586343171536
MAR,remittances_pct_gdp,2012,6.08571534011656
MAR,remittances_pct_gdp,2011,6.59181438537164
MAR,remittances_pct_gdp,2010,6.36744217640963
MAR,fdi_net_inflows_pct_gdp,2025,1.81954513887835
MAR,fdi_net_inflows_pct_gdp,2024,1.08850441035779
MAR,fdi_net_inflows_pct_gdp,2023,0.725864122672683
MAR,fdi_net_inflows_pct_gdp,2022,1.74814323662076
MAR,fdi_net_inflows_pct_gdp,2021,1.59422321445366
MAR,fdi_net_inflows_pct_gdp,2020,1.16907334587558
MAR,fdi_net_inflows_pct_gdp,2019,1.33479789567415
MAR,fdi_net_inflows_pct_gdp,2018,2.78337936840164
MAR,fdi_net_inflows_pct_gdp,2017,2.26092196120538
MAR,fdi_net_inflows_pct_gdp,2016,1.93000540251056
MAR,fdi_net_inflows_pct_gdp,2015,2.94611108390154
MAR,fdi_net_inflows_pct_gdp,2014,2.95925435484489
MAR,fdi_net_inflows_pct_gdp,2013,2.9038626404404
MAR,fdi_net_inflows_pct_gdp,2012,2.65758712641507
MAR,fdi_net_inflows_pct_gdp,2011,2.29046840496639
MAR,fdi_net_inflows_pct_gdp,2010,1.2299824583835
MAR,unemployment_rate,2025,9.0
MAR,unemployment_rate,2024,9.103
MAR,unemployment_rate,2023,8.896
MAR,unemployment_rate,2022,9.413
MAR,unemployment_rate,2021,10.551
MAR,unemployment_rate,2020,11.189
MAR,unemployment_rate,2019,9.191
MAR,unemployment_rate,2018,9.272
MAR,unemployment_rate,2017,9.22
MAR,unemployment_rate,2016,9.3
MAR,unemployment_rate,2015,9.46
MAR,unemployment_rate,2014,9.7
MAR,unemployment_rate,2013,9.23
MAR,unemployment_rate,2012,8.99
MAR,unemployment_rate,2011,8.91
MAR,unemployment_rate,2010,9.09
MDV,external_debt_pct_gni,2024,75.5586486708217
MDV,external_debt_pct_gni,2023,68.5591205715148
MDV,external_debt_pct_gni,2022,73.0396211302368
MDV,external_debt_pct_gni,2021,86.9049861911727
MDV,external_debt_pct_gni,2020,107.470713789041
MDV,external_debt_pct_gni,2019,51.7745443328391
MDV,external_debt_pct_gni,2018,47.2562178051555
MDV,external_debt_pct_gni,2017,33.0008165324018
MDV,external_debt_pct_gni,2016,28.0382666399164
MDV,external_debt_pct_gni,2015,26.4416895520383
MDV,external_debt_pct_gni,2014,32.944864777841
MDV,external_debt_pct_gni,2013,34.9521788047807
MDV,external_debt_pct_gni,2012,35.923424043945
MDV,external_debt_pct_gni,2011,35.5158602200661
MDV,external_debt_pct_gni,2010,40.1281147350981
MDV,external_debt_service_pct_exports,2024,9.18470294592451
MDV,external_debt_service_pct_exports,2023,10.1278966096322
MDV,external_debt_service_pct_exports,2022,13.5353339647215
MDV,external_debt_service_pct_exports,2021,20.0732418589484
MDV,external_debt_service_pct_exports,2020,17.4573601006393
MDV,external_debt_service_pct_exports,2019,12.1726773382507
MDV,external_debt_service_pct_exports,2018,12.1908487321284
MDV,external_debt_service_pct_exports,2017,4.84709825811693
MDV,external_debt_service_pct_exports,2016,4.27764712778562
MDV,external_debt_service_pct_exports,2015,4.3823337704801
MDV,external_debt_service_pct_exports,2014,5.37611349354682
MDV,external_debt_service_pct_exports,2013,4.14787797452245
MDV,external_debt_service_pct_exports,2012,3.35233535151938
MDV,external_debt_service_pct_exports,2011,3.41197302473943
MDV,external_debt_service_pct_exports,2010,3.6430558027739
MDV,fiscal_balance_pct_gdp,2021,-10.1381452642395
MDV,fiscal_balance_pct_gdp,2020,-17.8938176982094
MDV,fiscal_balance_pct_gdp,2019,-4.42533735780541
MDV,fiscal_balance_pct_gdp,2018,-4.04761092638694
MDV,fiscal_balance_pct_gdp,2017,-1.56753701172977
MDV,fiscal_balance_pct_gdp,2016,-8.36648324574108
MDV,fiscal_balance_pct_gdp,2015,-5.33300778955967
MDV,fiscal_balance_pct_gdp,2014,-2.03308998813569
MDV,fiscal_balance_pct_gdp,2011,-6.81072956170978
MDV,fiscal_balance_pct_gdp,2010,-13.4306696165602
MDV,interest_payments_pct_revenue,2021,9.73153770268114
MDV,interest_payments_pct_revenue,2020,10.5774642312768
MDV,interest_payments_pct_revenue,2019,6.67448999786819
MDV,interest_payments_pct_revenue,2018,6.51184895637519
MDV,interest_payments_pct_revenue,2017,5.44873411801963
MDV,interest_payments_pct_revenue,2016,6.40753047086744
MDV,interest_payments_pct_revenue,2015,7.8580793589477
MDV,interest_payments_pct_revenue,2014,6.52185560375682
MDV,interest_payments_pct_revenue,2011,7.745879610664
MDV,interest_payments_pct_revenue,2010,10.4007633587786
MDV,bank_npl_pct_loans,2025,5.69448806178256
MDV,bank_npl_pct_loans,2024,5.89230350322209
MDV,bank_npl_pct_loans,2023,8.3382491192651
MDV,bank_npl_pct_loans,2022,9.40629274725968
MDV,bank_npl_pct_loans,2021,12.5877843282695
MDV,bank_npl_pct_loans,2020,18.7957458088981
MDV,bank_npl_pct_loans,2019,11.6270773650661
MDV,bank_npl_pct_loans,2018,11.5608554379335
MDV,bank_npl_pct_loans,2017,10.6639121664259
MDV,bank_npl_pct_loans,2016,11.7714828257264
MDV,bank_npl_pct_loans,2015,12.8840040665686
MDV,bank_npl_pct_loans,2014,17.4741516990976
MDV,bank_npl_pct_loans,2013,17.217700885709
MDV,bank_npl_pct_loans,2012,20.9246965468261
MDV,private_credit_pct_gdp,2025,36.4278157508477
MDV,private_credit_pct_gdp,2024,35.7299049882319
MDV,private_credit_pct_gdp,2023,35.8362090976748
MDV,private_credit_pct_gdp,2022,35.2169697593796
MDV,private_credit_pct_gdp,2021,39.3089828252313
MDV,private_credit_pct_gdp,2020,53.3551626912335
MDV,private_credit_pct_gdp,2019,31.539334008471
MDV,private_credit_pct_gdp,2018,31.0378663786162
MDV,private_credit_pct_gdp,2017,31.1989633144231
MDV,private_credit_pct_gdp,2016,30.3476225372342
MDV,private_credit_pct_gdp,2015,29.1014786368811
MDV,private_credit_pct_gdp,2014,28.954899775636
MDV,private_credit_pct_gdp,2013,31.2161620904851
MDV,private_credit_pct_gdp,2012,35.1187463614201
MDV,private_credit_pct_gdp,2011,42.428163613364
MDV,private_credit_pct_gdp,2010,47.6844927907076
MDV,exports_pct_gdp,2024,78.214216540835
MDV,exports_pct_gdp,2023,74.0437692661116
MDV,exports_pct_gdp,2022,82.6708555603035
MDV,exports_pct_gdp,2021,76.0989851624572
MDV,exports_pct_gdp,2020,48.2411996300086
MDV,exports_pct_gdp,2019,65.5134179400092
MDV,exports_pct_gdp,2018,66.4483006480268
MDV,exports_pct_gdp,2017,69.0594484485378
MDV,exports_pct_gdp,2016,71.6136331301194
MDV,exports_pct_gdp,2015,76.4277887724561
MDV,exports_pct_gdp,2014,91.2941274036136
MDV,imports_pct_gdp,2024,78.2597392001761
MDV,imports_pct_gdp,2023,75.3062069113229
MDV,imports_pct_gdp,2022,79.5725773733522
MDV,imports_pct_gdp,2021,66.5083115338037
MDV,imports_pct_gdp,2020,66.1207032743183
MDV,imports_pct_gdp,2019,71.6118129351757
MDV,imports_pct_gdp,2018,76.0428278985911
MDV,imports_pct_gdp,2017,72.8526621264145
MDV,imports_pct_gdp,2016,72.7665791488222
MDV,imports_pct_gdp,2015,67.2927178888456
MDV,imports_pct_gdp,2014,74.6851237568163
MDV,fuel_exports_pct_merch_exports,2024,0.10188003814864
MDV,fuel_exports_pct_merch_exports,2023,0.158725024282173
MDV,fuel_exports_pct_merch_exports,2022,0.143887093054331
MDV,fuel_exports_pct_merch_exports,2021,0.0597032520931897
MDV,fuel_exports_pct_merch_exports,2020,0.0176015951474777
MDV,fuel_exports_pct_merch_exports,2019,0.0463733052783601
MDV,fuel_exports_pct_merch_exports,2018,0.0144801040854888
MDV,fuel_exports_pct_merch_exports,2017,0.0014758312886858
MDV,fuel_exports_pct_merch_exports,2016,0.00895963179760215
MDV,fuel_exports_pct_merch_exports,2015,0.0254986476186502
MDV,fuel_exports_pct_merch_exports,2014,0.0466777384759983
MDV,fuel_exports_pct_merch_exports,2013,0.0463037212773749
MDV,fuel_exports_pct_merch_exports,2012,0.0343073532681685
MDV,fuel_exports_pct_merch_exports,2011,0.0454484866151526
MDV,fuel_exports_pct_merch_exports,2010,0.0232160593731683
MDV,food_imports_pct_merch_imports,2024,21.2439264435855
MDV,food_imports_pct_merch_imports,2023,19.7880793368526
MDV,food_imports_pct_merch_imports,2022,19.8123346341875
MDV,food_imports_pct_merch_imports,2021,22.8096769189981
MDV,food_imports_pct_merch_imports,2020,21.5413892679553
MDV,food_imports_pct_merch_imports,2019,19.4636336302399
MDV,food_imports_pct_merch_imports,2018,17.2585559308763
MDV,food_imports_pct_merch_imports,2017,20.1187383647303
MDV,food_imports_pct_merch_imports,2016,20.9333677428015
MDV,food_imports_pct_merch_imports,2015,22.0907655409597
MDV,food_imports_pct_merch_imports,2014,21.0278620137119
MDV,food_imports_pct_merch_imports,2013,22.5044452789247
MDV,food_imports_pct_merch_imports,2012,21.1799243555902
MDV,food_imports_pct_merch_imports,2011,20.9642438244994
MDV,food_imports_pct_merch_imports,2010,22.3530849054993
MDV,remittances_pct_gdp,2024,0.0800427681119482
MDV,remittances_pct_gdp,2023,0.0813040657047612
MDV,remittances_pct_gdp,2022,0.0829967046687048
MDV,remittances_pct_gdp,2021,0.0929598229658775
MDV,remittances_pct_gdp,2020,0.125253487973412
MDV,remittances_pct_gdp,2019,0.0773429427784398
MDV,remittances_pct_gdp,2018,0.0780453313428643
MDV,remittances_pct_gdp,2017,0.0834018554726306
MDV,remittances_pct_gdp,2016,0.0867517790515882
MDV,remittances_pct_gdp,2015,0.0882315685293421
MDV,remittances_pct_gdp,2014,0.0938516278548094
MDV,remittances_pct_gdp,2013,0.100296734927995
MDV,remittances_pct_gdp,2012,0.10905187264181
MDV,remittances_pct_gdp,2011,0.108044719668789
MDV,remittances_pct_gdp,2010,0.122062735053023
MDV,fdi_net_inflows_pct_gdp,2024,11.416720004027
MDV,fdi_net_inflows_pct_gdp,2023,11.5818458756845
MDV,fdi_net_inflows_pct_gdp,2022,11.8454662775286
MDV,fdi_net_inflows_pct_gdp,2021,12.238665987932
MDV,fdi_net_inflows_pct_gdp,2020,11.8706880719155
MDV,fdi_net_inflows_pct_gdp,2019,16.7834728448357
MDV,fdi_net_inflows_pct_gdp,2018,10.6517647807373
MDV,fdi_net_inflows_pct_gdp,2017,9.50514529202919
MDV,fdi_net_inflows_pct_gdp,2016,10.3547618700189
MDV,fdi_net_inflows_pct_gdp,2015,7.21577938190819
MDV,fdi_net_inflows_pct_gdp,2014,9.01659145068896
MDV,fdi_net_inflows_pct_gdp,2013,10.9503892160384
MDV,fdi_net_inflows_pct_gdp,2012,7.89895747225905
MDV,fdi_net_inflows_pct_gdp,2011,15.2659407539778
MDV,fdi_net_inflows_pct_gdp,2010,8.36376433060736
MDV,unemployment_rate,2025,4.514
MDV,unemployment_rate,2024,4.278
MDV,unemployment_rate,2023,4.019
MDV,unemployment_rate,2022,4.303
MDV,unemployment_rate,2021,5.016
MDV,unemployment_rate,2020,5.42
MDV,unemployment_rate,2019,4.562
MDV,unemployment_rate,2018,4.962
MDV,unemployment_rate,2017,5.377
MDV,unemployment_rate,2016,5.771
MDV,unemployment_rate,2015,6.611
MDV,unemployment_rate,2014,7.461
MDV,unemployment_rate,2013,8.295
MDV,unemployment_rate,2012,9.134
MDV,unemployment_rate,2011,10.043
MDV,unemployment_rate,2010,10.875
NPL,external_debt_pct_gni,2024,23.2748414884129
NPL,external_debt_pct_gni,2023,24.0384374799175
NPL,external_debt_pct_gni,2022,22.1714628607957
NPL,external_debt_pct_gni,2021,23.7616294058189
NPL,external_debt_pct_gni,2020,23.3700917945979
NPL,external_debt_pct_gni,2019,18.8645833580846
NPL,external_debt_pct_gni,2018,16.5353620494072
NPL,external_debt_pct_gni,2017,16.9611227628207
NPL,external_debt_pct_gni,2016,17.2975980360721
NPL,external_debt_pct_gni,2015,16.769557036253
NPL,external_debt_pct_gni,2014,17.2597307021914
NPL,external_debt_pct_gni,2013,17.9863596634684
NPL,external_debt_pct_gni,2012,17.4328435350797
NPL,external_debt_pct_gni,2011,17.6500654511006
NPL,external_debt_pct_gni,2010,23.4883074371496
NPL,external_debt_service_pct_exports,2024,12.3916778046586
NPL,external_debt_service_pct_exports,2023,11.8654143939064
NPL,external_debt_service_pct_exports,2022,10.2136643776037
NPL,external_debt_service_pct_exports,2021,9.85426077463436
NPL,external_debt_service_pct_exports,2020,12.2018914082922
NPL,external_debt_service_pct_exports,2019,8.25373775152271
NPL,external_debt_service_pct_exports,2018,7.22410958183493
NPL,external_debt_service_pct_exports,2017,8.48049668523619
NPL,external_debt_service_pct_exports,2016,9.29925073721298
NPL,external_debt_service_pct_exports,2015,8.44164950024381
NPL,external_debt_service_pct_exports,2014,8.13428693517382
NPL,external_debt_service_pct_exports,2013,8.81842257769137
NPL,external_debt_service_pct_exports,2012,10.2597284623763
NPL,external_debt_service_pct_exports,2011,9.17595198152475
NPL,external_debt_service_pct_exports,2010,10.5594747481963
NPL,fiscal_balance_pct_gdp,2023,-5.88338006625882
NPL,fiscal_balance_pct_gdp,2021,-4.00286706305707
NPL,fiscal_balance_pct_gdp,2020,-4.8968528613881
NPL,fiscal_balance_pct_gdp,2019,-4.79370576066754
NPL,fiscal_balance_pct_gdp,2018,-4.75425271249621
NPL,fiscal_balance_pct_gdp,2017,-2.38581531514218
NPL,fiscal_balance_pct_gdp,2016,1.17666376842403
NPL,fiscal_balance_pct_gdp,2015,0.929496130191996
NPL,fiscal_balance_pct_gdp,2014,1.56338345898961
NPL,fiscal_balance_pct_gdp,2013,1.50200419772983
NPL,fiscal_balance_pct_gdp,2012,-0.543385074168763
NPL,fiscal_balance_pct_gdp,2011,-0.877136867446518
NPL,fiscal_balance_pct_gdp,2010,-1.3733796175973
NPL,interest_payments_pct_revenue,2023,8.02195964202454
NPL,interest_payments_pct_revenue,2021,3.85657960803328
NPL,interest_payments_pct_revenue,2020,3.3290613517589
NPL,interest_payments_pct_revenue,2019,2.31696895226968
NPL,interest_payments_pct_revenue,2018,2.0224987596975
NPL,interest_payments_pct_revenue,2017,1.53279423231735
NPL,interest_payments_pct_revenue,2016,1.65503850042769
NPL,interest_payments_pct_revenue,2015,2.058426063173
NPL,interest_payments_pct_revenue,2014,2.97502095784131
NPL,interest_payments_pct_revenue,2013,4.15111327345913
NPL,interest_payments_pct_revenue,2012,5.31837545822883
NPL,interest_payments_pct_revenue,2011,4.95005484335555
NPL,interest_payments_pct_revenue,2010,4.61561735916517
NPL,bank_npl_pct_loans,2025,5.15351145694385
NPL,bank_npl_pct_loans,2024,4.63597142993056
NPL,bank_npl_pct_loans,2023,3.77535420144652
NPL,bank_npl_pct_loans,2022,2.44418427205124
NPL,bank_npl_pct_loans,2021,1.15668047969578
NPL,bank_npl_pct_loans,2020,1.67721669787425
NPL,bank_npl_pct_loans,2019,1.661035901516
NPL,bank_npl_pct_loans,2018,1.56237839101568
NPL,bank_npl_pct_loans,2017,1.69908552229354
NPL,bank_npl_pct_loans,2016,1.68433659406825
NPL,private_credit_pct_gdp,2025,90.5447624655163
NPL,private_credit_pct_gdp,2024,91.2933728348585
NPL,private_credit_pct_gdp,2023,91.5572641444323
NPL,private_credit_pct_gdp,2022,94.4669915631767
NPL,private_credit_pct_gdp,2021,103.651351375401
NPL,private_credit_pct_gdp,2020,88.4400394663268
NPL,private_credit_pct_gdp,2019,78.9459108984055
NPL,private_credit_pct_gdp,2018,76.3246080076578
NPL,private_credit_pct_gdp,2017,69.1891243413533
NPL,private_credit_pct_gdp,2016,69.840800112116
NPL,private_credit_pct_gdp,2015,56.9082740653704
NPL,private_credit_pct_gdp,2014,54.4670476035098
NPL,private_credit_pct_gdp,2013,50.4622708384351
NPL,private_credit_pct_gdp,2012,48.7543496534141
NPL,private_credit_pct_gdp,2011,46.4246531230953
NPL,private_credit_pct_gdp,2010,54.589987785603
NPL,exports_pct_gdp,2025,8.82763359925247
NPL,exports_pct_gdp,2024,7.55423347172655
NPL,exports_pct_gdp,2023,7.00596728086136
NPL,exports_pct_gdp,2022,6.7023908652401
NPL,exports_pct_gdp,2021,5.11917148482606
NPL,exports_pct_gdp,2020,6.80529835537229
NPL,exports_pct_gdp,2019,7.77993647445109
NPL,exports_pct_gdp,2018,7.81564102219889
NPL,exports_pct_gdp,2017,7.8121886555374
NPL,exports_pct_gdp,2016,8.17957803966234
NPL,exports_pct_gdp,2015,10.2145885930146
NPL,exports_pct_gdp,2014,10.124042118155
NPL,exports_pct_gdp,2013,9.2946586776145
NPL,exports_pct_gdp,2012,8.75029128721577
NPL,exports_pct_gdp,2011,7.80613567968357
NPL,exports_pct_gdp,2010,9.58253617198229
NPL,imports_pct_gdp,2025,33.7244112435844
NPL,imports_pct_gdp,2024,32.6157766909588
NPL,imports_pct_gdp,2023,34.5641830123854
NPL,imports_pct_gdp,2022,42.27101061478
NPL,imports_pct_gdp,2021,37.9346333063959
NPL,imports_pct_gdp,2020,34.1135757694721
NPL,imports_pct_gdp,2019,41.4695901124501
NPL,imports_pct_gdp,2018,40.6317459241789
NPL,imports_pct_gdp,2017,36.8302219662053
NPL,imports_pct_gdp,2016,33.9359080825022
NPL,imports_pct_gdp,2015,36.4511417965013
NPL,imports_pct_gdp,2014,35.8585994934377
NPL,imports_pct_gdp,2013,32.5707170600577
NPL,imports_pct_gdp,2012,29.1716147715423
NPL,imports_pct_gdp,2011,28.4906232102531
NPL,imports_pct_gdp,2010,36.4023696022884
NPL,fuel_exports_pct_merch_exports,2022,0.000422001355639369
NPL,fuel_exports_pct_merch_exports,2021,6.66375384580768e-06
NPL,fuel_exports_pct_merch_exports,2018,0.015293107300744
NPL,fuel_exports_pct_merch_exports,2017,0.00266232718899826
NPL,fuel_exports_pct_merch_exports,2015,0.00156426563766798
NPL,fuel_exports_pct_merch_exports,2014,0.00427691971404587
NPL,fuel_exports_pct_merch_exports,2013,0.00317309696043804
NPL,fuel_exports_pct_merch_exports,2012,0.0127445401569673
NPL,fuel_exports_pct_merch_exports,2011,5.17830048737702e-06
NPL,fuel_exports_pct_merch_exports,2010,4.5184108995034e-05
NPL,food_imports_pct_merch_imports,2022,17.9619548542567
NPL,food_imports_pct_merch_imports,2021,20.9511122107417
NPL,food_imports_pct_merch_imports,2020,22.7886464131429
NPL,food_imports_pct_merch_imports,2019,16.8564389348534
NPL,food_imports_pct_merch_imports,2018,15.1995572665085
NPL,food_imports_pct_merch_imports,2017,17.6428567864629
NPL,food_imports_pct_merch_imports,2016,18.2328816967713
NPL,food_imports_pct_merch_imports,2015,17.9135898934754
NPL,food_imports_pct_merch_imports,2014,17.9357254489643
NPL,food_imports_pct_merch_imports,2013,18.4274463961637
NPL,food_imports_pct_merch_imports,2012,16.8472680973275
NPL,food_imports_pct_merch_imports,2011,14.1795192731593
NPL,food_imports_pct_merch_imports,2010,13.6500965652447
NPL,remittances_pct_gdp,2024,25.9924855623944
NPL,remittances_pct_gdp,2023,26.2231139135394
NPL,remittances_pct_gdp,2022,22.853296719339
NPL,remittances_pct_gdp,2021,22.2775786274327
NPL,remittances_pct_gdp,2020,24.2502461023191
NPL,remittances_pct_gdp,2019,24.1163701264819
NPL,remittances_pct_gdp,2018,25.0264204285432
NPL,remittances_pct_gdp,2017,23.9135443394186
NPL,remittances_pct_gdp,2016,26.9605652689538
NPL,remittances_pct_gdp,2015,27.6260850017638
NPL,remittances_pct_gdp,2014,25.9051136185799
NPL,remittances_pct_gdp,2013,25.1947048897919
NPL,remittances_pct_gdp,2012,22.0821265457679
NPL,remittances_pct_gdp,2011,19.5463008559418
NPL,remittances_pct_gdp,2010,21.6469852746313
NPL,fdi_net_inflows_pct_gdp,2024,0.131412557108071
NPL,fdi_net_inflows_pct_gdp,2023,0.18227214989517
NPL,fdi_net_inflows_pct_gdp,2022,0.160405405048333
NPL,fdi_net_inflows_pct_gdp,2021,0.531690906776232
NPL,fdi_net_inflows_pct_gdp,2020,0.378739091402959
NPL,fdi_net_inflows_pct_gdp,2019,0.542801979747667
NPL,fdi_net_inflows_pct_gdp,2018,0.206157201926214
NPL,fdi_net_inflows_pct_gdp,2017,0.677439884182991
NPL,fdi_net_inflows_pct_gdp,2016,0.432212944008614
NPL,fdi_net_inflows_pct_gdp,2015,0.213029527712984
NPL,fdi_net_inflows_pct_gdp,2014,0.133746236524448
NPL,fdi_net_inflows_pct_gdp,2013,0.334712330597339
NPL,fdi_net_inflows_pct_gdp,2012,0.42369151125933
NPL,fdi_net_inflows_pct_gdp,2011,0.435814930594323
NPL,fdi_net_inflows_pct_gdp,2010,0.548294665887946
NPL,unemployment_rate,2025,10.465
NPL,unemployment_rate,2024,10.5
NPL,unemployment_rate,2023,10.437
NPL,unemployment_rate,2022,10.661
NPL,unemployment_rate,2021,12.241
NPL,unemployment_rate,2020,13.037
NPL,unemployment_rate,2019,10.477
NPL,unemployment_rate,2018,10.593
NPL,unemployment_rate,2017,10.66
NPL,unemployment_rate,2016,10.714
NPL,unemployment_rate,2015,10.643
NPL,unemployment_rate,2014,10.62
NPL,unemployment_rate,2013,10.666
NPL,unemployment_rate,2012,10.632
NPL,unemployment_rate,2011,10.627
NPL,unemployment_rate,2010,10.563
OMN,private_credit_pct_gdp,2024,63.2077225919943
OMN,private_credit_pct_gdp,2023,59.7528169989934
OMN,private_credit_pct_gdp,2022,55.7897704553203
OMN,private_credit_pct_gdp,2021,68.18634950316
OMN,private_credit_pct_gdp,2020,76.5893899420196
OMN,private_credit_pct_gdp,2019,65.1353364973981
OMN,private_credit_pct_gdp,2018,61.0721758896089
OMN,private_credit_pct_gdp,2017,65.9487621150617
OMN,private_credit_pct_gdp,2016,66.6702330425451
OMN,private_credit_pct_gdp,2015,58.1721127566142
OMN,private_credit_pct_gdp,2014,40.9964363798579
OMN,private_credit_pct_gdp,2013,37.8101763629108
OMN,private_credit_pct_gdp,2012,36.8201690395642
OMN,private_credit_pct_gdp,2011,36.1030456409534
OMN,private_credit_pct_gdp,2010,38.2119108803521
OMN,exports_pct_gdp,2024,66.072566156431
OMN,exports_pct_gdp,2023,61.5843427989208
OMN,exports_pct_gdp,2022,63.2505019129513
OMN,exports_pct_gdp,2021,53.329759351918
OMN,exports_pct_gdp,2020,47.0548733691481
OMN,exports_pct_gdp,2019,49.4929030047786
OMN,exports_pct_gdp,2018,50.6224420190996
OMN,exports_pct_gdp,2017,45.7165464756476
OMN,exports_pct_gdp,2016,41.3196247446948
OMN,exports_pct_gdp,2015,49.652560938135
OMN,exports_pct_gdp,2014,61.4401786616091
OMN,exports_pct_gdp,2013,66.0316248510717
OMN,exports_pct_gdp,2012,62.7218547578454
OMN,exports_pct_gdp,2011,63.9174704172791
OMN,exports_pct_gdp,2010,59.0956382553021
OMN,imports_pct_gdp,2024,48.7801054403878
OMN,imports_pct_gdp,2023,44.8623883036834
OMN,imports_pct_gdp,2022,42.4945073677033
OMN,imports_pct_gdp,2021,42.6197283774124
OMN,imports_pct_gdp,2020,44.8210174322991
OMN,imports_pct_gdp,2019,36.9852980265451
OMN,imports_pct_gdp,2018,38.6567758071851
OMN,imports_pct_gdp,2017,43.236601542648
OMN,imports_pct_gdp,2016,41.5446394571953
OMN,imports_pct_gdp,2015,46.7250192470997
OMN,imports_pct_gdp,2014,40.8385424265209
OMN,imports_pct_gdp,2013,46.511896912702
OMN,imports_pct_gdp,2012,39.3529056464546
OMN,imports_pct_gdp,2011,37.7242615226627
OMN,imports_pct_gdp,2010,37.2909163665466
OMN,fuel_exports_pct_merch_exports,2024,77.1995042110729
OMN,fuel_exports_pct_merch_exports,2023,74.1913838927866
OMN,fuel_exports_pct_merch_exports,2022,74.0383980013691
OMN,fuel_exports_pct_merch_exports,2021,65.2855836380628
OMN,fuel_exports_pct_merch_exports,2020,63.6348897569431
OMN,fuel_exports_pct_merch_exports,2019,76.3087021288282
OMN,fuel_exports_pct_merch_exports,2018,75.1858802471844
OMN,fuel_exports_pct_merch_exports,2017,73.6831825643426
OMN,fuel_exports_pct_merch_exports,2016,76.052172528574
OMN,fuel_exports_pct_merch_exports,2015,76.1568860871844
OMN,fuel_exports_pct_merch_exports,2014,81.6727512854849
OMN,fuel_exports_pct_merch_exports,2013,82.6128731508305
OMN,fuel_exports_pct_merch_exports,2012,83.5370778993057
OMN,fuel_exports_pct_merch_exports,2011,74.3678691335376
OMN,fuel_exports_pct_merch_exports,2010,77.7587802690782
OMN,food_imports_pct_merch_imports,2024,13.888546748286
OMN,food_imports_pct_merch_imports,2023,13.6921582029731
OMN,food_imports_pct_merch_imports,2022,14.574723936986
OMN,food_imports_pct_merch_imports,2021,16.612706212947
OMN,food_imports_pct_merch_imports,2020,15.7534992149336
OMN,food_imports_pct_merch_imports,2019,17.2504325824347
OMN,food_imports_pct_merch_imports,2018,14.8275810162406
OMN,food_imports_pct_merch_imports,2017,13.6246277212129
OMN,food_imports_pct_merch_imports,2016,15.6415620938827
OMN,food_imports_pct_merch_imports,2015,12.2478227897499
OMN,food_imports_pct_merch_imports,2014,12.3258536454132
OMN,food_imports_pct_merch_imports,2013,9.20212102113705
OMN,food_imports_pct_merch_imports,2012,10.3614905662381
OMN,food_imports_pct_merch_imports,2011,11.0805819428178
OMN,food_imports_pct_merch_imports,2010,12.1069374918903
OMN,remittances_pct_gdp,2024,0.0364128463172104
OMN,remittances_pct_gdp,2023,0.0367429346129202
OMN,remittances_pct_gdp,2022,0.0355127088147278
OMN,remittances_pct_gdp,2021,0.044674767691208
OMN,remittances_pct_gdp,2020,0.051392391185177
OMN,remittances_pct_gdp,2019,0.0443008440787492
OMN,remittances_pct_gdp,2018,0.0426330150068213
OMN,remittances_pct_gdp,2017,0.0482479558949352
OMN,remittances_pct_gdp,2016,0.0519264721154845
OMN,remittances_pct_gdp,2015,0.0495633469136904
OMN,remittances_pct_gdp,2014,0.0420842358063901
OMN,remittances_pct_gdp,2013,0.0433771731963771
OMN,remittances_pct_gdp,2012,0.0446313008238938
OMN,remittances_pct_gdp,2011,0.0503392867929847
OMN,remittances_pct_gdp,2010,0.0600240096038415
OMN,fdi_net_inflows_pct_gdp,2024,11.6351181598926
OMN,fdi_net_inflows_pct_gdp,2023,11.8157929128229
OMN,fdi_net_inflows_pct_gdp,2022,6.25544528201825
OMN,fdi_net_inflows_pct_gdp,2021,10.015189421015
OMN,fdi_net_inflows_pct_gdp,2020,2.51548624054379
OMN,fdi_net_inflows_pct_gdp,2019,2.26908923371353
OMN,fdi_net_inflows_pct_gdp,2018,6.12067985447931
OMN,fdi_net_inflows_pct_gdp,2017,3.56005583896762
OMN,fdi_net_inflows_pct_gdp,2016,3.01624952400734
OMN,fdi_net_inflows_pct_gdp,2015,-2.76001757846703
OMN,fdi_net_inflows_pct_gdp,2014,1.3876575353227
OMN,fdi_net_inflows_pct_gdp,2013,1.79286446946825
OMN,fdi_net_inflows_pct_gdp,2012,1.5612029028198
OMN,fdi_net_inflows_pct_gdp,2011,2.10218875218974
OMN,fdi_net_inflows_pct_gdp,2010,1.91196478591436
OMN,unemployment_rate,2025,3.251
OMN,unemployment_rate,2024,3.203
OMN,unemployment_rate,2023,3.176
OMN,unemployment_rate,2022,3.3
OMN,unemployment_rate,2021,1.9
OMN,unemployment_rate,2020,2.94
OMN,unemployment_rate,2019,2.045
OMN,unemployment_rate,2018,1.8
OMN,unemployment_rate,2017,2.523
OMN,unemployment_rate,2016,3.266
OMN,unemployment_rate,2015,3.403
OMN,unemployment_rate,2014,3.453
OMN,unemployment_rate,2013,3.553
OMN,unemployment_rate,2012,3.753
OMN,unemployment_rate,2011,3.95
OMN,unemployment_rate,2010,3.911
PAK,external_debt_pct_gni,2024,35.6282760521045
PAK,external_debt_pct_gni,2023,39.4498353457572
PAK,external_debt_pct_gni,2022,34.5202602197744
PAK,external_debt_pct_gni,2021,37.9965494190867
PAK,external_debt_pct_gni,2020,39.9870693569552
PAK,external_debt_pct_gni,2019,34.9183625831205
PAK,external_debt_pct_gni,2018,28.5494742437705
PAK,external_debt_pct_gni,2017,27.8523788602803
PAK,external_debt_pct_gni,2016,24.3711794392753
PAK,external_debt_pct_gni,2015,23.250373675072
PAK,external_debt_pct_gni,2014,24.0363183529915
PAK,external_debt_pct_gni,2013,23.6165694934777
PAK,external_debt_pct_gni,2012,25.8754627988566
PAK,external_debt_pct_gni,2011,28.567490409755
PAK,external_debt_pct_gni,2010,32.7811905556848
PAK,external_debt_service_pct_exports,2024,39.5425844195386
PAK,external_debt_service_pct_exports,2023,43.5994922043878
PAK,external_debt_service_pct_exports,2022,42.0463406568737
PAK,external_debt_service_pct_exports,2021,33.9308182903944
PAK,external_debt_service_pct_exports,2020,39.5201173442251
PAK,external_debt_service_pct_exports,2019,35.633204290599
PAK,external_debt_service_pct_exports,2018,19.455512353704
PAK,external_debt_service_pct_exports,2017,22.5558039612655
PAK,external_debt_service_pct_exports,2016,15.800860805807
PAK,external_debt_service_pct_exports,2015,14.4750575188818
PAK,external_debt_service_pct_exports,2014,15.5835259640491
PAK,external_debt_service_pct_exports,2013,22.786054796032
PAK,external_debt_service_pct_exports,2012,15.4974439085818
PAK,external_debt_service_pct_exports,2011,9.36170568883794
PAK,external_debt_service_pct_exports,2010,15.1401314827574
PAK,bank_npl_pct_loans,2025,5.36039727750282
PAK,bank_npl_pct_loans,2024,5.74855628982702
PAK,bank_npl_pct_loans,2023,6.6275019888851
PAK,bank_npl_pct_loans,2022,6.5448477708157
PAK,bank_npl_pct_loans,2021,7.88790949084099
PAK,bank_npl_pct_loans,2020,9.18579121790451
PAK,bank_npl_pct_loans,2019,8.58202379960379
PAK,bank_npl_pct_loans,2018,7.97371472046651
PAK,bank_npl_pct_loans,2017,8.42948949057021
PAK,bank_npl_pct_loans,2016,10.0558429338189
PAK,bank_npl_pct_loans,2015,11.3588840793988
PAK,bank_npl_pct_loans,2014,12.265792482412
PAK,bank_npl_pct_loans,2013,12.9868868262
PAK,private_credit_pct_gdp,2025,10.7268246496695
PAK,private_credit_pct_gdp,2024,11.46061956354
PAK,private_credit_pct_gdp,2023,12.0203955111754
PAK,private_credit_pct_gdp,2022,14.8383242381905
PAK,private_credit_pct_gdp,2021,15.3401397751102
PAK,private_credit_pct_gdp,2020,15.0331201291201
PAK,private_credit_pct_gdp,2019,15.6879858068791
PAK,private_credit_pct_gdp,2018,16.6323511145142
PAK,private_credit_pct_gdp,2017,15.3138129313571
PAK,private_credit_pct_gdp,2016,14.6822491291274
PAK,private_credit_pct_gdp,2015,13.8776720604833
PAK,private_credit_pct_gdp,2014,14.0363434269816
PAK,private_credit_pct_gdp,2013,14.4059591371388
PAK,private_credit_pct_gdp,2012,15.1977662090047
PAK,private_credit_pct_gdp,2011,16.7900431014259
PAK,private_credit_pct_gdp,2010,19.2854383363833
PAK,exports_pct_gdp,2025,9.98520671042165
PAK,exports_pct_gdp,2024,10.3855031331012
PAK,exports_pct_gdp,2023,10.4939587511564
PAK,exports_pct_gdp,2022,10.5405902721041
PAK,exports_pct_gdp,2021,9.05159988878188
PAK,exports_pct_gdp,2020,9.29855944234725
PAK,exports_pct_gdp,2019,9.3908635386027
PAK,exports_pct_gdp,2018,8.58179960556073
PAK,exports_pct_gdp,2017,8.22161134395559
PAK,exports_pct_gdp,2016,8.73671639116568
PAK,exports_pct_gdp,2015,9.97457095124036
PAK,exports_pct_gdp,2014,11.1949717426146
PAK,exports_pct_gdp,2013,12.1774992040696
PAK,exports_pct_gdp,2012,11.8739641473238
PAK,exports_pct_gdp,2011,13.4825548617217
PAK,exports_pct_gdp,2010,12.6372245592948
PAK,imports_pct_gdp,2025,17.2083306683448
PAK,imports_pct_gdp,2024,17.1798277774783
PAK,imports_pct_gdp,2023,17.9737337958273
PAK,imports_pct_gdp,2022,22.4907632059279
PAK,imports_pct_gdp,2021,17.9788205237729
PAK,imports_pct_gdp,2020,17.4177212905341
PAK,imports_pct_gdp,2019,19.5147134481005
PAK,imports_pct_gdp,2018,19.044257474073
PAK,imports_pct_gdp,2017,17.2504236583884
PAK,imports_pct_gdp,2016,15.9648616568916
PAK,imports_pct_gdp,2015,16.7136150659843
PAK,imports_pct_gdp,2014,18.2748539477852
PAK,imports_pct_gdp,2013,18.7127751361147
PAK,imports_pct_gdp,2012,19.4450091286838
PAK,imports_pct_gdp,2011,18.8800834134221
PAK,imports_pct_gdp,2010,19.3517774869368
PAK,fuel_exports_pct_merch_exports,2024,1.71807476906982
PAK,fuel_exports_pct_merch_exports,2023,0.583319121620756
PAK,fuel_exports_pct_merch_exports,2022,1.19408655456312
PAK,fuel_exports_pct_merch_exports,2021,0.708780532335282
PAK,fuel_exports_pct_merch_exports,2020,0.873349137853699
PAK,fuel_exports_pct_merch_exports,2019,1.59922046539897
PAK,fuel_exports_pct_merch_exports,2018,2.13426606062679
PAK,fuel_exports_pct_merch_exports,2017,1.2032443709099
PAK,fuel_exports_pct_merch_exports,2016,0.761514396551207
PAK,fuel_exports_pct_merch_exports,2015,1.21065579156664
PAK,fuel_exports_pct_merch_exports,2014,2.64194644110697
PAK,fuel_exports_pct_merch_exports,2013,2.10463441086617
PAK,fuel_exports_pct_merch_exports,2012,1.35053487428845
PAK,fuel_exports_pct_merch_exports,2011,5.21587114782379
PAK,fuel_exports_pct_merch_exports,2010,5.71119451483388
PAK,food_imports_pct_merch_imports,2024,14.1011260133402
PAK,food_imports_pct_merch_imports,2023,16.1107282427233
PAK,food_imports_pct_merch_imports,2022,13.2091941252982
PAK,food_imports_pct_merch_imports,2021,12.8684989494526
PAK,food_imports_pct_merch_imports,2020,14.993804992521
PAK,food_imports_pct_merch_imports,2019,10.7361855324182
PAK,food_imports_pct_merch_imports,2018,10.0377089627561
PAK,food_imports_pct_merch_imports,2017,11.8099304337959
PAK,food_imports_pct_merch_imports,2016,12.5083505742758
PAK,food_imports_pct_merch_imports,2015,12.0975233412564
PAK,food_imports_pct_merch_imports,2014,11.7285287779163
PAK,food_imports_pct_merch_imports,2013,10.2037449075269
PAK,food_imports_pct_merch_imports,2012,11.0599623222425
PAK,food_imports_pct_merch_imports,2011,11.9497095308939
PAK,food_imports_pct_merch_imports,2010,13.0449649955641
PAK,remittances_pct_gdp,2025,9.93795311287398
PAK,remittances_pct_gdp,2024,9.39186913640518
PAK,remittances_pct_gdp,2023,7.88805370627643
PAK,remittances_pct_gdp,2022,8.04928811142895
PAK,remittances_pct_gdp,2021,8.98436279286431
PAK,remittances_pct_gdp,2020,8.68401332889248
PAK,remittances_pct_gdp,2019,6.9340427404279
PAK,remittances_pct_gdp,2018,5.95094743448361
PAK,remittances_pct_gdp,2017,5.85367806811606
PAK,remittances_pct_gdp,2016,6.31922966290135
PAK,remittances_pct_gdp,2015,6.43611445161773
PAK,remittances_pct_gdp,2014,6.35394444445627
PAK,remittances_pct_gdp,2013,5.65574753329438
PAK,remittances_pct_gdp,2012,5.60040378648877
PAK,remittances_pct_gdp,2011,5.31817590756805
PAK,remittances_pct_gdp,2010,4.92604271661375
PAK,fdi_net_inflows_pct_gdp,2025,0.454693640126553
PAK,fdi_net_inflows_pct_gdp,2024,0.716885239403099
PAK,fdi_net_inflows_pct_gdp,2023,0.608281270820624
PAK,fdi_net_inflows_pct_gdp,2022,0.389980753542853
PAK,fdi_net_inflows_pct_gdp,2021,0.616039439073827
PAK,fdi_net_inflows_pct_gdp,2020,0.684695289874347
PAK,fdi_net_inflows_pct_gdp,2019,0.696146480411465
PAK,fdi_net_inflows_pct_gdp,2018,0.487745750658143
PAK,fdi_net_inflows_pct_gdp,2017,0.735837049658425
PAK,fdi_net_inflows_pct_gdp,2016,0.821349998064174
PAK,fdi_net_inflows_pct_gdp,2015,0.557734356032139
PAK,fdi_net_inflows_pct_gdp,2014,0.695308116834202
PAK,fdi_net_inflows_pct_gdp,2013,0.515353849332245
PAK,fdi_net_inflows_pct_gdp,2012,0.343453048660945
PAK,fdi_net_inflows_pct_gdp,2011,0.575055145839944
PAK,fdi_net_inflows_pct_gdp,2010,1.02791108080423
PAK,unemployment_rate,2025,5.42
PAK,unemployment_rate,2024,5.492
PAK,unemployment_rate,2023,5.237
PAK,unemployment_rate,2022,5.291
PAK,unemployment_rate,2021,6.338
PAK,unemployment_rate,2020,5.994
PAK,unemployment_rate,2019,4.83
PAK,unemployment_rate,2018,4.083
PAK,unemployment_rate,2017,3.204
PAK,unemployment_rate,2016,2.285
PAK,unemployment_rate,2015,3.566
PAK,unemployment_rate,2014,1.827
PAK,unemployment_rate,2013,2.954
PAK,unemployment_rate,2012,3.667
PAK,unemployment_rate,2011,0.796
PAK,unemployment_rate,2010,0.653
PSE,bank_npl_pct_loans,2023,3.41872677629682
PSE,bank_npl_pct_loans,2022,3.24787375179428
PSE,bank_npl_pct_loans,2021,3.06038545958319
PSE,bank_npl_pct_loans,2020,4.23551043671952
PSE,bank_npl_pct_loans,2019,4.111398726013
PSE,bank_npl_pct_loans,2018,3.04108365364652
PSE,bank_npl_pct_loans,2017,2.31775341068148
PSE,bank_npl_pct_loans,2016,2.17901822396472
PSE,bank_npl_pct_loans,2015,2.14279238837218
PSE,bank_npl_pct_loans,2014,2.54111369062262
PSE,bank_npl_pct_loans,2013,2.88247142261907
PSE,bank_npl_pct_loans,2012,3.0769175753146
PSE,bank_npl_pct_loans,2011,2.76420847054838
PSE,bank_npl_pct_loans,2010,3.06818623299833
PSE,private_credit_pct_gdp,2025,56.4537277980556
PSE,private_credit_pct_gdp,2024,58.6252720787942
PSE,private_credit_pct_gdp,2023,52.7325722326952
PSE,private_credit_pct_gdp,2022,47.7106174807336
PSE,private_credit_pct_gdp,2021,47.3295160416368
PSE,private_credit_pct_gdp,2020,52.2438211575681
PSE,private_credit_pct_gdp,2019,44.9267353587416
PSE,private_credit_pct_gdp,2018,44.8402878170502
PSE,private_credit_pct_gdp,2017,41.7423779001116
PSE,private_credit_pct_gdp,2016,36.5279321411323
PSE,private_credit_pct_gdp,2015,32.6010470713693
PSE,private_credit_pct_gdp,2014,27.3246796047092
PSE,private_credit_pct_gdp,2013,24.1199685686064
PSE,private_credit_pct_gdp,2012,24.0475728779365
PSE,private_credit_pct_gdp,2011,22.9577173636924
PSE,private_credit_pct_gdp,2010,21.3595304440428
PSE,exports_pct_gdp,2025,21.2278136668395
PSE,exports_pct_gdp,2024,21.8525432511909
PSE,exports_pct_gdp,2023,16.9958841111666
PSE,exports_pct_gdp,2022,18.4362526414651
PSE,exports_pct_gdp,2021,17.3411011099453
PSE,exports_pct_gdp,2020,15.3576234410914
PSE,exports_pct_gdp,2019,15.5210552426533
PSE,exports_pct_gdp,2018,15.961564454493
PSE,exports_pct_gdp,2017,15.7242063492063
PSE,exports_pct_gdp,2016,14.3267945006296
PSE,exports_pct_gdp,2015,16.0623801208096
PSE,exports_pct_gdp,2014,15.8230698299463
PSE,exports_pct_gdp,2013,15.6198438829492
PSE,exports_pct_gdp,2012,15.3263326889683
PSE,exports_pct_gdp,2011,16.0860353474401
PSE,exports_pct_gdp,2010,14.1228115477973
PSE,imports_pct_gdp,2025,53.5326292734358
PSE,imports_pct_gdp,2024,52.7355480773433
PSE,imports_pct_gdp,2023,59.1775735037644
PSE,imports_pct_gdp,2022,63.9586757454802
PSE,imports_pct_gdp,2021,55.7424485062676
PSE,imports_pct_gdp,2020,51.9305678064861
PSE,imports_pct_gdp,2019,53.4724370385502
PSE,imports_pct_gdp,2018,55.439710996154
PSE,imports_pct_gdp,2017,52.7244543650794
PSE,imports_pct_gdp,2016,51.0957196827087
PSE,imports_pct_gdp,2015,54.7185880736309
PSE,imports_pct_gdp,2014,51.9167673359686
PSE,imports_pct_gdp,2013,50.6514742332877
PSE,imports_pct_gdp,2012,51.6029946594148
PSE,imports_pct_gdp,2011,51.1634975550013
PSE,imports_pct_gdp,2010,54.3748386097196
PSE,fuel_exports_pct_merch_exports,2023,0.0859853021575194
PSE,fuel_exports_pct_merch_exports,2022,0.0524805007753271
PSE,fuel_exports_pct_merch_exports,2021,0.0685655976632964
PSE,fuel_exports_pct_merch_exports,2020,0.107838092378914
PSE,fuel_exports_pct_merch_exports,2019,0.0862921552942219
PSE,fuel_exports_pct_merch_exports,2018,0.0718070742204247
PSE,fuel_exports_pct_merch_exports,2017,0.0951480976091428
PSE,fuel_exports_pct_merch_exports,2016,0.163523332201154
PSE,fuel_exports_pct_merch_exports,2015,0.164371699319662
PSE,fuel_exports_pct_merch_exports,2014,0.191229879607219
PSE,fuel_exports_pct_merch_exports,2013,0.232120460276173
PSE,fuel_exports_pct_merch_exports,2012,0.239558505403332
PSE,fuel_exports_pct_merch_exports,2011,0.0865829589723565
PSE,fuel_exports_pct_merch_exports,2010,0.265654761783648
PSE,food_imports_pct_merch_imports,2023,30.9230514954555
PSE,food_imports_pct_merch_imports,2022,28.4235922781769
PSE,food_imports_pct_merch_imports,2021,31.7023053621989
PSE,food_imports_pct_merch_imports,2020,33.6900932770787
PSE,food_imports_pct_merch_imports,2019,30.2394427536807
PSE,food_imports_pct_merch_imports,2018,29.1758224974415
PSE,food_imports_pct_merch_imports,2017,27.8724636780793
PSE,food_imports_pct_merch_imports,2016,28.323573226601
PSE,food_imports_pct_merch_imports,2015,27.2910518405574
PSE,food_imports_pct_merch_imports,2014,24.3932405501627
PSE,food_imports_pct_merch_imports,2013,24.9613018313035
PSE,food_imports_pct_merch_imports,2012,23.8612251411115
PSE,food_imports_pct_merch_imports,2011,22.060709088787
PSE,food_imports_pct_merch_imports,2010,24.1028042850256
PSE,remittances_pct_gdp,2025,4.03848787823294
PSE,remittances_pct_gdp,2024,4.59269741059462
PSE,remittances_pct_gdp,2023,17.4093394320223
PSE,remittances_pct_gdp,2022,23.9769674621994
PSE,remittances_pct_gdp,2021,20.7657096918972
PSE,remittances_pct_gdp,2020,16.4802362028662
PSE,remittances_pct_gdp,2019,18.4017265263275
PSE,remittances_pct_gdp,2018,17.4109629066019
PSE,remittances_pct_gdp,2017,14.7502693254891
PSE,remittances_pct_gdp,2016,13.544446593553
PSE,remittances_pct_gdp,2015,13.0071577445967
PSE,remittances_pct_gdp,2014,12.8990789262009
PSE,remittances_pct_gdp,2013,11.0194652216269
PSE,remittances_pct_gdp,2012,14.228314544803
PSE,remittances_pct_gdp,2011,10.2065334289725
PSE,remittances_pct_gdp,2010,9.5764022790779
PSE,fdi_net_inflows_pct_gdp,2025,1.9212691698858
PSE,fdi_net_inflows_pct_gdp,2024,1.01253497329187
PSE,fdi_net_inflows_pct_gdp,2023,0.555593283570762
PSE,fdi_net_inflows_pct_gdp,2022,1.62179695015304
PSE,fdi_net_inflows_pct_gdp,2021,1.95194132723981
PSE,fdi_net_inflows_pct_gdp,2020,0.513433766585376
PSE,fdi_net_inflows_pct_gdp,2019,0.769720046510608
PSE,fdi_net_inflows_pct_gdp,2018,1.29446294401352
PSE,fdi_net_inflows_pct_gdp,2017,1.14056698202946
PSE,fdi_net_inflows_pct_gdp,2016,1.92447798073354
PSE,fdi_net_inflows_pct_gdp,2015,0.751035803856381
PSE,fdi_net_inflows_pct_gdp,2014,1.14163752860063
PSE,fdi_net_inflows_pct_gdp,2013,1.40253913684002
PSE,fdi_net_inflows_pct_gdp,2012,0.515918270255689
PSE,fdi_net_inflows_pct_gdp,2011,2.13515604683715
PSE,fdi_net_inflows_pct_gdp,2010,1.85860711452246
PSE,unemployment_rate,2022,24.42
PSE,unemployment_rate,2021,26.39
PSE,unemployment_rate,2020,25.895
PSE,unemployment_rate,2019,25.34
PSE,unemployment_rate,2018,26.256
PSE,unemployment_rate,2017,25.677
PSE,unemployment_rate,2016,23.939
PSE,unemployment_rate,2015,23.005
PSE,unemployment_rate,2014,20.526
PSE,unemployment_rate,2013,19.894
PSE,unemployment_rate,2012,19.202
PSE,unemployment_rate,2011,17.597
PSE,unemployment_rate,2010,21.416
QAT,private_credit_pct_gdp,2025,126.754580015982
QAT,private_credit_pct_gdp,2024,120.965896493385
QAT,private_credit_pct_gdp,2023,118.075783234072
QAT,private_credit_pct_gdp,2022,101.083984278189
QAT,private_credit_pct_gdp,2021,123.316618339598
QAT,private_credit_pct_gdp,2020,138.857842947295
QAT,private_credit_pct_gdp,2019,100.636146762775
QAT,private_credit_pct_gdp,2018,80.4368398170897
QAT,private_credit_pct_gdp,2017,80.0817007882657
QAT,private_credit_pct_gdp,2016,79.7605885769573
QAT,private_credit_pct_gdp,2015,70.8424801221283
QAT,private_credit_pct_gdp,2014,46.096808613041
QAT,private_credit_pct_gdp,2013,40.0053399938718
QAT,private_credit_pct_gdp,2012,37.1284423583344
QAT,private_credit_pct_gdp,2011,39.7530248795648
QAT,private_credit_pct_gdp,2010,44.7018151478225
QAT,exports_pct_gdp,2022,68.5984131738821
QAT,exports_pct_gdp,2021,58.7260170336864
QAT,exports_pct_gdp,2020,49.118878259958
QAT,exports_pct_gdp,2019,52.1888599262863
QAT,exports_pct_gdp,2018,55.9418631716143
QAT,exports_pct_gdp,2017,52.889422628417
QAT,exports_pct_gdp,2016,47.7138414909054
QAT,exports_pct_gdp,2015,57.061477766584
QAT,exports_pct_gdp,2014,67.9981181320016
QAT,exports_pct_gdp,2013,72.7178350242963
QAT,exports_pct_gdp,2012,76.4724190759864
QAT,exports_pct_gdp,2011,72.619706501698
QAT,exports_pct_gdp,2010,62.3197092953046
QAT,imports_pct_gdp,2022,31.6152340257357
QAT,imports_pct_gdp,2021,34.0531415378261
QAT,imports_pct_gdp,2020,40.9002166233522
QAT,imports_pct_gdp,2019,37.8575156222525
QAT,imports_pct_gdp,2018,35.8965858065867
QAT,imports_pct_gdp,2017,38.6051652911024
QAT,imports_pct_gdp,2016,41.8337586290298
QAT,imports_pct_gdp,2015,36.6461264070517
QAT,imports_pct_gdp,2014,31.0362566094301
QAT,imports_pct_gdp,2013,29.6653730820309
QAT,imports_pct_gdp,2012,29.2739243592311
QAT,imports_pct_gdp,2011,26.1019286002011
QAT,imports_pct_gdp,2010,23.7506175279123
QAT,fuel_exports_pct_merch_exports,2024,83.7597865976017
QAT,fuel_exports_pct_merch_exports,2023,86.5414333242433
QAT,fuel_exports_pct_merch_exports,2022,87.2912521641352
QAT,fuel_exports_pct_merch_exports,2021,84.4038969131069
QAT,fuel_exports_pct_merch_exports,2020,81.8145904890777
QAT,fuel_exports_pct_merch_exports,2019,88.8105651715138
QAT,fuel_exports_pct_merch_exports,2018,86.1296391093726
QAT,fuel_exports_pct_merch_exports,2017,87.5565130224043
QAT,fuel_exports_pct_merch_exports,2016,85.0429975482696
QAT,fuel_exports_pct_merch_exports,2015,83.6583736058125
QAT,fuel_exports_pct_merch_exports,2014,87.8136789876161
QAT,fuel_exports_pct_merch_exports,2013,89.9813548660954
QAT,fuel_exports_pct_merch_exports,2012,88.0489136744168
QAT,fuel_exports_pct_merch_exports,2011,92.9962018469401
QAT,fuel_exports_pct_merch_exports,2010,92.5548513080755
QAT,food_imports_pct_merch_imports,2024,11.1829202642424
QAT,food_imports_pct_merch_imports,2023,11.204295679661
QAT,food_imports_pct_merch_imports,2022,12.024746637738
QAT,food_imports_pct_merch_imports,2021,10.794876789514
QAT,food_imports_pct_merch_imports,2020,11.9200931361304
QAT,food_imports_pct_merch_imports,2019,10.8205553078848
QAT,food_imports_pct_merch_imports,2018,10.6236797484241
QAT,food_imports_pct_merch_imports,2017,11.1837874762017
QAT,food_imports_pct_merch_imports,2016,9.90460701845219
QAT,food_imports_pct_merch_imports,2015,9.7544928571576
QAT,food_imports_pct_merch_imports,2014,9.89788179112349
QAT,food_imports_pct_merch_imports,2013,9.28140647415725
QAT,food_imports_pct_merch_imports,2012,9.84458695567643
QAT,food_imports_pct_merch_imports,2010,8.495068094908
QAT,remittances_pct_gdp,2025,0.583581962104768
QAT,remittances_pct_gdp,2024,0.667206901457106
QAT,remittances_pct_gdp,2023,0.674680261981685
QAT,remittances_pct_gdp,2022,0.437654896965699
QAT,remittances_pct_gdp,2021,0.477817619071586
QAT,remittances_pct_gdp,2020,0.45124451187512
QAT,remittances_pct_gdp,2019,0.326951412887929
QAT,remittances_pct_gdp,2018,0.254743003069051
QAT,remittances_pct_gdp,2017,0.413369146110461
QAT,remittances_pct_gdp,2016,0.24949975931964
QAT,remittances_pct_gdp,2015,0.270241147605629
QAT,remittances_pct_gdp,2014,0.241788019993971
QAT,remittances_pct_gdp,2013,0.289036590893845
QAT,remittances_pct_gdp,2012,0.42995324346997
QAT,remittances_pct_gdp,2011,0.341901614862895
QAT,fdi_net_inflows_pct_gdp,2025,1.40702006150615
QAT,fdi_net_inflows_pct_gdp,2024,0.212749202349259
QAT,fdi_net_inflows_pct_gdp,2023,-0.222614821674707
QAT,fdi_net_inflows_pct_gdp,2022,0.0322850616403459
QAT,fdi_net_inflows_pct_gdp,2021,-0.608353846418717
QAT,fdi_net_inflows_pct_gdp,2020,-1.68550858988767
QAT,fdi_net_inflows_pct_gdp,2019,-1.59472537643955
QAT,fdi_net_inflows_pct_gdp,2018,-1.19249695201383
QAT,fdi_net_inflows_pct_gdp,2017,0.612038723345893
QAT,fdi_net_inflows_pct_gdp,2016,0.510044137883475
QAT,fdi_net_inflows_pct_gdp,2015,0.662099304441699
QAT,fdi_net_inflows_pct_gdp,2014,0.504491036758769
QAT,fdi_net_inflows_pct_gdp,2013,-0.422882595917482
QAT,fdi_net_inflows_pct_gdp,2012,0.21188872224358
QAT,fdi_net_inflows_pct_gdp,2011,0.559389030984015
QAT,fdi_net_inflows_pct_gdp,2010,3.73261315829573
QAT,unemployment_rate,2025,0.13
QAT,unemployment_rate,2024,0.13
QAT,unemployment_rate,2023,0.13
QAT,unemployment_rate,2022,0.13
QAT,unemployment_rate,2021,0.14
QAT,unemployment_rate,2020,0.14
QAT,unemployment_rate,2019,0.1
QAT,unemployment_rate,2018,0.11
QAT,unemployment_rate,2017,0.14
QAT,unemployment_rate,2016,0.15
QAT,unemployment_rate,2015,0.17
QAT,unemployment_rate,2014,0.2
QAT,unemployment_rate,2013,0.28
QAT,unemployment_rate,2012,0.48
QAT,unemployment_rate,2011,0.56
QAT,unemployment_rate,2010,0.45
SAU,fiscal_balance_pct_gdp,2024,-2.45851850496765
SAU,fiscal_balance_pct_gdp,2023,-1.77137700860758
SAU,fiscal_balance_pct_gdp,2022,2.23510524060073
SAU,fiscal_balance_pct_gdp,2021,-1.99311190055249
SAU,fiscal_balance_pct_gdp,2020,-10.2054852387537
SAU,fiscal_balance_pct_gdp,2019,-3.97905319006053
SAU,fiscal_balance_pct_gdp,2018,-5.21398247858852
SAU,fiscal_balance_pct_gdp,2017,-8.57965108882136
SAU,fiscal_balance_pct_gdp,2016,-12.0343843725707
SAU,fiscal_balance_pct_gdp,2015,-14.9443295860792
SAU,fiscal_balance_pct_gdp,2014,-3.40338719381643
SAU,fiscal_balance_pct_gdp,2013,5.46926748017726
SAU,fiscal_balance_pct_gdp,2012,11.6799058125109
SAU,fiscal_balance_pct_gdp,2011,11.3940257271561
SAU,fiscal_balance_pct_gdp,2010,4.39157840467735
SAU,interest_payments_pct_revenue,2024,3.53928856293198
SAU,interest_payments_pct_revenue,2023,3.11717626441745
SAU,interest_payments_pct_revenue,2022,2.39041526354088
SAU,interest_payments_pct_revenue,2021,2.83627486303424
SAU,interest_payments_pct_revenue,2020,3.12816011184723
SAU,interest_payments_pct_revenue,2019,2.27932302812191
SAU,interest_payments_pct_revenue,2018,1.65595448112322
SAU,interest_payments_pct_revenue,2017,1.30599026456683
SAU,interest_payments_pct_revenue,2016,0.952470673106658
SAU,interest_payments_pct_revenue,2015,0.425661096730179
SAU,interest_payments_pct_revenue,2014,0.339184783601454
SAU,interest_payments_pct_revenue,2013,0.399701893703763
SAU,interest_payments_pct_revenue,2012,0.489917266795932
SAU,interest_payments_pct_revenue,2011,0.702978890946999
SAU,interest_payments_pct_revenue,2010,1.47496009537397
SAU,bank_npl_pct_loans,2025,1.03781619190087
SAU,bank_npl_pct_loans,2024,1.24535587233852
SAU,bank_npl_pct_loans,2023,1.51347587802945
SAU,bank_npl_pct_loans,2022,1.80253047265234
SAU,bank_npl_pct_loans,2021,1.86810170169937
SAU,bank_npl_pct_loans,2020,2.21159921239074
SAU,bank_npl_pct_loans,2019,1.85839038526168
SAU,bank_npl_pct_loans,2018,1.95231785727138
SAU,bank_npl_pct_loans,2017,1.61364907195792
SAU,bank_npl_pct_loans,2016,1.38335895995773
SAU,bank_npl_pct_loans,2015,1.23698687005172
SAU,bank_npl_pct_loans,2014,1.08033805274768
SAU,bank_npl_pct_loans,2013,1.30683882837442
SAU,bank_npl_pct_loans,2012,1.6697936801687
SAU,bank_npl_pct_loans,2011,2.22411986474196
SAU,bank_npl_pct_loans,2010,2.96818471895202
SAU,private_credit_pct_gdp,2017,50.1375935809361
SAU,private_credit_pct_gdp,2016,54.375771847036
SAU,private_credit_pct_gdp,2015,52.7601798097453
SAU,private_credit_pct_gdp,2014,42.5570781320296
SAU,private_credit_pct_gdp,2013,39.0113411908332
SAU,private_credit_pct_gdp,2012,35.5685109967177
SAU,private_credit_pct_gdp,2011,33.6286944686693
SAU,private_credit_pct_gdp,2010,39.1641936148322
SAU,exports_pct_gdp,2025,29.7448740074211
SAU,exports_pct_gdp,2024,29.3880027930942
SAU,exports_pct_gdp,2023,30.7559610678442
SAU,exports_pct_gdp,2022,35.9850098955522
SAU,exports_pct_gdp,2021,29.1556614026837
SAU,exports_pct_gdp,2020,23.8098115262185
SAU,exports_pct_gdp,2019,32.159204977113
SAU,exports_pct_gdp,2018,35.5209831625769
SAU,exports_pct_gdp,2017,32.3625378991189
SAU,exports_pct_gdp,2016,29.1430897114591
SAU,exports_pct_gdp,2015,31.4401316153804
SAU,exports_pct_gdp,2014,45.0958458227862
SAU,exports_pct_gdp,2013,50.3725164415794
SAU,exports_pct_gdp,2012,53.1198476436365
SAU,exports_pct_gdp,2011,55.2733461365779
SAU,exports_pct_gdp,2010,49.5697145263124
SAU,imports_pct_gdp,2025,28.1733498505598
SAU,imports_pct_gdp,2024,27.0169346216948
SAU,imports_pct_gdp,2023,25.0415071647045
SAU,imports_pct_gdp,2022,20.839154879381
SAU,imports_pct_gdp,2021,21.728264937195
SAU,imports_pct_gdp,2020,23.7233476988295
SAU,imports_pct_gdp,2019,24.6346155115383
SAU,imports_pct_gdp,2018,23.5819273071372
SAU,imports_pct_gdp,2017,27.169441258704
SAU,imports_pct_gdp,2016,28.7785737995774
SAU,imports_pct_gdp,2015,35.6651376146789
SAU,imports_pct_gdp,2014,32.9042652949498
SAU,imports_pct_gdp,2013,29.8789849870989
SAU,imports_pct_gdp,2012,28.6208309025235
SAU,imports_pct_gdp,2011,29.0860881073216
SAU,imports_pct_gdp,2010,32.9799704964413
SAU,fuel_exports_pct_merch_exports,2024,79.3976376511523
SAU,fuel_exports_pct_merch_exports,2023,81.3099851483006
SAU,fuel_exports_pct_merch_exports,2022,82.1937028956426
SAU,fuel_exports_pct_merch_exports,2021,76.6076971781348
SAU,fuel_exports_pct_merch_exports,2020,72.5938015741335
SAU,fuel_exports_pct_merch_exports,2019,80.0531128894226
SAU,fuel_exports_pct_merch_exports,2018,80.9954096508223
SAU,fuel_exports_pct_merch_exports,2017,79.8468152028451
SAU,fuel_exports_pct_merch_exports,2016,77.5498175972453
SAU,fuel_exports_pct_merch_exports,2015,78.4307733758804
SAU,fuel_exports_pct_merch_exports,2014,85.1657914409074
SAU,fuel_exports_pct_merch_exports,2013,87.5705430575713
SAU,fuel_exports_pct_merch_exports,2012,88.6274591343223
SAU,fuel_exports_pct_merch_exports,2011,88.7250786188123
SAU,fuel_exports_pct_merch_exports,2010,87.6208624921467
SAU,food_imports_pct_merch_imports,2024,12.9517318061095
SAU,food_imports_pct_merch_imports,2023,13.4010931323156
SAU,food_imports_pct_merch_imports,2022,15.5240541237484
SAU,food_imports_pct_merch_imports,2021,15.0790158758812
SAU,food_imports_pct_merch_imports,2020,16.2416866644918
SAU,food_imports_pct_merch_imports,2019,13.9210365638305
SAU,food_imports_pct_merch_imports,2018,15.4023068350858
SAU,food_imports_pct_merch_imports,2017,15.973466290432
SAU,food_imports_pct_merch_imports,2016,15.7765700802761
SAU,food_imports_pct_merch_imports,2015,13.7273691996273
SAU,food_imports_pct_merch_imports,2014,14.2814703964167
SAU,food_imports_pct_merch_imports,2013,14.5375069021815
SAU,food_imports_pct_merch_imports,2012,14.054771122829
SAU,food_imports_pct_merch_imports,2011,15.3273661347058
SAU,food_imports_pct_merch_imports,2010,15.9456252927675
SAU,remittances_pct_gdp,2025,0.0274538093624285
SAU,remittances_pct_gdp,2024,0.0269879301341444
SAU,remittances_pct_gdp,2023,0.0256318796460361
SAU,remittances_pct_gdp,2022,0.0231657002868662
SAU,remittances_pct_gdp,2021,0.0300118046534322
SAU,remittances_pct_gdp,2020,0.0393583696631861
SAU,remittances_pct_gdp,2019,0.0375782473904536
SAU,remittances_pct_gdp,2018,0.0377766708836924
SAU,remittances_pct_gdp,2017,0.0392285559698217
SAU,remittances_pct_gdp,2016,0.0460425534219694
SAU,remittances_pct_gdp,2015,0.0426057491739427
SAU,remittances_pct_gdp,2014,0.0347205659958046
SAU,remittances_pct_gdp,2013,0.0349167043120865
SAU,remittances_pct_gdp,2012,0.0327055489847342
SAU,remittances_pct_gdp,2011,0.035808339973939
SAU,remittances_pct_gdp,2010,0.044770287230573
SAU,fdi_net_inflows_pct_gdp,2025,2.55517254024168
SAU,fdi_net_inflows_pct_gdp,2024,1.70136894275871
SAU,fdi_net_inflows_pct_gdp,2023,1.87130991298946
SAU,fdi_net_inflows_pct_gdp,2022,2.1556449627378
SAU,fdi_net_inflows_pct_gdp,2021,2.8850612174452
SAU,fdi_net_inflows_pct_gdp,2020,0.211115523412857
SAU,fdi_net_inflows_pct_gdp,2019,0.346411455797861
SAU,fdi_net_inflows_pct_gdp,2018,1.36945683303735
SAU,fdi_net_inflows_pct_gdp,2017,0.136801407151884
SAU,fdi_net_inflows_pct_gdp,2016,3.18518611850268
SAU,fdi_net_inflows_pct_gdp,2015,0.572622097928938
SAU,fdi_net_inflows_pct_gdp,2014,0.191711517264834
SAU,fdi_net_inflows_pct_gdp,2013,0.437984195574321
SAU,fdi_net_inflows_pct_gdp,2012,0.669626013751334
SAU,fdi_net_inflows_pct_gdp,2011,0.688133631504519
SAU,fdi_net_inflows_pct_gdp,2010,0.923670092367435
SAU,unemployment_rate,2025,3.038
SAU,unemployment_rate,2024,3.518
SAU,unemployment_rate,2023,4.008
SAU,unemployment_rate,2022,5.589
SAU,unemployment_rate,2021,6.621
SAU,unemployment_rate,2020,7.66
SAU,unemployment_rate,2019,5.636
SAU,unemployment_rate,2018,6.029
SAU,unemployment_rate,2017,5.89
SAU,unemployment_rate,2016,5.6
SAU,unemployment_rate,2015,5.6
SAU,unemployment_rate,2014,5.877
SAU,unemployment_rate,2013,5.6
SAU,unemployment_rate,2012,5.622
SAU,unemployment_rate,2011,5.77
SAU,unemployment_rate,2010,5.55
SDN,external_debt_pct_gni,2024,45.3986291468877
SDN,external_debt_pct_gni,2023,58.0030635125029
SDN,external_debt_pct_gni,2022,44.3585061389123
SDN,external_debt_pct_gni,2021,69.8676399582301
SDN,external_debt_pct_gni,2020,93.152816991005
SDN,external_debt_pct_gni,2019,74.3660545239152
SDN,external_debt_pct_gni,2018,71.4394464809636
SDN,external_debt_pct_gni,2017,55.4341564956713
SDN,external_debt_pct_gni,2016,51.1473148369104
SDN,external_debt_pct_gni,2015,42.8323529853489
SDN,external_debt_pct_gni,2014,45.2388242895741
SDN,external_debt_pct_gni,2013,56.487760867855
SDN,external_debt_pct_gni,2012,62.0028273281422
SDN,external_debt_pct_gni,2011,41.8849817755024
SDN,external_debt_pct_gni,2010,41.2309784294958
SDN,external_debt_service_pct_exports,2022,2.95622866961282
SDN,external_debt_service_pct_exports,2021,45.218288862013
SDN,external_debt_service_pct_exports,2020,2.87878024275031
SDN,external_debt_service_pct_exports,2019,3.75873467947796
SDN,external_debt_service_pct_exports,2018,4.19894498062309
SDN,external_debt_service_pct_exports,2017,4.16552097640629
SDN,external_debt_service_pct_exports,2016,6.33691525263901
SDN,external_debt_service_pct_exports,2015,10.6504289695058
SDN,external_debt_service_pct_exports,2014,4.31031776521854
SDN,external_debt_service_pct_exports,2013,4.90058576864329
SDN,external_debt_service_pct_exports,2012,7.14824601297622
SDN,external_debt_service_pct_exports,2011,4.87186411161
SDN,external_debt_service_pct_exports,2010,4.21004682024409
SDN,fiscal_balance_pct_gdp,2016,-1.73965155737777
SDN,fiscal_balance_pct_gdp,2015,-1.24328515368576
SDN,fiscal_balance_pct_gdp,2014,-0.905266277526848
SDN,fiscal_balance_pct_gdp,2013,-1.84506690261176
SDN,fiscal_balance_pct_gdp,2012,-3.2934374153387
SDN,fiscal_balance_pct_gdp,2010,-4.28316690032809
SDN,interest_payments_pct_revenue,2016,5.12851531244437
SDN,interest_payments_pct_revenue,2015,6.58112506834888
SDN,interest_payments_pct_revenue,2014,7.36125182274434
SDN,interest_payments_pct_revenue,2013,4.40493712020751
SDN,interest_payments_pct_revenue,2012,11.3897898331386
SDN,interest_payments_pct_revenue,2010,8.04710216560018
SDN,private_credit_pct_gdp,2022,5.63980468495649
SDN,private_credit_pct_gdp,2021,6.61986449215035
SDN,private_credit_pct_gdp,2020,7.89088716237967
SDN,private_credit_pct_gdp,2019,9.17361614121809
SDN,private_credit_pct_gdp,2018,9.35475603325025
SDN,private_credit_pct_gdp,2017,8.38975613758766
SDN,private_credit_pct_gdp,2016,8.21971643252736
SDN,private_credit_pct_gdp,2015,8.12473335981359
SDN,private_credit_pct_gdp,2014,8.15064686274859
SDN,private_credit_pct_gdp,2013,10.5177916679111
SDN,private_credit_pct_gdp,2012,11.9423641232484
SDN,private_credit_pct_gdp,2011,9.29192166764101
SDN,private_credit_pct_gdp,2010,10.5026912651794
SDN,exports_pct_gdp,2025,1.1030420269355
SDN,exports_pct_gdp,2024,0.720930190156301
SDN,exports_pct_gdp,2023,1.10810859308483
SDN,exports_pct_gdp,2022,1.57116183055586
SDN,exports_pct_gdp,2021,2.2498704277993
SDN,exports_pct_gdp,2020,5.12531269468598
SDN,exports_pct_gdp,2019,8.45298341762853
SDN,exports_pct_gdp,2018,7.65020198466392
SDN,exports_pct_gdp,2017,6.11214425821293
SDN,exports_pct_gdp,2016,5.00449100738247
SDN,exports_pct_gdp,2015,6.42291092918573
SDN,exports_pct_gdp,2014,7.60891112283276
SDN,exports_pct_gdp,2013,9.50689116839014
SDN,exports_pct_gdp,2012,6.85645263673087
SDN,exports_pct_gdp,2011,12.4787060282521
SDN,exports_pct_gdp,2010,17.4756063457453
SDN,imports_pct_gdp,2025,1.27888825694147
SDN,imports_pct_gdp,2024,1.27448191209378
SDN,imports_pct_gdp,2023,1.36562018959182
SDN,imports_pct_gdp,2022,1.12767260530269
SDN,imports_pct_gdp,2021,1.87767821048496
SDN,imports_pct_gdp,2020,4.82983238157553
SDN,imports_pct_gdp,2019,17.666637037634
SDN,imports_pct_gdp,2018,14.2177167427683
SDN,imports_pct_gdp,2017,11.7192455714973
SDN,imports_pct_gdp,2016,10.2771788829636
SDN,imports_pct_gdp,2015,11.9553619254684
SDN,imports_pct_gdp,2014,13.2361978812986
SDN,imports_pct_gdp,2013,17.3516333336233
SDN,imports_pct_gdp,2012,14.9997218879992
SDN,imports_pct_gdp,2011,15.0336329952659
SDN,imports_pct_gdp,2010,15.2527036042897
SDN,fuel_exports_pct_merch_exports,2018,14.3046984999341
SDN,fuel_exports_pct_merch_exports,2017,12.9417898676253
SDN,fuel_exports_pct_merch_exports,2016,10.625447909553
SDN,fuel_exports_pct_merch_exports,2015,53.7125503293282
SDN,fuel_exports_pct_merch_exports,2014,50.1544816247277
SDN,fuel_exports_pct_merch_exports,2013,5.0106381194167
SDN,fuel_exports_pct_merch_exports,2012,0.00542955620642858
SDN,fuel_exports_pct_merch_exports,2011,82.485132408608
SDN,fuel_exports_pct_merch_exports,2010,84.9525613268194
SDN,food_imports_pct_merch_imports,2018,29.9100868799566
SDN,food_imports_pct_merch_imports,2017,21.1766579626125
SDN,food_imports_pct_merch_imports,2016,36.341987786866
SDN,food_imports_pct_merch_imports,2015,20.5010125619895
SDN,food_imports_pct_merch_imports,2014,25.4217512033133
SDN,food_imports_pct_merch_imports,2013,19.522500121755
SDN,food_imports_pct_merch_imports,2012,22.2255511532903
SDN,food_imports_pct_merch_imports,2011,17.9778411692108
SDN,food_imports_pct_merch_imports,2010,25.8755090057164
SDN,remittances_pct_gdp,2022,2.90211266882246
SDN,remittances_pct_gdp,2021,3.26916579487434
SDN,remittances_pct_gdp,2020,1.8323008553696
SDN,remittances_pct_gdp,2019,1.61517721904827
SDN,remittances_pct_gdp,2018,1.3150777470696
SDN,remittances_pct_gdp,2017,0.515788151199867
SDN,remittances_pct_gdp,2016,0.35986421105173
SDN,remittances_pct_gdp,2015,0.292676390954571
SDN,remittances_pct_gdp,2014,1.02300097644082
SDN,remittances_pct_gdp,2013,1.43991386908741
SDN,remittances_pct_gdp,2012,1.58330324714586
SDN,remittances_pct_gdp,2011,1.49807774183835
SDN,remittances_pct_gdp,2010,2.46856150399008
SDN,fdi_net_inflows_pct_gdp,2023,1.37399372870934
SDN,fdi_net_inflows_pct_gdp,2022,1.11000421594226
SDN,fdi_net_inflows_pct_gdp,2021,1.52754029838982
SDN,fdi_net_inflows_pct_gdp,2020,2.65193447042229
SDN,fdi_net_inflows_pct_gdp,2019,2.55226968828806
SDN,fdi_net_inflows_pct_gdp,2018,3.51269523880448
SDN,fdi_net_inflows_pct_gdp,2017,2.58043876395005
SDN,fdi_net_inflows_pct_gdp,2016,2.49532759301928
SDN,fdi_net_inflows_pct_gdp,2015,3.34135261447755
SDN,fdi_net_inflows_pct_gdp,2014,2.52698516017578
SDN,fdi_net_inflows_pct_gdp,2013,3.92312074519106
SDN,fdi_net_inflows_pct_gdp,2012,6.14212434699966
SDN,fdi_net_inflows_pct_gdp,2011,3.15234852962884
SDN,fdi_net_inflows_pct_gdp,2010,3.50004539535845
SDN,unemployment_rate,2022,7.53
SDN,unemployment_rate,2021,11.087
SDN,unemployment_rate,2020,11.995
SDN,unemployment_rate,2019,11.697
SDN,unemployment_rate,2018,12.347
SDN,unemployment_rate,2017,13.0
SDN,unemployment_rate,2016,13.656
SDN,unemployment_rate,2015,14.39
SDN,unemployment_rate,2014,15.41
SDN,unemployment_rate,2013,16.273
SDN,unemployment_rate,2012,16.973
SDN,unemployment_rate,2011,17.44
SDN,unemployment_rate,2010,15.168
SOM,external_debt_pct_gni,2024,14.918886594174
SOM,external_debt_pct_gni,2023,28.3163805466625
SOM,external_debt_pct_gni,2022,40.3125376815559
SOM,external_debt_pct_gni,2021,43.8741204568577
SOM,external_debt_pct_gni,2020,53.4531991684809
SOM,external_debt_pct_gni,2019,62.3503074480711
SOM,external_debt_pct_gni,2018,67.7767660919484
SOM,external_debt_pct_gni,2017,37.4050831874032
SOM,external_debt_pct_gni,2016,41.6905357744833
SOM,external_debt_pct_gni,2015,45.2495379770867
SOM,external_debt_pct_gni,2014,49.7936798453941
SOM,external_debt_pct_gni,2013,58.417132359056
SOM,external_debt_pct_gni,2012,67.3687213629642
SOM,external_debt_pct_gni,2011,102.033543095271
SOM,external_debt_pct_gni,2010,110.242347630463
SOM,external_debt_service_pct_exports,2024,0.656954967744848
SOM,external_debt_service_pct_exports,2023,1.23042699939331
SOM,external_debt_service_pct_exports,2022,1.07407103336921
SOM,external_debt_service_pct_exports,2021,1.09873257106759
SOM,external_debt_service_pct_exports,2020,66.9037623716381
SOM,external_debt_service_pct_exports,2019,0.0542342990654206
SOM,external_debt_service_pct_exports,2018,0.00535729148753224
SOM,external_debt_service_pct_exports,2017,0.00349480846774194
SOM,external_debt_service_pct_exports,2016,0.00413834351145038
SOM,external_debt_service_pct_exports,2015,0.003587502787068
SOM,external_debt_service_pct_exports,2014,0.00408789473684211
SOM,external_debt_service_pct_exports,2013,0.0719530835380835
SOM,fiscal_balance_pct_gdp,2024,0.15162225665709
SOM,fiscal_balance_pct_gdp,2023,15.6850818678396
SOM,fiscal_balance_pct_gdp,2022,0.106585400803479
SOM,fiscal_balance_pct_gdp,2021,-0.873966032050765
SOM,fiscal_balance_pct_gdp,2020,0.185714421085849
SOM,fiscal_balance_pct_gdp,2019,0.273356384738217
SOM,fiscal_balance_pct_gdp,2018,0.0987515676639528
SOM,fiscal_balance_pct_gdp,2017,0.0352665520986359
SOM,interest_payments_pct_revenue,2024,0.6381167495069
SOM,interest_payments_pct_revenue,2023,0.0970249917318939
SOM,interest_payments_pct_revenue,2022,0.0960014322121721
SOM,interest_payments_pct_revenue,2021,0.382667096112316
SOM,interest_payments_pct_revenue,2020,2.85170952926266
SOM,bank_npl_pct_loans,2025,2.64509995058635
SOM,bank_npl_pct_loans,2024,2.69173727183634
SOM,bank_npl_pct_loans,2023,2.26632125393185
SOM,bank_npl_pct_loans,2022,1.76552816050369
SOM,bank_npl_pct_loans,2021,2.32250827107724
SOM,bank_npl_pct_loans,2020,3.47079434250694
SOM,bank_npl_pct_loans,2019,4.23573281598442
SOM,bank_npl_pct_loans,2018,1.64952305586339
SOM,private_credit_pct_gdp,2024,5.43098050942767
SOM,private_credit_pct_gdp,2023,5.07180182048566
SOM,private_credit_pct_gdp,2022,3.91177494692927
SOM,private_credit_pct_gdp,2021,3.40272937477728
SOM,private_credit_pct_gdp,2020,2.61476555249078
SOM,private_credit_pct_gdp,2019,2.40775888915885
SOM,private_credit_pct_gdp,2018,2.34877290879434
SOM,exports_pct_gdp,2025,29.2484917491797
SOM,exports_pct_gdp,2024,31.2108297819002
SOM,exports_pct_gdp,2023,21.9383099105676
SOM,exports_pct_gdp,2022,17.6810741938645
SOM,exports_pct_gdp,2021,16.1552251397237
SOM,exports_pct_gdp,2020,13.6532220676866
SOM,exports_pct_gdp,2019,13.0660813308688
SOM,exports_pct_gdp,2018,14.2131334942208
SOM,exports_pct_gdp,2017,13.0465010418362
SOM,exports_pct_gdp,2016,16.1359579394828
SOM,exports_pct_gdp,2015,16.8715688310983
SOM,exports_pct_gdp,2014,19.1628937165159
SOM,exports_pct_gdp,2013,18.6178689226979
SOM,exports_pct_gdp,2012,19.5524000374862
SOM,imports_pct_gdp,2025,98.8149470599555
SOM,imports_pct_gdp,2024,99.1142308013704
SOM,imports_pct_gdp,2023,81.1826975725497
SOM,imports_pct_gdp,2022,73.0765461138881
SOM,imports_pct_gdp,2021,62.9442159654118
SOM,imports_pct_gdp,2020,62.0421882243857
SOM,imports_pct_gdp,2019,57.231977818854
SOM,imports_pct_gdp,2018,59.6087895338499
SOM,imports_pct_gdp,2017,55.6291480514478
SOM,imports_pct_gdp,2016,58.225604612142
SOM,imports_pct_gdp,2015,59.6077634074256
SOM,imports_pct_gdp,2014,62.5381477394163
SOM,imports_pct_gdp,2013,64.7231302031399
SOM,imports_pct_gdp,2012,69.0212460407427
SOM,fdi_net_inflows_pct_gdp,2024,6.39257959388318
SOM,fdi_net_inflows_pct_gdp,2023,6.17357181967512
SOM,fdi_net_inflows_pct_gdp,2022,6.23346074683917
SOM,fdi_net_inflows_pct_gdp,2021,6.33765685964357
SOM,fdi_net_inflows_pct_gdp,2020,6.18915159944367
SOM,fdi_net_inflows_pct_gdp,2019,5.16404805914972
SOM,fdi_net_inflows_pct_gdp,2018,5.18226851263813
SOM,fdi_net_inflows_pct_gdp,2017,4.84156553446397
SOM,fdi_net_inflows_pct_gdp,2016,4.9896102178043
SOM,fdi_net_inflows_pct_gdp,2015,4.92510820324606
SOM,fdi_net_inflows_pct_gdp,2014,4.55624629490798
SOM,fdi_net_inflows_pct_gdp,2013,5.09591217775954
SOM,fdi_net_inflows_pct_gdp,2012,2.45906325256211
SOM,fdi_net_inflows_pct_gdp,2011,3.50997923598382
SOM,fdi_net_inflows_pct_gdp,2010,4.16696585149836
SOM,unemployment_rate,2025,18.948
SOM,unemployment_rate,2024,18.949
SOM,unemployment_rate,2023,18.96
SOM,unemployment_rate,2022,19.112
SOM,unemployment_rate,2021,19.662
SOM,unemployment_rate,2020,19.414
SOM,unemployment_rate,2019,18.828
SOM,unemployment_rate,2018,18.7
SOM,unemployment_rate,2017,18.455
SOM,unemployment_rate,2016,18.611
SOM,unemployment_rate,2015,18.495
SOM,unemployment_rate,2014,18.595
SOM,unemployment_rate,2013,18.655
SOM,unemployment_rate,2012,18.771
SOM,unemployment_rate,2011,18.761
SOM,unemployment_rate,2010,18.741
SSD,private_credit_pct_gdp,2025,3.24249880212429
SSD,private_credit_pct_gdp,2024,5.76315463209053
SSD,private_credit_pct_gdp,2023,3.04769880153433
SSD,private_credit_pct_gdp,2022,3.01716131679904
SSD,private_credit_pct_gdp,2021,2.75015423943811
SSD,private_credit_pct_gdp,2020,1.92500455443695
SSD,private_credit_pct_gdp,2019,1.70350480610621
SSD,private_credit_pct_gdp,2018,1.52680961002147
SSD,private_credit_pct_gdp,2017,1.7050712207929
SSD,private_credit_pct_gdp,2016,4.42474874705564
SSD,private_credit_pct_gdp,2015,2.3046060068698
SSD,private_credit_pct_gdp,2014,1.81010943088354
SSD,private_credit_pct_gdp,2013,1.13382804534706
SSD,private_credit_pct_gdp,2012,1.12348529534462
SSD,private_credit_pct_gdp,2011,0.497601393833536
SSD,exports_pct_gdp,2015,36.6513492804707
SSD,exports_pct_gdp,2014,38.3916172930278
SSD,exports_pct_gdp,2013,9.74075785850552
SSD,exports_pct_gdp,2012,42.8320523585268
SSD,exports_pct_gdp,2011,66.0761203752424
SSD,exports_pct_gdp,2010,61.4344828173072
SSD,imports_pct_gdp,2015,28.8999999040295
SSD,imports_pct_gdp,2014,26.2429005140531
SSD,imports_pct_gdp,2013,41.0704887322407
SSD,imports_pct_gdp,2012,28.7877590362221
SSD,imports_pct_gdp,2011,27.1507393796766
SSD,imports_pct_gdp,2010,29.5089655488059
SSD,remittances_pct_gdp,2015,9.49107276206113
SSD,remittances_pct_gdp,2014,0.0142213144985937
SSD,fdi_net_inflows_pct_gdp,2015,0.0012502291294692
SSD,fdi_net_inflows_pct_gdp,2014,0.00741877910985015
SSD,fdi_net_inflows_pct_gdp,2013,-4.30359174766787
SSD,fdi_net_inflows_pct_gdp,2012,1.34937246395858
SSD,unemployment_rate,2023,12.374
SSD,unemployment_rate,2022,12.475
SSD,unemployment_rate,2021,13.95
SSD,unemployment_rate,2020,14.246
SSD,unemployment_rate,2019,12.656
SSD,unemployment_rate,2018,12.853
SSD,unemployment_rate,2017,12.983
SSD,unemployment_rate,2016,12.854
SSD,unemployment_rate,2015,12.464
SSD,unemployment_rate,2014,12.561
SSD,unemployment_rate,2013,12.665
SSD,unemployment_rate,2012,12.803
SSD,unemployment_rate,2011,12.585
SSD,unemployment_rate,2010,12.473
SYR,external_debt_pct_gni,2023,25.331886032781
SYR,external_debt_pct_gni,2022,21.3077701970395
SYR,external_debt_pct_gni,2021,36.3553681697964
SYR,external_debt_pct_gni,2020,41.2551368690377
SYR,external_debt_pct_gni,2019,21.1296434834058
SYR,external_debt_pct_gni,2018,22.1336673786985
SYR,external_debt_pct_gni,2017,29.1823293373398
SYR,external_debt_pct_gni,2016,36.0051389653551
SYR,external_debt_pct_gni,2015,27.8870431007947
SYR,external_debt_pct_gni,2014,22.2854134120769
SYR,external_debt_pct_gni,2013,23.3162725196197
SYR,external_debt_pct_gni,2012,11.4414279165918
SYR,external_debt_pct_gni,2011,7.90836038522254
SYR,external_debt_pct_gni,2010,9.1913069653018
SYR,external_debt_service_pct_exports,2010,3.14853680210342
SYR,private_credit_pct_gdp,2011,20.7425231347911
SYR,private_credit_pct_gdp,2010,21.9364546932851
SYR,exports_pct_gdp,2022,6.7771895571266
SYR,exports_pct_gdp,2021,14.9508204374067
SYR,exports_pct_gdp,2020,13.1892633653515
SYR,exports_pct_gdp,2019,13.0100655511925
SYR,exports_pct_gdp,2018,14.9170302242434
SYR,exports_pct_gdp,2017,19.3396763257828
SYR,exports_pct_gdp,2016,21.6801002606147
SYR,exports_pct_gdp,2015,14.2911061178655
SYR,exports_pct_gdp,2014,7.01577957143612
SYR,exports_pct_gdp,2013,7.77801797227006
SYR,exports_pct_gdp,2012,7.71461782136059
SYR,exports_pct_gdp,2011,19.3693262797983
SYR,exports_pct_gdp,2010,32.1667841253209
SYR,imports_pct_gdp,2022,28.6600525880316
SYR,imports_pct_gdp,2021,44.0511918088493
SYR,imports_pct_gdp,2020,30.0023561798712
SYR,imports_pct_gdp,2019,28.9894026254051
SYR,imports_pct_gdp,2018,35.7420774198957
SYR,imports_pct_gdp,2017,41.7111781840868
SYR,imports_pct_gdp,2016,45.4318404760268
SYR,imports_pct_gdp,2015,36.7951069230783
SYR,imports_pct_gdp,2014,47.2486429493624
SYR,imports_pct_gdp,2013,36.9272368113289
SYR,imports_pct_gdp,2012,27.6540725102336
SYR,imports_pct_gdp,2011,31.3267640239015
SYR,imports_pct_gdp,2010,31.843378069124
SYR,fuel_exports_pct_merch_exports,2010,49.8858724288123
SYR,food_imports_pct_merch_imports,2010,21.0381561064069
SYR,remittances_pct_gdp,2010,2.64296583627308
SYR,fdi_net_inflows_pct_gdp,2011,1.19065647696386
SYR,fdi_net_inflows_pct_gdp,2010,2.39318605915641
SYR,unemployment_rate,2025,13.569
SYR,unemployment_rate,2024,13.359
SYR,unemployment_rate,2023,13.27
SYR,unemployment_rate,2022,13.245
SYR,unemployment_rate,2021,14.887
SYR,unemployment_rate,2020,15.179
SYR,unemployment_rate,2019,13.369
SYR,unemployment_rate,2018,13.505
SYR,unemployment_rate,2017,13.603
SYR,unemployment_rate,2016,13.798
SYR,unemployment_rate,2015,14.244
SYR,unemployment_rate,2014,14.782
SYR,unemployment_rate,2013,14.5
SYR,unemployment_rate,2012,13.8
SYR,unemployment_rate,2011,8.626
SYR,unemployment_rate,2010,8.61
TUN,external_debt_pct_gni,2024,77.6996062630389
TUN,external_debt_pct_gni,2023,90.2495580226375
TUN,external_debt_pct_gni,2022,93.3278878231755
TUN,external_debt_pct_gni,2021,93.8461326685163
TUN,external_debt_pct_gni,2020,102.147025479701
TUN,external_debt_pct_gni,2019,98.5572804435593
TUN,external_debt_pct_gni,2018,84.6215604863162
TUN,external_debt_pct_gni,2017,81.888186770087
TUN,external_debt_pct_gni,2016,68.0294246068561
TUN,external_debt_pct_gni,2015,63.2230339634337
TUN,external_debt_pct_gni,2014,56.8190675921791
TUN,external_debt_pct_gni,2013,56.327937751119
TUN,external_debt_pct_gni,2012,55.9749620256609
TUN,external_debt_pct_gni,2011,49.7498678288209
TUN,external_debt_pct_gni,2010,51.3363537259654
TUN,external_debt_service_pct_exports,2024,26.1724095779931
TUN,external_debt_service_pct_exports,2023,24.116069227268
TUN,external_debt_service_pct_exports,2022,23.5992385774526
TUN,external_debt_service_pct_exports,2021,30.2550200250386
TUN,external_debt_service_pct_exports,2020,27.6875616043912
TUN,external_debt_service_pct_exports,2019,22.4869544487478
TUN,external_debt_service_pct_exports,2018,21.0902589057426
TUN,external_debt_service_pct_exports,2017,17.0256448889435
TUN,external_debt_service_pct_exports,2016,12.0643180285348
TUN,external_debt_service_pct_exports,2015,10.2955000471576
TUN,external_debt_service_pct_exports,2014,8.96579078346867
TUN,external_debt_service_pct_exports,2013,10.9788598035086
TUN,external_debt_service_pct_exports,2012,11.6025369076999
TUN,external_debt_service_pct_exports,2011,11.6106901397124
TUN,external_debt_service_pct_exports,2010,10.5185387559429
TUN,fiscal_balance_pct_gdp,2012,-4.81843906175359
TUN,fiscal_balance_pct_gdp,2011,-3.66229157810212
TUN,fiscal_balance_pct_gdp,2010,-1.30973368370442
TUN,interest_payments_pct_revenue,2012,5.60152180326642
TUN,interest_payments_pct_revenue,2011,5.58252768747977
TUN,interest_payments_pct_revenue,2010,6.2759625730357
TUN,private_credit_pct_gdp,2025,57.6858342508575
TUN,private_credit_pct_gdp,2024,60.6117249735149
TUN,private_credit_pct_gdp,2023,62.7305652264979
TUN,private_credit_pct_gdp,2022,66.0067667517737
TUN,private_credit_pct_gdp,2021,64.667534646183
TUN,private_credit_pct_gdp,2020,67.6567184648519
TUN,private_credit_pct_gdp,2019,59.2903583224447
TUN,private_credit_pct_gdp,2018,63.5224389825305
TUN,private_credit_pct_gdp,2017,64.7537285373031
TUN,private_credit_pct_gdp,2016,62.2469554675417
TUN,private_credit_pct_gdp,2015,60.1365541399108
TUN,private_credit_pct_gdp,2014,59.8085555890782
TUN,private_credit_pct_gdp,2013,57.9598823065191
TUN,private_credit_pct_gdp,2012,57.8520427359494
TUN,private_credit_pct_gdp,2011,57.9347986271264
TUN,private_credit_pct_gdp,2010,52.247103865602
TUN,exports_pct_gdp,2025,46.6517326028796
TUN,exports_pct_gdp,2024,50.0016900287054
TUN,exports_pct_gdp,2023,53.0393939110608
TUN,exports_pct_gdp,2022,51.325939710781
TUN,exports_pct_gdp,2021,41.7802023040094
TUN,exports_pct_gdp,2020,37.9918009809033
TUN,exports_pct_gdp,2019,45.9503306922947
TUN,exports_pct_gdp,2018,45.4857481712255
TUN,exports_pct_gdp,2017,41.7207863819275
TUN,exports_pct_gdp,2016,38.2952955757822
TUN,exports_pct_gdp,2015,38.3998387567342
TUN,exports_pct_gdp,2014,42.947465118132
TUN,exports_pct_gdp,2013,44.889705324588
TUN,exports_pct_gdp,2012,45.9128477724564
TUN,exports_pct_gdp,2011,46.0546537716688
TUN,exports_pct_gdp,2010,47.9597286942428
TUN,imports_pct_gdp,2025,54.7944728488274
TUN,imports_pct_gdp,2024,56.2968591755414
TUN,imports_pct_gdp,2023,59.0894641022935
TUN,imports_pct_gdp,2022,64.7698546733647
TUN,imports_pct_gdp,2021,51.8532117623985
TUN,imports_pct_gdp,2020,46.3415287262734
TUN,imports_pct_gdp,2019,56.3822840334945
TUN,imports_pct_gdp,2018,58.3860760894097
TUN,imports_pct_gdp,2017,54.0884116006529
TUN,imports_pct_gdp,2016,48.7973687883644
TUN,imports_pct_gdp,2015,48.848691902871
TUN,imports_pct_gdp,2014,53.159638737738
TUN,imports_pct_gdp,2013,54.0652513616158
TUN,imports_pct_gdp,2012,55.6378761572116
TUN,imports_pct_gdp,2011,54.0517255325681
TUN,imports_pct_gdp,2010,52.1912811425565
TUN,fuel_exports_pct_merch_exports,2024,6.23208030817829
TUN,fuel_exports_pct_merch_exports,2023,6.20798342748048
TUN,fuel_exports_pct_merch_exports,2022,8.02677004326783
TUN,fuel_exports_pct_merch_exports,2021,6.55409542266409
TUN,fuel_exports_pct_merch_exports,2020,5.66992261834971
TUN,fuel_exports_pct_merch_exports,2019,5.52195852371031
TUN,fuel_exports_pct_merch_exports,2018,5.68962559679174
TUN,fuel_exports_pct_merch_exports,2017,5.96058193974094
TUN,fuel_exports_pct_merch_exports,2016,5.6449759317471
TUN,fuel_exports_pct_merch_exports,2015,7.20969744410097
TUN,fuel_exports_pct_merch_exports,2014,13.186068132323
TUN,fuel_exports_pct_merch_exports,2013,15.2132858501248
TUN,fuel_exports_pct_merch_exports,2012,16.7803635249074
TUN,fuel_exports_pct_merch_exports,2011,14.5522463732087
TUN,fuel_exports_pct_merch_exports,2010,14.1724455435595
TUN,food_imports_pct_merch_imports,2024,11.503005195086
TUN,food_imports_pct_merch_imports,2023,13.3879850452307
TUN,food_imports_pct_merch_imports,2022,12.7608432391714
TUN,food_imports_pct_merch_imports,2021,12.0513731767034
TUN,food_imports_pct_merch_imports,2020,13.1628757149994
TUN,food_imports_pct_merch_imports,2019,10.5084628169452
TUN,food_imports_pct_merch_imports,2018,10.4735011534641
TUN,food_imports_pct_merch_imports,2017,11.0509034625033
TUN,food_imports_pct_merch_imports,2016,11.1407487499273
TUN,food_imports_pct_merch_imports,2015,11.1782262761405
TUN,food_imports_pct_merch_imports,2014,9.70314700126179
TUN,food_imports_pct_merch_imports,2013,10.6275600954922
TUN,food_imports_pct_merch_imports,2012,9.06700335464711
TUN,food_imports_pct_merch_imports,2011,11.3213837770121
TUN,food_imports_pct_merch_imports,2010,9.35129741435547
TUN,remittances_pct_gdp,2024,6.33501731969712
TUN,remittances_pct_gdp,2023,5.95811983250858
TUN,remittances_pct_gdp,2022,6.24650668661797
TUN,remittances_pct_gdp,2021,6.30339440555567
TUN,remittances_pct_gdp,2020,5.36706286105133
TUN,remittances_pct_gdp,2019,4.26980521845833
TUN,remittances_pct_gdp,2018,3.97992085606504
TUN,remittances_pct_gdp,2017,4.48331805727785
TUN,remittances_pct_gdp,2016,4.10560044761404
TUN,remittances_pct_gdp,2015,4.3062419406206
TUN,remittances_pct_gdp,2014,4.66786649981485
TUN,remittances_pct_gdp,2013,4.70471677441917
TUN,remittances_pct_gdp,2012,4.78893888412121
TUN,remittances_pct_gdp,2011,4.16533721221503
TUN,remittances_pct_gdp,2010,4.4654169829179
TUN,fdi_net_inflows_pct_gdp,2024,1.47747574805229
TUN,fdi_net_inflows_pct_gdp,2023,1.46351333844229
TUN,fdi_net_inflows_pct_gdp,2022,1.43159199894021
TUN,fdi_net_inflows_pct_gdp,2021,1.16289301361367
TUN,fdi_net_inflows_pct_gdp,2020,1.46634304906862
TUN,fdi_net_inflows_pct_gdp,2019,1.94487649950903
TUN,fdi_net_inflows_pct_gdp,2018,2.32248034984414
TUN,fdi_net_inflows_pct_gdp,2017,1.9233125677007
TUN,fdi_net_inflows_pct_gdp,2016,1.40344558640993
TUN,fdi_net_inflows_pct_gdp,2015,2.11999260597179
TUN,fdi_net_inflows_pct_gdp,2014,2.03842746868013
TUN,fdi_net_inflows_pct_gdp,2013,2.1744128074392
TUN,fdi_net_inflows_pct_gdp,2012,3.28518933963283
TUN,fdi_net_inflows_pct_gdp,2011,0.899077534980039
TUN,fdi_net_inflows_pct_gdp,2010,2.88814231758981
TUN,unemployment_rate,2025,15.108
TUN,unemployment_rate,2024,15.341
TUN,unemployment_rate,2023,15.106
TUN,unemployment_rate,2022,15.3
TUN,unemployment_rate,2021,16.632
TUN,unemployment_rate,2020,17.651
TUN,unemployment_rate,2019,17.153
TUN,unemployment_rate,2018,15.459
TUN,unemployment_rate,2017,15.33
TUN,unemployment_rate,2016,15.557
TUN,unemployment_rate,2015,15.159
TUN,unemployment_rate,2014,14.259
TUN,unemployment_rate,2013,15.934
TUN,unemployment_rate,2012,17.63
TUN,unemployment_rate,2011,18.334
TUN,unemployment_rate,2010,13.049
TUR,external_debt_pct_gni,2024,39.3880494718611
TUR,external_debt_pct_gni,2023,45.157151097837
TUR,external_debt_pct_gni,2022,50.758322367613
TUR,external_debt_pct_gni,2021,53.7425891882514
TUR,external_debt_pct_gni,2020,60.3150906136416
TUR,external_debt_pct_gni,2019,55.3071524639806
TUR,external_debt_pct_gni,2018,55.4453574540502
TUR,external_debt_pct_gni,2017,52.6882928024745
TUR,external_debt_pct_gni,2016,46.3614777541171
TUR,external_debt_pct_gni,2015,46.7405303729401
TUR,external_debt_pct_gni,2014,44.4602073781668
TUR,external_debt_pct_gni,2013,42.3711460982425
TUR,external_debt_pct_gni,2012,40.4357594121779
TUR,external_debt_pct_gni,2011,38.6013112607881
TUR,external_debt_pct_gni,2010,41.0990751678409
TUR,external_debt_service_pct_exports,2024,23.4318472180701
TUR,external_debt_service_pct_exports,2023,20.909547158823
TUR,external_debt_service_pct_exports,2022,19.6812294560508
TUR,external_debt_service_pct_exports,2021,25.3396609190239
TUR,external_debt_service_pct_exports,2020,40.7367712535302
TUR,external_debt_service_pct_exports,2019,33.2432164759356
TUR,external_debt_service_pct_exports,2018,33.4794771797331
TUR,external_debt_service_pct_exports,2017,37.362997807429
TUR,external_debt_service_pct_exports,2016,36.4254391256231
TUR,external_debt_service_pct_exports,2015,25.3789734982834
TUR,external_debt_service_pct_exports,2014,23.8539286016856
TUR,external_debt_service_pct_exports,2013,27.1626121370026
TUR,external_debt_service_pct_exports,2012,26.771512062507
TUR,external_debt_service_pct_exports,2011,31.3834630221049
TUR,external_debt_service_pct_exports,2010,37.2333390546006
TUR,fiscal_balance_pct_gdp,2024,-2.95931437041885
TUR,fiscal_balance_pct_gdp,2023,-4.29865292389269
TUR,fiscal_balance_pct_gdp,2022,-2.95717737537508
TUR,fiscal_balance_pct_gdp,2021,-1.26647365629945
TUR,fiscal_balance_pct_gdp,2020,-4.46634618652819
TUR,fiscal_balance_pct_gdp,2019,-3.92445523823865
TUR,fiscal_balance_pct_gdp,2018,-2.20511093526739
TUR,fiscal_balance_pct_gdp,2017,-2.60245067681052
TUR,fiscal_balance_pct_gdp,2016,-0.974999415026735
TUR,fiscal_balance_pct_gdp,2015,0.376091561208709
TUR,fiscal_balance_pct_gdp,2014,0.269361188352854
TUR,fiscal_balance_pct_gdp,2013,0.279509002150069
TUR,fiscal_balance_pct_gdp,2012,-0.127730797432328
TUR,fiscal_balance_pct_gdp,2011,-0.726181221783564
TUR,fiscal_balance_pct_gdp,2010,-2.73706177865043
TUR,interest_payments_pct_revenue,2024,11.655324836036
TUR,interest_payments_pct_revenue,2023,10.9661561937879
TUR,interest_payments_pct_revenue,2022,15.4826696359583
TUR,interest_payments_pct_revenue,2021,9.85382518424099
TUR,interest_payments_pct_revenue,2020,9.5269513304237
TUR,interest_payments_pct_revenue,2019,7.53250431444424
TUR,interest_payments_pct_revenue,2018,8.64424774484724
TUR,interest_payments_pct_revenue,2017,6.54203066159967
TUR,interest_payments_pct_revenue,2016,5.88028686034876
TUR,interest_payments_pct_revenue,2015,6.08837306061733
TUR,interest_payments_pct_revenue,2014,6.75624697579165
TUR,interest_payments_pct_revenue,2013,6.97426364209265
TUR,interest_payments_pct_revenue,2012,8.3899089364427
TUR,interest_payments_pct_revenue,2011,9.22930640813633
TUR,interest_payments_pct_revenue,2010,10.6399113741961
TUR,bank_npl_pct_loans,2024,1.6536819200798
TUR,bank_npl_pct_loans,2023,1.48012751953029
TUR,bank_npl_pct_loans,2022,1.97901752159552
TUR,bank_npl_pct_loans,2021,2.97599400811766
TUR,bank_npl_pct_loans,2020,3.8900924404522
TUR,bank_npl_pct_loans,2019,5.0229492930967
TUR,bank_npl_pct_loans,2018,3.68690904641213
TUR,bank_npl_pct_loans,2017,2.84271365893526
TUR,bank_npl_pct_loans,2016,3.10968373133546
TUR,bank_npl_pct_loans,2015,2.98772329214313
TUR,bank_npl_pct_loans,2014,2.74183131997442
TUR,bank_npl_pct_loans,2013,2.63627102630173
TUR,bank_npl_pct_loans,2012,2.7433675978872
TUR,bank_npl_pct_loans,2011,2.57632211204451
TUR,bank_npl_pct_loans,2010,3.48959158482402
TUR,private_credit_pct_gdp,2025,45.7827602523781
TUR,private_credit_pct_gdp,2024,42.9671022144841
TUR,private_credit_pct_gdp,2023,48.7952169007544
TUR,private_credit_pct_gdp,2022,53.4262221477913
TUR,private_credit_pct_gdp,2021,70.9983608541485
TUR,private_credit_pct_gdp,2020,75.2676019236764
TUR,private_credit_pct_gdp,2019,64.2557519386267
TUR,private_credit_pct_gdp,2018,66.6976668187438
TUR,private_credit_pct_gdp,2017,70.0844027288208
TUR,private_credit_pct_gdp,2016,69.2826364676667
TUR,private_credit_pct_gdp,2015,66.3898521051604
TUR,private_credit_pct_gdp,2014,63.2376327204216
TUR,private_credit_pct_gdp,2013,59.9792914244143
TUR,private_credit_pct_gdp,2012,51.5586765950105
TUR,private_credit_pct_gdp,2011,48.7422084050823
TUR,private_credit_pct_gdp,2010,44.0459707563417
TUR,exports_pct_gdp,2025,24.8497719904256
TUR,exports_pct_gdp,2024,27.5682232095509
TUR,exports_pct_gdp,2023,31.9135926809724
TUR,exports_pct_gdp,2022,38.1412107474416
TUR,exports_pct_gdp,2021,35.0536332850518
TUR,exports_pct_gdp,2020,28.7400043468285
TUR,exports_pct_gdp,2019,33.0298811646869
TUR,exports_pct_gdp,2018,31.7278536539697
TUR,exports_pct_gdp,2017,26.5394989930636
TUR,exports_pct_gdp,2016,23.6322024334399
TUR,exports_pct_gdp,2015,25.280784580735
TUR,exports_pct_gdp,2014,25.8173246854016
TUR,exports_pct_gdp,2013,24.403259811358
TUR,exports_pct_gdp,2012,24.9658181147838
TUR,exports_pct_gdp,2011,23.4903574412774
TUR,exports_pct_gdp,2010,21.5899457839207
TUR,imports_pct_gdp,2025,25.0849063722672
TUR,imports_pct_gdp,2024,27.0305829100406
TUR,imports_pct_gdp,2023,33.7696157928943
TUR,imports_pct_gdp,2022,41.7570614839925
TUR,imports_pct_gdp,2021,34.5552643235919
TUR,imports_pct_gdp,2020,31.6498487704686
TUR,imports_pct_gdp,2019,29.548577767937
TUR,imports_pct_gdp,2018,31.0972787311468
TUR,imports_pct_gdp,2017,29.5961595228053
TUR,imports_pct_gdp,2016,25.2379813745471
TUR,imports_pct_gdp,2015,26.5941406789482
TUR,imports_pct_gdp,2014,28.4894493558784
TUR,imports_pct_gdp,2013,28.6650931929463
TUR,imports_pct_gdp,2012,28.3619431820769
TUR,imports_pct_gdp,2011,30.1612264563406
TUR,imports_pct_gdp,2010,25.3533908870685
TUR,fuel_exports_pct_merch_exports,2024,6.16442555598186
TUR,fuel_exports_pct_merch_exports,2023,6.36477511937887
TUR,fuel_exports_pct_merch_exports,2022,6.32564856668837
TUR,fuel_exports_pct_merch_exports,2021,3.69000155336288
TUR,fuel_exports_pct_merch_exports,2020,2.69239035084596
TUR,fuel_exports_pct_merch_exports,2019,4.49416367984142
TUR,fuel_exports_pct_merch_exports,2018,3.12270042185464
TUR,fuel_exports_pct_merch_exports,2017,2.75372472293348
TUR,fuel_exports_pct_merch_exports,2016,2.13742856858285
TUR,fuel_exports_pct_merch_exports,2015,3.26418101924191
TUR,fuel_exports_pct_merch_exports,2014,4.36813821626103
TUR,fuel_exports_pct_merch_exports,2013,6.11133521147795
TUR,fuel_exports_pct_merch_exports,2012,4.90475359189769
TUR,fuel_exports_pct_merch_exports,2011,4.75328243521876
TUR,fuel_exports_pct_merch_exports,2010,3.83635976512141
TUR,food_imports_pct_merch_imports,2024,6.21498601848316
TUR,food_imports_pct_merch_imports,2023,6.54790608311516
TUR,food_imports_pct_merch_imports,2022,6.31093067974344
TUR,food_imports_pct_merch_imports,2021,6.42706260735525
TUR,food_imports_pct_merch_imports,2020,6.7165834890423
TUR,food_imports_pct_merch_imports,2019,6.83311029375475
TUR,food_imports_pct_merch_imports,2018,6.0896624227992
TUR,food_imports_pct_merch_imports,2017,5.89323990944807
TUR,food_imports_pct_merch_imports,2016,6.01730834595265
TUR,food_imports_pct_merch_imports,2015,5.80119499346178
TUR,food_imports_pct_merch_imports,2014,5.7238882018084
TUR,food_imports_pct_merch_imports,2013,4.90097457080928
TUR,food_imports_pct_merch_imports,2012,4.40501167048219
TUR,food_imports_pct_merch_imports,2011,4.4231678627251
TUR,food_imports_pct_merch_imports,2010,3.99512236240813
TUR,remittances_pct_gdp,2024,0.0722524337048219
TUR,remittances_pct_gdp,2023,0.0901648572680327
TUR,remittances_pct_gdp,2022,0.0751540758235723
TUR,remittances_pct_gdp,2021,0.0864348823920577
TUR,remittances_pct_gdp,2020,0.11122799635979
TUR,remittances_pct_gdp,2019,0.110330158016913
TUR,remittances_pct_gdp,2018,0.145492463528356
TUR,remittances_pct_gdp,2017,0.122239974980242
TUR,remittances_pct_gdp,2016,0.137916301302749
TUR,remittances_pct_gdp,2015,0.1618792223735
TUR,remittances_pct_gdp,2014,0.184539939588783
TUR,remittances_pct_gdp,2013,0.19757471711574
TUR,remittances_pct_gdp,2012,0.212463719897603
TUR,remittances_pct_gdp,2011,0.223053389308349
TUR,remittances_pct_gdp,2010,0.232446499042421
TUR,fdi_net_inflows_pct_gdp,2024,0.860701598247461
TUR,fdi_net_inflows_pct_gdp,2023,0.933806495534912
TUR,fdi_net_inflows_pct_gdp,2022,1.48839623728753
TUR,fdi_net_inflows_pct_gdp,2021,1.50891969619413
TUR,fdi_net_inflows_pct_gdp,2020,1.02531493703228
TUR,fdi_net_inflows_pct_gdp,2019,1.22536076199392
TUR,fdi_net_inflows_pct_gdp,2018,1.57923380202967
TUR,fdi_net_inflows_pct_gdp,2017,1.29532700760314
TUR,fdi_net_inflows_pct_gdp,2016,1.58873607703875
TUR,fdi_net_inflows_pct_gdp,2015,2.225752648523
TUR,fdi_net_inflows_pct_gdp,2014,1.41530142282668
TUR,fdi_net_inflows_pct_gdp,2013,1.40962960980578
TUR,fdi_net_inflows_pct_gdp,2012,1.55241965245755
TUR,fdi_net_inflows_pct_gdp,2011,1.91686136260632
TUR,fdi_net_inflows_pct_gdp,2010,1.16274364749147
TUR,unemployment_rate,2025,8.52
TUR,unemployment_rate,2024,8.8
TUR,unemployment_rate,2023,9.388
TUR,unemployment_rate,2022,10.465
TUR,unemployment_rate,2021,11.969
TUR,unemployment_rate,2020,13.148
TUR,unemployment_rate,2019,13.73
TUR,unemployment_rate,2018,10.956
TUR,unemployment_rate,2017,10.919
TUR,unemployment_rate,2016,10.899
TUR,unemployment_rate,2015,10.304
TUR,unemployment_rate,2014,9.901
TUR,unemployment_rate,2013,9.713
TUR,unemployment_rate,2012,9.21
TUR,unemployment_rate,2011,9.789
TUR,unemployment_rate,2010,11.879
YEM,external_debt_pct_gni,2018,33.5129923155829
YEM,external_debt_pct_gni,2017,27.5534343808365
YEM,external_debt_pct_gni,2016,22.8411480514233
YEM,external_debt_pct_gni,2015,17.6143618724711
YEM,external_debt_pct_gni,2014,18.9285075475327
YEM,external_debt_pct_gni,2013,19.9195898806446
YEM,external_debt_pct_gni,2012,22.4223066776646
YEM,external_debt_pct_gni,2011,21.1560386850362
YEM,external_debt_pct_gni,2010,22.3614461274604
YEM,external_debt_service_pct_exports,2016,14.5629550318343
YEM,external_debt_service_pct_exports,2015,18.9446037336929
YEM,external_debt_service_pct_exports,2014,3.84110344749818
YEM,external_debt_service_pct_exports,2013,2.8266027945508
YEM,external_debt_service_pct_exports,2012,2.70662767220756
YEM,external_debt_service_pct_exports,2011,2.63495345635786
YEM,external_debt_service_pct_exports,2010,2.75557071670601
YEM,private_credit_pct_gdp,2013,5.63671954137487
YEM,private_credit_pct_gdp,2012,4.6454040882474
YEM,private_credit_pct_gdp,2011,5.0687258112031
YEM,private_credit_pct_gdp,2010,6.28934064963713
YEM,exports_pct_gdp,2018,8.75610238271449
YEM,exports_pct_gdp,2017,9.68824758544873
YEM,exports_pct_gdp,2016,4.80920276121921
YEM,exports_pct_gdp,2015,9.05157754562319
YEM,exports_pct_gdp,2014,21.4840870786547
YEM,exports_pct_gdp,2013,22.3595984891919
YEM,exports_pct_gdp,2012,24.8637169658953
YEM,exports_pct_gdp,2011,30.3404241701511
YEM,exports_pct_gdp,2010,29.9950775630093
YEM,imports_pct_gdp,2018,47.3217203387932
YEM,imports_pct_gdp,2017,33.2816570867479
YEM,imports_pct_gdp,2016,26.2723415296367
YEM,imports_pct_gdp,2015,21.3160815388406
YEM,imports_pct_gdp,2014,26.7589534336227
YEM,imports_pct_gdp,2013,30.152279647517
YEM,imports_pct_gdp,2012,36.497920216673
YEM,imports_pct_gdp,2011,32.7190337847532
YEM,imports_pct_gdp,2010,34.3905592167085
YEM,fuel_exports_pct_merch_exports,2019,0.145219187999619
YEM,fuel_exports_pct_merch_exports,2015,0.191164987703412
YEM,fuel_exports_pct_merch_exports,2014,69.6394754134209
YEM,fuel_exports_pct_merch_exports,2013,84.9361805839103
YEM,fuel_exports_pct_merch_exports,2012,92.1393209494491
YEM,fuel_exports_pct_merch_exports,2011,90.737252598481
YEM,fuel_exports_pct_merch_exports,2010,91.4220414145968
YEM,food_imports_pct_merch_imports,2019,39.0913660243153
YEM,food_imports_pct_merch_imports,2018,40.1803513582152
YEM,food_imports_pct_merch_imports,2015,45.9041257732447
YEM,food_imports_pct_merch_imports,2014,39.7165489445308
YEM,food_imports_pct_merch_imports,2013,28.6187727613227
YEM,food_imports_pct_merch_imports,2012,32.476138823219
YEM,food_imports_pct_merch_imports,2011,31.524145414549
YEM,food_imports_pct_merch_imports,2010,30.7352639542148
YEM,remittances_pct_gdp,2016,12.0397376477868
YEM,remittances_pct_gdp,2015,7.89383968135786
YEM,remittances_pct_gdp,2014,7.75065844763373
YEM,remittances_pct_gdp,2013,8.2703963723937
YEM,remittances_pct_gdp,2012,9.46574563057419
YEM,remittances_pct_gdp,2011,4.28986760853835
YEM,remittances_pct_gdp,2010,4.93743283602093
YEM,fdi_net_inflows_pct_gdp,2018,-1.30563839823089
YEM,fdi_net_inflows_pct_gdp,2017,-1.00531889341895
YEM,fdi_net_inflows_pct_gdp,2016,-1.79131212045889
YEM,fdi_net_inflows_pct_gdp,2015,-0.0363882528160336
YEM,fdi_net_inflows_pct_gdp,2014,-0.539237328374498
YEM,fdi_net_inflows_pct_gdp,2013,-0.330496410064222
YEM,fdi_net_inflows_pct_gdp,2012,-0.0402221829314871
YEM,fdi_net_inflows_pct_gdp,2011,-1.58233916831705
YEM,fdi_net_inflows_pct_gdp,2010,0.610357927076417
YEM,unemployment_rate,2025,17.322
YEM,unemployment_rate,2024,16.97
YEM,unemployment_rate,2023,16.944
YEM,unemployment_rate,2022,17.224
YEM,unemployment_rate,2021,18.312
YEM,unemployment_rate,2020,17.963
YEM,unemployment_rate,2019,17.213
YEM,unemployment_rate,2018,17.593
YEM,unemployment_rate,2017,18.611
YEM,unemployment_rate,2016,18.42
YEM,unemployment_rate,2015,17.9
YEM,unemployment_rate,2014,13.467
YEM,unemployment_rate,2013,13.673
YEM,unemployment_rate,2012,13.473
YEM,unemployment_rate,2011,13.311
YEM,unemployment_rate,2010,12.777
