country_code,year,debt_to_gdp,current_account_pct_gdp,reserves_months_imports,gdp_growth,inflation,currency_depreciation_pct,political_stability,government_effectiveness,rule_of_law,regulatory_quality,control_of_corruption,bank_npl_pct_loans,exports_pct_gdp,external_debt_pct_gni,external_debt_service_pct_exports,fdi_net_inflows_pct_gdp,fiscal_balance_pct_gdp,food_imports_pct_merch_imports,fuel_exports_pct_merch_exports,imports_pct_gdp,interest_payments_pct_revenue,private_credit_pct_gdp,remittances_pct_gdp,unemployment_rate,sovereign_default,imf_program_entry
AFG,2010,,-3.64331388234628,10.4573872731044,14.3624414710737,2.17853752389419,,90.30276480159816,83.29228218279037,82.79350565900367,77.91300862963553,98.74982655591104,49.9013229069412,,15.3334973971382,0.379800304581339,1.20311798981139,1.5031237019132,13.6918477995859,,,0.0142406244753313,11.5750442390122,2.38515836845792,7.809,0,0
ARE,2010,,,,1.60285004336325,0.877983288285867,,8.525456265473162,18.14035504035974,22.0192893001408,10.443393559244209,14.199828379033203,5.26698896173512,77.4455521760851,,,2.85854098227163,,6.00656231464003,49.9895856498744,58.040188125584,,,,2.798,0,0
BGD,2010,,1.82909794723498,4.32087922221628,5.57178818533122,8.12667639169917,,63.23586658712525,56.778786850245645,50.84645001063007,58.79779912305633,77.92154503087016,,16.0241126856916,21.3233746649766,5.08304182414987,1.06896766308322,-0.813674182832758,17.4240481119914,1.87340450699641,21.7787299851405,18.305351091756,40.9613226292342,9.41241447446753,3.379,0,0
BHR,2010,0.0,2.8727610009228,3.75492330902566,4.3342989754845,1.96188468334623,,46.33749117376944,30.349557879998383,20.302459104347097,6.854360231319179,39.29269789248727,,66.7027150376276,,,0.581105356633959,-4.58465827632565,7.61497583868662,74.3474756294398,48.8587714119882,4.16249161158658,64.9376677365426,,1.13,0,0
BTN,2010,54.37346894098876,-18.9069431459851,11.746972451322,11.9318738376229,7.03638316073019,,9.749468349911796,25.76383467972956,20.585158578459883,61.45360976966978,18.64578815056382,5.21442892752605,39.3870452376357,57.6608858212657,14.4166531632125,4.40487201345335,1.80979039290256,11.473583472712,1.17938116636528,65.623621455957,6.53087674119465,38.4589220348196,0.484146185181045,3.32,0,0
DJI,2010,,4.47357137871551,5.87691030696574,,3.95007875923886,,19.64027187284105,61.20616046806634,48.92831615308092,56.77982974687009,61.663274779488845,,,67.0646568443457,7.87953647772039,3.23415329697175,,,,,,33.1101651364158,2.89214171045678,26.368,0,0
DZA,2010,,6.87361929280343,36.7819414773254,4.80000000093564,3.91106195534028,,60.67302924341468,54.81367002452048,48.561757650636,63.94357333032696,57.2774103943702,18.3099999999999,34.988229614912,4.08153905024031,1.03761416768697,1.29390467487817,,16.3010014984036,98.3108761995675,28.5029863779305,,13.7901331989861,0.110576948771302,9.96,0,0
EGY,2010,,-2.05668307641306,6.70121378987163,5.14723485746742,11.2651882653185,,53.06142707564797,50.69925008103748,32.638689714512644,32.761901774776454,64.39955842496103,,21.3492458146859,17.1484993453553,6.20858249606502,2.91601657550141,-7.73391347588264,19.1408398397826,28.675015261694,26.5871042599039,20.5023891270984,33.0722952214189,5.68677117520305,8.757,0,0
ERI,2010,,,,2.19419034888082,,,50.909194196876726,72.74572986810306,71.31196711800973,92.15398057324964,68.05357042390973,,6.37837659786896,66.0762157560823,,5.72501513985957,,,,31.0930888587001,,21.2805376775865,,5.854,0,0
ETH,2010,,-2.1222608717343,2.69323946325897,12.5505383347633,8.14926402965082,,66.48241322958746,50.19573847555606,50.7717042546321,55.10519009030457,67.36603393053096,,,24.4334323010783,3.85484030213973,0.963030625359937,-2.73395742953724,10.8818231032271,0.0059779006247082,,2.61286039053196,,1.45702856682548,2.295,0,0
IND,2010,56.046819971823616,-3.25348368945179,7.76063411026838,8.49758470165625,11.9893899204245,,50.77780047324346,34.306245314190406,22.849684532858927,42.58602978525617,56.1977128973602,,22.4009332487945,17.520327243228,6.81923327447653,1.6350340943491,-3.48058118972693,3.5188131716977,17.2296552495647,26.8542732486216,22.8257875283649,50.5553749785224,3.19166058450459,7.631,0,0
IRN,2010,,,,5.79793830169604,10.0893629287979,,65.53012754270198,55.97246740117316,58.04464086937861,76.81568793585758,82.53078725385168,,24.399653282909,4.05805118001816,1.65816700398136,0.74916862626536,,15.2279504772143,70.8018189413379,19.3709904542309,,52.0229498170448,,13.679,0,0
IRQ,2010,,4.68412757383414,12.7409467178946,6.40256484471193,2.42986826837753,,82.48677567320946,72.61699692709048,74.63918273377111,63.41874839668263,87.34470752583184,,39.41682921428,,,1.00796493975113,,,99.7045850237878,34.0806504059643,,5.39309563014871,0.127565824992139,8.267,0,0
ISR,2010,,2.69529305304405,9.95126312641563,5.54470607068944,2.70270270270273,,46.61148302271464,0.0,0.0,0.0,21.95322874936624,,33.5712633456599,,,2.91791645550029,-3.94775250398531,7.33456393323271,0.86528471011638,32.1457670493261,11.9768235748665,67.0209708441445,0.238748873153953,8.48,0,0
JOR,2010,61.28728264378088,-6.23104500049183,8.45757169717942,2.6377158262256,4.84551875852116,,37.98432469805673,34.95899678025577,22.920566236316304,30.16682544471051,43.3849422647731,,,62.7590806656665,5.78863929536448,5.59019642688163,-4.40310276140482,16.2262641619845,1.07702929489453,,8.52510348081584,64.0144083027316,11.9954471861487,12.5,0,0
KWT,2010,,32.0485537270105,8.12731623049244,-2.37054804425912,4.49640287769787,,14.099655929041347,34.18562903777515,13.574250480358454,19.382244079370647,40.62131343660839,8.95258546965769,66.6735112696735,,,1.13036730425536,,15.3224711592641,92.7518711482029,30.3545103903329,,74.6393830657528,0.0041658901088885,1.82,0,0
LBN,2010,,-19.6443379596193,16.5857428867061,7.97513555844932,3.98347941855833,,63.49223116027157,45.54595160114411,44.40585162339095,32.13785667225081,75.95291956104498,,35.023122866407,126.083961601732,46.241965839348,11.1327936305686,-7.50285701526297,15.5783508924797,0.132265054585668,60.0735300752172,50.5047648430001,82.528480012555,17.9847875959222,6.768,0,0
LBY,2010,,22.2877634810811,38.5577154593852,5.0272476723775,2.79989500109265,,40.87748303730985,72.2407143261828,60.48422752042778,71.40231795574525,84.83079198901969,,66.2720071713114,,,2.36664960687642,,12.1710636780918,97.7181660474755,31.8052059029276,,9.26018623627628,,19.321,0,0
LKA,2010,100.0,-1.83339431574737,5.34354431776972,8.01596737040464,6.2176488930462,,47.59543342987056,40.09039346823184,31.14594949517235,33.74019193789985,52.83902689162949,,,37.3743097647659,12.3287816485283,0.814446067583227,-6.10516333108697,15.2488895536725,0.15783503417986,,42.2675705032621,24.6842616568486,7.03173223546081,4.784,0,0
MAR,2010,44.86349589809549,-3.89149487244856,7.27489844884876,3.49955709403216,0.993557401226392,,38.96606862435576,39.5535053802178,36.18454238586723,32.143805392783285,54.19001816687623,,29.7889486802284,27.462969464641,11.8546292970521,1.2299824583835,-3.72314519933894,11.4679756885026,3.31051983251718,39.7530309299157,8.34926887616703,83.2922890768629,6.36744217640963,9.09,0,0
MDV,2010,64.24336612797494,-7.57604640472633,2.09173932917729,6.7854678229144,6.14988536750173,,31.82748140456316,38.180853408158185,29.127014948273715,38.73171719358571,62.45328228811237,,,40.1281147350981,3.6430558027739,8.36376433060736,-13.4306696165602,22.3530849054993,0.0232160593731683,,10.4007633587786,47.6844927907076,0.122062735053023,10.875,0,0
NPL,2010,11.92372612171982,-0.79746599292911,6.01052214363673,4.81641464694573,9.32650410745395,,67.94597837044313,54.42197207511485,54.69716796600788,59.169824871912326,68.21685947489792,,9.58253617198229,23.4883074371496,10.5594747481963,0.548294665887946,-1.3733796175973,13.6500965652447,4.5184108995034e-05,36.4023696022884,4.61561735916517,54.589987785603,21.6469852746313,10.563,0,0
OMN,2010,,7.59476361744698,5.47673202539588,2.47199856582773,3.25657959078624,,13.756752095560968,32.08216728032439,11.208992781586328,6.839538314436896,35.2804069142692,,59.0956382553021,,,1.91196478591436,,12.1069374918903,77.7587802690782,37.2909163665466,,38.2119108803521,0.0600240096038415,3.911,0,0
PAK,2010,,-0.688324235118166,4.71850424926723,1.50171752152883,12.9388705634889,,88.7254848121264,55.92903980144824,49.769281904225146,53.47829920467976,83.92413105955076,,12.6372245592948,32.7811905556848,15.1401314827574,1.02791108080423,,13.0449649955641,5.71119451483388,19.3517774869368,,19.2854383363833,4.92604271661375,0.653,0,0
PSE,2010,,-13.4993932332553,1.18623230311646,5.77736205629419,3.74915727597096,,71.79678380106918,50.10458098465244,40.91685662052284,28.276466724391287,44.89974395445263,3.06818623299833,14.1228115477973,,,1.85860711452246,,24.1028042850256,0.265654761783648,54.3748386097196,,21.3595304440428,9.5764022790779,21.416,0,0
QAT,2010,,,,16.7315558489187,-2.42525675161714,,0.0,15.034031728122274,2.317814153425888,6.715450747774127,0.0,,62.3197092953046,,,3.73261315829573,,8.495068094908,92.5548513080755,23.7506175279123,,44.7018151478225,,0.45,0,0
SAU,2010,,13.5423706949189,30.5395328882404,5.0395150823517,5.33941733020905,,35.36750474362671,37.69659735528759,29.31613415238294,24.0888979540018,48.3487248291586,2.96818471895202,49.5697145263124,,,0.923670092367435,4.39157840467735,15.9456252927675,87.6208624921467,32.9799704964413,1.47496009537397,39.1641936148322,0.044770287230573,5.55,0,0
SDN,2010,,-2.92618988919934,0.793170652584922,3.85824195230107,12.9776663898014,,87.97193228580532,77.26089721059397,67.79170870220986,74.03133753551616,92.98489976375306,,17.4756063457453,41.2309784294958,4.21004682024409,3.50004539535845,-4.28316690032809,25.8755090057164,84.9525613268194,15.2527036042897,8.04710216560018,10.5026912651794,2.46856150399008,15.168,0,0
SOM,2010,,,,6.69435192550543,,,100.0,100.0,100.0,100.0,100.0,,,110.242347630463,,4.16696585149836,,,,,,,,18.741,0,0
SSD,2010,,,,5.49341639529945,1.16962180301108,,,,,,51.37474465977817,,61.4344828173072,,,,,,,29.5089655488059,,,,12.473,0,0
SYR,2010,,-0.598441906450217,11.659017145464,5.19150915015936,4.3974138315007,,55.60079414636847,57.61946435868677,46.94916912528631,54.77621462085761,80.29412817720286,,32.1667841253209,9.1913069653018,3.14853680210342,2.39318605915641,,21.0381561064069,49.8858724288123,31.843378069124,,21.9364546932851,2.64296583627308,8.61,0,0
TUN,2010,24.127004312123447,-4.55447131361942,4.40578092536965,2.97113275066512,3.33897963601069,,34.208704242642526,31.67715490126284,31.7134105249646,33.24555333140197,50.75852276617625,,47.9597286942428,51.3363537259654,10.5185387559429,2.88814231758981,-1.30973368370442,9.35129741435547,14.1724455435595,52.1912811425565,6.2759625730357,52.247103865602,4.4654169829179,13.049,0,0
TUR,2010,40.0888679739306,-5.70254261669491,4.98149669912827,8.54219848467686,8.56644420552976,,41.96725606979419,25.639073967784416,23.017565550376464,20.87740260653728,42.40661036051458,3.48959158482402,21.5899457839207,41.0990751678409,37.2333390546006,1.16274364749147,-2.73706177865043,3.99512236240813,3.83635976512141,25.3533908870685,10.6399113741961,44.0459707563417,0.232446499042421,11.879,0,0
YEM,2010,,-3.41069923528219,5.69994246463782,7.70128607527964,11.1748338605044,,87.83968840362364,67.49288170236879,59.47784710160335,44.8541946149488,78.9422723625733,,29.9950775630093,22.3614461274604,2.75557071670601,0.610357927076417,,30.7352639542148,91.4220414145968,34.3905592167085,,6.28934064963713,4.93743283602093,12.777,0,0
AFG,2011,,-12.6195382087159,10.3439728750425,0.426354776777345,11.8041858089129,0.634082093637926,88.6311381770528,83.75134665399763,85.71614741571618,78.56799978368478,97.28615446113008,4.6968178252385,,13.9770517017747,0.323576197641919,0.293025179616803,-0.630811517861432,14.0292708513797,,,0.0115304161485474,4.95918037606027,1.0059846865258,7.83,0,0
ARE,2011,,,,6.73651167897515,0.87734659568512,0.0,6.214396933435371,14.58716044169116,14.650314550299084,11.238066510395209,0.4428020396420025,6.08629581295721,85.6286738245297,,,1.93886244385384,0.0718886358430584,6.51232628789495,53.5351069475687,58.5481559098621,,,,2.587,0,0
BGD,2011,,-0.125842241657654,2.78355229779506,6.46437912497728,11.3951651552399,6.46540435024759,61.32964865576359,57.90566213373566,48.31520593833566,60.11585927377464,78.068947809035,1.9042059394074,19.9220749554939,19.4870042621521,5.629773751522,0.983399364184761,-0.822744381919415,19.4937925236267,1.15197562004724,27.4987748801959,15.8622555734813,42.4702411629772,9.3859804789798,3.737,0,0
BHR,2011,0.0,10.855340365152,2.34120217230767,1.92815791170796,-0.40004069748808,0.0,55.20625306416126,31.66163764478305,26.71861376748689,10.877294991246616,33.841431277308374,,95.6363487649272,,,2.61026038592024,-0.519062177718191,8.31394176480227,71.8441684413074,71.8932922709265,4.06180432295173,66.9065925077703,,1.21,0,0
BTN,2011,67.67631491770463,-26.6070202039628,6.64779532318253,8.4892584842808,8.848985699468,2.0659109190897755,7.77285380016603,25.413744895769835,21.246838253073378,62.68100988721156,15.217574379433444,3.92487971293095,37.9232018736818,57.4352950866873,11.2068085183067,1.57461513860453,-1.43905802803783,10.9487408218868,1.32603384643971,64.8723983474244,6.43483061712557,43.0834159551712,0.528916540638715,3.23,0,0
DJI,2011,,-13.8678242864019,4.17092204640401,,5.0687139477798,0.0,23.74215635442853,60.80252347917497,52.75402337245796,58.016574888152064,59.48888033782549,,,61.6657905187845,8.68421948523508,6.37538483893525,,,,,,30.9088339588642,2.61145571287155,26.31,0,0
DZA,2011,,8.09495300569721,34.8238177143754,2.99999999941909,4.5242115050527,-1.9467377254540967,61.70811344143651,57.974260603232885,51.60962928872453,69.1877019624809,58.6270398376025,14.3983059633083,35.9880864093259,2.79540714477209,0.790385842536368,1.17767329101171,,22.7921075134347,98.3333229077681,26.2320035517219,,12.5651064123385,0.0929180630893872,9.96,0,0
EGY,2011,,-2.32378812632193,3.28531568230903,1.76457194806041,10.0649259874818,5.529845081329735,68.16147477528338,49.89317017960306,41.94020326164751,39.49052177776618,61.11830008969133,,20.5674276128656,15.3121406993227,7.90655385279539,-0.204542848807527,-10.0824593392167,23.7536654802803,29.2504485443273,24.6882065494858,25.2846525842816,31.1549232899382,6.06988425351907,11.849,0,0
ERI,2011,,,,8.67980010138049,,0.0,48.87736344811661,74.73447786151914,72.03579725374706,91.71969385513276,67.52714034025803,,18.1548372567671,51.4834999754646,,1.8886183675912,,,,29.2389528621013,,17.5647022127032,,5.801,0,0
ETH,2011,,-3.30367964138339,2.87144325080088,11.1782962297008,33.2499598823344,17.277632359371868,63.03960430512311,51.50967150156605,51.86087189237272,60.76850921306546,62.21881128048064,,16.6868531997337,26.9969906653902,5.88919875915745,1.96735663905254,-1.34983977132917,14.3759542950793,1.44284633759849e-05,31.5460822119553,2.58756505223829,,1.68479919300585,2.27,0,0
IND,2011,50.02714532879293,-3.42928468606061,6.18879010347658,5.24131620024293,8.9117933648336,2.0659109190897755,53.953554130180834,35.023677838360655,26.544367878994763,46.583165621864005,58.16832665567989,2.67019501469286,24.5404113195713,18.5055609944676,6.4138689129389,2.0020634629993,-3.20649564885787,3.30798828495291,18.7585466086377,31.0834686939585,22.8683894409753,51.2892331325447,3.42826651551382,7.609,0,0
IRN,2011,,,,2.6457179180628,26.2933856738608,3.531538341161331,59.22758096384819,54.35417369083663,56.97790925826528,72.24698218656604,74.25909698399568,,24.9333131264674,2.74169060239135,1.04203676500054,0.679834574763516,,14.1303676502876,70.5041242804763,16.2861016653904,,49.2475078971103,,12.491,0,0
IRQ,2011,,14.065166727563,13.7756734191734,7.546471200426,5.6040514426601,0.0,73.22054136425409,73.36111782782582,70.97131935161131,63.450685413514094,84.77901863033301,,44.4175230392819,,,1.12086339764167,,,99.7790725268102,27.7538051840835,,5.41445203995753,0.120054052677278,8.193,0,0
ISR,2011,,0.959067083330991,8.81396403077087,5.51341969081251,3.48837209302323,-4.301865986798518,45.94628010791098,0.0,0.0,0.0,15.135159356811451,,34.2274243361125,,,3.23187455100204,-3.66965962799645,7.24344911239348,0.971529018503775,34.7735478331397,11.9221448754195,67.4637001049575,0.222081660467562,7.139,0,0
JOR,2011,59.14696729647473,-9.05634436432946,6.51551435816016,2.90729315392207,4.1624416292779,0.0,41.675574474800825,34.49058732845416,21.703500397375223,31.22477395251816,35.323173294886736,,,59.7339174529003,6.4642364896789,4.5528280155948,-5.96601271382941,16.1062196225209,0.184803898952021,,7.9332828460075,64.9687824263859,11.2864912876408,12.9,0,0
KWT,2011,,42.9408981326277,8.27693096964217,9.62863419534361,4.8394034987095,-3.7080958816827705,18.47292642604817,37.06919843294316,16.278157572212145,27.268238716073892,43.643260382962765,6.98424741091625,73.2176749998524,,,2.11573865053541,,16.7984035196711,94.8418724155951,25.8988177648389,,60.8062581893838,0.0036584551961647,2.051,0,0
LBN,2011,,-13.8340690487529,17.4585392339282,0.86733987855277,4.97148571692384,0.0,61.80943978452154,48.74210880623735,41.316013371462645,42.50377028995918,71.39455791990088,3.75693478858307,36.3630972315613,125.151296416081,47.8987074251357,7.85693989450406,-6.44392893285082,15.4390501936215,0.098238163773614,65.7767851809418,42.9581798153986,89.987856569182,17.2252495411949,7.352,0,0
LBY,2011,,6.62746278785412,79.2372182724926,-50.3385151384986,15.5184815317562,-3.365746119495664,65.65531381906459,71.33085741985067,61.39998494621397,77.48390515684339,85.33490571741326,,38.1458963988027,,,,,,,24.8595388907261,,14.1819194729211,,19.504,0,0
LKA,2011,100.0,-6.81209765681019,3.46079601554795,8.66948301160571,6.7167684358854,-2.2104843072765976,44.64559249178078,40.0383193304022,34.69444291357114,33.99158730376831,49.52621497610483,3.81740370617271,,38.4422070940857,9.31997112621852,1.41088360151362,-5.59601219344153,12.8920471742762,0.440288017795888,,37.5712825436328,33.7387969525402,7.60554994919627,4.118,0,0
MAR,2011,49.05463901820946,-7.26703537698178,4.96289903192589,5.52464523319847,0.9069249096918,-3.888287713885986,38.54167159954561,40.32734334823877,37.62865066948144,37.5614502757916,58.98332281837043,5.44855241763618,31.9544842646976,27.6980798517634,9.88853852756038,2.29046840496639,-6.07615405289125,12.6362660609577,4.34145432822333,44.8713872259271,8.17501572516698,86.804176959607,6.59181438537164,8.91,0,0
MDV,2011,66.93558719965095,-13.8208553363039,1.54809073830576,8.84342600490342,11.2734146055937,14.078190653878124,33.04431508694433,41.28341943972383,40.18404463493512,43.36294652856898,59.89043574622689,,,35.5158602200661,3.41197302473943,15.2659407539778,-6.81072956170978,20.9642438244994,0.0454484866151526,,7.745879610664,42.428163613364,0.108044719668789,10.043,0,0
NPL,2011,,1.33775079697372,6.74453820987915,3.42180870116162,9.2270754612596,1.0341476774341207,63.73684123615095,57.4135842622266,53.790391070954335,59.765718152521,70.25796392857981,,7.80613567968357,17.6500654511006,9.17595198152475,0.435814930594323,-0.877136867446518,14.1795192731593,5.17830048737702e-06,28.4906232102531,4.95005484335555,46.4246531230953,19.5463008559418,10.627,0,0
OMN,2011,,11.4435714770699,5.05999040118844,2.89460973541192,4.0421886711639,0.0,18.7850246162212,36.42328698232578,18.19980675154032,14.31650381189356,42.10879536933837,,63.9174704172791,,,2.10218875218974,,11.0805819428178,74.3678691335376,37.7242615226627,,36.1030456409534,0.0503392867929847,3.95,0,0
PAK,2011,,-0.957124213324854,4.15696352930241,2.68011685421705,11.9160927116277,1.3493549850849331,92.56641622077323,57.56025176895561,60.75647388619981,57.25063897871211,84.12158687505023,,13.4825548617217,28.567490409755,9.36170568883794,0.575055145839944,,11.9497095308939,5.21587114782379,18.8800834134221,,16.7900431014259,5.31817590756805,0.796,0,0
PSE,2011,,-18.500705760576,1.02737618447542,9.60080848913594,2.8772435849594,,72.49090876033416,55.88710016154173,48.79840061028796,34.498621681969034,57.28907067406483,2.76420847054838,16.0860353474401,,,2.13515604683715,,22.060709088787,0.0865829589723565,51.1634975550013,,22.9577173636924,10.2065334289725,17.597,0,0
QAT,2011,,31.0675107947676,3.19016206908009,13.0214050496923,1.13836623529202,0.0,0.0,13.845334305081131,6.806225944461944,11.823447480111696,0.0,,72.619706501698,,,0.559389030984015,,,92.9962018469401,26.1019286002011,,39.7530248795648,0.341901614862895,0.56,0,0
SAU,2011,,23.8816335912652,32.6137729985206,11.758820686671,5.8262163739404,0.0,38.31637653895701,40.08574028223825,30.468590293812596,25.895487447583204,48.41823187875952,2.22411986474196,55.2733461365779,,,0.688133631504519,11.3940257271561,15.3273661347058,88.7250786188123,29.0860881073216,0.702978890946999,33.6286944686693,0.035808339973939,5.77,0,0
SDN,2011,,-4.82188496528231,0.155870348159297,-3.21353209253371,18.0966171221351,15.638272233731607,83.82172413142459,76.96034224594074,70.0922964961103,74.16729457020871,92.86330500813338,,12.4787060282521,41.8849817755024,4.87186411161,3.15234852962884,,17.9778411692108,82.485132408608,15.0336329952659,,9.29192166764101,1.49807774183835,17.44,0,0
SOM,2011,,,,6.69435192567755,,-4.16642529432213,100.0,100.0,100.0,100.0,100.0,,,102.033543095271,,3.50997923598382,,,,,,,,18.761,0,0
SSD,2011,,,,-4.64031673600859,46.8521757193597,,63.915857815605136,85.24843708670919,67.43353565062178,82.58303898684451,84.70849250995602,,66.0761203752424,,,,,,,27.1507393796766,,0.497601393833536,,12.585,0,0
SYR,2011,,,,2.8502205980333,4.7531638888563,330.61618411284365,77.55593283576869,58.90577906133251,55.98552349020161,59.20762079190492,80.17615704304542,,19.3693262797983,7.90836038522254,,1.19065647696386,,,,31.3267640239015,,20.7425231347911,,8.626,0,0
TUN,2011,23.29956977820513,-7.03556585573611,3.30881115159635,-2.04663389535644,3.24002842009531,-1.6498998649343264,35.93527617893885,33.1740904338468,38.18954052285285,43.28980480112079,40.66125483931311,,46.0546537716688,49.7498678288209,11.6106901397124,0.899077534980039,-3.66229157810212,11.3213837770121,14.5522463732087,54.0517255325681,5.58252768747977,57.9347986271264,4.16533721221503,18.334,0,0
TUR,2011,15.903762722260556,-8.81351105932507,4.01504832644044,10.9799625273598,6.471879671151,11.45197985352378,43.284797566793706,25.07999039604399,28.75571819471837,24.04189971477404,38.89451702179264,2.57632211204451,23.4903574412774,38.6013112607881,31.3834630221049,1.91686136260632,-0.726181221783564,4.4231678627251,4.75328243521876,30.1612264563406,9.22930640813633,48.7422084050823,0.223053389308349,9.789,0,0
YEM,2011,,-1.61143995618416,4.14595671922282,-12.7148969035133,19.5435617131144,-2.636732091625298,86.54575537309212,71.59735300895575,66.89995644082545,55.00156690240768,80.70639212537154,,30.3404241701511,21.1560386850362,2.63495345635786,-1.58233916831705,,31.524145414549,90.737252598481,32.7190337847532,,5.0687258112031,4.28986760853835,13.311,0,0
AFG,2012,,-25.8706814974751,8.67720885361815,12.7522870926697,6.44121280934117,8.929752861965138,90.14868722852852,81.51444159987638,85.04834754815616,74.21326829379352,99.2614970318062,4.95890140377645,,12.9281604362278,0.598756026259218,0.285440893554571,-0.640739779224387,4.27602344633308,,,0.0171919008924942,4.47210362973721,1.10218743514509,7.875,0,0
ARE,2012,,,,4.68325642918792,0.662268900269009,0.0,8.493417423454344,9.789664085735856,15.6983746532822,10.785425693835316,2.242314878174533,7.12965175228016,95.6008433485867,,,2.43554180804761,-0.182046254556401,5.89138072219693,47.2314196497577,61.036813624374,,,,2.323,0,0
BGD,2012,,1.93195276968292,3.85125480802239,6.52145877906443,6.21750422069284,10.397854059117844,64.21009180364645,56.88696994280868,56.48909735435993,64.92063144429872,80.93993672235851,6.72327958982541,20.1615888640625,20.1641903015642,6.03570025042511,1.18850391920183,-0.1373990191993,14.4704238243695,1.82373354611352,27.9493338849842,16.744483390165,43.0006693750914,10.5915144036117,4.07,0,0
BHR,2012,0.0,8.06539982681225,2.27248354641055,3.80302899043062,2.75739669962979,0.0,54.23151575374233,33.74648004943025,27.92523510481114,11.33802792503155,33.33858472302646,,98.265636232926,,,4.83265436536461,-1.87486565711785,10.7856321262738,64.1472033708371,80.5583845887584,4.95967102389092,66.5172271480683,,1.2,0,0
BTN,2012,100.0,-19.1060720878636,8.55745154197408,5.16482012683895,10.919656944683,14.49903365011692,9.128316894242866,23.140718330160663,21.588816012760024,62.79045473853583,12.039040820303438,5.45153266771975,35.7881097866179,79.1608314145797,18.7010212132352,1.2354733641673,-1.58387099377112,13.7089181899016,32.9166462100962,58.2569173603391,5.75087901162003,42.2500390351052,0.919471362422047,2.05,0,0
DJI,2012,,-10.9311673573902,4.01859282386055,,3.73120950756887,0.0,25.96950804984437,62.18517074001257,52.95913588424236,56.67598754889504,60.6181067488807,11.5343664524884,,58.090597298747,8.37894445755218,8.1261509172004,,,,,,28.9308988431593,2.45750699383544,26.179,0,0
DZA,2012,,5.3237110694236,34.3073971199894,2.40000000034432,8.89145091062317,6.304108541674699,60.2144650214289,56.12289806352694,51.28822961838648,68.3074568418901,60.55270502184729,11.7263814541695,34.3827920015035,2.4523641196966,1.08156709978146,0.660551953898791,,19.8492922361838,98.4004104735679,26.374847332557,,12.9086438651722,0.0945838361596958,10.97,0,0
EGY,2012,,-2.49788021735236,2.48779534146603,2.22619979818487,7.11172943343083,2.07709862912854,68.52615300554989,48.93100549890709,42.94584212945557,48.21122086729368,58.36220528135079,,16.3969666208873,14.6941589979995,6.64052009640903,1.00234071774049,-10.0051949602914,22.4231286293974,30.1290625343441,24.3148026512211,26.7728204319723,27.388449729504,6.89188511375172,12.597,0,0
ERI,2012,,,,,,0.0,51.73826578912827,76.25391552211165,72.62872300296901,94.69746294568832,72.27668741625139,,,,,,,,,,,16.1597177482946,,5.692,0,0
ETH,2012,,-7.10674868080212,1.94022284437674,8.64781163513926,23.600417677317,4.7667013282295,67.48021774990512,48.92772641902037,49.48179462280172,63.69782400150065,62.79072752175263,,13.7672981990263,24.2166657612452,7.1428932989006,0.643172898229037,0.679089858634853,10.9430232166,0.0047715317493212,31.630605984481,2.88934851971598,,1.44158455346166,2.252,0,0
IND,2012,47.98563362307623,-5.00488971805303,5.90371509588661,5.45638755164772,9.47899691419793,14.49903365011692,56.03604054501968,35.04431904903676,30.034137891168506,47.31722106304087,58.99922416332315,3.37395391664123,24.534430661418,21.7351878662519,6.71426990966754,1.31293453035323,-3.7644761333206,3.61415055311196,18.7788936146643,31.2592910673332,24.9086652545747,51.8885076473464,3.76554510581057,7.645,0,0
IRN,2012,,,,-3.74717139864109,27.2568127242908,14.687222502275826,59.422818932680855,54.34419096250884,56.33119333533149,74.73015161250768,76.10750667796377,,22.4753001992586,1.15421603802317,0.505689329536826,0.723850091355471,,,,21.6140464814866,,49.6173234830957,,12.275,0,0
IRQ,2012,,13.5507635163078,13.0907943504895,13.9364301737537,6.0890964159516,-0.3276353276350491,77.31455713862793,71.30021763374657,72.1173644209034,67.4892008058053,86.24976194056569,,44.5084353612381,,,1.55961531280073,,,99.749740585093,29.1002492300431,,5.90755944993835,0.124310514637941,7.965,0,0
ISR,2012,,-0.314623011758788,8.75846190779544,2.40993765217618,1.67553715750052,7.763624380310255,47.45555787780094,0.0,0.0,0.0,14.187536573451473,3.45440510625779,34.7734390454533,,,3.42638899025665,-4.46542414192741,7.10744517185122,1.70032816426379,35.3024648732099,10.7937506314723,66.3710636674816,0.26024794777004,6.762,0,0
JOR,2012,75.48214786286309,-13.5170565963848,4.40545435759904,2.40465716535539,4.5152295667099,0.0,42.87571438307244,32.525771717282474,20.58173272579004,30.012776772851478,37.092950453191726,,,58.5598260044692,6.29930345834037,4.4426748997237,-7.37078316999822,17.3865465659055,0.282058142253294,,11.5347328017727,64.7040806138676,11.041223056681,12.2,0,0
KWT,2012,,45.4600006397631,8.51843721530013,6.62587485078971,3.25514600287211,1.4336651286400957,26.268607046110137,37.61566130193004,15.478263672591156,30.361137476764306,45.99544280623428,5.19116857201251,74.7318371141504,,,1.65046109668041,,,,26.2795979898817,,55.7433682729455,0.0015018124321996,2.227,0,0
LBN,2012,,-23.4382140171445,18.5811682725873,2.56479133680038,6.58147447683677,0.0,67.21668521110942,49.08927748973538,43.27455338532021,44.05287067210948,74.66169891618874,3.78697531989083,28.8092128781151,127.212482591364,51.7781580627129,7.06847166156729,-8.6185546928297,15.268676630941,2.01796275219873,59.736289044944,41.2318572302857,89.9553302724696,15.156125951893,7.952,0,0
LBY,2012,,25.7575733312092,40.5251370265739,86.8267484395784,6.05980392156855,3.0639273927656823,66.53862774948276,69.98464153006148,57.099794906096,76.84566583925742,80.95414363880593,,66.8678568492024,,,1.53985903839829,,,,31.3564620676424,,9.33808515595023,,19.03,0,0
LKA,2012,99.14805652389356,-5.69099820826854,3.68897815263594,8.6321813769906,7.54291373239437,15.410042622371714,51.68449448844788,40.96668720862744,30.263910012841222,33.51182890854362,52.09274118192562,3.62758332957378,,51.6165842309571,15.4998497838903,1.33591734742632,-5.15691923088686,11.3958956233089,0.359491962840932,,38.2954907659136,34.0180437825091,8.51637948114988,3.88,0,0
MAR,2012,,-8.95034696939187,4.12037435216039,3.06234368502997,1.28712240079219,6.657328862724466,42.477957599579895,40.95930494147508,36.36964263076868,34.138959221356785,59.48364971084559,5.74656037615339,32.0970961451136,32.3240509195629,10.9736870036953,2.65758712641507,-6.59493456644955,12.4603705117426,5.76450248609948,46.1250057504935,8.45346803134801,87.7618401933056,6.08571534011656,8.99,0,0
MDV,2012,,-6.3922910977274,1.5082286570409,2.38928797963442,10.884695658563,5.224123227254782,36.44549274096096,39.28315438925952,41.79581300965464,43.64266462159112,66.24468737974479,20.9246965468261,,35.923424043945,3.35233535151938,7.89895747225905,,21.1799243555902,0.0343073532681685,,,35.1187463614201,0.10905187264181,9.134,0,0
NPL,2012,,2.66070688066427,7.60892634309321,4.67014192446953,9.45980980357125,15.13882192972643,64.87476640579817,64.67559721471369,45.78322656072989,59.87257810801557,76.5463025332376,,8.75029128721577,17.4328435350797,10.2597284623763,0.42369151125933,-0.543385074168763,16.8472680973275,0.0127445401569673,29.1716147715423,5.31837545822883,48.7543496534141,22.0821265457679,10.632,0,0
OMN,2012,,8.99068507231773,4.36417390706347,8.86312225557018,2.94773495257209,0.0,18.951219526670123,37.19966057185765,16.00699495122472,10.370183669512423,42.069103867639605,,62.7218547578454,,,1.5612029028198,,10.3614905662381,83.5370778993057,39.3529056464546,,36.8201690395642,0.0446313008238938,3.753,0,0
PAK,2012,,-0.936399348037174,3.10654658664889,3.02758391088629,9.68235186055684,8.167173460952968,94.61166067438336,53.416887990101,58.83603862844653,58.97592420946039,85.3961740364021,,11.8739641473238,25.8754627988566,15.4974439085818,0.343453048660945,,11.0599623222425,1.35053487428845,19.4450091286838,,15.1977662090047,5.60040378648877,3.667,0,0
PSE,2012,,-14.9170751410581,1.24818038165305,6.09645656326154,2.77908768282492,,76.80160934572655,56.43898517161906,48.97483423100015,43.77571269856059,56.439658323837705,3.0769175753146,15.3263326889683,,,0.515918270255689,,23.8612251411115,0.239558505403332,51.6029946594148,,24.0475728779365,14.228314544803,19.202,0,0
QAT,2012,,33.1847245628586,5.43006082958833,4.62623675511804,2.31534853431661,0.0,0.0,12.630937650291164,3.9841993697477047,7.859255791957612,0.0,,76.4724190759864,,,0.21188872224358,,9.84458695567643,88.0489136744168,29.2739243592311,,37.1284423583344,0.42995324346997,0.48,0,0
SAU,2012,,22.8484723061974,36.4747145801621,5.76157382270968,2.86627029905053,0.0,42.553403098948,40.16922596827702,27.641540984531325,29.228711534347383,45.34964665241911,1.6697936801687,53.1198476436365,,,0.669626013751334,11.6799058125109,14.054771122829,88.6274591343223,28.6208309025235,0.489917266795932,35.5685109967177,0.0327055489847342,5.622,0,0
SDN,2012,,-16.6318777556219,0.188390712083205,-17.0046884048945,35.5590574147024,33.98830129943518,85.8574777889538,77.41361677537945,70.38202575250432,78.67034329874596,97.09120070298034,,6.85645263673087,62.0028273281422,7.14824601297622,6.14212434699966,-3.2934374153387,22.2255511532903,0.0054295562064285,14.9997218879992,11.3897898331386,11.9423641232484,1.58330324714586,16.973,0,0
SOM,2012,,,,6.69435192556698,,-24.863603494115743,100.0,100.0,100.0,100.0,100.0,,19.5524000374862,67.3687213629642,,2.45906325256211,,,,69.0212460407427,,,,18.771,0,0
SSD,2012,,,,-46.0821223743007,45.5258978371706,-1.303133207313599,66.05435715934021,80.83241033306892,61.74002201264784,79.19507135306716,88.78497102894227,,42.8320523585268,,,1.34937246395858,,,,28.7877590362221,,1.12348529534462,,12.803,0,0
SYR,2012,,,,-26.338904668983,36.7022953364139,33.60630301358511,87.77009414589415,67.9404908880905,67.64685662674614,79.09656671557873,83.60014171978484,,7.71461782136059,11.4414279165918,,,,,,27.6540725102336,,,,13.8,0,0
TUN,2012,22.010659425141316,-7.86572520912914,3.67437262137286,4.21667711535632,4.6118443220664,10.946878662673493,45.300094055883775,32.97255647246417,31.26114928833934,41.13558487143976,42.76956367261875,,45.9128477724564,55.9749620256609,11.6025369076999,3.28518933963283,-4.81843906175359,9.06700335464711,16.7803635249074,55.6378761572116,5.60152180326642,57.8520427359494,4.78893888412121,17.63,0,0
TUR,2012,6.664239623315245,-4.72096418758118,5.52884305144567,4.80762696633448,8.89156996512163,7.226846382175268,50.64223135887854,22.975682875615423,29.40578868787944,20.01485612272334,35.2508285466542,2.7433675978872,24.9658181147838,40.4357594121779,26.771512062507,1.55241965245755,-0.127730797432328,4.40501167048219,4.90475359189769,28.3619431820769,8.3899089364427,51.5586765950105,0.212463719897603,9.21,0,0
YEM,2012,,-0.94521109936014,4.85379752011208,2.39299021364694,9.88538714484871,0.2568599937637939,86.98419487263385,71.2704543451452,68.393550932686,59.43116634266919,85.44591428691012,,24.8637169658953,22.4223066776646,2.70662767220756,-0.0402221829314871,,32.476138823219,92.1393209494491,36.497920216673,,4.6454040882474,9.46574563057419,13.473,0,0
AFG,2013,,-25.290058564309,8.58813766628177,5.60074465863221,7.38577178397855,8.750937719701342,96.18833582061184,80.78452229097896,80.36690363064623,72.46442605977413,97.5670453509405,4.85228704838131,,12.8048363659593,1.58322814481364,0.239801184405551,2.28247071623154,7.54684020369565,,,0.0350619479814528,4.3216854169302,1.72321110990224,7.921,0,0
ARE,2013,0.0,,,4.9184505919085,1.1011183637571,0.0,8.251124740248267,8.861988607867586,14.458895180192044,6.503663147600486,0.7721361992928211,5.85229580988926,95.755207057533,,,2.3838227555723,0.217380522482608,5.04314244016449,55.8450474819963,61.6429155817142,,,,2.125,0,0
BGD,2013,,1.3723251518825,4.90974781514545,6.01360565834344,7.53040640913172,-4.592354328423414,72.7978291053149,55.77570055615142,55.92459159028871,61.87764958937547,81.58920491048875,4.84439636539415,19.5378741098798,20.0259278722599,6.11014310075419,1.73532012481503,0.0690736503730761,16.8657778641165,1.13549487669373,26.7585286129376,17.1762291283182,41.7947548053392,9.24470026765418,4.426,0,0
BHR,2013,46.43561563860032,7.12443578913414,2.09918116055192,5.29262224906203,3.30001156888442,0.0,61.21621439651796,31.38058766389823,28.016292949573156,11.13393511002551,32.73097195535759,,100.826651632348,,,11.0211306090707,-3.36024885257168,9.16647390950125,59.0027891704387,83.7628572125021,6.53618901920789,66.9876399343585,,1.184,0,0
BTN,2013,100.0,-24.293493248344,9.26353916294235,1.73634039505693,8.77638345268213,9.65733396252438,8.540179731727937,19.35057750567595,19.029812272624135,61.14747036539717,13.665210603159666,6.97587050610785,37.4343659431634,89.4459115640474,11.8209262922086,1.05127659163372,-4.70025601420684,,,57.618172334879,8.63185857793323,42.2246322971743,0.607310913154019,2.87,0,0
DJI,2013,,-30.7512096888003,1.28168987137256,,2.70603242872186,0.0,36.26215206239129,59.83783091972676,54.83720051173163,56.639779351886766,63.5603765829143,15.3368529632838,156.414102493532,40.6920825984022,1.27737966871977,13.9893763417185,,,,191.30621456487,,22.1463874057357,1.94611108053063,26.149,0,0
DZA,2013,,0.517147116303439,32.7812904978346,2.60000000061164,3.25423910998847,2.363333317569994,61.8591959029985,52.68878878161526,48.16521750341336,58.55203554065829,59.12514319233948,10.5639712164988,30.7993649290893,2.32227149466818,0.744237142683795,0.736559065111634,,19.0622423212072,98.3397689163232,28.3516432281546,,15.0652748989807,0.0912495160252352,9.82,0,0
EGY,2013,,-1.22513249838744,2.73003963526374,2.18546605363386,9.46971981064921,13.445489158927698,74.41003646484103,57.8419867203533,50.38056322572106,53.88723995819044,60.13918387562447,,17.0178456245969,16.5588608179564,7.63717373471107,1.45343420769727,-12.6356159965599,17.5098909058737,26.0844601901547,23.3551924317351,33.5278975911524,26.2224394958043,6.18272925177381,13.154,0,0
ERI,2013,,,,,,0.0,53.64443634187904,77.764009036783,74.47040200008057,93.51385872452435,76.71536588682406,,,,,,,,,,,33.9868058928029,,5.624,0,0
ETH,2013,10.247195619233809,-6.36626399169653,1.97097009114637,10.5822700502552,7.46402192944517,5.206890731732735,62.68116560390656,51.36913181138657,51.85453559247246,66.69718062013598,61.5746059915404,,12.484073558977,26.4725857260442,10.679035983358,2.82040845857162,-1.54263849758058,12.530803211071,0.0012007998702587,28.9877135217855,2.82906963683556,,1.74829264852672,2.251,0,0
IND,2013,55.66358647319094,-2.64566711733892,6.02774649537524,6.38610640091713,10.0178784746104,9.65733396252438,56.94021962691608,34.32265522733206,29.87238523069461,45.27914825662484,58.193919754438696,4.0277286350163,25.430861300519,23.3008757774803,8.08000121217609,1.5162764665975,-4.06573304249265,3.58128041095053,20.6668895706043,28.4132706461587,25.6891578331182,52.385709516972,3.76848981172284,7.678,0,0
IRN,2013,,,,-1.52197920494184,36.6030355191029,51.24123519005592,58.17292565752821,54.75237071308495,62.29136468787683,76.66381871103842,73.93791659417543,,25.1829067419072,1.39260534305275,0.444173683773493,0.609501593960532,,27.1072781979137,71.7172687320017,21.9038111775683,,44.5964991335657,,10.595,0,0
IRQ,2013,,6.85843921497559,12.7980431197862,7.62828592298754,1.87949800749416,-0.014291839360005,81.50212636128825,69.48195360540325,72.91622693175246,65.28460444974978,86.21986332088255,,39.6635365352026,,,-0.995279210263068,,,99.7968723357044,27.7464818743646,,6.33564916159929,0.309839415005032,9.222,0,0
ISR,2013,,2.24341717352294,9.41650885394767,4.09013743330735,1.58976347421476,-6.358103280225841,50.55738766348576,0.0,0.0,0.0,14.9300319585309,2.90140768348366,32.8527519137225,,,3.9732882944923,-3.89223300164066,7.48405216127304,1.57983966956452,31.374418442059,10.3732727667444,64.7680421108357,0.256605266557541,6.137,0,0
JOR,2013,74.89196532553044,-9.25155039516621,6.55665747795074,2.72311205964112,4.82462314269537,0.0,45.61234460384233,32.66914739155246,21.89314858195867,30.468298790371485,37.41099175521231,,,67.4266385860852,6.17182141088357,5.1397527233423,-4.90217813607205,17.1295421487715,0.173899859349714,,12.7891227339029,64.1605568285298,14.107057003016,12.6,0,0
KWT,2013,,39.89983649926,8.10687874184372,1.14946552780648,2.68229684085039,1.3052587370780306,25.637288986546835,37.59534176841737,16.70601466465634,29.831023370533536,46.016966564136766,3.64034786311307,70.8610179890485,,,0.823130244872496,,14.9606134655017,94.2171787337716,26.7444733437666,,59.751887354111,0.0024255111250115,2.465,0,0
LBN,2013,,-25.5114319532074,16.1599599729186,3.8278734986016,4.82101956297399,0.0,69.22656310485797,50.366862291952245,46.091368132069775,41.01678149185212,75.99506180506785,3.9655306434989,26.6467547466619,133.127238280872,50.2454947494857,5.67636791033718,-10.0510592391527,15.8236951519334,8.55737748124045,59.5275738453946,43.6635615433405,93.3172929302942,16.1403001328547,8.477,0,0
LBY,2013,,0.0127403569483039,31.6920933071623,-17.9979615745681,2.60581802719517,0.7951576319818564,75.83806966122843,71.63077478791347,68.58265616346524,80.55456424625314,87.47829339544963,,59.8886075843687,,,0.931638601844643,,,,46.4457533337369,,13.7369369068516,,19.311,0,0
LKA,2013,76.36654509018528,-3.30046822137757,3.84760389405601,4.0517463303875,6.90845034828452,1.1486198330985051,49.34514401993015,39.83248496992896,36.74797136570939,34.57503717685479,52.60281100085826,5.57505794057582,,52.2481960961188,14.0822781704545,1.21148000059153,-5.09312876094842,11.9665971594275,0.316453474817973,,38.4984956343047,33.539360763445,8.34308044196111,4.186,0,0
MAR,2013,,-6.77731894447504,4.54168416711332,4.12221286860944,1.88065466724086,-2.583787430467617,45.54403690056383,41.095143711329726,39.522513041479925,32.612310901027705,56.74102175701166,6.62387078084964,30.2532656391617,34.502888034062,15.8587772705737,2.9038626404404,-4.69644517675516,10.7813884917017,7.21783053567622,43.6044908923701,9.00016179365084,83.5655425605352,5.94586343171536,9.23,0,0
MDV,2013,,-3.86626742586717,1.59704253211411,6.97496226412528,3.8056300091943,0.0122013278105538,28.303947064877384,40.64317551597435,49.23574316671654,42.84127498858584,68.45165958485812,17.217700885709,,34.9521788047807,4.14787797452245,10.9503892160384,,22.5044452789247,0.0463037212773749,,,31.2161620904851,0.100296734927995,8.295,0,0
NPL,2013,,5.23137372695534,8.56836277441355,3.52515317129149,9.04016311917645,9.220965802717329,59.09267305799483,62.616371264369896,45.81281825355487,59.216414542720926,74.84589321038253,,9.2946586776145,17.9863596634684,8.81842257769137,0.334712330597339,1.50200419772983,18.4274463961637,0.003173096960438,32.5707170600577,4.15111327345913,50.4622708384351,25.1947048897919,10.666,0,0
OMN,2013,,5.87992091672239,4.07750628970272,5.22770408145942,1.05354820265932,0.0,19.742361581613444,38.46734355074476,17.24815042355071,10.39965201586012,43.91507884281164,,66.0316248510717,,,1.79286446946825,,9.20212102113705,82.6128731508305,46.511896912702,,37.8101763629108,0.0433771731963771,3.553,0,0
PAK,2013,,-1.70727876868057,1.71197854264599,4.36686504978387,7.69215611899565,8.81598008143368,95.7110948310296,53.17702179895484,58.37623244678961,57.106962130087226,81.52584154699764,12.9868868262,12.1774992040696,23.6165694934777,22.786054796032,0.515353849332245,,10.2037449075269,2.10463441086617,18.7127751361147,,14.4059591371388,5.65574753329438,2.954,0,1
PSE,2013,,-14.7723926183376,1.18324871085987,4.69856986552234,1.72439933626931,,73.6822054096526,55.78990709799151,50.218293506271,42.24132524521151,53.455265359031166,2.88247142261907,15.6198438829492,,,1.40253913684002,,24.9613018313035,0.232120460276173,50.6514742332877,,24.1199685686064,11.0194652216269,19.894,0,0
QAT,2013,,30.4240457483909,6.67015979671203,4.43070196521455,3.22197756829293,0.0,0.0,9.562863789919374,3.3833445197464034,8.052256307828868,0.0,,72.7178350242963,,,-0.422882595917482,,9.28140647415725,89.9813548660954,29.6653730820309,,40.0053399938718,0.289036590893845,0.28,0,0
SAU,2013,,18.3253067776542,37.373716349245,2.94563789152025,3.51104209799866,0.0,44.24097413844893,41.516628350011686,28.33124182603196,26.7554477598972,45.15247405310144,1.30683882837442,50.3725164415794,,,0.437984195574321,5.46926748017726,14.5375069021815,87.5705430575713,29.8789849870989,0.399701893703763,39.0113411908332,0.0349167043120865,5.6,0,0
SDN,2013,,-13.5321488136858,0.170670884074813,1.95514463302422,36.5223449139154,33.1322703293456,85.24199593912023,76.66452192047326,71.6460679296879,78.84734823542303,95.78519667349964,,9.50689116839014,56.487760867855,4.90058576864329,3.92312074519106,-1.84506690261176,19.522500121755,5.0106381194167,17.3516333336233,4.40493712020751,10.5177916679111,1.43991386908741,16.273,0,0
SOM,2013,,,,10.9592986164311,,-14.355126593165457,100.0,100.0,100.0,100.0,100.0,,18.6178689226979,58.417132359056,0.0719530835380835,5.09591217775954,,,,64.7231302031399,,,,18.655,0,0
SSD,2013,,,,13.1297311406943,-0.0580909784225664,0.0,80.88833336329952,85.56815800656926,68.07707708100752,81.13850739264863,91.85641291119543,,9.74075785850552,,,-4.30359174766787,,,,41.0704887322407,,1.13382804534706,,12.665,0,0
SYR,2013,,,,-26.3002577493205,40.0318378290723,68.3678077861074,89.05181396436572,71.15696625693958,75.98788744736052,79.42608412675327,84.47164773954259,,7.77801797227006,23.3162725196197,,,,,,36.9272368113289,,,,14.5,0,0
TUN,2013,,-7.96677847902681,3.16318920380025,2.42993096446429,5.31623531326689,4.018631253767697,51.32498964644804,37.53862457331982,32.47611781452539,40.929863625838166,44.00538625810111,,44.889705324588,56.327937751119,10.9788598035086,2.1744128074392,,10.6275600954922,15.2132858501248,54.0652513616158,,57.9598823065191,4.70471677441917,15.934,0,0
TUR,2013,34.402493303569,-5.12686124176872,5.46467548164703,8.48825689298511,7.49309030547693,6.000403194061752,53.474123550366414,25.66500681836581,29.945285253842435,19.108722976014818,36.343740025809,2.63627102630173,24.403259811358,42.3711460982425,27.1626121370026,1.40962960980578,0.279509002150069,4.90097457080928,6.11133521147795,28.6650931929463,6.97426364209265,59.9792914244143,0.19757471711574,9.713,0,0
YEM,2013,,-3.78691356368033,4.34870138082696,4.82351908493912,10.9684421500198,0.2523141758577629,89.40296871222658,68.52134016727071,67.4700983607713,58.17726049437777,84.15811341017616,,22.3595984891919,19.9195898806446,2.8266027945508,-0.330496410064222,,28.6187727613227,84.9361805839103,30.152279647517,,5.63671954137487,8.2703963723937,13.673,0,0
AFG,2014,,-15.7724198274304,10.7026948461815,2.72454336219565,4.67399603536345,3.376822716807376,94.62982048260308,78.12215975563974,81.81639407150631,72.56874322068681,93.36709357911803,7.7810908959605,,12.3049882693651,1.93817780133484,0.209664794672203,-1.94743593413573,9.51326053298309,,,0.0518220686922314,3.94105709996345,1.23611373619901,7.915,0,0
ARE,2014,,,,4.63291785879667,2.34626865671643,0.0,6.973048587991358,2.6602617538019264,19.168110512612262,2.8724649961706863,3.705621207275257,5.31214096469623,94.7738651442525,,,2.60546090290076,-0.0814685014756499,5.52683313407757,50.7904126785472,64.7417651694601,,,,1.999,0,0
BGD,2014,,0.437159797644511,5.58168526462513,6.0610593588495,6.99163889220849,-0.5913028655812983,60.35502564219467,52.26459737341887,54.834135493415495,62.39150606593156,80.1748367181461,9.36516719804562,18.9896599950107,19.1263744321957,6.13466573895137,1.46870305074204,-0.769287559545676,,,25.5244202017989,18.4370651150336,43.7361238704853,8.66899486049041,4.417,0,0
BHR,2014,28.57351950535664,4.38061668747353,2.46566079822188,4.30885692657077,2.64755321246189,0.0,60.0881741341764,28.522356833308443,30.810249206649647,15.728683851840186,37.66431861171371,,92.2255357196123,,,4.36728984042946,-3.47945270439261,9.42227781586713,66.8346508823664,76.3503224222473,7.35881974047496,61.3347998045045,,1.144,0,0
BTN,2014,100.0,-23.4688052620108,11.8031415958018,5.88108550658288,8.27106093949328,4.149758454132462,0.0,23.87971101214908,18.23529318671413,59.7920697832389,0.0,6.75453798371645,34.1893414068432,99.3381192854371,13.1750850942313,1.12656942719562,4.08713013518345,,,53.7449147944863,5.58573790022866,41.0852999502378,0.684145452942166,2.63,0,0
DJI,2014,,23.8932174835351,1.48167498855892,7.19298728463697,1.34186494340162,0.0,41.79334158739448,56.24396591634378,61.46984888835996,57.52049962396798,64.38965124067526,18.1882419023322,157.949327841603,42.9271673641205,1.06181589657575,6.88983261287099,,,,140.615207979648,,22.1377018857024,1.70579799013819,26.16,0,0
DZA,2014,,-3.8772158836163,28.1922504423476,4.09999999866501,2.91692692067458,1.5253131808965652,63.02537963304158,44.909148932070906,55.93444738946112,67.12609784402927,63.71052282169509,9.9349604753277,27.6194863705878,2.35485990757709,0.448059126334839,0.628688968391006,,20.1033684945136,97.228399822397,29.3040555963989,,16.4216636360139,1.02637284361066,10.207,0,0
EGY,2014,,-1.94849131455399,2.21204888604566,2.91591188052836,10.0702154687481,3.017085226769617,72.4873965252314,52.42169932491767,54.77506072382419,55.166260336449845,57.38129908452609,,14.2441314553991,14.0020767838652,12.6738497850725,1.50925042253521,-11.0277183098592,20.8840359685848,23.3551757931695,22.6760563380282,30.6852322625376,25.6066805392918,6.40402291079812,13.105,0,0
ERI,2014,,,,,,0.0,50.07355914684774,71.94700007272363,81.98011575666916,95.7797474909282,78.20303455391108,,,,,,,,,,,53.241077381173,,5.637,0,0
ETH,2014,0.0,-10.3781721184148,2.3002950163837,10.2574929627477,6.89001951597192,5.149407079151218,63.12549417323746,47.90538712742927,51.58887518017741,63.62462145587485,57.559081430116585,,11.6416199095703,30.5557352254075,11.870058525757,3.33569111068815,-2.6690901624725,8.95942983607244,0.0463693412234373,29.0994642402923,3.0107267564388,,3.23018487802697,2.361,0,0
IND,2014,39.55035589911105,-1.33950896483453,6.5991330802017,7.41022760516977,6.66565671867899,4.149758454132462,53.30327385400366,31.929218980619765,34.766324849195385,46.75741334402717,53.07465129114553,4.34584976316208,22.9679630081172,22.7049198417658,18.6296205367074,1.69565958990806,-3.24743717876857,4.15851458783714,19.6340746160473,25.9542227389497,27.1850847623906,51.8821873589628,3.45190175872427,7.656,0,0
IRN,2014,,,,4.98477506709476,16.6065532357449,40.87668623277139,51.92425679310193,45.005101233394825,67.7698008410495,77.2925143659804,67.33380693017973,,22.8306723891643,1.25206746599556,0.487614453122765,0.45545387401938,,23.3835141856178,67.7953155547417,22.5207477521518,,48.9844792976358,,10.68,0,0
IRQ,2014,,6.94151191976759,11.3259059912738,2.26368817563613,2.23597407904726,0.0,92.93969564505151,64.6159858766944,75.83347840371516,68.65423451175478,86.22769523675878,,38.9417264514779,,,-4.45521124532956,-2.76458776609102,7.1958972279023,99.8860619088129,30.0407604054258,0.682069765435531,6.81429545062197,0.319330124832297,10.59,0,0
ISR,2014,,3.46609589435316,9.9448582355724,3.718144149431,0.467557251908503,-0.9093196027610996,47.904659228363705,0.0,0.0,0.0,12.15061438532068,2.16639379251708,31.5531969734526,,,1.92409260277085,-2.27191838510074,7.72744981528175,1.14301444001863,30.2858558244869,7.17029754497307,65.0728810341114,0.273239026232895,5.789,0,0
JOR,2014,75.27689542998559,-6.43399981653877,7.32698091779618,3.32287328047509,2.89947905006057,0.0,47.81968305776241,27.951050433106467,25.452432846128964,30.80756322672346,34.46944576816112,,,66.2217873926144,8.10709321682764,5.37423314588782,-2.02745525352398,17.7724667290356,0.167919629735253,,12.7414827453355,60.5995603657342,15.714081206619,11.9,0,0
KWT,2014,,33.1790758712171,8.03008854467478,0.500914669444924,2.90892672858625,0.3447589565584819,29.28030259547007,32.93020169611973,28.000947019452514,35.5603908884765,48.190020287629615,2.89041261906889,68.5055251263225,,,0.298681408941651,,15.6160360140515,95.2169457886681,31.5316647155213,,67.6407157377814,0.0023605943555812,2.9,0,0
LBN,2014,,-26.2298655609816,16.7591540464763,2.48406010500743,1.8546042134091,0.0,72.33071371985676,46.801572322526255,51.41529714950943,45.71161928032316,77.69284383353401,4.0080407149345,23.7561644984684,135.672761134402,56.8710153226803,5.95175528625723,-8.22876236898969,17.2831066063169,0.975199707169866,56.0609920940944,43.6457993768457,98.2255475847967,14.9511646268716,8.84,0,0
LBY,2014,,-33.1750366593745,28.693877908734,-23.0428058282215,2.43294141599233,0.0558504866781211,93.1992595174644,77.6550998245835,78.4880543244795,94.72859216604544,90.56150167282416,,32.2383210024013,,,,,,,44.2865616357103,,19.3187188616,,19.295,0,0
LKA,2014,71.74040207584675,-2.40840557196081,3.92468380375978,6.37797889684965,3.1790022823606,1.158801824985175,46.00031489984983,31.31441761911778,38.7363209180518,33.55238653186629,54.55784847362075,4.23421449884782,,52.3589316985507,38.2320892792974,1.08277813405104,-5.36533787301632,13.2042965878645,2.6384817081413,,36.7640390271581,34.4936288810274,8.52566411916688,4.157,0,0
MAR,2014,,-5.53783287947428,4.57755268835333,2.7192440802029,0.442310053557048,0.0099074549898404,42.07369929577883,41.7219416293276,40.4690879810191,31.918793793457198,53.48688384027936,7.26696282330555,30.1329866374292,37.1250189916679,12.9466515206553,2.95925435484489,-4.48013338605667,12.2148627181969,5.06512046366423,41.7605801165106,9.55613343961327,83.5103076143461,6.53793335615207,9.7,0,0
MDV,2014,,-3.18665825232612,2.36806725354456,7.86068643108074,2.12000175718134,0.0890463071030322,18.29933189328856,41.23739684633411,44.992580836909454,43.47953382852946,58.70112088430093,17.4741516990976,91.2941274036136,32.944864777841,5.37611349354682,9.01659145068896,-2.03308998813569,21.0278620137119,0.0466777384759983,74.6851237568163,6.52185560375682,28.954899775636,0.0938516278548094,7.461,0,0
NPL,2014,,2.18298241690426,8.43501141324674,6.01148284250441,8.36415469659563,4.802575562224471,54.182825368719264,56.74372920263173,48.301198397410126,58.34668769479474,68.92460457263307,,10.124042118155,17.2597307021914,8.13428693517382,0.133746236524448,1.56338345898961,17.9357254489643,0.0042769197140458,35.8585994934377,2.97502095784131,54.4670476035098,25.9051136185799,10.62,0,0
OMN,2014,,4.62995815380296,4.52170368798391,1.29225229411081,1.01401483924156,0.0,16.122728136045875,33.355874314429535,21.83772416539163,10.679103737650385,38.09769572593199,,61.4401786616091,,,1.3876575353227,,12.3258536454132,81.6727512854849,40.8385424265209,,40.9964363798579,0.0420842358063901,3.453,0,0
PAK,2014,,-1.34787339235798,3.06826560863817,4.11642817161422,7.18938402847028,-0.5203350493389652,98.2234245989774,51.898882762508606,59.03320455303657,57.14343902370865,73.87248574321256,12.265792482412,11.1949717426146,24.0363183529915,15.5835259640491,0.695308116834202,,11.7285287779163,2.64194644110697,18.2748539477852,,14.0363434269816,6.35394444445627,1.827,0,0
PSE,2014,,-13.5869104014545,1.09049149181729,-0.157866650855297,1.73298510037447,,77.30123211911005,49.08963503545584,52.90276021986551,37.46626227017509,53.805146426907314,2.54111369062262,15.8230698299463,,,1.14163752860063,,24.3932405501627,0.191229879607219,51.9167673359686,,27.3246796047092,12.8990789262009,20.526,0,0
QAT,2014,,23.9592611415734,6.42598128516767,4.11911527912761,3.34972085659523,0.0,1.410477122781616,13.142107521593513,11.155243455532185,13.99857891765378,8.211061794576757,,67.9981181320016,,,0.504491036758769,,9.89788179112349,87.8136789876161,31.0362566094301,,46.096808613041,0.241788019993971,0.2,0,0
SAU,2014,,9.86478118777849,33.5078337240261,4.02467158380668,2.24185348779063,0.0,39.60318538499092,36.31352054598177,39.25621623948451,29.00560030253464,44.72459159860183,1.08033805274768,45.0958458227862,,,0.191711517264834,-3.40338719381643,14.2814703964167,85.1657914409074,32.9042652949498,0.339184783601454,42.5570781320296,0.0347205659958046,5.877,0,0
SDN,2014,,-7.16013618473832,0.194994810038632,4.66137954229873,36.9066427863595,20.60448723193392,91.85931930817571,74.34279787255014,73.91731811181033,80.61437584523338,91.69315413735008,,7.60891112283276,45.2388242895741,4.31031776521854,2.52698516017578,-0.905266277526848,25.4217512033133,50.1544816247277,13.2361978812986,7.36125182274434,8.15064686274859,1.02300097644082,15.41,0,0
SOM,2014,,,,8.97800590574617,,4.911527722936147,97.98150991648896,100.0,100.0,100.0,100.0,,19.1628937165159,49.7936798453941,0.0040878947368421,4.55624629490798,,,,62.5381477394163,,,,18.595,0,0
SSD,2014,,-5.65945565697319,0.951484917211162,3.37364847715736,1.6742990629552,0.0,99.51819452486656,88.08347758336183,82.37366690869682,87.73112724504,98.95716106172752,,38.3916172930278,,,0.0074187791098501,,,,26.2429005140531,,1.81010943088354,0.0142213144985937,12.561,0,0
SYR,2014,,,,-10.3103412087823,10.9271141804297,41.75045984058903,93.7927216895215,65.93584997150637,82.41422542228142,85.6268891997267,92.60368689780252,,7.01577957143612,22.2854134120769,,,,,,47.2486429493624,,,,14.782,0,0
TUN,2014,,-8.87794509825977,3.11530414077352,3.09032803070775,4.62555099534031,4.494278284152271,47.88810087154029,33.735273327771594,32.658782434308435,45.24897788694975,40.04578393042701,,42.947465118132,56.8190675921791,8.96579078346867,2.03842746868013,,9.70314700126179,13.186068132323,53.159638737738,,59.8085555890782,4.66786649981485,14.259,0,0
TUR,2014,7.205071811617378,-3.40746259930754,5.46656223125612,4.60079447270559,8.85457271364316,14.958447617610164,52.87882824612481,21.63215023252069,39.95557997661571,21.860355730123228,43.231748598003456,2.74183131997442,25.8173246854016,44.4602073781668,23.8539286016856,1.41530142282668,0.269361188352854,5.7238882018084,4.36813821626103,28.4894493558784,6.75624697579165,63.2376327204216,0.184539939588783,9.901,0,0
YEM,2014,,-3.44275275189167,3.07503189321236,-0.188690241954504,8.10472583623915,0.0,100.0,74.17838179588585,73.15236884635179,62.01181547273269,91.34921525110784,,21.4840870786547,18.9285075475327,3.84110344749818,-0.539237328374498,,39.7165489445308,69.6394754134209,26.7589534336227,,,7.75065844763373,13.467,0,1
AFG,2015,,-21.9126573355151,9.77019396043118,1.45131466066431,-0.661709164713742,6.805470180648414,98.39069591485044,80.74195964684341,83.17284287294545,70.07970570395867,91.12573296413892,12.0536179767696,,13.4908301094464,3.29960835203606,0.88400046336123,-1.28044038464162,19.2271236461949,3.45045583056684,,0.101941745648561,3.98149379462535,1.82199581344675,9.032,0,0
ARE,2015,,,,7.08766622657654,4.06996608361593,0.0,4.274263373986594,6.9459660640411975,21.79724151137842,0.3093814281180058,5.583285201837032,4.74620283630956,93.8625203312699,,,2.23861341413826,-0.0064432640371677,5.78591921199886,37.6515533891839,70.4236225679817,,,,1.793,0,0
BGD,2015,,1.32188871858147,6.8309139901541,6.55263987816197,6.19428022984984,0.3934756034929322,65.94115030351996,55.439667186047394,56.777028828509415,60.548509588090646,75.72863072271893,8.39790781352824,17.3366737865485,18.656464728563,5.00105961552124,1.4507824552936,-1.33807311151329,16.561579168916,0.561290711404927,24.7493225204896,20.4265885640651,44.4069718062837,7.83797175617291,4.397,0,0
BHR,2015,62.18290150176895,-2.31252912932776,1.61971116005605,2.50787205267615,1.84862742374977,0.0,55.45183804820759,32.545794501722,31.7863847398019,13.6792481864944,36.70954253393859,,79.3441035722346,,,0.199529633421541,-12.4069815745832,11.6708233304052,50.3566602372733,68.5719566006692,13.194917121661,70.5500803025,,1.164,0,0
BTN,2015,100.0,-25.0627177353296,9.6061172441657,6.66080128866197,4.54814395082205,5.116262238167855,0.0,29.314668851443905,15.366643919204442,48.08713097187108,0.0,6.60035135986288,31.5360910045004,103.230441033963,18.1043400042224,0.294858179551153,-0.825435497564207,,,58.1030694550492,5.75592351454246,42.5291421509687,0.898453511897708,2.45,0,0
DJI,2015,,29.4599511791353,1.43676965414638,7.30898563450799,-0.522166521445793,0.0,42.31572399836597,62.2168163962648,62.48746512930854,59.22626075749222,63.55100719065927,19.505193628606,145.421307480105,51.2014218463801,1.24037633439777,5.93271216592944,,,,122.942148774525,,21.7028460975101,1.6380988368332,26.063,0,0
DZA,2015,,-14.4205446442816,25.8569065523585,3.20000000089023,4.78444700693889,24.95986858448006,57.41671338737267,50.00093931150196,58.50884327010956,65.2445283117735,60.175124841398016,9.76734535087823,20.5281416810455,2.54367171691573,1.72343736396926,-0.286832290676438,,19.3150145530605,95.839787593179,32.676480909369,,19.2203451351034,1.06531142146634,11.206,0,0
EGY,2015,,-5.23529137853431,2.59707505474829,4.37201907781687,10.370490343517,8.670298271973422,70.73491897619095,54.30505414810273,55.85115865109101,57.3440154749111,56.58567501234128,,13.1838454928598,15.4090910799379,9.98733957183104,2.10258128401326,-10.7275665943778,19.4566174058816,17.8713832773737,21.6620974671631,33.25445457568,26.316393760305,5.56383108965179,13.052,0,0
ERI,2015,,,,,,0.0,51.21131803709908,77.11256870701291,82.68883950848333,96.45750041864392,85.38584027962727,,,,,,,,,,,,,5.751,0,0
ETH,2015,1.0272974558143788,-12.1838327178753,2.28152768719768,10.3924630141307,9.56889955968623,5.060091254811365,63.66125648838772,54.02721026546504,55.02646217686068,64.89607450078779,56.135801039893366,,9.36331359735926,31.7812582331685,18.2926128660911,4.22926466080082,-3.12338797018885,9.77249762984108,8.43578426363285e-07,30.2928105475922,3.68542422150921,,1.75028490068647,2.442,0,0
IND,2015,42.06743748034004,-1.06754907167965,8.00309182929653,7.99625378567987,4.90697344127249,5.116262238167855,49.16808758923201,26.85566004304332,35.82697960861813,46.76664668013377,50.04656401566328,5.88352227400691,19.8131891564045,23.0297689509967,11.2063688175425,2.09211521443253,-2.77580962011863,5.2439586896853,11.8719127202525,22.1097247094602,25.2096176405981,51.8675240772049,3.27581644116736,7.629,0,0
IRN,2015,,,,-1.42488493937503,12.4846815611533,11.833578660739237,50.847963783334905,47.40632402478423,60.94046372140155,71.70218813866876,64.59492820903527,,18.7208345068656,1.57653508272573,0.912017039120813,0.500987695412685,,22.4023283543476,57.7930861182423,20.7017541543144,,56.3719593551977,,11.166,0,0
IRQ,2015,0.0,-1.65602101285884,10.8017323095628,2.60676642939541,1.39333028780268,0.1143510577470046,91.9662156500627,72.68755305228576,78.47870428069213,68.16808195414946,86.73818244364045,9.01708883873133,34.5141464410956,11.579236426727,3.33581373594627,-4.54159235443502,-6.0108056585636,,99.7872777592791,35.0776221572159,1.1007589716208,9.8758223889244,0.602311731936043,10.865,0,0
ISR,2015,,4.58765202586123,11.2973174036916,2.23599889603805,-0.617342577642765,8.633728581044322,45.66983356983207,0.0,0.0,0.0,8.04899902303079,1.8448062230203,30.9258891134922,,,3.7432820780929,-1.31274138688426,8.42692831263779,0.791842717525683,28.0942665991862,6.10841905983519,65.8537521095593,0.28169880037588,5.176,0,0
JOR,2015,82.72235474962041,-8.18461267567615,8.30493088673973,2.52261671092148,-0.876851359704049,0.0,45.95354406358648,32.03711412066145,27.96285384777269,30.30438926674256,28.606855541757508,5.94308584863942,,67.0927641139484,14.1388961326861,3.77477904735167,-3.0787605555191,18.9454290328943,0.120929763386295,,13.4632079219575,60.720435831105,12.6157089214122,13.075,0,0
KWT,2015,,7.49155631840309,6.97335100639206,0.592770817217982,3.27170166092133,5.722685773893248,31.607993861705346,34.18344926444105,31.710555723422416,35.84772755646248,46.559337823075865,2.371720288643,53.7653724505163,,,0.248414926379679,,15.84483374297,92.4993007083526,44.9346159950322,,98.5107903934076,0.0299042006859653,2.2,0,0
LBN,2015,,-17.1077378092157,17.2449488299453,0.462320792597581,-3.74914524799629,0.0,67.78913304762742,51.38935041508928,56.30321863852865,45.85089204699607,73.11616064806819,4.19528483569965,23.1396677268024,138.063603594415,58.6847226123087,4.32469174487594,-6.94732377898407,17.5815765410609,0.812714035495173,48.6993749079787,50.4264077449651,100.566123866429,14.9828084463078,9.312,0,0
LBY,2015,,-19.1840709119308,43.247784057415,-0.842656252118843,10.4022933588151,8.55136872518128,91.1990338407781,86.75737182537101,85.49937825053064,98.79416022865138,94.00610867589288,,22.2273741215145,,,,,,,34.6775332111739,,21.5199787186929,,19.69,0,0
LKA,2015,85.95212699873748,-2.21267766608825,3.48457714580902,4.20595547501601,3.76836783062096,4.053337676562478,30.166353530075764,34.89840746842395,34.17302598349221,33.634800115468394,49.88290638464387,3.24077029740187,19.893383820467,52.8797914705966,20.8014354274166,0.798746316666859,-7.16643542646082,13.124069302214,1.80834526900714,27.0245869884029,34.8902193450038,39.3818504426548,8.22623894980981,4.519,0,0
MAR,2015,,-1.95690775142638,6.2579510518885,4.34458297635238,1.5579071134626,16.15461813629112,40.61029901478918,45.42118253910783,42.43409216406779,32.15925736588439,49.817269011519286,7.67129786194117,29.9958538899695,41.0525743321797,10.5762551692244,2.94611108390154,0.883861707288342,11.0162882215194,1.93131182632741,37.2928220354154,10.4802478105814,78.3933979966934,6.2524269134956,9.46,0,0
MDV,2015,,-7.30588031911147,2.17458725383259,3.86813536494475,0.953206658777607,-0.0914300201393431,26.35673126726764,47.00162291844251,50.251079541369904,46.23384748544532,58.46329891694116,12.8840040665686,76.4277887724561,26.4416895520383,4.3823337704801,7.21577938190819,-5.33300778955967,22.0907655409597,0.0254986476186502,67.2927178888456,7.8580793589477,29.1014786368811,0.0882315685293421,6.611,0,0
NPL,2015,,10.0433083922087,12.5337607363715,3.97605327162971,7.86890895590891,4.971862049416038,56.45386946223388,67.17309771721662,50.93163937126536,59.22070829978788,67.02712746661177,,10.2145885930146,16.769557036253,8.44164950024381,0.213029527712984,0.929496130191996,17.9135898934754,0.0015642656376679,36.4511417965013,2.058426063173,56.9082740653704,27.6260850017638,10.643,0,0
OMN,2015,,-13.7812835379107,5.31284073750933,5.01705799719045,0.0652901330286599,0.0,10.671974320528792,38.79126274181627,24.13254718203307,15.277822540105774,38.00378247839214,,49.652560938135,,,-2.76001757846703,,12.2478227897499,76.1568860871844,46.7250192470997,,58.1721127566142,0.0495633469136904,3.403,0,0
PAK,2015,,-0.934446742353906,4.42784130835912,4.21794209572506,2.52932817254229,1.6510204958096364,96.97572271766228,53.75380929835883,58.992958476778725,56.77321082782913,72.36254337018599,11.3588840793988,9.97457095124036,23.250373675072,14.4750575188818,0.557734356032139,,12.0975233412564,1.21065579156664,16.7136150659843,,13.8776720604833,6.43611445161773,3.566,0,0
PSE,2015,,-13.8789175930847,0.901149838647809,3.72129967114788,1.43161145810476,,77.62784102198336,54.34659289977502,58.258360220510575,38.87550894240832,53.97241416830988,2.14279238837218,16.0623801208096,,,0.751035803856381,,27.2910518405574,0.164371699319662,54.7185880736309,,32.6010470713693,13.0071577445967,23.005,0,0
QAT,2015,,8.50181028353524,6.33001498015487,4.75334572438737,1.8140772393776,0.0,0.5318326392782281,15.996109745253706,15.505517766352057,13.583076083664396,8.363503821103084,,57.061477766584,,,0.662099304441699,,9.7544928571576,83.6583736058125,36.6461264070517,,70.8424801221283,0.270241147605629,0.17,0,0
SAU,2015,,-7.93818281494484,29.523607332364,4.65512316652699,1.22269318552328,0.0,40.539860312469,40.138656314060285,39.72807307123609,29.33223252202951,42.95931980056304,1.23698687005172,31.4401316153804,,,0.572622097928938,-14.9443295860792,13.7273691996273,78.4307733758804,35.6651376146789,0.425661096730179,52.7601798097453,0.0426057491739427,5.6,0,0
SDN,2015,,-10.5569345811594,0.183852571194075,1.91017689052751,16.9095706050977,5.035256143016497,86.0752739263945,77.9824882233472,77.22043285046702,82.95496180278421,90.33489329287686,,6.42291092918573,42.8323529853489,10.6504289695058,3.34135261447755,-1.24328515368576,20.5010125619895,53.7125503293282,11.9553619254684,6.58112506834888,8.12473335981359,0.292676390954571,14.39,0,0
SOM,2015,,,,10.4621881235147,,10.001056004891348,92.95717431353488,100.0,100.0,100.0,98.82333516159214,,16.8715688310983,45.2495379770867,0.003587502787068,4.92510820324606,,,,59.6077634074256,,,,18.495,0,0
SSD,2015,,-4.169014055128,0.759703291939908,-10.7933646271143,52.7663304192143,22.17514124293796,93.11879219197657,96.5376058237536,84.27117994708993,89.20658725400033,100.0,,36.6513492804707,,,0.0012502291294692,,,,28.8999999040295,,2.3046060068698,9.49107276206113,12.464,0,0
SYR,2015,,,,-4.17969204561759,38.4611429599733,53.7852245939577,95.38928793556695,76.17798163531737,83.22135443025311,83.8110409311462,91.82435135296424,,14.2911061178655,27.8870431007947,,,,,,36.7951069230783,,,,14.244,0,0
TUN,2015,,-8.57094815049074,3.81270777807447,0.967834205635981,4.437371273215,15.547734401460817,47.27823219293937,37.613393991115615,33.262130234906536,49.76122380081986,38.828382730412095,,38.3998387567342,63.2230339634337,10.2955000471576,2.11999260597179,,11.1782262761405,7.20969744410097,48.848691902871,,60.1365541399108,4.3062419406206,15.159,0,0
TUR,2015,3.26742048847756,-2.46735825450658,5.46401299517088,5.80557386628684,7.67085364845885,24.28402144913837,58.62809954700784,29.28411753579739,45.33889213956192,29.222398658571677,42.589854773270254,2.98772329214313,25.280784580735,46.7405303729401,25.3789734982834,2.225752648523,0.376091561208709,5.80119499346178,3.26418101924191,26.5941406789482,6.08837306061733,66.3898521051604,0.1618792223735,10.304,0,0
YEM,2015,,-7.12936953882745,2.094650527671,-27.9945462502541,,7.419299796795112,100.0,82.96996750762641,79.5304404352327,68.73551219686192,89.99572000465885,,9.05157754562319,17.6143618724711,18.9446037336929,-0.0363882528160336,,45.9041257732447,0.191164987703412,21.3160815388406,,,7.89383968135786,17.9,0,0
AFG,2016,,-14.9501951919169,11.8280603760738,2.26031420279821,4.38389195513915,10.994837482308585,95.75675318283488,80.62207721203256,79.87508466044902,79.69810838660118,92.2688889289507,11.0743789647307,,14.1470450360055,4.333403208221,0.516606084523093,0.675796502619667,23.5599976538184,,,0.0915435039044285,3.88832174612488,3.46484306572226,10.116,0,0
ARE,2016,,,,5.65790147196586,1.61748808904198,0.0,10.385630469322322,8.626552200505165,17.90346856320541,7.102042138825127,2.132568557186744,4.79735362210192,94.4747232332881,,,2.51620120421066,0.113621754738987,5.91080832504944,31.5589751074458,70.9202430070485,,81.9398449176157,,1.64,0,0
BGD,2016,,0.351171861174517,7.60387702099135,7.11347821270093,5.51352572692995,0.668638878022719,65.2888668601034,54.0660561096281,57.2484830878303,60.842086708696165,75.48150074071314,8.8585217562526,13.9212044814459,14.9717904789002,4.92101273972835,0.879528340271998,-1.22173341431013,15.2417870221937,0.799979316816806,17.4129456531683,18.4590815688377,37.7986426672318,5.11803588431436,4.35,0,0
BHR,2016,65.67659063766193,-4.40558716045663,1.24639583150588,3.81499327422425,2.78679347602044,0.0,54.2169455347787,35.03710606582936,31.585694666790893,22.31194547788377,42.624792802755735,,70.5882906981125,,,0.718174283238518,-12.8293050669353,11.9218922020205,45.0173153136849,62.2347072046616,19.0727522284835,,,1.19,0,0
BTN,2016,100.0,-26.4131091642844,9.43703232126751,8.47594339232963,3.21988689395718,4.7440001539670655,0.0,29.239950606832664,14.004296231968624,48.227487920328585,0.0,7.18904732657744,27.1228339132394,110.020732525956,17.5595801863358,0.504099187674602,-1.15428618957057,15.2217424132459,0.359959674945716,49.2619189365981,5.00174619607642,44.1289341391622,1.4567714658493,2.707,0,0
DJI,2016,,-1.00034788975653,1.64742258520207,7.1234323372872,2.4025290543489,0.0,48.87909686495826,62.97400372263745,61.208965938789625,59.48199943903531,63.57398795559421,21.8038069641343,103.764025112093,67.4162737541098,2.1475631145837,6.1420623506391,,,,109.307973495828,,20.4371265619881,1.54464173973695,25.982,0,0
DZA,2016,,-14.4962877563746,22.5792566104525,3.90000000017621,6.39769480268757,8.691537148311552,58.78374719535216,54.80805587431467,56.86389018115515,65.47087484266689,61.45771884167275,12.0891590616386,18.4866879717888,3.04187962008185,1.01404269029051,0.906300705997455,,19.0281661204509,95.3110605757096,31.2742448207328,,20.2524548230485,1.10034374263179,10.202,0,0
EGY,2016,,-6.16465951871263,3.8854106958735,4.34664345601914,13.813606214829,30.34799188966484,70.22105725780217,52.519415913282,54.89284145812694,59.92407911851748,54.87157685901172,,10.3454639403558,21.0959884446522,19.5115368004423,2.43856278142762,,20.3753156142534,13.7657934284608,19.9010851110947,,34.1348626252639,5.59207795083782,12.45,0,0
ERI,2016,,,,,,-0.1626016260162625,50.13141816605548,78.25001397156221,81.37451519345989,96.27442409449868,85.24588871995658,,,,,,,,,,,,,5.772,0,0
ETH,2016,0.0,-11.5449209376397,1.78101039203727,9.43348265981905,6.62813337230924,5.611639013589001,67.80048890889722,54.28410916918751,53.52861030987158,67.13714763267798,54.2568520995824,,7.8120625822914,31.5941088728904,20.9349904391639,6.0502150951561,-3.67155655295525,13.1176685714478,0.00792917271878,27.0869584993198,4.12609738010937,,1.1277489909273,2.556,0,0
IND,2016,29.43497026146441,-0.52788060603752,8.43013905768235,8.25630550176662,4.94821634062134,4.7440001539670655,48.536684145144136,28.87136933105763,32.87766466292624,45.81077791529565,49.21446931918149,9.18565591814956,19.1582349105946,20.0812235448632,17.2634154874596,1.9373641224439,-2.41851614428797,6.08873220309444,10.6421920620902,20.9242508026814,24.2105608843598,38.2036507912231,2.73420120455754,7.611,0,0
IRN,2016,,,,8.8150866425182,7.24542548952979,6.560714285613374,47.09204298964728,48.68633750283057,59.67113688306,70.74343574792702,61.72701310892618,,20.3097816144481,1.31827151241227,2.40297736270952,0.70452835935243,,20.4927483499843,67.5862230701503,19.5674601594385,,57.8313383703997,,12.618,0,0
IRQ,2016,0.7432760294109272,1.29416694062961,11.8139189353787,13.7873730187089,0.556521397155548,1.256424900057393,89.18205565560469,74.37379844910272,78.56207841266678,67.18900449532556,86.77878049926355,12.6888140404039,28.1085236792986,14.1379782009615,2.87715256580691,-3.75180911604806,-7.07317178167074,,99.9864810010682,26.4797965093784,2.58173133156506,10.0766837568499,0.59156708260519,10.82,0,1
ISR,2016,,3.17038576605097,11.2708764679936,4.53601939236572,-0.535168195718695,-1.1903434672611024,39.10696777407665,0.0,0.0,0.0,1.9945052713089564,1.6065430145001,29.7752716268816,,,3.73360294740648,-1.89032436845042,8.43285851538021,1.38774761271954,28.1780335374756,6.26518904660342,64.9008451275146,0.300046136097047,4.723,0,0
JOR,2016,61.04132975948813,-8.81657895710529,8.14629408993945,2.11166806967252,-0.778430463054142,0.0,43.34755919259302,33.77950523901123,25.7161898062076,33.91414948852772,32.72986721957373,6.05077425280183,,68.4833967118955,17.1503390780725,3.554614581726,-2.83247267504487,21.0973767983218,0.104709249071117,,11.8139640149372,64.7882043978307,10.0132712596055,15.275,0,0
KWT,2016,,0.586532843484052,7.54601228573551,2.92607584256388,3.19839776658374,0.4272586094429576,29.98514126627217,41.7598626728727,32.38312517468848,38.46967387937816,51.11780391333431,2.22496479931359,47.632285262531,,,0.266918369047007,,15.004038165898,92.7391106201563,48.5253871133306,,105.186812834562,0.0036492497169351,2.16,0,0
LBN,2016,,-20.4780237123596,18.8733876943584,1.55454940856943,-0.783359624361508,0.0,65.02874743134302,52.14529850094185,56.18137620491448,48.69192324516016,75.71282498304525,4.87908375643174,21.7261558874138,138.137224788322,65.5249903674778,5.02174040562454,-9.26207163263294,17.1394821962351,0.476668921652208,45.9974619033978,50.8354703631747,103.999348177296,14.870244060714,9.794,0,0
LBY,2016,,-9.42697758493981,69.9832418244537,-1.4909411172622,25.853874212446,0.663101208951184,90.18900795991178,88.54645999565342,82.23950353826032,99.86139977249336,93.57186689710248,,14.5778875500388,,,,,32.9046515173011,89.0527915280661,26.5322885114747,,18.8829258302328,,19.559,0,0
LKA,2016,,-1.97999493165089,2.79773151721733,5.05362488993089,3.9588884659307,7.158086029425357,33.15414963532391,39.321896201914726,32.56952775707827,38.21722783374215,48.00304423135847,2.63381101624579,19.824036042668,54.3824177664107,18.9088666759476,1.01937184801285,-5.00476487024556,11.9368573719924,1.60024589595184,26.6475009824081,36.0803323324563,42.4756652877165,8.25208423100115,4.242,0,0
MAR,2016,,-3.74613174513,6.33785199898355,0.52118550608968,1.63531114327064,0.4416859248243941,41.852470811005006,45.33544166946673,38.96601474955932,36.3519023824769,49.75146139441856,8.07938649012445,30.7345951424219,43.4727961452493,11.0788252872274,1.93000540251056,-3.84718983028543,12.3120817561093,0.851631730088442,40.3880652392646,10.2502226418494,80.2299496773881,5.72134559064724,9.3,0,0
MDV,2016,,-23.4109557277276,1.5734155106328,6.37528306716864,0.502509413611612,0.0135130538819525,27.90494261143348,43.84099696426891,48.037547151355135,45.29398747707935,65.2534698720908,11.7714828257264,71.6136331301194,28.0382666399164,4.27764712778562,10.3547618700189,-8.36648324574108,20.9333677428015,0.0089596317976021,72.7665791488222,6.40753047086744,30.3476225372342,0.0867517790515882,5.771,0,0
NPL,2016,,-0.684346638551882,10.2885647962681,0.433113719381524,8.7903433200464,4.861749243146648,53.984596815955065,64.21513426692007,48.532074237970704,58.30258027348953,68.06365083108727,1.68433659406825,8.17957803966234,17.2975980360721,9.29925073721298,0.432212944008614,1.17666376842403,18.2328816967713,,33.9359080825022,1.65503850042769,69.840800112116,26.9605652689538,10.714,0,0
OMN,2016,,-16.6107645205388,7.11426799298371,5.04642394571691,1.10920805807027,0.0,16.097435748645257,38.700205193420985,22.936570818145867,17.12024440183224,40.29424638446792,,41.3196247446948,,,3.01624952400734,,15.6415620938827,76.052172528574,41.5446394571953,,66.6702330425451,0.0519264721154845,3.266,0,0
PAK,2016,,-2.29279660651385,4.59066972648983,6.57383828511043,3.7651191635658,1.9459566049264765,91.67113222000016,53.604040097872485,57.7370728978204,57.09487419034629,72.41279484987653,10.0558429338189,8.73671639116568,24.3711794392753,15.800860805807,0.821349998064174,,12.5083505742758,0.761514396551207,15.9648616568916,,14.6822491291274,6.31922966290135,2.285,0,0
PSE,2016,,-13.90776226662,0.469778606419567,8.86461881995935,-0.219106604907316,,74.79059988878345,57.42046037285105,54.4949664140818,40.32530880133673,49.13125049741376,2.17901822396472,14.3267945006296,,,1.92447798073354,,28.323573226601,0.163523332201154,51.0957196827087,,36.5279321411323,13.544446593553,23.939,0,0
QAT,2016,,-5.45006694867961,5.33675404453708,3.06419188430156,2.6765917009819,0.0,6.987348616538639,17.54233714856203,12.596265654528944,16.82491000681709,10.41959921634144,,47.7138414909054,,,0.510044137883475,,9.90460701845219,85.0429975482696,41.8337586290298,,79.7605885769573,0.24949975931964,0.15,0,0
SAU,2016,,-3.91268584311643,31.6961891139936,1.70404739202878,2.05347076823965,0.0,42.34029134242435,37.41862825420337,35.904516190240265,33.1713650468038,35.6559775037242,1.38335895995773,29.1430897114591,,,3.18518611850268,-12.0343843725707,15.7765700802761,77.5498175972453,28.7785737995774,0.952470673106658,54.375771847036,0.0460425534219694,5.6,0,0
SDN,2016,,-9.88346111101847,0.206371176337176,3.46764218409288,17.750253831196,3.0864470816538008,87.06406904678275,78.76200438973639,75.63944701786718,80.90455243344617,89.9891890619405,,5.00449100738247,51.1473148369104,6.33691525263901,2.49532759301928,-1.73965155737777,36.341987786866,10.625447909553,10.2771788829636,5.12851531244437,8.21971643252736,0.35986421105173,13.656,0,0
SOM,2016,,,,7.03487260042162,,3.628741249890161,90.26465072081504,99.20789598936464,100.0,100.0,98.32717450689957,,16.1359579394828,41.6905357744833,0.0041383435114503,4.9896102178043,,,,58.225604612142,,,,18.611,0,0
SSD,2016,,-5.76700049530002,0.361618094817873,,379.999585624026,1196.5317919075142,92.22340967894144,100.0,84.89825941682302,91.10489368448096,100.0,,,,,,,,,,,4.42474874705564,,12.854,0,0
SYR,2016,,,,-6.40568496867387,47.7051615298923,94.18531474677827,98.90405039213928,84.51843719947847,87.38510710893539,86.36760324777136,93.34827465877628,,21.6801002606147,36.0051389653551,,,,,,45.4318404760268,,,,13.798,0,0
TUN,2016,,-8.52887305480808,3.22322004504991,1.117231963992,3.62939937384381,9.502750695639085,51.78721031118304,40.47101748250599,32.5088280172488,52.60387774526088,41.639476406006246,,38.2952955757822,68.0294246068561,12.0643180285348,1.40344558640993,,11.1407487499273,5.6449759317471,48.7973687883644,,62.2469554675417,4.10560044761404,15.557,0,0
TUR,2016,1.6899911605073918,-2.54530792537505,5.43169973687983,3.32366508200445,7.7751341532833,11.034017617795,76.42050657679137,34.0864652262527,46.1715959756116,34.065029955759215,43.298163764047786,3.10968373133546,23.6322024334399,46.3614777541171,36.4254391256231,1.58873607703875,-0.974999415026735,6.01730834595265,2.13742856858285,25.2379813745471,5.88028686034876,69.2826364676667,0.137916301302749,10.899,0,0
YEM,2016,,-7.72391058547812,1.21909636539694,-9.37512379736752,,22.98736462093865,100.0,87.27847753150411,79.73258072022111,74.01708928423479,93.8668499528182,,4.80920276121921,22.8411480514233,14.5629550318343,-1.79131212045889,,,,26.2723415296367,,,12.0397376477868,18.42,0,0
AFG,2017,,-18.9559612272258,12.1342766418313,2.6470032027451,4.97595150553833,0.2369641790558411,97.11486927030025,79.47259849200017,78.57516388404447,80.75942811176077,93.30608438117174,12.2018301907814,,14.5133427404056,4.35357201508207,0.274796791572807,0.355603091056577,36.7934457407199,5.23442813305688,,0.109378878694535,3.84188120492596,4.38709328246437,11.184,0,0
ARE,2017,,,,-1.06137114472548,1.96682557818842,0.0,9.60158959909768,9.667860728912713,18.285090501322653,5.580846176674056,11.721178626501636,4.99704232082411,94.737385589121,,,2.5669608321193,0.176255453261709,6.99707888598958,35.9982377334342,70.7391380638734,,78.1488923243763,,2.462,0,0
BGD,2017,,-2.03756600416726,6.76886499116675,6.59024999794057,5.70207015717239,2.5098737055646185,63.68718377883047,54.06232592786552,56.487371791427385,60.15542793282105,78.36466619252741,8.89566055291347,12.8197468906003,16.8057450414319,5.79903429874665,0.616341784631384,-2.93968284398895,18.9346180073446,0.682738569544682,17.179983781834,18.7004546302975,40.4489561448676,4.59667741438375,4.372,0,0
BHR,2017,72.42886727509213,-4.30051876437292,1.21101415937673,4.95383534123657,1.38671830576406,0.0,55.53466782224113,34.56709854534433,30.71193668332989,22.852871071978267,49.893128135355205,,72.2538621389219,,,3.83300891199591,-9.54921540708742,10.3368717197661,50.1771114184211,64.1753776714721,21.7717442615796,,,1.18,0,0
BTN,2017,100.0,-20.854696561702,9.88572466303793,2.08684522733067,4.95508366985129,-3.086144071190997,0.0,27.03664246221329,9.806051630426268,41.10151261973608,0.0,8.42093855066563,28.4464080232377,113.849547308498,11.92263516548,-0.638806366922729,-3.94365116799607,15.7863753074163,0.837284350231017,48.3419936617844,4.67268019590186,48.3130245523484,1.66529781961131,3.027,0,0
DJI,2017,,-4.79510874009854,1.49154157981283,5.458091517212,0.577285724560661,0.0,49.32365293491552,63.93455488217924,59.8312926302028,58.13808956161238,69.14500634215926,16.1205891536372,150.098361470494,86.0029214045977,1.7173350672911,5.97013597143086,,,,155.869604932974,,21.1727542584921,1.4958183161622,26.064,0,0
DZA,2017,,-11.6217683736912,19.3716083235174,1.49999999895587,5.59111590961664,1.3979414563188364,52.51019614913395,56.5460606571728,55.83011142257034,66.20355461782553,62.358086963637774,12.9585022894491,20.3336795171675,3.04068276560909,0.599991543214634,0.647902696344894,,20.2300414574917,96.1115601990579,29.4871366540912,,21.8603855833638,0.943690019644755,12.0,0,0
EGY,2017,,-3.19681566782461,5.72306111855628,4.18122099961562,29.5066083940039,77.37478919924301,66.59841560438667,51.61639557232897,51.39937556311786,57.68665980050982,58.18352500366224,,15.0140868185672,34.6961018574758,15.3775515850977,2.98301550917695,,20.284907436335,19.3528393471568,27.8180475395935,,27.0698246737254,9.96018840777921,11.767,0,0
ERI,2017,,,,,,-1.7915309446254093,51.52067646342441,76.78798823048369,78.76150726399817,95.71880708410492,86.4857441190958,,,,,,,,,,,,,5.804,0,0
ETH,2017,0.7879975009433111,-7.76343039992897,1.84484716277073,9.56418965754014,10.6871150284238,9.822389604213496,68.32317978391418,54.59230987947764,51.51312959234987,64.54806213288892,62.87380867824779,3.41286431945902,7.62937471525016,32.195990368417,22.2353979988408,5.26039764214773,-4.61838856890189,12.3849513836437,0.0017472452805189,23.4742747776515,4.59660538983931,,0.515122893440316,2.665,0,0
IND,2017,27.203562830281864,-1.43948820320989,8.16271866943629,6.79538341902422,3.32817337461305,-3.086144071190997,43.447716291390414,29.85421955354193,30.387518146957564,44.16508131691357,52.303854552314775,9.97528206363178,18.7917648392982,19.5049373712632,10.0846800379296,1.50731583255894,-2.55426517252434,5.63841140503153,12.1859467424678,21.9507321152243,24.2919368978606,38.1707138624147,2.60108787283474,7.626,0,0
IRN,2017,,,,3.02685468694025,8.04492437660278,7.47681303308492,47.460868294189325,47.71209923461391,56.83644899501107,70.82365889191966,67.15478647959718,,21.8329309946109,1.39231179104553,0.465745117802912,0.983654956177998,,20.191545455076,71.0578843095261,21.3227621437797,,,,12.232,0,0
IRQ,2017,9.500132654966894,7.95462137277485,11.7385756809119,-1.81975035118309,0.184058898847553,0.1692047377326565,85.7983498156097,72.82363100330488,77.03923513552034,70.38860493592209,89.0771557016496,14.8402137701319,33.9160634134979,15.1156613914556,2.28590905651489,-2.68799428357231,1.1424097451246,,,25.8648489788178,2.98770093498904,9.54983973287939,0.581408826339015,13.02,0,0
ISR,2017,,3.15479466919919,12.3844818897413,4.34394518932547,0.249807840123008,-6.275405153883441,40.40985152942564,0.0,0.0,0.0,20.057821251996277,1.29067074436065,29.0661275196759,,,4.72701516315835,-1.24892920960319,8.74423157968572,1.43726242593619,27.3858098637803,6.23249250988448,64.8424704014193,0.277366726637417,4.14,0,0
JOR,2017,59.36983819172714,-9.64699161865138,7.75008193340763,2.50770398070352,3.32389447576097,0.0,40.822809460562105,35.36520311985626,24.165837488952786,32.54365728734279,39.7221319025447,5.8128379824152,,72.5857469158017,12.3017188255286,4.45743038303198,-2.31176425527591,18.6700700543504,0.123590689364973,,11.529655766848,68.0683900951146,9.73297910366162,18.12,0,0
KWT,2017,,6.42748123295125,7.33105759499094,-4.71222270495362,2.17183298510006,0.4012469126991729,28.93665489955772,41.20957231138994,30.85890647553509,37.66950931001124,57.69564569615545,1.94939026221768,51.1963155925274,,,0.0936402094114043,,15.0544741071025,93.5741930367838,46.6437308648816,,98.699107218372,0.0190175282150974,2.23,0,0
LBN,2017,,-22.8822040339123,18.7798466134914,0.903028464073813,4.32135218303191,0.0,64.2775648373107,50.13044537399639,53.85532286478794,46.97530208754912,78.78479480983049,5.66619233797732,21.9269331860238,140.460273460979,70.1284307070546,4.756779140202,-7.48504178762739,16.7696518115414,1.51877124152991,46.5284960733038,45.6964156272407,106.567725062094,13.3172963119566,10.258,0,0
LBY,2017,,6.59107791644499,58.5789163487404,32.4918021862688,25.8036184788337,0.2482314207411934,89.36507946884193,82.71803318601243,77.38743655958041,96.33043350368511,95.55919228908378,,27.1972557138798,,,,,31.4949217115993,89.0527915280661,20.3517104782416,,14.7896283143846,,19.053,0,0
LKA,2017,,-2.4467643490753,3.42413053355997,6.46068127080994,7.70413767850602,4.71539210602667,33.69928122623377,39.08726953363224,31.795878052445143,39.8898020528803,54.85970569007722,2.4984326063791,20.2242000359935,55.1482519976375,21.8690715229906,1.45462805110061,-5.04940389364639,12.9560404749405,2.5584319412636,26.9162097641559,39.9859170828158,43.8827525642367,7.61931281877923,4.046,0,0
MAR,2017,,-3.10210665362039,6.02529305118118,5.05789816173446,0.754663249323619,-1.17745016457521,41.94215738814372,46.51985229346759,40.37498385661616,36.25789270751315,57.146378160108526,7.60581163179934,32.6064609907781,44.0032096192297,10.1033609468872,2.26092196120538,-3.13500180851877,11.2874889238467,0.915717103285065,41.5668968878792,9.6760987609537,80.1940481650889,5.75583694617319,9.22,0,0
MDV,2017,,-21.267761433937,1.81237537862057,7.07442863215275,2.81747338234509,0.1207726171317126,30.5189037487444,49.57345484395037,48.85178462428557,44.837407427420736,72.2492192163209,10.6639121664259,69.0594484485378,33.0008165324018,4.84709825811693,9.50514529202919,-1.56753701172977,20.1187383647303,0.0014758312886858,72.8526621264145,5.44873411801963,31.1989633144231,0.0834018554726306,5.377,0,0
NPL,2017,,-3.56432924017778,9.35380252386608,8.97727935643466,2.77703998300211,-2.674453247094053,44.27695819993957,60.33498796538828,43.14388245652142,58.554970514399805,69.5950325947318,1.69908552229354,7.8121886555374,16.9611227628207,8.48049668523619,0.677439884182991,-2.38581531514218,17.6428567864629,0.0026623271889982,36.8302219662053,1.53279423231735,69.1891243413533,23.9135443394186,10.66,0,0
OMN,2017,,-13.6143943671898,4.94495511746356,0.304057565922449,1.58909413567799,0.0,14.874217532578324,39.31943959684004,23.388029717753597,16.198611572953688,46.0002604954849,,45.7165464756476,,,3.56005583896762,,13.6246277212129,73.6831825643426,43.236601542648,,65.9487621150617,0.0482479558949352,2.523,0,0
PAK,2017,,-4.76985760466006,3.14740277594098,4.43262590683975,4.08537368032608,0.6548161080893196,86.82836777547514,50.12147989924172,55.0175339879238,56.9334327722945,74.47271996954015,8.42948949057021,8.22161134395559,27.8523788602803,22.5558039612655,0.735837049658425,,11.8099304337959,1.2032443709099,17.2504236583884,,15.3138129313571,5.85367806811606,3.204,0,0
PSE,2017,,-13.2065607876551,0.615717802392961,1.41936756294787,0.212570934228881,,65.40609338476328,51.400367125041456,53.4862730226244,37.05570164999288,54.941043374997,2.31775341068148,15.7242063492063,,,1.14056698202946,,27.8724636780793,0.0951480976091428,52.7244543650794,,41.7423779001116,14.7502693254891,25.677,0,0
QAT,2017,,3.98856887721847,2.52957830646864,-1.49760470227838,0.394878914083005,0.0,6.968874926932231,18.753309494717183,15.828069761555948,21.68049484094632,22.017940455229915,,52.889422628417,,,0.612038723345893,,11.1837874762017,87.5565130224043,38.6051652911024,,80.0817007882657,0.413369146110461,0.14,0,0
SAU,2017,,1.2254608961689,28.7798542698354,1.18210705878283,-0.834845735027162,0.0,45.25810001436842,39.17932349273296,39.28881958877955,34.531466403541664,42.010122467235824,1.61364907195792,32.3625378991189,,,0.136801407151884,-8.57965108882136,15.973466290432,79.8468152028451,27.169441258704,1.30599026456683,50.1375935809361,0.0392285559698217,5.89,0,0
SDN,2017,,-11.1697054533751,0.186146721322576,0.70925628476644,32.3516260968437,7.592854098853046,80.02050800388719,75.7978043372318,70.7830432906637,81.18952552139824,91.74219942522328,,6.11214425821293,55.4341564956713,4.16552097640629,2.58043876395005,,21.1766579626125,12.9417898676253,11.7192455714973,,8.38975613758766,0.515788151199867,13.0,0,0
SOM,2017,,,,14.7357956045195,,0.1569826843382362,81.77139158298492,97.37003158012584,100.0,100.0,99.11329710759432,,13.0465010418362,37.4050831874032,0.0034948084677419,4.84156553446397,0.0352665520986359,,,55.6291480514478,,,,18.455,0,0
SSD,2017,,8.30684638743949,0.182679467354685,,187.851630279442,143.20463664734712,93.13028413508611,100.0,82.84379234549843,92.0692107891053,100.0,,,,,,,,,,,1.7050712207929,,12.983,0,0
SYR,2017,,,,-0.723346297115341,18.0752696281771,7.025135290251678,93.25695367892226,82.68999491974343,84.1319332659652,86.50602455908715,94.9938514944601,,19.3396763257828,29.1823293373398,,,,,,41.7111781840868,,,,13.603,0,0
TUN,2017,,-10.0143611259515,3.05538647744885,2.25261437620587,5.30884839565844,12.63442528824833,48.31428940864754,38.59844831462912,31.078860935608034,41.85554973724754,46.755691154803976,,41.7207863819275,81.888186770087,17.0256448889435,1.9233125677007,,11.0509034625033,5.96058193974094,54.0884116006529,,64.7537285373031,4.48331805727785,15.33,0,0
TUR,2017,0.0,-4.06783613710293,4.7879486495226,7.82585730002594,11.1443110840764,20.79370424407022,73.33018160814076,31.64178530248376,46.93749479435738,33.874856025379685,48.193751169340494,2.84271365893526,26.5394989930636,52.6882928024745,37.362997807429,1.29532700760314,-2.60245067681052,5.89323990944807,2.75372472293348,29.5961595228053,6.54203066159967,70.0844027288208,0.122239974980242,10.919,0,0
YEM,2017,,,,-5.07179568062152,,-0.5991047185732967,100.0,87.68214428578871,80.69321537556237,73.21272023815185,94.88116377138742,,9.68824758544873,27.5534343808365,,-1.00531889341895,,,,33.2816570867479,,,,18.611,0,0
AFG,2018,,-21.5852741164653,12.178586861258,1.18922812944517,0.626149149168847,5.96285124216366,96.64488043816158,85.17871804102805,80.69518688896252,78.20024419251811,91.0882879655942,8.88666018352578,,14.6424246657516,3.32380000211032,0.661572217787196,,34.0330576607125,10.2131805125,,,3.51231703339133,4.45098621835989,11.192,0,0
ARE,2018,,,,1.53720634021511,3.06863379251997,0.0,7.037378597431841,5.093204986915435,16.241737170181413,5.82249472676796,10.889411077021569,5.25650797811493,90.8429799324319,,,2.35729206588897,0.304314350496807,7.30579317402429,68.5381737167988,63.9040622338676,,73.9843078244922,,2.236,0,0
BGD,2018,,-2.20783912081882,5.67626909607111,7.31941263014136,5.54362139486476,3.765232237641815,56.35723794119512,54.48207119134779,55.308679695355714,61.45006209557285,77.63944187236676,9.88732966644866,12.6747879443391,17.0924802738604,6.79539373258512,0.75354913412869,-3.5361798688043,13.0022763018655,1.09687826106508,19.8398437797492,18.0722402064144,40.0247365906979,4.84382269321267,4.439,0,0
BHR,2018,83.12171427334494,-6.15289066217848,0.888034266326336,2.05258864979861,2.08766938046978,0.0,52.211685989937706,32.7499093746601,30.37102258301528,22.40763231704813,48.70594236014792,,75.7153726820796,,,4.18079308703845,-6.01521087644748,9.24667873826657,53.3203933261076,68.3599998924555,22.2888788363676,,,1.188,0,0
BTN,2018,100.0,-18.5091513975915,7.89747826994493,3.50187185732737,2.72396386183713,5.018150693340044,0.0,22.082475020297785,6.48601152516289,38.64344295416367,0.0,7.03307485407494,29.1897191930732,112.222258298103,11.4177745462651,0.10255942689779,-1.62107597908262,14.9073298565588,0.923853378618622,50.550001136535,4.03587795730617,54.8478285365288,2.25090820783584,3.35,0,0
DJI,2018,,14.711779905443,1.24125456382954,4.77433934943193,0.138836400011405,0.0,37.58953617176138,62.93304519747148,58.6985112608858,60.48776885696688,69.32743637571811,17.5905936014938,156.619986522272,83.7652176445944,1.58567108414747,5.83497725047345,,,,143.778914001572,,21.6332373941692,2.0545252519245,26.18,0,0
DZA,2018,,-8.68941296193564,15.926933826264,1.40000000088281,4.26999020467084,5.064992525960884,45.05556112200545,49.54377245686861,54.713749088127095,69.92910344596255,60.899751476375855,12.6974012595365,23.423105738908,2.99935858462774,0.476882884742504,0.753576088552125,,,,29.0130619390143,,22.387148870126,1.0202789274424,12.112,0,0
EGY,2018,,-2.93164483711978,5.85734270401284,5.33110861887155,14.4014657807422,-0.0857194687134414,61.636749139432965,50.98015400629984,49.16335953901843,59.35750072775809,58.992399501268,,17.984655608418,38.8036123837843,16.3223660797798,3.10040077579187,,18.3309787934642,24.5436332078061,27.9263640649779,,24.2952790707642,9.71698574857486,9.855,0,0
ERI,2018,,,,,,0.0,53.80913214816712,81.70760823268029,80.22605529506201,97.35039230438174,87.99292848533415,,,,,,,,,,,,,5.756,0,0
ETH,2018,7.447753306535899,-5.53324917435327,2.35373732912292,6.81614778557282,13.8330356586661,14.93030478900586,60.442472994897024,53.92196821955309,51.2138659937096,63.60630863129229,58.186754815213895,3.56052322049913,8.37267815589761,35.572601682596,21.4915673746629,4.03228222144798,-4.04308562183414,15.0551986612583,8.76209733929005e-06,22.8266908218905,4.96155789432289,,0.523561857784221,2.811,0,0
IND,2018,27.89704643328742,-2.42697545810527,6.90105548512364,6.45385134495295,3.93882646691643,5.018150693340044,46.16783743002199,24.013456698389952,27.29343712827751,42.8946498407748,50.68741070418119,9.46095691207991,19.9278285988562,19.4905310721105,11.3976479343618,1.55821483801456,-2.30328908296065,3.85218741928945,15.06745126951,23.6891407335327,23.011306254749,38.8975254010362,2.91499156006937,7.652,0,0
IRN,2018,,,,-3.74796015711334,18.0141183371874,22.98790801890661,54.61621407758848,48.63510634661694,57.37622461638037,77.6747563181489,73.00723290791197,,29.639694129412,1.43997047778518,0.166737548283308,0.576106085876311,,25.5591386885995,68.6777337315966,26.975655484871,,,,12.195,0,0
IRQ,2018,0.0,15.1162785714327,12.987978471573,2.63385099105624,0.367441488936828,-0.1055743243243243,85.90229627330811,72.62048554339991,73.34892303109825,73.79021909718927,89.34489297198337,17.5475713444444,40.8026420265318,12.3208283081304,2.1555189552832,-2.14854834807913,9.42345626419899,,,24.9991497435766,5.25976313291939,8.58001733266219,0.32621201403662,13.458,0,0
ISR,2018,,2.42234792973375,11.4411059223354,4.05349952888294,0.805060379528526,-0.2499592271506537,37.844947088752825,0.0,0.0,0.0,21.69672768478947,1.21092611547296,29.7580333991368,,,5.73001193313582,-3.50146044350588,8.41916293079596,2.26461032824839,29.1153679363257,7.19324332665917,65.6306954870958,0.272085346668133,3.917,0,0
JOR,2018,,-6.24582575623598,7.24379947940579,1.85383415616927,4.46231108475481,0.0,37.67883705833693,39.0418835050724,24.13871082797653,33.70474772266318,42.06766845236941,6.13811537990142,,73.9512312696322,13.9594674109825,2.01309678009089,-1.35364428030006,18.9063968497975,1.71392273426769,,12.3819504376772,69.1408952155216,9.42740941956724,18.257,0,0
KWT,2018,,17.3456575415954,6.7996454578408,2.74333045031415,0.543133148199567,-0.4592931989828697,22.55951850086084,36.14454586672982,28.74830823683244,36.06686448089308,52.80335002080898,1.62349995163983,57.311462753412,,,-0.0154187787915342,,15.0275119616334,90.8951500827978,45.4741679015879,,90.6280713315415,0.019990714304128,2.202,0,0
LBN,2018,,-24.3470417876755,17.1222088974629,-1.88470575631651,6.07698907889607,0.0,61.10700749279109,55.14966157902715,51.77123651181182,50.06664780449584,81.52358337444467,10.2547809247156,20.7545211587566,148.119523422157,72.5885880285532,4.84140308956364,-11.8428379569845,16.8145008721869,0.704025606732419,47.5027861456152,49.9797571834916,,12.7099619118303,10.755,0,0
LBY,2018,,14.7041123833162,50.6235223615429,7.9413678529104,13.1702038536722,-2.0700911116768044,89.27595814288341,83.98024623869796,75.98569741741879,100.0,90.53042525167032,,39.6135044170514,,,,,26.2829514153415,95.3967472853869,24.1676291797669,,12.8465423346937,,18.865,0,0
LKA,2018,,-2.96352841915887,2.81773247932961,2.31008425504933,2.135037737132,6.571781210529445,36.1278056545938,39.933303827650185,28.856267377193163,41.74658131856895,50.51301260515435,3.42041976161882,21.4462486145463,57.4892865658485,36.0547284753285,1.70888696252064,-5.01445077766982,,,28.3631481374973,44.0987328854393,46.6984073264081,7.45689609377593,4.318,0,0
MAR,2018,,-4.87290163435469,5.04505638234771,3.06564133025955,1.80391671141896,-3.156165234639164,39.987562785753525,47.07172613711828,37.620450325667335,40.028964725764446,59.01351369333794,7.72518485920519,33.8284373726717,40.4114034285646,9.28560361990773,2.78337936840164,-3.45978747311203,10.8302051328602,1.16507270206512,43.4264501517272,9.41504965390079,78.9568101792168,5.43376597358728,9.272,0,0
MDV,2018,,-27.8019976962882,1.85236771712501,8.5689555834747,-0.133373386117595,0.0251430916888503,32.7693881678108,48.38831884182161,46.00442663346785,44.90288741418836,71.34718373058412,11.5608554379335,66.4483006480268,47.2562178051555,12.1908487321284,10.6517647807373,-4.04761092638694,17.2585559308763,0.0144801040854888,76.0428278985911,6.51184895637519,31.0378663786162,0.0780453313428643,4.962,0,0
NPL,2018,,-8.30080510271615,6.61464333893592,7.62237610397933,4.40659410175714,4.227508532779782,42.80260912526919,59.10576314861754,39.35552375291304,56.330690571391386,66.71082395647119,1.56237839101568,7.81564102219889,16.5353620494072,7.22410958183493,0.206157201926214,-4.75425271249621,15.1995572665085,0.015293107300744,40.6317459241789,2.0224987596975,76.3246080076578,25.0264204285432,10.593,0,0
OMN,2018,,-4.85027419563219,4.97765718217376,1.28710391543288,0.889312370970404,0.0,15.022955182982663,37.59526492404165,21.63221959015753,20.79346687795329,44.9477229940083,,50.6224420190996,,,6.12067985447931,,14.8275810162406,75.1858802471844,38.6567758071851,,61.0721758896089,0.0426330150068213,1.8,0,0
PAK,2018,,-5.29556175645778,1.90523052542491,6.15170261099519,5.07805725868917,15.522148431357133,81.24061382510061,51.464335866840536,53.23490750177105,57.51037283729449,73.69240949983597,7.97371472046651,8.58179960556073,28.5494742437705,19.455512353704,0.487745750658143,,10.0377089627561,2.13426606062679,19.044257474073,,16.6323511145142,5.95094743448361,4.083,0,0
PSE,2018,,-13.1500305467431,0.699911223141067,1.22707737782703,-0.195107773730735,,68.13498779059948,56.88058928828163,54.8190950815648,39.78585343945828,53.58267063825901,3.04108365364652,15.961564454493,,,1.29446294401352,,29.1758224974415,0.0718070742204247,55.439710996154,,44.8402878170502,17.4109629066019,26.256,0,0
QAT,2018,,9.08293669883969,4.69637516299306,1.23487220191065,0.255815382724408,0.0,6.31286800503696,20.03663186538454,14.405854896005172,18.225357029961884,21.40647926737721,,55.9418631716143,,,-1.19249695201383,,10.6236797484241,86.1296391093726,35.8965858065867,,80.4368398170897,0.254743003069051,0.11,0,0
SAU,2018,,7.89890750977747,27.2537617937104,3.2269508901591,2.46594308994843,0.0,43.50379830247571,35.35621514258882,35.484982294526354,35.14880652434932,39.69169617098797,1.95231785727138,35.5209831625769,,,1.36945683303735,-5.21398247858852,15.4023068350858,80.9954096508223,23.5819273071372,1.65595448112322,,0.0377766708836924,6.029,0,0
SDN,2018,,-14.4693934170139,,-2.6809305497999,63.2925073455888,264.0221520584197,73.85524385009091,83.71564941392215,69.94117051644326,84.61756692678995,90.94970891226446,,7.65020198466392,71.4394464809636,4.19894498062309,3.51269523880448,,29.9100868799566,14.3046984999341,14.2177167427683,,9.35475603325025,1.3150777470696,12.347,0,0
SOM,2018,,,,2.05431507261069,,,82.96220142834231,99.68193840161452,100.0,98.26405775670015,99.42132524853278,1.64952305586339,14.2131334942208,67.7767660919484,0.0053572914875322,5.18226851263813,0.0987515676639528,,,59.6087895338499,,2.34877290879434,,18.7,0,0
SSD,2018,,-9.0382483224269,0.109546774819367,,83.5015294922,24.40734141387449,90.4789404946856,100.0,86.64405639732357,96.40343597038913,100.0,,,,,,,,,,,1.52680961002147,,12.853,0,0
SYR,2018,,,,1.39323324059961,0.940983843906769,-11.390499261587436,92.90068175815996,83.30836281093426,83.13215220339737,85.00836772054924,92.8211594358952,,14.9170302242434,22.1336673786985,,,,,,35.7420774198957,,,,13.505,0,0
TUN,2018,,-10.7946228980082,3.36637745948162,2.60696965356362,7.30759176031652,9.400649603383869,43.46532163760167,35.63403090609397,28.8554877987555,41.97146831986191,44.99889698337466,,45.4857481712255,84.6215604863162,21.0902589057426,2.32248034984414,,10.4735011534641,5.68962559679174,58.3860760894097,,63.5224389825305,3.97992085606504,15.459,0,0
TUR,2018,2.867645962600521,-1.85233343060557,4.21759333209898,3.46815306092219,16.3324638988929,32.3518257093599,58.67465152494423,37.59728684397583,48.94574489561663,36.55273688183989,51.42271747892519,3.68690904641213,31.7278536539697,55.4453574540502,33.4794771797331,1.57923380202967,-2.20511093526739,6.0896624227992,3.12270042185464,31.0972787311468,8.64424774484724,66.6976668187438,0.145492463528356,10.956,0,0
YEM,2018,,,,0.752447592962554,,-23.850528889597623,100.0,94.1094619311414,81.68736572151201,79.75858182441343,97.68975395831586,,8.75610238271449,33.5129923155829,,-1.30563839823089,,40.1803513582152,,47.3217203387932,,,,17.593,0,0
AFG,2019,,-20.1704643881064,13.7489091058633,3.91160341625552,2.30237251516834,7.844682672415917,99.39040642951171,86.70180320444085,81.28368683467123,77.37667873383913,88.43978697861384,,,13.9496520351375,2.97423809266455,0.124495985291258,,26.9158389109364,8.0512789669382,,,3.22995723026215,4.40742759471936,11.187,0,0
ARE,2019,,,,1.27129120536284,-1.93108114782173,0.0,8.591011056894464,9.771319137655144,15.718997501459665,5.442318966501145,11.24421202687104,6.02686885240592,93.3023068879995,,,4.11928554446951,1.00989737769591,6.18405146475468,77.8387271988389,70.5198421376147,0.0020152996300602,75.2884970259968,,2.331,0,0
BGD,2019,,-0.839485005371136,5.85933450460047,7.88191515117722,5.59199639930629,1.1828986591712287,57.512928942851794,54.71944194222004,56.95373640797001,64.48004388258221,76.55055111617344,8.90213335235846,13.0947573353039,17.0856511809436,13.1445525906638,0.543244141585063,-3.92879733231891,,,18.4832971559365,19.0400358921353,39.0344709350066,5.22841813674275,4.504,0,0
BHR,2019,100.0,-1.96409784324041,1.5458484900259,2.05287774418655,1.00582004702137,0.0,46.98951080635547,35.99658044197204,29.715227248982085,23.010161378231857,46.3933296577607,,73.0944239873751,,,2.32837980010521,-4.49608623842714,9.75028267373527,42.1282144838203,62.3231194108364,22.1965712704672,,,1.217,0,0
BTN,2019,98.32675364077684,-18.3062679862316,9.98564557325312,5.75514851246506,2.72643037388832,2.9695705036495017,0.0,26.826554085407167,7.267955414266726,40.14164821523447,0.0,8.45073446760821,31.4575032617598,111.877606026612,8.35212645374377,0.475617042344246,1.45528910168817,16.5642205655472,0.564427068374655,44.6660134423907,3.43867185187086,59.3734191159055,2.07110074974606,2.72,0,0
DJI,2019,,18.2584391861665,1.21983600051018,5.54508081154978,3.31763203299603,0.0,41.55960696671996,61.767900009206414,60.24726741517917,61.55136422014521,71.45814817085655,15.3542458806425,166.717864481384,85.2277738046756,1.52528322747519,5.66550441566635,,,,154.221365882795,,22.3514833157846,2.57252993016432,26.257,0,0
DZA,2019,,-8.76373598794008,14.4665752336272,0.899999999219148,1.95176821052892,2.36699281086592,58.25853925494019,51.60352930478052,55.301937891494376,72.91076155868834,62.511206904257165,14.7557610602629,20.407941949491,2.89761005806805,0.491760656376484,0.713947308015691,,,,26.0989006586763,,22.9128695368994,0.923106483245038,12.302,0,0
EGY,2019,,-3.20758543154938,5.83923947440236,5.55209307084222,9.15279959324804,-5.609795051871632,62.31967045110876,46.13695646179648,50.20013738121949,58.47398583284862,63.48163939069117,,16.6440314510365,37.3486377137165,16.58038796421,2.82732944960686,,20.9318510685966,26.465801966271,24.4799857040743,,22.8487308972762,8.40388463187991,7.851,0,0
ERI,2019,,,,,,0.0,56.95177892772496,83.18585296807966,81.31343732431014,98.113767637438,86.26451681042363,,,,,,,,,,,,,5.812,0,0
ETH,2019,0.0,-5.47194445069538,1.80527864372518,8.36408573111346,15.8096321719344,5.980313851357318,61.86871353229618,55.60418720536402,51.35276305833656,63.3018345453525,56.350175509440135,2.6717358210858,7.93996502525176,31.8677861051946,28.9364069267454,2.77536541538477,-2.74966753001203,12.1948705346236,0.000100158271942,20.8753289040091,5.16530662612295,,0.52227003564586,2.928,0,0
IND,2019,,-1.04961203910072,8.27365940048396,3.87143694070524,3.72950573539123,2.9695705036495017,46.03450574116252,27.34768738306215,29.10207607398954,42.05476953206081,50.32977467631699,9.23442899080833,18.664264897257,19.9766366353145,9.0023457004643,1.78482633957161,,3.97304277623304,13.7763501701928,21.2411386333872,,38.73794497616,2.93877465566923,6.51,0,0
IRN,2019,,,,-2.36143538770575,39.9073455697784,2.779125505648911,63.773385873529065,54.60176408319778,60.65348288559655,79.12647698453969,73.36794127207,,22.3147082096412,1.45553662774804,0.422613619880303,0.433347777066285,,28.0531454667852,38.5316504652718,26.2770630040625,,,,10.74,0,0
IRQ,2019,,6.74664580876131,10.8595841433164,5.5137905789381,-0.198965380023882,-0.0634115409004438,89.69736089193265,74.42448532851358,72.49383033375572,73.72785480896641,86.93905204843422,16.1814499695754,38.0518681988838,11.8236722126954,2.99500628539015,-1.31640616709339,2.00239002556102,,,30.9380702213968,0.0058331461315862,8.80896032816847,0.367751391197373,14.096,0,0
ISR,2019,,2.90102068119121,12.3294125116527,3.57898762923605,0.817645940292794,-0.7249786626049884,42.11522277479356,0.0,0.0,0.0,19.819929027349072,1.38801645888401,29.0853955837603,,,4.34923898223678,-3.76841835224781,8.73662822514067,2.05400326279715,27.442766261022,6.45566676110216,64.6830724126458,0.238823006229779,3.731,0,0
JOR,2019,68.6803422673108,-1.58889950651918,7.95678043914995,1.85633006592765,0.761514047265601,0.0,38.338040196339335,43.616335920644254,25.149699268091,33.40833684828301,41.13751389811576,6.39996915255515,,75.2477556467505,19.2145322382441,1.50023479065386,-3.06446338341822,19.5154893784339,2.03314518398133,,14.357195362573,70.3588331315482,9.38334460357812,16.801,0,0
KWT,2019,,21.4792265638837,8.19436804212924,2.26381706595791,1.09184802655856,0.5479827548220995,23.949791974863608,44.737685366456176,26.684915302969536,34.28963561643615,47.84577075625091,1.77656821835007,52.0582560763879,,,0.366059041832984,,16.4863798431681,94.3677444960455,39.6274563132075,,91.9570581282983,0.0182457990225804,2.213,0,0
LBN,2019,,-21.828092491848,17.6538938504842,-6.91492472851026,3.00538949390383,0.0,66.48047842304243,60.62762491365121,55.42476468943337,53.06750486604346,80.47561248192419,15.1937984496124,20.6977589567577,146.775884819801,80.2871194501338,3.69413245000342,-11.0772324117179,15.8900367356293,1.45409543694151,42.2831570534023,50.8253324134478,,14.2830959782727,11.301,0,0
LBY,2019,,6.95550505080755,38.0566102989733,-11.1960828853386,-2.16217883470591,2.439343869394355,90.575261314109,86.35717327096845,79.15207442448843,100.0,90.04323486224538,,42.35532240076,,,,,21.6020225297359,94.4050188673453,36.6386467842538,,14.6289531807933,,19.087,0,0
LKA,2019,,-2.07126631647205,3.36492073802705,-0.220483886824823,3.52839358231811,10.020669353147062,35.472717102430394,41.50795302841137,30.111714731835253,42.361113040213866,48.64750217157825,4.69918303381587,21.8235309246323,64.8548435072259,31.7328919801286,0.835367460265196,-6.41956744425451,11.644341247059,2.85971752760838,27.6019929606444,47.469362688155,47.0084929449139,7.58292152118561,4.67,0,0
MAR,2019,,-3.4182057355437,5.58422656502833,2.89097476137077,0.303386036590383,2.4608050096802425,40.868637991033474,45.15799641994042,38.179346405687006,37.65314449772154,57.812263416649735,7.86756194132143,34.093057468891,43.5343377341004,9.53426255528164,1.33479789567415,-3.65939358108653,10.9298479348448,1.5096725010458,41.9050584109511,9.92660325327262,81.4748595489142,5.40068574715694,9.191,0,0
MDV,2019,,-25.8168822522057,1.94023487520687,6.92305989050099,0.220029731065383,-0.0571466434739076,33.015460159097444,42.075266092782826,42.17864165868573,45.61378638084921,59.09275097180312,11.6270773650661,65.5134179400092,51.7745443328391,12.1726773382507,16.7834728448357,-4.42533735780541,19.4636336302399,0.0463733052783601,71.6118129351757,6.67448999786819,31.539334008471,0.0773429427784398,4.562,0,0
NPL,2019,0.5479844547185888,-5.12963069016168,7.45868343240889,6.65705543110468,5.56616035243723,3.377714238061132,42.40639904037646,65.31510481907613,41.63355822679444,56.16087265260431,65.69272262626849,1.661035901516,7.77993647445109,18.8645833580846,8.25373775152271,0.542801979747667,-4.79370576066754,16.8564389348534,,41.4695901124501,2.31696895226968,78.9459108984055,24.1163701264819,10.477,0,0
OMN,2019,,-4.91818869978251,5.0046927367051,-1.12863801728058,0.490815362820671,0.0,17.15590118735683,38.20083467780443,20.60304195548325,22.65267150661869,38.99822121456699,,49.4929030047786,,,2.26908923371353,,17.2504325824347,76.3087021288282,36.9852980265451,,65.1353364973981,0.0443008440787492,2.045,0,0
PAK,2019,,-2.66677325730292,3.08190201214363,2.49763692943365,10.5780305672025,23.15813715997337,82.28664888606897,52.81281093313495,53.30274254755712,56.78176196489018,72.78251121766611,8.58202379960379,9.3908635386027,34.9183625831205,35.633204290599,0.696146480411465,,10.7361855324182,1.59922046539897,19.5147134481005,,15.6879858068791,6.9340427404279,4.83,0,1
PSE,2019,,-10.3854804313719,0.845641204299452,1.36268746558062,1.58018333639455,,71.64025987256089,62.76305518785512,54.85959928578793,40.63673115385844,53.28883385328547,4.111398726013,15.5210552426533,,,0.769720046510608,,30.2394427536807,0.0862921552942219,53.4724370385502,,44.9267353587416,18.4017265263275,25.34,0,0
QAT,2019,,2.41529709778,5.94863841809649,0.688240954592672,-0.666641124861147,0.0,7.429676950417809,20.41000705879213,13.97503037179129,16.357660249968106,17.51399497247909,,52.1888599262863,,,-1.59472537643955,,10.8205553078848,88.8105651715138,37.8575156222525,,100.636146762775,0.326951412887929,0.1,0,0
SAU,2019,,3.64484004485364,25.5992015113689,1.65158925617395,-1.19298644533328,0.0,44.3459143245292,38.47844756726466,34.4437929210674,33.83400195785759,37.54692505804751,1.85839038526168,32.159204977113,,,0.346411455797861,-3.97905319006053,13.9210365638305,80.0531128894226,24.6346155115383,2.27932302812191,,0.0375782473904536,5.636,0,0
SDN,2019,,-14.7808388986177,,-2.17825104530091,50.9940515002965,88.11793770487917,75.10233505315786,81.77732712530495,71.68081721605904,84.96571120671696,88.54037446537862,,8.45298341762853,74.3660545239152,3.75873467947796,2.55226968828806,,,,17.666637037634,,9.17361614121809,1.61517721904827,11.697,0,0
SOM,2019,,,,2.80033312513012,,,85.57039784764204,98.5781222979299,100.0,97.40890485578612,92.6327976489648,4.23573281598442,13.0660813308688,62.3503074480711,0.0542342990654206,5.16404805914972,0.273356384738217,,,57.231977818854,,2.40775888915885,,18.828,0,0
SSD,2019,,-4.15741601037528,1.03609029459434,,87.2413641500032,11.750352168711412,94.3191138983342,100.0,87.60151709030256,95.56220839620592,100.0,,,,,,,,,,,1.70350480610621,,12.656,0,0
SYR,2019,,,,1.22072818348491,13.4175653228571,0.0,96.12408026654651,87.22127725233824,85.7423822314113,86.11787093606628,93.2945053517368,,13.0100655511925,21.1296434834058,,,,,,28.9894026254051,,,,13.369,0,0
TUN,2019,,-8.04912453318917,4.96946617760628,1.55009304966742,6.72007532863799,10.864418305921204,45.27546203727726,39.39938756500776,28.27287468355088,42.41045525699816,45.62815866097631,,45.9503306922947,98.5572804435593,22.4869544487478,1.94487649950903,,10.5084628169452,5.52195852371031,56.3822840334945,,59.2903583224447,4.26980521845833,17.153,0,0
TUR,2019,3.357031312875504,1.9351600379275,5.18429649280588,1.30162365464503,15.1768215720022,17.51003206982694,62.36794413152951,36.45170620679423,46.37834347145302,37.31385440375029,49.24868937775154,5.0229492930967,33.0298811646869,55.3071524639806,33.2432164759356,1.22536076199392,-3.92445523823865,6.83311029375475,4.49416367984142,29.548577767937,7.53250431444424,64.2557519386267,0.110330158016913,13.73,0,0
YEM,2019,,,,,,126.50236071435062,100.0,94.5442418140121,82.02473851025448,81.68384892350542,95.72289139878636,,,,,,,39.0913660243153,0.145219187999619,,,,,17.213,0,0
AFG,2020,,-15.7183027911684,16.6316336551941,-2.35110067203466,5.60188791482224,-1.1891396063540838,98.16762730826365,84.94753014962579,83.32151298414219,78.72837932979748,87.01780798731437,,10.4208171386207,15.1208585304773,2.67397501265809,0.0649939571808755,,,,36.2890774127896,,3.09659808966059,3.95329685319887,11.71,0,0
ARE,2020,,,,-8.69343363776639,-2.07940317940944,0.0,7.324890848261147,9.15558642505475,15.697713453678404,5.837714691023458,8.881439376103216,7.57146032262558,98.0724956970145,,,5.56735667729859,1.52433203333886,6.82659326418843,71.434331985329,83.2194445309836,0.079158266303592,88.835691606539,,4.294,0,0
BGD,2020,,0.318940441964321,8.65813724626272,3.44801755122445,5.69107474746211,0.4947918740354384,56.68063649481413,50.95546375317394,56.48009276188901,64.73490603552663,76.78159094698073,7.73754873370445,10.4427880616037,18.8853836099419,10.4592111139286,0.407859894856915,-3.94714517667321,,,15.8286593146113,21.0903642354009,39.161059242521,5.81626795895569,5.539,0,0
BHR,2020,100.0,-9.05383693445987,1.0547970704672,-5.9113629524152,-2.31770629331379,0.0,45.64117179673196,27.49061082369521,32.54845624315333,20.23469495693504,45.74926409857324,,70.4544358235096,,,2.84973228101032,-12.3991609013466,11.6643354834077,29.8191901321903,65.0065491894219,31.9422121469037,,,1.765,0,0
BTN,2020,99.18647935097698,-15.5091108691023,12.5303950802887,-10.2183974208569,5.62936522632508,5.224664237134109,0.0,16.95141527288626,6.106145412828225,38.23091176120981,0.0,11.6947136976512,28.0656355144502,139.831817651251,8.74330362481245,-0.113401528947433,-2.51661518400978,18.8555747753539,0.031781268967114,43.7647155250135,1.51596119346737,67.5524988399458,3.39498028366294,5.03,0,0
DJI,2020,,11.6521171854969,2.29585382544443,1.2021151728969,1.77900535643955,0.0,42.27279563977668,56.30441356783247,62.62103503488525,63.40957188771185,68.49382326402986,13.7525623797664,117.134854035476,95.2325058529055,1.88392135365331,5.03254315668511,,,,108.610017288247,,21.153639250123,2.03729907694872,27.701,0,0
DZA,2020,,-11.0309095376359,15.4414562891346,-4.99999999908597,2.41513094083414,6.219539467717602,52.64768502648076,43.56364125421685,54.07487829052791,71.97296507011366,62.74388785027699,16.3626239271064,15.5352011116191,3.19351908942954,0.679786418584712,0.693816014772836,,,,24.8545554509197,,26.1172134194462,1.03085687360381,14.08,0,0
EGY,2020,,-3.70903990583375,5.56473451430895,3.55016483883115,5.04493288977539,-6.030851736007124,58.90762162147799,40.960372762242855,53.31110213355691,56.05481413160085,67.83274961789122,,12.4727757370868,35.5843178235706,30.61957277854,1.52462948997172,,23.1079323874633,20.6229583667758,19.6534798296655,,25.7894742547866,7.71274724506713,7.974,0,0
ERI,2020,,,,,,0.0,57.98595045055818,77.58541835817651,81.26529045505629,99.3064316901269,85.90676227552302,,,,,,,,,,,,,6.375,0,0
ETH,2020,,-2.75526110013781,2.04857901561174,6.05953089248577,20.3563468559061,20.14952107961163,71.33983061882326,49.63776942499394,53.31937085676207,63.01569083171539,54.29532904624884,3.42977187734718,7.12719989764702,30.2340278652052,26.1117055633717,2.4279259279615,-1.82272506857345,18.3984132423039,0.0046676296872046,16.8789144437579,4.48992148221099,,0.409506869488673,3.998,0,0
IND,2020,,1.22362111042791,12.9323281065786,-5.77772470687303,6.6234367762853,5.224664237134109,48.35820637717207,20.644442879631125,30.695888332287087,42.29457392034921,50.80167758799955,7.93883072465331,18.6824769296756,21.4094740100862,15.0538331069002,2.40620322673636,,5.48565406020561,10.0306929080613,19.0756283996012,,40.7867848551821,3.10855277353444,7.859,0,0
IRN,2020,,,,4.44180865358672,30.5941390387295,0.0,61.75604220976798,55.87853243271215,61.59348299973797,80.56935740469685,77.73272365612883,,18.3903748639131,2.07575442854437,0.620288000844809,0.47769170946132,,26.7610078346309,29.1637868954392,25.4940926265882,,,,9.687,0,0
IRQ,2020,,-3.48598226553262,11.3492885016081,-12.0367930960454,0.574162679425856,0.8460236886632826,87.31836433162995,72.59421213486652,78.83495494005045,76.69076773902903,86.2425153129856,20.9715574138551,27.750277551257,14.7009987283311,7.80172338370913,-1.58049696252586,,,,29.992038843889,,13.3148576834755,0.356221273355833,15.766,0,0
ISR,2020,,3.74007474912289,18.7770476429115,-1.80206927953466,-0.575254620897756,-3.426022099090096,44.22836961980915,0.0,0.0,0.0,20.615172868431127,1.3749571925134,27.1546338087038,,,5.10300458684,-10.7435823954351,10.053818979815,,23.9857646464416,6.19116301781715,67.9389454861554,0.25132091340091,4.169,0,0
JOR,2020,41.64227102987172,-5.22619044169868,10.4582795455972,-1.15257534158022,0.333294350628378,0.0,38.27610141611593,34.30285373346084,24.98921966442104,31.89371624630349,38.16356482995682,7.35555327380676,,87.2903094132487,27.3626006953401,1.58617483665323,-6.41257752135669,23.8505677549977,1.33182496918067,,17.6884007454936,75.7972888196971,10.0541975196234,19.213,0,0
KWT,2020,,19.8384588490022,13.4337803734092,-4.81731593381585,2.101729548274,0.8635910138298227,25.026409007443316,37.17040378466699,23.884739968006837,32.55075011281146,47.65845901668552,2.0074652483311,43.7131472290911,,,-0.502546857177858,,20.0546775083583,92.8791686402667,38.2993629002141,,,0.0202777033196997,3.489,0,0
LBN,2020,,-8.76184199911137,28.5671854125782,-21.3998996914321,84.8643330472041,0.0,65.43847774845806,61.72597309161235,59.03470512030763,58.11249625266888,81.83031379371343,,16.3725868676481,224.448215097537,106.628056218762,5.06712986613403,-3.6424213971647,19.7756866271019,0.340577463595891,33.7572174203146,20.9997791131216,,20.7914353641318,13.252,1,0
LBY,2020,,-10.2022684905863,65.1528587636198,-29.4552967282824,1.44703656998741,-0.6862953971448758,88.45362479438549,84.93911038702932,81.87636910753844,100.0,90.90459561373478,,20.3637900560977,,,,,,,30.6120033812341,,21.8337391546377,,19.651,0,0
LKA,2020,,-1.40761495020573,3.28744685628801,-4.62451503712715,6.15394508391738,3.830952249194546,32.546927939922035,35.667276114037435,34.01532642777415,39.533390561634654,51.44001878409868,4.92827495911881,15.4576399170356,69.3131980107832,38.0133141864765,0.514700553944402,-13.3824109586552,15.6880756478408,2.73757863569001,21.6314789397836,71.3825303573561,,8.4666695107936,5.364,0,0
MAR,2020,,-1.1275993199651,8.9354144570375,-7.17820744246774,0.705968661338261,-1.2501593628223318,40.12821575771105,35.02331690397891,37.88994319574115,35.62227311594332,56.92070908699862,8.79376526247322,30.7941069539783,54.9196081945346,13.8428032596205,1.16907334587558,-7.14709365752452,14.6013907488208,0.515055497762877,38.0496964364582,9.25109567211958,90.9314449752962,6.10953091862088,11.189,0,0
MDV,2020,,-35.7483018974442,4.26800654955113,-32.9088287752921,-1.36977425569811,-0.0050214062377565,23.616373159434616,37.22667482740524,38.09276470975847,48.788330115443074,47.90154510665321,18.7957458088981,48.2411996300086,107.470713789041,17.4573601006393,11.8706880719155,-17.8938176982094,21.5413892679553,0.0176015951474777,66.1207032743183,10.5774642312768,53.3551626912335,0.125253487973412,5.42,0,0
NPL,2020,0.0,-0.251653542060189,12.4797850993123,-2.3696206292072,5.05635826238499,5.093447174124332,36.6519926337524,59.36362065084143,40.78589212159924,58.58582832632213,64.87647164377407,1.67721669787425,6.80529835537229,23.3700917945979,12.2018914082922,0.378739091402959,-4.8968528613881,22.7886464131429,,34.1135757694721,3.3290613517589,88.4400394663268,24.2502461023191,13.037,0,0
OMN,2020,,-16.5486765828435,4.48086343653317,-3.37972052697999,-0.40640291946585,0.0,16.886405127673655,32.57293482279853,19.50143436600098,21.95591039128448,41.960720744339,,47.0548733691481,,,2.51548624054379,,15.7534992149336,63.6348897569431,44.8210174322991,,76.5893899420196,0.051392391185177,2.94,0,0
PAK,2020,,-0.216650637871501,3.8689080390316,-1.27408744338709,9.74011619320125,7.866249351607181,71.65896558963199,49.51443072032033,53.9577156322131,58.83563386204853,72.45167485183342,9.18579121790451,9.29855944234725,39.9870693569552,39.5201173442251,0.684695289874347,,14.993804992521,0.873349137853699,17.4177212905341,,15.0331201291201,8.68401332889248,5.994,0,0
PSE,2020,,-12.251111498554,1.01706322743793,-11.3184661065134,-0.735332001092191,,75.75572598196703,56.9057227238516,56.64027836438554,39.89723714823194,59.72548936013163,4.23551043671952,15.3576234410914,,,0.513433766585376,,33.6900932770787,0.107838092378914,51.9305678064861,,52.2438211575681,16.4802362028662,25.895,0,0
QAT,2020,,-2.06750647346493,6.77351981461538,-3.5576039896784,-2.5403150300476,0.0,5.8664429155671804,9.472606342401784,12.655161147772253,12.784949508754234,14.82407724387894,,49.118878259958,,,-1.68550858988767,,11.9200931361304,81.8145904890777,40.9002166233522,,138.857842947295,0.45124451187512,0.14,0,0
SAU,2020,,-4.51692116727614,27.83499765841,-3.80478901996312,3.37234961012303,0.0,43.19310091918653,33.28613702240445,34.92287209853012,32.963315492827505,32.581286405326736,2.21159921239074,23.8098115262185,,,0.211115523412857,-10.2054852387537,16.2416866644918,72.5938015741335,23.7233476988295,3.12816011184723,,0.0393583696631861,7.66,0,0
SDN,2020,,-21.6064794369516,,-3.62980082410752,163.257782355458,17.98011291419099,66.51729022005735,78.08024018936139,70.80909472962212,85.00476473520995,87.49159742469497,,5.12531269468598,93.152816991005,2.87878024275031,2.65193447042229,,,,4.82983238157553,,7.89088716237967,1.8323008553696,11.995,0,0
SOM,2020,,,,-2.76455696202532,,,91.77569085145,94.26532073753444,100.0,95.67221747697243,91.96542949536187,3.47079434250694,13.6532220676866,53.4531991684809,66.9037623716381,6.18915159944367,0.185714421085849,,,62.0421882243857,2.85170952926266,2.61476555249078,,19.414,0,0
SSD,2020,,-35.0491711578272,0.453781682593365,,29.6758435538572,5.00518462650117,86.11601042754529,100.0,91.16616975062274,99.06446271652456,100.0,,,,,,,,,,,1.92500455443695,,14.246,0,0
SYR,2020,,,,0.954914586675713,,101.13293262223527,92.3964779132154,80.80234854770505,88.46212998570635,88.87874301667577,96.39251448577257,,13.1892633653515,41.2551368690377,,,,,,30.0023561798712,,,,15.179,0,0
TUN,2020,,-6.01234016088557,7.22784552607324,-8.97512622934723,5.63415115897625,-4.160087694387342,40.62250904172346,34.12686261685866,27.923547142529664,40.7165749925348,43.198180513152046,,37.9918009809033,102.147025479701,27.6875616043912,1.46634304906862,,13.1628757149994,5.66992261834971,46.3415287262734,,67.6567184648519,5.36706286105133,17.651,0,0
TUR,2020,2.7444552171511183,-4.22284721473811,4.62292551551256,1.80306247087255,12.2789574462574,23.52535452027776,57.420298635968656,30.39588532336689,50.67967363175673,40.42971092203092,53.04555334824014,3.8900924404522,28.7400043468285,60.3150906136416,40.7367712535302,1.02531493703228,-4.46634618652819,6.7165834890423,2.69239035084596,31.6498487704686,9.5269513304237,75.2676019236764,0.11122799635979,13.148,0,0
YEM,2020,,,,,,52.65230322124942,100.0,92.83235479154732,88.37434245036872,84.00615971769521,93.4658475560946,,,,,,,,,,,,,17.963,0,0
AFG,2021,,,,-20.7388393676343,5.13320340824963,,94.02334352295313,84.75281756828032,85.60409473219332,81.85041762377267,80.8140681233468,,14.342152797537,24.7857399527695,,0.144466946606861,,,,37.06956357719,,,,12.006,0,0
ARE,2021,,,,4.55280140106356,0.179935336174431,0.0,2.4022049052583423,14.77125585425954,17.258844182373853,5.795815602661518,9.009051901687656,7.28694437688478,100.642599583908,,,4.89230595097426,0.723420246282824,5.35670321702564,70.3219846270872,82.2668014928681,0.340713650725389,76.167662138751,,3.105,0,0
BGD,2021,,-3.78969259910935,6.29023985723134,6.93867912442445,5.54565430773473,0.2502275256277164,55.72430707173558,50.0398017358933,59.38857406703654,63.42118618503528,76.78959084082877,7.96907960398036,10.6627789004134,20.8766117836117,11.4417559557247,0.414118154040593,-2.82210670527631,,,17.0612258032497,20.8277384040526,39.0820163295701,5.33437804101103,5.457,0,0
BHR,2021,,6.37213530677418,1.81003303508865,4.35004091668986,-0.60631938514085,0.0,40.04321706426803,25.72857317417714,28.186960527484057,13.481641491379248,35.607754392182784,,86.2742186726683,,,4.3566259787756,,12.2792823667973,0.0520982100390362,67.5250978124398,,,,1.548,0,0
BTN,2021,,-11.5313120542653,10.468479173115,4.42136738945015,7.3468144053353,-0.2450136698575904,0.0470615355722912,21.137268425513,5.058292970959023,38.91434818300279,0.0,6.73771086892548,29.1987406924537,125.138819900092,17.3241911789711,0.244983575408047,,,,48.3837075785288,,64.8888785590366,2.64978293694613,4.803,0,0
DJI,2021,,-6.63481531701171,1.25571117105207,4.40715667561153,1.18086783934059,0.0,40.75413551853134,57.90390422822442,62.38094273262293,61.24392356174477,70.94671941470962,9.06421208958311,142.728193974095,96.2217659599007,1.17105098898137,4.91482788768696,,41.1079498430142,0.442789095210204,120.749534759797,,18.5968581486669,2.34123925393883,27.628,0,0
DZA,2021,,-2.42326388144806,13.7665681887564,3.79999999900707,7.22606307415477,6.536888715705882,50.67207321751375,50.81682698505095,53.78166578784504,69.009209852855,62.79661486371921,19.6415989191125,23.4443672905951,4.04120760001954,0.451864627527454,0.466728479682941,,,,23.3926919693657,,22.659990400839,0.962189288322084,13.656,0,0
EGY,2021,,-4.38240299812001,4.38225643427728,3.29064601193245,5.21404940513043,-0.7274851260382598,55.331996882145454,45.11875724171023,53.92895859720631,53.942359759761246,67.15664197353544,,10.5611502153652,35.4130599251787,31.0941269796866,1.20617861055665,,21.2684759245502,31.6971100561669,19.295823265447,,28.2307543894278,7.4144321712116,7.441,0,0
ERI,2021,,,,,,0.0,54.79899439622832,77.59584246637601,82.56188938576217,100.0,85.61701347929835,,,,,,,,,,,,,6.489,0,0
ETH,2021,,-4.13241831248994,0.92146131951932,5.64153069324176,26.8395221557722,25.214221689404106,80.85451065348556,55.61078662592952,58.20623530115248,61.33744075009088,54.73374376478532,5.41485933762582,7.63170919167145,28.9101982304795,21.2158220927836,3.90520609775086,-2.71360871083777,28.1676089683881,6.92693626282324e-05,16.7133482738948,7.63586966162924,,0.410418210796157,3.935,0,0
IND,2021,,-1.05524166809383,9.84238574452328,9.68959249191741,5.13140747176364,-0.2450136698575904,42.65400303418959,29.41799070180067,33.53608662298421,42.92791601039486,51.69391546751629,6.54245582956179,21.3991583305515,19.5524130311129,7.81076067172717,1.41217101040888,,5.05246462548225,14.2846592727887,24.0239304534931,,36.8920885102897,2.82183503869842,6.38,0,0
IRN,2021,,,,4.13089685034471,43.3890162681514,0.0,57.92286514188773,56.70720636747423,63.38379433169117,80.40432731417721,77.92059303568045,,22.0192078360416,2.69987581539856,0.437279150549298,0.34982143161472,,30.9322239984819,47.9119531286438,20.6531717002195,,,,9.282,0,0
IRQ,2021,,11.7148037882244,14.4684288131166,1.5021807095434,6.04186489058043,21.644295302013425,86.1770368188093,73.54143891052696,76.70774478229521,74.0501779042655,85.84814784614373,18.4925334294474,37.3216528340457,12.2142568885482,5.233179700008,-1.25770209772783,,,,24.1816154776761,,11.1956027502836,0.400349187063478,16.173,0,0
ISR,2021,,3.021613608537,17.1531635981524,9.33534690236249,1.47965474722561,-6.164512222013677,45.3397898496612,0.0,0.0,0.0,12.57760325205544,1.05034256985074,28.8185860359887,,,3.86941902029446,-3.68726947366334,9.42348713145627,,25.9998176202801,8.20472787897771,69.2009240511496,0.251176646676986,4.812,0,0
JOR,2021,100.0,-7.33213017137509,9.41805813288369,3.75201276755828,1.34609377243118,0.0,37.09249494227564,38.97254033082661,26.94693086993127,31.473199383825676,41.55529320500997,6.88453603146426,,90.649566277089,21.3934366564588,1.22641995478769,-4.80742733036063,21.0315876504526,0.706962713297216,,17.2660064885933,74.8391598670023,10.0035867297427,19.837,0,0
KWT,2021,,23.5545486012366,11.5856043455391,1.67213054307859,3.42362947609188,-1.4988617039320538,21.269511067360074,38.35328151350048,24.66450511141432,31.53704525617473,44.03439424794321,1.35921924143798,51.725692658617,,,-0.183575378772919,,16.6311056148886,94.6305212160108,30.2746825189716,,,0.543748747830022,2.97,0,0
LBN,2021,,-19.6978128626341,21.5617265304802,-7.00123862514116,154.756096023393,0.0,62.87525455506712,67.02608888348631,62.1841591703265,61.12622734162317,82.17753447299881,,26.0256276927137,315.096531734783,62.5191968683911,2.5929006838647,0.485686595313729,16.5019102115096,0.241436727400156,52.8029927098104,13.5908223351618,,27.4664867984856,12.715,0,0
LBY,2021,,16.1147728474926,36.8142587224759,28.2996823429147,2.86833027751015,225.0906105658666,87.07433786755837,79.89036621958205,79.91293159242642,97.29741290850605,91.44653600282898,,92.0546075514658,,,1.71219284038518,,,,72.2294624156388,,11.0391738497626,,19.779,0,0
LKA,2021,,-3.70866603299245,1.59499450325141,4.2074764950026,7.01478071238195,7.097137531026084,39.81338599181686,43.03962303314311,35.433975622624935,41.01512062626258,52.760851858975,4.46720885923597,16.9214215897796,67.8564357341891,31.478444431029,0.668825708548416,-11.6469711223128,13.3769085197473,1.92719188762874,24.3074247397182,71.6201004077685,,6.23540006537571,4.981,0,0
MAR,2021,,-2.35786783699057,6.7712924140998,8.15473889823681,1.40195883962006,-5.352969052044214,38.52252589830792,39.84955823998222,42.05544104243563,39.20872163607637,56.915724895636366,9.05863022934855,33.1360849405787,46.8983264543197,13.8056895646823,1.59422321445366,-5.97683229119353,12.9963409257012,0.690786590320233,42.3873322350718,8.7322327235262,86.0589211866219,7.67928536986343,10.551,0,0
MDV,2021,,-8.63308174559145,2.39926419178858,37.507870124321,0.543149688737013,-0.0557243675924826,13.27450993699317,35.315125952135304,32.046642942601174,45.90835334086656,46.99191281642297,12.5877843282695,76.0989851624572,86.9049861911727,20.0732418589484,12.238665987932,-10.1381452642395,22.8096769189981,0.0597032520931897,66.5083115338037,9.73153770268114,39.3089828252313,0.0929598229658775,5.016,0,0
NPL,2021,0.0,-14.5240163530399,6.72298272086257,4.838149614115,4.12676744440695,-0.1783812894281032,33.83368942857727,61.42595279345227,40.0831907204344,57.645683070783406,61.86125094524167,1.15668047969578,5.11917148482606,23.7616294058189,9.85426077463436,0.531690906776232,-4.00286706305707,20.9511122107417,6.66375384580768e-06,37.9346333063959,3.85657960803328,103.651351375401,22.2775786274327,12.241,0,0
OMN,2021,,-5.53764911438897,5.25409519559332,2.5821749892893,1.68221185876085,0.0,14.998475228498776,37.51175834228764,20.66233004850074,23.63022060623444,41.3472467633296,,53.329759351918,,,10.015189421015,,16.612706212947,65.2855836380628,42.6197283774124,,68.18634950316,0.044674767691208,1.9,0,0
PAK,2021,,-3.52439577565177,3.35726367831547,6.51388575852702,9.49641577285205,0.6597776157933157,71.75679822238679,50.00171407681554,54.62167099982555,57.54005009507185,70.95042177397987,7.88790949084099,9.05159988878188,37.9965494190867,33.9308182903944,0.616039439073827,,12.8684989494526,0.708780532335282,17.9788205237729,,15.3401397751102,8.98436279286431,6.338,0,0
PSE,2021,,-9.81804738509635,1.02275812512689,7.01198227592003,1.23748102831369,,71.56682760302581,63.5180621802576,57.064449169929496,39.85839364440412,60.90004704643094,3.06038545958319,17.3411011099453,,,1.95194132723981,,31.7023053621989,0.0685655976632964,55.7424485062676,,47.3295160416368,20.7657096918972,26.39,0,0
QAT,2021,,14.6435967825643,6.81463955622911,1.62684671918775,2.30446565742003,0.0,0.0,13.042969513723149,11.7823540196576,12.84460760920899,15.249447013897369,,58.7260170336864,,,-0.608353846418717,,10.794876789514,84.4038969131069,34.0531415378261,,123.316618339598,0.477817619071586,0.14,0,0
SAU,2021,,4.5697627196532,25.1183969265183,6.51959698325419,3.06328988941548,0.0,38.08856680601925,31.572993624189305,33.97145172271275,26.904431781935607,34.65433788470534,1.86810170169937,29.1556614026837,,,2.8850612174452,-1.99311190055249,15.0790158758812,76.6076971781348,21.728264937195,2.83627486303424,,0.0300118046534322,6.621,0,0
SDN,2021,,-7.65468962500371,,-1.8685204827207,359.093040778999,586.6999436686787,75.48267000673769,78.94901690624228,72.5679958370047,84.36771352838927,83.40457797202107,,2.2498704277993,69.8676399582301,45.218288862013,1.52754029838982,,,,1.87767821048496,,6.61986449215035,3.26916579487434,11.087,0,1
SOM,2021,14.632086156962188,,,3.44719850031242,,,98.21183409596014,92.9811765819733,100.0,93.03617922463906,93.17157392968892,2.32250827107724,16.1552251397237,43.8741204568577,1.09873257106759,6.33765685964357,-0.873966032050765,,,62.9442159654118,0.382667096112316,3.40272937477728,,19.662,0,0
SSD,2021,,-0.13161314202058,0.885919595057179,,10.5167158294358,84.65407439069672,88.15207484631016,100.0,93.8810327562432,98.21575559242493,100.0,,,,,,,,,,,2.75015423943811,,13.95,0,0
SYR,2021,,,,1.7896919997567,,43.06131261808058,92.29407407374444,81.50548120003984,90.10999683887782,91.71265926697016,99.12009174707764,,14.9508204374067,36.3553681697964,,,,,,44.0511918088493,,,,14.887,0,0
TUN,2021,,-5.88456562547468,5.30936676331015,4.73603648206102,5.706350208307,-0.6361801927798358,44.2568766582794,39.372402602045256,28.136738384111432,43.23203154555413,46.562687878389646,,41.7802023040094,93.8461326685163,30.2550200250386,1.16289301361367,,12.0513731767034,6.55409542266409,51.8532117623985,,64.667534646183,6.30339440555567,16.632,0,0
TUR,2021,3.3985929819014533,-0.74064931592423,4.45898866581647,11.811094450607,19.5964926913324,26.279152905402064,52.93069593664249,37.19944218099081,52.64262401803832,39.23080513115959,54.867194523391085,2.97599400811766,35.0536332850518,53.7425891882514,25.3396609190239,1.50891969619413,-1.26647365629945,6.42706260735525,3.69000155336288,34.5552643235919,9.85382518424099,70.9983608541485,0.0864348823920577,11.969,0,0
YEM,2021,,,,,,38.37139991458557,100.0,91.4377805842647,89.47203658797136,83.76013769963234,92.72529135191698,,,,,,,,,,,,,18.312,0,0
AFG,2022,,,,-6.24017199240269,13.7121023720065,,96.25906312056138,92.05344756824968,87.91887709159164,80.57642923448054,78.48871866851997,,18.3800424016375,23.3368489761511,,,,,,54.5054272070161,,,,14.1,0,0
ARE,2022,,,,7.51452414254605,5.29122604376849,0.0,11.502218377845786,12.276491816170576,11.699689498488326,4.022286236226677,10.306067343994266,6.55317267111425,102.051988781325,,,4.44591398367961,0.0866519332162338,5.58446625724263,73.1440771980313,83.689671850569,1.1786818753689,65.4574311816346,,2.872,0,0
BGD,2022,,-3.81010813041237,4.18907976493715,7.09982877575158,7.69695437176898,7.829568104694876,61.30906268105727,51.14352536425021,56.4076436040346,64.15318110937687,78.67676137095982,8.72436040117116,12.8822264348985,20.2659753173734,11.2392162165619,0.347960024540439,,,,20.897740835675,,38.9555684288032,4.6737649876073,4.593,0,0
BHR,2022,,14.7198235888136,1.4626760101007,6.18016125475185,3.62574104304482,0.0,46.42236048450728,27.111965350845814,24.719298545981022,9.713181589697268,37.90118983003501,,95.9613654006004,,,4.20018456310523,,14.1665572021434,0.0426131887253156,71.1798757519344,,,,1.265,0,0
BTN,2022,,-27.8005472490936,5.60738875203101,5.21386783786224,5.6391667139637,6.340102485246864,0.0,23.587986184661016,2.583756432085878,39.46327536090925,0.0,2.98322457252721,25.4988399587876,115.015506284534,16.1948695115357,0.289904655137253,,16.5367264487644,0.000849772301445,60.0723765638263,,67.8714365442651,3.31086657464961,5.947,0,0
DJI,2022,,18.418217152052,1.34430440635494,5.16653702854374,5.17222088647606,0.0,46.34710112501361,55.2956172714329,60.12760946612247,60.47969447084088,70.4380234401748,5.21484304127589,159.250735528808,87.3175079251638,1.3139889030219,5.24930012962196,,36.8576646777546,1.24359395878011,143.034673702738,,19.8343292529775,1.58752439290675,26.272,0,0
DZA,2022,,8.62297009518782,16.336474497122,3.60000000094915,9.26551551551553,5.131577380535806,54.58178442014396,47.45961606008952,52.843071727254845,64.68832548174419,63.67867420033871,19.8580536790798,30.7915561763341,3.23500775227816,0.426551111107604,0.107187812155079,,,,20.3985331920556,,18.2397846012834,0.755694605229352,12.382,0,0
EGY,2022,,-2.2100904275198,3.32738146369502,6.58784560870467,13.8956609775178,22.47375328827103,57.98742032591085,43.0153682467741,50.34026992560128,55.90378539435802,66.4230009608856,,15.0870258208479,35.3832819125992,23.1349293420531,2.39118080969079,,22.1214154443618,35.9532117277136,21.8960790564233,,30.847002116672,5.94293350334715,6.546,0,1
ERI,2022,,,,,,0.0,61.31770033371318,76.21181941946959,84.3994591388631,100.0,84.63762935900074,,,,,,,,,,,,,6.033,0,0
ETH,2022,,-4.19066632561125,0.578588743645571,5.32175988485454,33.8898797100898,18.34379974236282,80.8907279524043,57.22845226139843,55.076185755169405,60.94780199995456,54.775239354479055,,8.24396037766464,24.2638688064282,18.3033612266851,2.98033315911234,-3.97933886335177,23.8028758749573,0.0081728528551792,18.351539318761,12.7921843780186,,0.414325120261523,3.386,0,0
IND,2022,,-2.43238270956779,7.00951210544359,7.6093649776932,6.69903414079858,6.340102485246864,53.19233161391542,26.73361418713319,27.885346072717805,38.7657738684964,52.31152009944532,4.81188454630947,24.0401716365956,18.6518069060743,8.26658065989597,1.53665241748393,-5.2600268875823,4.68745287929006,21.7524651912837,26.6577666392086,33.9761997637185,38.1859763563586,3.42227322133658,4.822,0,0
IRN,2022,,,,4.35281087521344,43.4884641742179,0.0,62.86637810470898,58.11399698670265,63.393404662499066,80.10555135345244,77.39794013870639,,25.5666185174995,2.40236604365308,0.16238790229739,0.354893288694741,,29.4601700206271,56.361512409332,23.3517323048057,,,,9.085,0,0
IRQ,2022,,20.1861883343541,16.265596420488,7.95904804990212,4.9947659638103,0.0,91.65399514553758,75.2093547767648,75.99951688365711,76.4974248491616,88.75566016946493,18.8458136272734,44.5259462145341,7.93319206853994,3.61085455056792,-0.726653366772653,,,,24.2328478795559,,9.54125684121782,0.3822220371914,15.41,0,0
ISR,2022,,2.68995260709171,13.4105701419856,6.36407234798706,4.41162725488371,4.006443758241925,56.73150308925648,0.0,0.0,0.0,14.555692216639777,0.711449035516496,31.3653023276254,,,4.35745092445992,0.171425191763849,9.36066373895247,5.31969619319333,29.2705404990247,9.73112216641699,70.1452401316966,0.240917993734642,3.695,0,0
JOR,2022,100.0,-7.39189539188183,6.91105668859684,2.7468615450031,4.22915568897117,0.0,42.43480591931223,39.36063983888919,23.261299123295725,29.86410998379045,41.59560035845728,6.6438175929575,,85.3105835968273,23.1153007808048,1.79856207883079,-4.08689940330163,21.2018889672992,0.917109884625019,,16.0152568992596,76.7539131295227,8.91675179878051,18.2,0,0
KWT,2022,,34.3743300781264,10.3160929642549,6.75866711966617,3.98064961990313,1.5273160510924502,31.22447668908409,31.73828850950437,18.137900936767384,28.127729675174507,39.88743858234964,1.41104352584751,60.4485945316523,,,0.409943823254394,,17.6971081288462,96.0382613795238,30.4702156706902,,,0.012043935758368,2.133,0,0
LBN,2022,,-34.606227109401,14.9029115890041,-0.621678970663112,171.205491336641,0.0,68.34021356240524,67.2371608090612,60.92473144640383,64.38547464464564,80.11803990804836,,34.8287792460469,332.863673499917,28.706787657861,2.50966160641735,,14.025527168013,0.433020096745865,80.0594990196196,,,30.6555163782975,11.105,0,0
LBY,2022,,22.2155432064068,35.1475070072353,-8.29981811198795,4.51030149235695,6.617675562225534,84.56444357029143,82.95938126817754,84.33218791946668,97.2627347231087,90.02089422210874,,91.9809235078212,,,1.62326033379453,,,,64.3407611745263,,10.7185706773584,,19.238,0,0
LKA,2022,,-1.95359411068218,1.06429793828172,-7.34919311146656,49.7211021114327,62.31921271292782,53.57180655946392,49.71903772430964,36.54460695401075,49.93759459262606,53.157280748299975,11.9682691812072,21.5595624612904,81.2809065665702,20.2896271246193,1.19249322162632,-9.23055761414091,13.9004389044115,2.25446590051031,25.1230455566456,77.7699768805255,,5.15135988688752,4.528,1,0
MAR,2022,,-3.6574911910038,5.06212133329447,1.81269242194809,6.65704202759067,13.04086668837899,46.36348471971301,39.75665553041187,39.9510101908103,37.95902785042029,57.12452221715728,8.68360679573923,44.7116282313453,50.35106931617,10.1164827473821,1.74814323662076,-5.20810961337784,13.3904543924044,1.00965161630831,56.1946819703061,7.96111730498483,87.5362177555406,8.51110257085938,9.413,0,0
MDV,2022,,-16.868196658323,1.7561190597792,13.8260895184139,2.3305404647725,0.0905929910788917,27.63057044125144,45.12752992991744,21.167587343497647,47.76803083858679,50.30945339003871,9.40629274725968,82.6708555603035,73.0396211302368,13.5353339647215,11.8454662775286,,19.8123346341875,0.143887093054331,79.5725773733522,,35.2169697593796,0.0829967046687048,4.303,0,0
NPL,2022,,-5.76692963076819,7.11844228100773,5.6313145568451,7.6702057938028,5.980811034100532,44.42866830819328,60.990940205788526,37.109087630256376,55.60278776195309,62.41282325671517,2.44418427205124,6.7023908652401,22.1714628607957,10.2136643776037,0.160405405048333,,17.9619548542567,0.0004220013556393,42.27101061478,,94.4669915631767,22.853296719339,10.661,0,1
OMN,2022,,3.65021452080103,3.70600673637267,7.98570728354278,2.5061425061425,0.0,22.78995621878727,31.389486701310805,13.802914380019237,20.01839274141324,41.68458220887037,,63.2505019129513,,,6.25544528201825,,14.574723936986,74.0383980013691,42.4945073677033,,55.7897704553203,0.0355127088147278,3.3,0,0
PAK,2022,,-3.25858181478804,1.44062158684771,4.7781068690358,19.8738599646655,25.75771817061325,78.9015553008182,54.55639120797077,55.7681872951194,60.32930123687861,71.86042137454963,6.5448477708157,10.5405902721041,34.5202602197744,42.0463406568737,0.389980753542853,,13.2091941252982,1.19408655456312,22.4907632059279,,14.8383242381905,8.04928811142895,5.291,0,0
PSE,2022,,-10.6265229873781,0.867681729377901,4.08276027347105,3.74122391852077,,73.13219780041668,64.8192478805525,53.59387063127624,38.73422841649238,59.97269852385154,3.24787375179428,18.4362526414651,,,1.62179695015304,,28.4235922781769,0.0524805007753271,63.9586757454802,,47.7106174807336,23.9769674621994,24.42,0,0
QAT,2022,,26.7778361978623,5.86304657389892,4.18500970982862,4.99527553740761,0.0,10.686793481295648,10.254236877875394,5.603766522102605,9.863767077887957,16.610294358877823,,68.5984131738821,,,0.0322850616403459,,12.024746637738,87.2912521641352,31.6152340257357,,101.083984278189,0.437654896965699,0.13,0,0
SAU,2022,,11.7294510759777,20.0230345579448,12.0005874752929,2.47407371925372,0.0,42.012838803668856,26.9121367247362,22.75304767336379,20.59611984952104,32.74444234971531,1.80253047265234,35.9850098955522,,,2.1556449627378,2.23510524060073,15.5240541237484,82.1937028956426,20.839154879381,2.39041526354088,,0.0231657002868662,5.589,0,0
SDN,2022,,-8.59889945377348,,-0.957816591119183,138.80846024176,47.45758780731366,82.88069323564588,81.91675994692035,72.89868873084497,85.97991712329936,87.31449690998375,,1.57116183055586,44.3585061389123,2.95622866961282,1.11000421594226,,,,1.12767260530269,,5.63980468495649,2.90211266882246,7.53,0,0
SOM,2022,14.214413083164212,,,2.71821202053759,,,87.00356933212603,92.97885850788528,100.0,92.90037912218672,92.00859484915348,1.76552816050369,17.6810741938645,40.3125376815559,1.07407103336921,6.23346074683917,0.106585400803479,,,73.0765461138881,0.0960014322121721,3.91177494692927,,19.112,0,0
SSD,2022,,-11.2233718358258,0.161236777638856,,-6.68732094212668,74.47466233778145,75.46450882521675,100.0,90.76488002666332,98.18939064896236,100.0,,,,,,,,,,,3.01716131679904,,12.475,0,0
SYR,2022,,,,-0.20247264200475,,99.5021425842938,95.88565739624669,84.08321154455426,88.22602436886265,95.6937227513118,98.01627177699152,,6.7771895571266,21.3077701970395,,,,,,28.6600525880316,,,,13.245,0,0
TUN,2022,,-8.83429553808937,3.99923371559347,2.75228761004381,8.30646124447623,11.062337476441405,52.96509529642722,42.92159940358013,33.248673611808286,46.25045790387232,48.08766444545412,,51.325939710781,93.3278878231755,23.5992385774526,1.43159199894021,,12.7608432391714,8.02677004326783,64.7698546733647,,66.0067667517737,6.24650668661797,15.3,0,0
TUR,2022,0.0,-4.99763806227356,3.88032643940638,5.44122511322401,72.3088359891207,86.98416231292192,57.86826136703658,38.47539902522359,50.41674114044103,41.44792206429606,55.73010558525304,1.97901752159552,38.1412107474416,50.758322367613,19.6812294560508,1.48839623728753,-2.95717737537508,6.31093067974344,6.32564856668837,41.7570614839925,15.4826696359583,53.4262221477913,0.0751540758235723,10.465,0,0
YEM,2022,,,,,,8.451899366748016,100.0,87.37797409812204,90.23627000607624,82.54839346220902,94.01162428236184,,,,,,,,,,,,,17.224,0,0
AFG,2023,,,,2.26694373649188,-4.64470870797775,,94.18912637508856,95.24015497637532,91.02027278159936,79.45083412094898,78.93345461463873,,16.2352784419391,19.8909368152618,,,,,,50.764299620256,,,,14.008,0,0
ARE,2023,,13.1295797567307,4.61577821903282,4.30113648499413,1.62670837213248,0.0,13.8494126315134,3.419065869264839,8.840824585150829,0.0,11.351865692282011,5.30826886216617,106.846123390953,,,5.87183983564899,0.746043890605662,4.98896751809272,68.202872587783,92.1988267361531,1.92498132600234,,0.359500398100958,2.151,0,0
BGD,2023,,-1.64602823544154,3.3558121828929,5.77511237007889,9.8835030377921,15.874388487943856,60.84239310879016,48.385517357686,56.45048157072172,63.11912226304363,78.99494691545044,9.56912775275672,13.1571638341204,22.285488486933,12.5939799449972,0.335721505298968,,,,17.8258075763392,,37.6413802339103,5.04555725354251,3.352,0,1
BHR,2023,,5.84398348945118,1.53805743002251,3.87811614845566,0.0746206782192256,0.0,46.73042979172383,24.4825873642692,21.40100169862442,5.158974786235445,34.531368639025814,,87.351143952571,,,15.6428756083644,,13.9121235503305,0.252930709797225,70.0967107297264,,,,1.049,0,0
BTN,2023,,-33.907387068313,4.0132493332428,4.63215702969933,4.22934419929251,5.082134409190095,0.0,19.876105912948177,0.0,37.702469450513725,0.0,2.37931186892763,28.3881078975658,114.49950351728,15.6094043269782,0.338339566522946,,17.8223187322888,0.0001267142347006,53.3485199564153,,71.443668276291,3.58251575117588,3.126,0,0
DJI,2023,,18.5034837806032,1.10411747889346,6.80733529403308,1.44905087029086,0.0,45.86829802243591,52.24924836412661,61.65735320351412,59.74549664118398,69.96512252942466,4.00934221417559,150.741322598259,85.2908177323727,1.63906330772357,3.51446231641349,,38.5612340185621,0.995238487819515,135.160721202385,,21.8231301046989,1.50297318211677,26.074,0,0
DZA,2023,,2.62033732399996,17.0452476814619,4.10000000005964,9.32217375928322,-4.332577027227198,52.82689127231584,45.12934912267653,52.11569698265777,61.21571355938444,61.67906600165352,20.8822355092816,23.7900604738163,2.9975548859142,0.756757789102277,0.489819143410423,,,,19.9497379768844,,18.846702518083,0.753275484255268,11.645,0,0
EGY,2023,,-3.17338763053558,3.87390992001782,3.76028052279247,33.8847763115546,59.84191444282786,56.75992190386732,37.40625476384445,51.00657055150111,51.30590048640441,67.10321900660293,,19.1060913405676,44.4212432479616,30.3910889570483,2.48546400695984,,21.6972770278526,18.1531616111814,21.3443094314355,,29.2578215393463,4.93326946835969,6.753,0,0
ERI,2023,,,,,,0.0,54.25505978882485,76.35510998812236,87.16261213684656,100.0,85.72397572157952,,,,,,,,,,,,,5.909,0,0
ETH,2023,,-3.52359702026291,1.04253332393312,6.59424599054353,30.2188278135278,5.496408561567479,80.75969558791715,54.73486555471444,59.95528956995936,61.12561071264279,56.18731859585221,,6.59591829052029,,14.3397323570812,2.40146315356828,-2.3050304723308,13.8401468775133,0.0317976469871324,14.0022832166203,10.0247947838628,,0.396956017593763,3.375,0,0
IND,2023,,-0.912777939495827,7.97237314389747,7.210224629335,5.64914318907925,5.082134409190095,54.39049164671456,21.223759448875704,27.741374952183733,38.20860087741592,52.34189483601103,3.35890319602042,22.354801966733,18.0442974446192,10.1619274745821,0.802254995836756,,4.69913000107828,20.7059082080863,23.9681500915008,,40.8940758962907,3.41414633702944,4.172,0,0
IRN,2023,,,,5.33235116079808,44.5791857572797,0.0,65.91685821063888,57.30467196793746,66.96726980974113,80.521246130874,78.29921759170948,,23.9216475542357,2.45280776346942,0.330603345807062,0.310885408088419,,,,25.4719025417845,,,,8.129,0,0
IRQ,2023,,10.5528397110428,15.8737025963,0.517705525140073,4.35835351089595,-9.482758620689657,89.59778939900218,76.15368522651498,78.61072963908646,75.26601535025614,86.04579948548879,14.66410619547,39.6312322400043,7.52940734720434,3.99250437979392,-1.99474822313262,,,,29.8300885590124,,12.5518993190744,0.432049782942699,15.239,0,0
ISR,2023,,3.06182357194891,15.1429856008329,2.06272504731618,4.22522603168918,9.160584449685642,60.06899663941976,0.0,3.649852820793932,0.5028128037957375,14.96963585097878,0.971523456197714,30.3284744013966,,,3.14968991459396,-5.25987663182486,9.99506959636049,,27.6493079272484,9.0133461915012,69.3907873036217,0.19285405864081,3.371,0,0
JOR,2023,100.0,-3.25589967062863,7.30720985185322,3.12900102017251,2.08486986327134,0.0,42.07117032048696,31.056116310344084,21.167149198869573,24.700027682794666,38.70660036379431,6.87127591284335,,87.8712529400758,16.2393218106271,3.57486440635924,-4.66827853191258,20.1760819152798,0.498739629336105,,18.6224545593736,74.475322197422,7.76858564852626,16.62,0,0
KWT,2023,,31.0620887768465,9.16572725223109,-1.64087799968877,3.64216403030709,0.305370240516284,26.608830816130983,30.02472681343608,17.775945759603598,25.13007601239343,36.646899748697656,1.42363947712583,57.702062317436,,,1.277994317906,,17.1095766003205,95.5164366055485,38.3322886518802,,,0.012863053545085,2.08,0,0
LBN,2023,,-28.103669636709,13.6032284132075,-0.760584470257314,221.341644023365,820.4394693200663,66.15964151795328,69.27248875895575,63.25333014967271,61.94505901607474,80.9462112284098,,30.5514119674735,331.649550570327,34.5013159000827,3.26435467389127,,16.2628211646141,9.88237160097366,73.6549981017088,,,33.349773045666,10.985,0,0
LBY,2023,,4.23506448409627,31.5696640862316,10.2000497852517,2.3731753143518,-0.0060597561206555,85.08812416624086,79.26431031258637,83.67598874800873,93.38867853956634,89.85989417073328,,85.6010032090609,,,1.80500147243983,,,,75.4692294006607,,12.2180075415622,,18.713,0,0
LKA,2023,,1.71159541534782,2.38312008892393,-2.0289296690344,16.5411742279832,1.5106526603636932,50.72059865103199,43.15022968138729,36.76545934702627,47.639401598111306,53.84113554624585,13.1079211175582,20.5995283672112,74.5886504230503,16.0664255632604,0.848017076796717,-9.22442442361431,15.3541604282848,3.22549312462179,22.7481397523022,79.8744543518094,,7.16290737039539,4.528,0,1
MAR,2023,,-1.04767760599469,5.63476498950226,3.65564411017931,6.09114152504141,-0.2877189596634587,47.42415468322368,34.94544426207805,38.41295532340902,35.58793007221605,59.41978206572954,8.48309408041805,42.4176033594569,48.9147951964991,9.20347207035798,0.725864122672683,-4.35528687460668,13.9777708702069,1.21428847268287,50.7002810585209,8.01285790687035,80.504808579487,8.0456838833246,8.896,0,0
MDV,2023,,-21.1388087335441,1.22268411034082,4.94286301229583,2.90372427754586,0.0011006626774896,32.669722603753925,42.55944923825791,21.29087782724288,46.0897542957697,50.05683200794563,8.3382491192651,74.0437692661116,68.5591205715148,10.1278966096322,11.5818458756845,,19.7880793368526,0.158725024282173,75.3062069113229,,35.8362090976748,0.0813040657047612,4.019,0,0
NPL,2023,,2.45040193651298,10.4169326092974,1.98254843461849,7.11587261530826,5.523987418222902,41.95627164725666,55.94445363735227,37.36576924928805,54.78719345254134,61.01659746405653,3.77535420144652,7.00596728086136,24.0384374799175,11.8654143939064,0.18227214989517,-5.88338006625882,,,34.5641830123854,8.02195964202454,91.5572641444323,26.2231139135394,10.437,0,0
OMN,2023,,2.29211299044439,3.83596093159061,1.41401383200161,0.950782997762827,0.0,20.170023636212125,28.660480724058463,12.454066230625449,18.635237586024637,35.00249231098188,,61.5843427989208,,,11.8157929128229,,13.6921582029731,74.1913838927866,44.8623883036834,,59.7528169989934,0.0367429346129202,3.176,0,0
PAK,2023,,-0.308630136387276,2.50011507119078,-0.414935997088406,30.7681280657005,36.847737852713934,82.7496183815306,53.11610872954687,60.28902089543426,61.11039664106932,74.4612571219073,6.6275019888851,10.4939587511564,39.4498353457572,43.5994922043878,0.608281270820624,,16.1107282427233,0.583319121620756,17.9737337958273,,12.0203955111754,7.88805370627643,5.237,0,1
PSE,2023,,-15.5371822753305,1.34968969559463,-0.97217780620403,5.87110177678988,,74.68712525237603,71.86532024336275,55.73327307052763,43.99505340435314,60.49468187098325,3.41872677629682,16.9958841111666,,,0.555593283570762,,30.9230514954555,0.0859853021575194,59.1775735037644,,52.7325722326952,17.4093394320223,,0,0
QAT,2023,,17.1136863378173,6.48104847137267,1.18715991623776,3.02764899198902,0.0,8.214483031795375,7.004538791310938,5.5094668680788255,5.857978090972567,18.20762159736608,,,,,-0.222614821674707,,11.204295679661,86.5414333242433,,,118.075783234072,0.674680261981685,0.13,0,0
SAU,2023,,2.12936729495784,16.5690894253073,0.542592439393161,2.32708518362706,0.0,40.36885066260897,18.47180033510273,19.652880294003776,17.174810924474126,27.37572924436405,1.51347587802945,30.7559610678442,,,1.87130991298946,-1.77137700860758,13.4010931323156,81.3099851483006,25.0415071647045,3.11717626441745,,0.0256318796460361,4.008,0,0
SDN,2023,,,,-29.4332716274387,,,85.81304307389054,88.00537963552692,82.86598032004152,86.3909445030671,87.04343703017241,,1.10810859308483,58.0030635125029,,1.37399372870934,,,,1.36562018959182,,,,,0,0
SOM,2023,,,,4.17524257571303,,,88.36645328545565,90.7985907036268,100.0,89.09239288777667,92.11834402895867,2.26632125393185,21.9383099105676,28.3163805466625,1.23042699939331,6.17357181967512,15.6850818678396,,,81.1826975725497,0.0970249917318939,5.07180182048566,,18.96,0,1
SSD,2023,,7.93071136684621,0.174842702708606,,2.38280434813754,74.05275122698285,72.4140178245475,100.0,95.28538483747758,99.10265322961904,100.0,,,,,,,,,,,3.04769880153433,,12.374,0,1
TUN,2023,,-2.30371483601794,4.59768433456009,0.184015548469745,9.32899597507865,0.0826996606092832,53.5371162692652,41.36695505457386,36.812229155678615,49.72188218544007,48.25229715540437,,53.0393939110608,90.2495580226375,24.116069227268,1.46351333844229,,13.3879850452307,6.20798342748048,59.0894641022935,,62.7305652264979,5.95811983250858,15.106,0,0
TUR,2023,0.0,-3.63367003503212,4.15773246137926,5.04512369812289,53.8594087593315,43.44532205472075,56.31213171386772,38.05157989829994,52.51729309440716,39.36412187512779,55.19374601720147,1.48012751953029,31.9135926809724,45.157151097837,20.909547158823,0.933806495534912,-4.29865292389269,6.54790608311516,6.36477511937887,33.7696157928943,10.9661561937879,48.7952169007544,0.0901648572680327,9.388,0,0
YEM,2023,,,,,,21.53484102977525,100.0,89.46154473217018,92.48697688439104,79.88427432541184,91.537456972133,,,,,,,,,,,,,16.944,0,0
AFG,2024,,,,1.87319280045979,-6.60118564073726,,89.42184431236643,92.88186657133832,90.12054968397946,83.47842728166489,78.64693505453789,,15.7027518479481,,,,,,,68.0602732398198,,,,13.687,0,0
ARE,2024,,14.4792979326645,5.19940206842546,3.99181200361831,1.66336510224894,0.0,14.403931183121957,4.227696437084583,8.899204336739336,0.1314643248310049,8.378100272630641,4.13722730162714,,,,8.26261604873876,0.388175773737928,,,,3.0388427510985,,0.325377481632911,2.16,0,0
BGD,2024,,-0.669466607987832,3.07374348965567,4.22325911250161,10.4657482763412,8.742559105222805,69.49175801299334,52.97305424499704,57.78452993642132,64.62277391838106,72.81564985695408,18.9607821141026,10.4611878291715,22.2547977203389,15.7658301164336,0.283870773350074,,,,16.3168879748762,,35.8111715787963,6.11494686698428,3.635,0,0
BHR,2024,,4.83346638041053,1.41650733987614,2.89710543153512,0.919635459817651,0.0,42.20497293985781,24.699680092802467,20.955458657770627,4.464066953940913,33.989411819130005,,87.4874315086406,,,5.72467195311559,,15.010526742122,0.0003718942514159,69.9934379215464,,,,1.084,0,0
BTN,2024,,-19.4017852146799,6.61474201389783,7.49856206754038,2.76131569624098,1.2954170797865368,0.0,20.153057891134544,0.0,38.05248772529793,0.0,2.22229892645332,31.4948602422141,,16.5776241652416,0.0841982308924301,,,,47.8676815531182,,68.3942712583345,3.27508748747941,3.282,0,0
DJI,2024,,14.6941756648345,0.850017224988693,6.98048467276334,2.1120116728497,0.0,46.94143976640536,51.07928523151689,60.23523555868808,61.42651736747443,66.79059527112156,3.06946217107715,126.415267144255,83.8288747209446,2.52675252956975,1.63337101411676,,,,114.822195954032,,23.1025276600186,1.3486328033841,26.007,0,0
DZA,2024,,-1.0224994485325,16.5279389774711,3.69999999907979,4.04611455313434,-1.3174713050950169,50.913746244622345,42.68622190826512,49.4999045119678,59.78689794078641,57.85045400669413,20.6807801597915,19.8523800653814,2.66774817396092,0.797700031642401,0.455370730483787,,,,20.2821940516889,,19.0341413218985,0.667941907847866,11.655,0,0
EGY,2024,,-5.68596234093524,4.53950764706678,2.3991692678251,28.2705899322083,47.90912330330136,57.64623891201832,41.46098561544547,50.03553104402975,48.16291447872161,64.63563019042621,,16.3762422101126,41.9820138564051,49.2291017973666,11.9719351009449,,20.4434848356971,12.4540426829027,23.2245098772607,,27.5692279729149,7.59757024437157,6.817,0,0
ERI,2024,,,,,,0.0,52.25610797320457,79.55444941469221,85.43016171504946,100.0,87.98422173682575,,,,,,,,,,,,,5.947,0,0
ETH,2024,,-2.53176480495898,1.7806234891991,7.61277447616879,21.0377460577711,51.28187197065475,79.99409391700668,56.39278601138519,59.623502163384245,61.17523701638827,53.9858159230804,,5.53927082166771,,11.538041500051,2.68582028017543,-1.90887263147621,,,11.8611650370138,12.6217765676881,,4.766710838993,3.357,0,1
IND,2024,,-0.851289719084462,7.52136088188696,7.09927893176518,4.95303550973661,1.2954170797865368,51.72263791823634,22.080583633065043,26.87394603765552,37.300879210044805,50.14049322998398,2.50044366571028,22.0639816354399,18.5795533694083,10.493447761841,0.721648483526777,,5.06115292488684,17.094437885147,23.8527091324349,,41.6079694330613,3.66076475144487,4.173,0,0
IRN,2024,,,,3.66312057949303,32.455871402917,,70.07845622271412,57.32638551085438,66.12973552716649,81.77266418661546,73.70749334193384,,23.5514720983508,2.21280566524888,0.284993582584259,0.304914200880697,,,,28.5106585810839,,,,8.146,0,0
IRQ,2024,,2.99186896502489,11.2072163127604,-1.54525198319173,2.6116961151764,-0.9523809523809524,84.69865581056672,68.81792107966753,74.33942790534867,66.9202068843778,76.30352437237816,16.5398134318878,39.7635173537006,6.22639916968424,2.95676245098624,-2.73525447039729,,,,37.375421957139,,13.9914475902598,0.248997592822188,15.293,0,0
ISR,2024,,2.85372348964758,15.8333842967618,0.953618469238535,3.07480889805025,0.8819642439319431,60.06646453217888,0.0,5.496645257476095,0.0,14.821683349614329,0.721349952547698,28.399007008222,,,2.7251194069041,-8.17662740232167,10.5547207249929,,25.9832493695112,9.41846467273048,69.5099804468565,0.175608930307742,3.595,0,0
JOR,2024,,-5.33366328480029,7.79308209953668,2.55605891810194,1.55659611283953,0.0,41.63833953225691,33.84347399873155,20.01857136714858,26.47811832110872,33.94764405984096,6.87176811886602,,90.1349716229773,18.1501287979427,2.78862682935517,,20.6701222463335,0.264858580668078,,,72.9559938224227,7.55927870742229,16.693,0,1
KWT,2024,,29.025293802042,8.95073906369193,-1.47401818168846,2.89855072463762,-0.1610436994536155,25.24427011448348,31.91638761922341,18.04979344778005,24.71488629223557,35.435672247490906,1.53571132275835,55.7559768271522,,,0.381956730773215,,17.4893557712884,90.7321487415169,38.2349394412597,,,0.0126724401949546,2.151,0,0
LBN,2024,,,,-7.07989192861814,45.2430422716718,545.0159902707085,69.08920604781501,69.51495815072926,63.19946302489732,63.688488296171776,78.75105380204175,,23.3165495276514,,21.04734596175,7.09437049742925,1.18573055578612,18.548538743257,7.70940000965568,58.9158109340607,5.41741607517506,,,,0,0
LBY,2024,,,,1.89995052025442,2.12615766885021,0.4015264584983457,81.11392260814064,79.32791814392769,82.9752455189867,91.88465813126606,85.3387024635405,,71.7293179684166,,,,,,,65.7818127187367,,13.041851907924,,19.085,0,0
LKA,2024,,1.21048332599166,2.86493580597895,4.99241614398109,-0.42936004906973,,39.977485274555086,43.41812552584406,35.84028545118491,46.08254222760498,52.83576736089849,12.9605592286262,19.7559774138192,58.8897020425324,23.7051670387884,0.764077754153862,,15.2925487801049,3.43981418083681,22.3636324192921,,,6.74752055316036,4.239,0,0
MAR,2024,,-1.23072108998601,5.26170979299897,3.79336515978963,0.985256592004507,-1.8661428162816085,45.61352489509861,31.50809439673113,37.44406894024903,35.81745861117342,56.2698622699203,8.18776433111185,41.9985232956684,44.7188367863758,12.9254798325863,1.08850441035779,,11.1809766440455,0.759031246462188,50.188721310572,,77.7635533817471,7.78840277046277,9.103,0,0
MDV,2024,,-18.6788603634035,1.30326255855386,3.49440422654285,1.41093527910134,0.0156106227236602,33.63452592148466,43.55720085053717,22.634468647348715,43.95330325125015,51.84726183350593,5.89230350322209,78.214216540835,75.5586486708217,9.18470294592451,11.416720004027,,21.2439264435855,0.10188003814864,78.2597392001761,,35.7299049882319,0.0800427681119482,4.278,0,0
NPL,2024,,3.87803253239857,12.9718425174618,3.67787459697703,4.6850965426577,1.2195273933910409,42.0281899483581,56.45699854411269,37.02991927568371,54.42979371159633,59.526715071243295,4.63597142993056,7.55423347172655,23.2748414884129,12.3916778046586,0.131412557108071,,,,32.6157766909588,,91.2933728348585,25.9924855623944,10.5,0,0
OMN,2024,,2.86434019736537,3.68674849054903,1.63163231397978,0.593589236248469,0.0,18.18944474055869,23.777224422045837,10.756169595186138,13.84970402789588,27.32364786097366,,66.072566156431,,,11.6351181598926,,13.888546748286,77.1995042110729,48.7801054403878,,63.2077225919943,0.0364128463172104,3.203,0,0
PAK,2024,,0.124893414067427,2.84569889190225,3.08176295579301,12.6325318530452,-0.6332644139999296,84.05312148870647,51.8952126328679,61.10948850332005,60.770482290644544,72.56024707135708,5.74855628982702,10.3855031331012,35.6282760521045,39.5425844195386,0.716885239403099,,14.1011260133402,1.71807476906982,17.1798277774783,,11.46061956354,9.39186913640518,5.492,0,1
PSE,2024,,-18.0999264452664,1.90727837913163,-22.8573273913324,53.6691458303782,,80.97664750165126,74.78361543348952,58.90549546814327,47.24125783209334,57.85051924222745,,21.8525432511909,,,1.01253497329187,,,,52.7355480773433,,58.6252720787942,4.59269741059462,,0,0
QAT,2024,,17.5152925396793,6.69567627121726,3.10963283242745,1.26734310292375,0.0,9.850109985627302,8.53394459868094,6.735747553910512,5.317076210207454,20.554045951739493,,,,,0.212749202349259,,11.1829202642424,83.7597865976017,,,120.965896493385,0.667206901457106,0.13,0,0
SAU,2024,,-1.29603148573183,15.0571337423468,2.64893068308965,1.68792112375809,0.0,34.52025110565525,18.124087930685725,17.19213550543108,14.648498558278671,20.483341978932383,1.24535587233852,29.3880027930942,,,1.70136894275871,-2.45851850496765,12.9517318061095,79.3976376511523,27.0169346216948,3.53928856293198,,0.0269879301341444,3.518,0,0
SDN,2024,,,,-13.9643378424022,,,84.89621770739762,90.67192494092144,85.30647240039768,87.83949161704052,85.97634576579837,,0.720930190156301,45.3986291468877,,,,,,1.27448191209378,,,,,0,0
SOM,2024,0.0,,,4.11139335779471,,,90.5402872437721,92.82011047397218,100.0,89.92185044858563,92.33975153600608,2.69173727183634,31.2108297819002,14.918886594174,0.656954967744848,6.39257959388318,0.15162225665709,,,99.1142308013704,0.6381167495069,5.43098050942767,,18.949,0,0
SSD,2024,,,,,91.4408220769046,132.50895369429827,71.27588995549665,100.0,92.23311358776232,95.76974094928148,100.0,,,,,,,,,,,5.76315463209053,,,0,0
TUN,2024,,-1.50801033952852,4.51241564590908,1.61444564976986,7.20661657168794,0.0413156623919147,53.32098317630263,43.92293868412096,38.63812765905814,48.838954105136025,47.80403155028643,,50.0016900287054,77.6996062630389,26.1724095779931,1.47747574805229,,11.503005195086,6.23208030817829,56.2968591755414,,60.6117249735149,6.33501731969712,15.341,0,0
TUR,2024,100.0,-0.766008235540632,4.72961263910876,3.3276230893799,58.5064507300342,38.19647435604129,56.22918598251352,38.079056135396655,53.862184259721126,39.67055433098814,57.45093458268644,1.6536819200798,27.5682232095509,39.3880494718611,23.4318472180701,0.860701598247461,-2.95931437041885,6.21498601848316,6.16442555598186,27.0305829100406,11.655324836036,42.9671022144841,0.0722524337048219,8.8,0,0
ARE,2025,,,,,1.250865245598,0.0,14.558415580780848,1.835676045454382,6.173665906816979,0.0,8.99774681545949,,,,,,,,,,,,,2.174,0,0
BGD,2025,,-0.0524732355435052,3.91092137452087,3.48990671836833,8.7687628116114,5.464518292387368,59.87003604442636,47.53386672571905,56.47663708859654,64.3917765762595,68.8371284469276,,11.1161085689856,,,0.404544313117544,,,,16.8344754735707,,34.504343787161,7.42441824923219,3.778,0,0
BHR,2025,,,,3.48137573668635,-0.137708855447902,0.0,44.27388696848036,22.40075196522106,18.760452317975403,5.232424335186708,33.398431245653136,,,,,,,,,,,,,1.102,0,0
BTN,2025,,,,8.00502716233098,3.55513663074987,4.1701885134784025,0.0,14.121475112195856,0.0,38.64732156616951,0.0,,,,,,,11.4494454135648,0.0001366086922376,,,72.2606802194578,,3.227,0,0
DJI,2025,,,,6.4954610524268,-0.313731799533481,0.0,48.22332358183111,49.967483040350544,60.35630835803615,62.35868499875781,67.36679420937877,,110.493588636595,,,,,,,95.8024545556204,,25.1647278808558,,26.015,0,0
DZA,2025,,,,3.815543719231,1.41835151429016,-1.825630351224484,52.72318783728903,40.22869574198909,47.5682219555423,59.85664826402947,56.15230322807032,,16.8347751595565,,,,,,,22.1441688566065,,19.5912759166229,,11.633,0,0
EGY,2025,,-3.81547628555514,4.35960492991794,4.39201068570188,14.0735136645934,8.672317899527059,58.50223316247754,37.69248616860115,48.81647506341013,49.79918007460502,60.91226728357836,,19.8200284513845,,,4.23066505478546,,,,31.5143194274435,,25.8412480093151,11.3667005342464,6.781,0,0
ERI,2025,,,,,,0.0,51.11014212390729,78.9330155859495,86.22821224692241,100.0,86.37851118922897,,,,,,,,,,,,,5.978,0,0
ETH,2025,,,,9.7715182202934,13.2296432836809,,83.27536719558955,52.504128303238026,57.45252889539854,58.05176731381525,51.76843958740878,,13.2837545839474,,,,,,,20.176028072184,,,,3.323,0,0
IND,2025,,-0.416854153498652,7.8761457217327,7.56666179284244,2.39884954182294,4.1701885134784025,51.31648613681137,20.032979952357643,29.4393387974985,40.969612250157205,49.1007671473507,2.06283569455848,22.2630410669804,,,0.988285383995246,,,,24.0051596190103,,44.0250903358104,3.80963193396421,4.219,0,0
IRN,2025,,,,-2.82597163290347,42.1712244965444,,79.08114420737509,59.509248642420566,67.12705819643641,82.30603643876425,73.26059826707204,,25.754375261588,,,,,,,34.4882471351587,,,,8.301,0,0
IRQ,2025,,,,-2.15574219066178,0.303454715219382,,83.58474217499452,64.1329744103872,73.10883641224713,66.71135395125012,76.35082160339608,,,,,,,,,,,,,15.485,0,0
ISR,2025,,1.39698911798375,14.5416215671135,2.93114966387968,3.0414132155654,-6.698561148052069,59.15681239760659,0.0,1.5657477563744957,1.4800033547474378,14.46388426041686,,27.5583636636004,,,4.29339412127743,,,,25.4308527107197,,72.4743806692902,0.190691265832484,3.489,0,0
JOR,2025,,,,2.82660839845745,1.76646490894206,0.0,43.84502037809323,31.385337503094853,18.348772355987396,25.69756964035272,32.783242526564386,,,,,,,,,,,71.3096159349229,,16.535,0,0
KWT,2025,,22.6972052506544,8.4055579755159,2.731825804492,2.36195936682045,-0.0769088439921319,24.888720119628545,27.17891513779348,18.1748438463374,24.883918391347997,33.34784000358604,1.39809991865149,,,,0.262764598716339,,,,,,4.92218063765765,0.0152218774761316,2.181,0,0
LBN,2025,,,,,14.597595869611,0.0,68.2351232405811,66.46146756256822,61.522585487936034,61.81169714825431,75.58629654766182,,,,,,,,,,,,,,0,0
LBY,2025,,,,13.3717080516958,1.84166666666702,9.733817354039235,82.8262831692949,77.87897231187422,82.07162757088814,86.51884803143486,84.15681660114431,,71.7134746269549,,,,,,,65.9450985743532,,12.5355481490495,,18.758,0,0
LKA,2025,,,,4.9534339114043,-4.76386036960983,,36.82623644660562,38.35204164680407,32.16285141951786,45.05810551217258,49.21100999679917,9.87219855823573,18.9673796128721,,,,,,,22.8416230396327,,,,4.005,0,0
MAR,2025,,-2.49808221535456,5.92686959641173,4.59524349182247,0.701902154839545,-5.955148400718837,49.64677826414336,29.490369925945565,36.78842412372228,36.345962994062695,55.36565115772502,,41.9692139163022,,,1.81954513887835,,,,51.1324428826402,,,7.48822220209894,9.0,0,0
MDV,2025,,,,6.31092335003081,4.00578494118752,0.1720766799105638,33.72930684274812,41.618307068614826,25.364671250919635,47.90516539950563,50.63261045121823,5.69448806178256,,,,,,,,,,36.4278157508477,,4.514,0,0
NPL,2025,,,,4.43073194983359,2.65334269811436,4.029707994871664,47.09159337012732,56.9732162494291,35.58851333806729,55.71924532084527,62.93585252952707,5.15351145694385,8.82763359925247,,,,,,,33.7244112435844,,90.5447624655163,,10.465,0,0
OMN,2025,,,,2.39787382295398,0.967741935483928,0.0,20.46700481892483,23.56699690381614,7.612484344997535,14.68259909515108,27.18759564827908,,,,,,,,,,,,,3.251,0,0
PAK,2025,,-0.109990064562897,3.75530612751488,3.69842668749033,3.54555214890893,0.9197639523971112,85.75210310440985,52.21932388657805,61.90693204668791,63.78373012733619,71.21659778239574,5.36039727750282,9.98520671042165,,,0.454693640126553,,,,17.2083306683448,,10.7268246496695,9.93795311287398,5.42,0,0
PSE,2025,,-15.8215746940007,2.34819177993939,4.34444072337577,9.80840118100493,,84.72245760935283,72.88044610422133,58.26370371560162,48.19390415806067,57.6383796402329,,21.2278136668395,,,1.9212691698858,,,,53.5326292734358,,56.4537277980556,4.03848787823294,,0,0
QAT,2025,,14.8111802018003,7.45258764673881,2.90166036660493,,0.0,9.023979689426438,5.69061607308523,5.493349408439175,5.380625882339884,16.599765926554724,,,,,1.40702006150615,,,,,,126.754580015982,0.583581962104768,0.13,0,0
SAU,2025,,-2.56365940191401,15.5945460088131,4.50246560191663,2.08420853585036,0.0,35.29040882430045,13.137789883103926,15.509213928916743,15.39055019107945,18.71057890103147,1.03781619190087,29.7448740074211,,,2.55517254024168,,,,28.1733498505598,,,0.0274538093624285,3.038,0,0
SDN,2025,,,,3.06427942935869,,,88.79215001378473,91.3609307582496,89.269711075612,88.96288092686146,85.30216556458836,,1.1030420269355,,,,,,,1.27888825694147,,,,,0,0
SOM,2025,,,,2.99114404482197,,,91.32042192075744,90.00051934188346,100.0,87.77215899246849,88.67842637087402,2.64509995058635,29.2484917491797,,,,,,,98.8149470599555,,,,18.948,0,0
TUN,2025,,,,2.49311010666248,5.15100197572676,,53.62562555385426,42.88574234577783,38.525002188645416,51.8044495645703,46.99146423375966,,46.6517326028796,,,,,,,54.7944728488274,,57.6858342508575,,15.108,0,0
TUR,2025,,,,3.60462514082589,34.8811629820306,20.267572202076543,58.3260742634836,33.777513937126166,53.098150907040775,41.03919795561618,56.07420030159192,,24.8497719904256,,,,,,,25.0849063722672,,45.7827602523781,,8.52,0,0
