reporter_code,flow,year,hs2_code,value_usd
DZA,M,2024,01,130200131.0
DZA,M,2024,02,507326477.0
DZA,M,2024,03,144450371.0
DZA,M,2024,04,1563334268.0
DZA,M,2024,05,361824.0
DZA,M,2024,06,21400797.0
DZA,M,2024,07,689474716.0
DZA,M,2024,08,426126616.0
DZA,M,2024,09,557768094.0
DZA,M,2024,10,4594832435.0
DZA,M,2024,11,59453477.0
DZA,M,2024,12,1007677935.0
DZA,M,2024,13,32977581.0
DZA,M,2024,14,4728092.0
DZA,M,2024,15,1107831037.0
DZA,M,2024,16,106886.0
DZA,M,2024,17,1229184253.0
DZA,M,2024,18,118867891.0
DZA,M,2024,19,141433851.0
DZA,M,2024,20,47973476.0
DZA,M,2024,21,391774892.0
DZA,M,2024,22,3897388.0
DZA,M,2024,23,329801990.0
DZA,M,2024,24,372861043.0
DZA,M,2024,25,189518537.0
DZA,M,2024,26,1066951795.0
DZA,M,2024,27,589027658.0
DZA,M,2024,28,264139754.0
DZA,M,2024,29,834246467.0
DZA,M,2024,30,1970323880.0
DZA,M,2024,31,221786631.0
DZA,M,2024,32,383817779.0
DZA,M,2024,33,296675515.0
DZA,M,2024,34,218067990.0
DZA,M,2024,35,147799052.0
DZA,M,2024,36,6446805.0
DZA,M,2024,37,22911408.0
DZA,M,2024,38,859794294.0
DZA,M,2024,39,3106475074.0
DZA,M,2024,40,485672279.0
DZA,M,2024,41,1072938.0
DZA,M,2024,42,73361676.0
DZA,M,2024,43,279201.0
DZA,M,2024,44,624371286.0
DZA,M,2024,45,732191.0
DZA,M,2024,46,1384452.0
DZA,M,2024,47,98102539.0
DZA,M,2024,48,919389654.0
DZA,M,2024,49,32219019.0
DZA,M,2024,50,157705.0
DZA,M,2024,51,895186.0
DZA,M,2024,52,61531581.0
DZA,M,2024,53,16529088.0
DZA,M,2024,54,461429583.0
DZA,M,2024,55,111026908.0
DZA,M,2024,56,153294322.0
DZA,M,2024,57,35400597.0
DZA,M,2024,58,43763084.0
DZA,M,2024,59,31441268.0
DZA,M,2024,60,109822979.0
DZA,M,2024,61,186976845.0
DZA,M,2024,62,169990494.0
DZA,M,2024,63,42288259.0
DZA,M,2024,64,266640184.0
DZA,M,2024,65,9062502.0
DZA,M,2024,66,7189480.0
DZA,M,2024,67,2093529.0
DZA,M,2024,68,91086861.0
DZA,M,2024,69,125576435.0
DZA,M,2024,70,288295098.0
DZA,M,2024,71,26040175.0
DZA,M,2024,72,1776493133.0
DZA,M,2024,73,1479448985.0
DZA,M,2024,74,335060534.0
DZA,M,2024,75,4366885.0
DZA,M,2024,76,613538337.0
DZA,M,2024,78,6380585.0
DZA,M,2024,79,34385018.0
DZA,M,2024,80,3804999.0
DZA,M,2024,81,2607841.0
DZA,M,2024,82,162618011.0
DZA,M,2024,83,232254412.0
DZA,M,2024,84,6636041768.0
DZA,M,2024,85,3161587546.0
DZA,M,2024,86,15673695.0
DZA,M,2024,87,2951455791.0
DZA,M,2024,88,451595084.0
DZA,M,2024,89,13641130.0
DZA,M,2024,90,940948917.0
DZA,M,2024,91,11566430.0
DZA,M,2024,92,487851.0
DZA,M,2024,94,233555503.0
DZA,M,2024,95,61694179.0
DZA,M,2024,96,107772526.0
DZA,X,2024,02,2382259.515
DZA,X,2024,03,12759087.879
DZA,X,2024,04,726766.78
DZA,X,2024,05,17420.007
DZA,X,2024,06,8974.813
DZA,X,2024,07,2873083.319
DZA,X,2024,08,89064595.893
DZA,X,2024,09,260757.795
DZA,X,2024,10,63.406
DZA,X,2024,11,537923.464
DZA,X,2024,12,13989417.273
DZA,X,2024,13,14159.646
DZA,X,2024,14,89.51
DZA,X,2024,15,10639451.543
DZA,X,2024,16,481787.763
DZA,X,2024,17,85029512.39
DZA,X,2024,18,6335798.474
DZA,X,2024,19,17054226.745
DZA,X,2024,20,5487713.314
DZA,X,2024,21,3935372.004
DZA,X,2024,22,27798864.857
DZA,X,2024,23,1384819.813
DZA,X,2024,24,22443.024
DZA,X,2024,25,520496114.913
DZA,X,2024,26,14534286.59
DZA,X,2024,27,48297902481.559
DZA,X,2024,28,596872587.7
DZA,X,2024,29,41376595.662
DZA,X,2024,30,19598638.407
DZA,X,2024,31,941683755.639
DZA,X,2024,32,910974.684
DZA,X,2024,33,2506651.516
DZA,X,2024,34,2583515.37
DZA,X,2024,35,17266.868
DZA,X,2024,36,154.049
DZA,X,2024,37,7.811
DZA,X,2024,38,2948786.16
DZA,X,2024,39,42852161.389
DZA,X,2024,40,8426936.977
DZA,X,2024,41,1283774.967
DZA,X,2024,42,171253.72
DZA,X,2024,44,2739321.03
DZA,X,2024,45,9836009.186
DZA,X,2024,46,1116.549
DZA,X,2024,47,15157628.299
DZA,X,2024,48,51935768.932
DZA,X,2024,49,106685.694
DZA,X,2024,51,2354395.986
DZA,X,2024,52,4734072.056
DZA,X,2024,53,74.962
DZA,X,2024,54,1392861.856
DZA,X,2024,55,5406098.784
DZA,X,2024,56,299414.335
DZA,X,2024,57,2411350.999
DZA,X,2024,58,563.564
DZA,X,2024,59,5455.054
DZA,X,2024,60,90.882
DZA,X,2024,61,384323.216
DZA,X,2024,62,29440.026
DZA,X,2024,63,438578.418
DZA,X,2024,64,51170.883
DZA,X,2024,65,419.392
DZA,X,2024,66,1.044
DZA,X,2024,67,24.373
DZA,X,2024,68,10124937.199
DZA,X,2024,69,7049318.236
DZA,X,2024,70,60094831.306
DZA,X,2024,71,223.729
DZA,X,2024,72,701722631.892
DZA,X,2024,73,38965984.269
DZA,X,2024,74,20403232.452
DZA,X,2024,75,1459.883
DZA,X,2024,76,6042210.913
DZA,X,2024,78,4000107.112
DZA,X,2024,79,1660947.013
DZA,X,2024,81,8418.023
DZA,X,2024,82,1135607.691
DZA,X,2024,83,105292.328
DZA,X,2024,84,69596956.907
DZA,X,2024,85,38277965.731
DZA,X,2024,87,467988.491
DZA,X,2024,88,13715147.892
DZA,X,2024,90,1568676.132
DZA,X,2024,91,10.847
DZA,X,2024,94,4171284.199
DZA,X,2024,95,22738.634
DZA,X,2024,96,6030483.118
DZA,X,2024,97,3258.251
BHR,M,2024,68,76649469.554
BHR,M,2024,26,1617103534.446
BHR,M,2024,70,80012245.661
BHR,M,2024,25,133649816.349
BHR,M,2024,28,1586485440.842
BHR,M,2024,29,67862202.56
BHR,M,2024,71,635946542.162
BHR,M,2024,82,29367481.866
BHR,M,2024,76,199622002.784
BHR,M,2024,39,395873815.711
BHR,M,2024,64,97297501.433
BHR,M,2024,35,15310852.081
BHR,M,2024,73,339323660.085
BHR,M,2024,34,95792490.094
BHR,M,2024,52,19601447.201
BHR,M,2024,74,145102906.846
BHR,M,2024,72,207940484.049
BHR,M,2024,40,124055582.575
BHR,M,2024,27,404907418.397
BHR,M,2024,91,146956564.846
BHR,M,2024,95,41676693.091
BHR,M,2024,94,215032958.07
BHR,M,2024,63,26589545.664
BHR,M,2024,19,161072874.244
BHR,M,2024,90,229501321.137
BHR,M,2024,62,149911451.14
BHR,M,2024,56,13117434.641
BHR,M,2024,87,1429930238.685
BHR,M,2024,07,148797585.106
BHR,M,2024,85,1177696237.537
BHR,M,2024,09,65136217.302
BHR,M,2024,61,156208656.706
BHR,M,2024,38,132705920.448
BHR,M,2024,17,96140986.729
BHR,M,2024,12,15312343.836
BHR,M,2024,49,54145478.479
BHR,M,2024,44,98251805.499
BHR,M,2024,48,138117991.633
BHR,M,2024,84,1716494744.729
BHR,M,2024,32,80419840.633
BHR,M,2024,15,94238477.054
BHR,M,2024,33,186698569.597
BHR,M,2024,79,5858320.541
BHR,M,2024,03,51721931.359
BHR,M,2024,06,10718053.505
BHR,M,2024,10,133256125.26
BHR,M,2024,75,2750881.641
BHR,M,2024,54,9044660.185
BHR,M,2024,81,28422130.313
BHR,M,2024,65,6016436.232
BHR,M,2024,58,3119391.028
BHR,M,2024,37,2093188.637
BHR,M,2024,67,2337728.424
BHR,M,2024,22,140914398.002
BHR,M,2024,66,737894.2
BHR,M,2024,13,5811173.759
BHR,M,2024,99,57044036.422
BHR,M,2024,96,50164033.066
BHR,M,2024,78,176395.053
BHR,M,2024,88,39173489.721
BHR,M,2024,24,87219123.644
BHR,M,2024,60,2461244.461
BHR,M,2024,21,161422719.137
BHR,M,2024,41,603651.647
BHR,M,2024,97,3858545.706
BHR,M,2024,23,30312607.993
BHR,M,2024,50,882291.886
BHR,M,2024,30,464255016.727
BHR,M,2024,57,22366410.863
BHR,M,2024,59,9097819.547
BHR,M,2024,47,13624344.108
BHR,M,2024,05,141217.287
BHR,M,2024,86,2060433.531
BHR,M,2024,04,388068288.475
BHR,M,2024,14,208964.627
BHR,M,2024,31,2505184.647
BHR,M,2024,83,61308201.782
BHR,M,2024,69,80481658.213
BHR,M,2024,43,261799.467
BHR,M,2024,89,13744423.602
BHR,M,2024,02,302514042.245
BHR,M,2024,46,2450997.891
BHR,M,2024,11,20703765.921
BHR,M,2024,55,9607740.184
BHR,M,2024,45,439160.318
BHR,M,2024,08,201689827.616
BHR,M,2024,42,81444606.189
BHR,M,2024,01,28017127.495
BHR,M,2024,16,66327073.096
BHR,M,2024,53,853340.583
BHR,M,2024,51,533718.19
BHR,M,2024,20,96855467.684
BHR,M,2024,80,525648.615
BHR,M,2024,36,2321163.504
BHR,M,2024,93,173133.909
BHR,M,2024,18,58856170.087
BHR,M,2024,92,1410762.15
BHR,X,2024,76,4900845338.745
BHR,X,2024,09,14561219.77
BHR,X,2024,75,2378832.519
BHR,X,2024,32,13708941.288
BHR,X,2024,20,12671802.834
BHR,X,2024,11,672035.211
BHR,X,2024,84,793323252.136
BHR,X,2024,85,226856409.231
BHR,X,2024,57,449428.882
BHR,X,2024,70,129115880.06
BHR,X,2024,63,65899037.858
BHR,X,2024,72,501114421.774
BHR,X,2024,51,773.271
BHR,X,2024,45,152636.356
BHR,X,2024,19,189957961.923
BHR,X,2024,61,19492237.6
BHR,X,2024,43,1884.681
BHR,X,2024,33,53959839.889
BHR,X,2024,86,10643511.271
BHR,X,2024,06,9024.308
BHR,X,2024,36,7549848.408
BHR,X,2024,26,1777257096.352
BHR,X,2024,21,104272662.343
BHR,X,2024,64,6617058.384
BHR,X,2024,58,148665.239
BHR,X,2024,69,5265630.995
BHR,X,2024,66,25920.984
BHR,X,2024,88,64308623.687
BHR,X,2024,46,213245.957
BHR,X,2024,59,925537.71
BHR,X,2024,24,1437766.671
BHR,X,2024,41,22687.048
BHR,X,2024,08,2108295.233
BHR,X,2024,90,37744921.72
BHR,X,2024,83,30422856.158
BHR,X,2024,28,62226125.795
BHR,X,2024,93,85649.681
BHR,X,2024,12,2193462.44
BHR,X,2024,29,120184972.534
BHR,X,2024,37,63066.835
BHR,X,2024,73,472862199.148
BHR,X,2024,16,11391723.689
BHR,X,2024,18,3424164.165
BHR,X,2024,96,29263829.14
BHR,X,2024,27,6954232.585
BHR,X,2024,99,47050302.65
BHR,X,2024,03,45093790.155
BHR,X,2024,79,598830.424
BHR,X,2024,13,165787.686
BHR,X,2024,47,6755513.118
BHR,X,2024,01,8446424.336
BHR,X,2024,02,2042930.286
BHR,X,2024,67,41697.393
BHR,X,2024,31,268218155.514
BHR,X,2024,65,15571526.469
BHR,X,2024,15,3874680.041
BHR,X,2024,74,221958418.155
BHR,X,2024,87,477761464.026
BHR,X,2024,89,15542377.24
BHR,X,2024,97,506889.812
BHR,X,2024,95,8295979.922
BHR,X,2024,68,23960921.709
BHR,X,2024,49,1350328.36
BHR,X,2024,38,47927119.668
BHR,X,2024,62,32222536.604
BHR,X,2024,22,33894304.152
BHR,X,2024,35,1170980.183
BHR,X,2024,54,1705179.702
BHR,X,2024,07,20044209.62
BHR,X,2024,04,504601187.349
BHR,X,2024,78,585481.647
BHR,X,2024,80,943676.752
BHR,X,2024,52,8519289.176
BHR,X,2024,71,378114687.547
BHR,X,2024,48,39717603.151
BHR,X,2024,92,83731.542
BHR,X,2024,91,62737055.687
BHR,X,2024,10,525524.068
BHR,X,2024,55,157182.872
BHR,X,2024,42,7149728.063
BHR,X,2024,53,49995.851
BHR,X,2024,60,13714.282
BHR,X,2024,23,1362982.31
BHR,X,2024,81,2491126.242
BHR,X,2024,56,617159.812
BHR,X,2024,30,5077039.293
BHR,X,2024,17,28166631.962
BHR,X,2024,94,53250057.657
BHR,X,2024,25,986192.55
BHR,X,2024,82,6520860.938
BHR,X,2024,39,230969555.096
BHR,X,2024,40,52010738.964
BHR,X,2024,34,78385082.182
BHR,X,2024,44,22704068.202
EGY,M,2025,03,574229723.008
EGY,M,2025,05,11543257.536
EGY,M,2025,06,22233046.341
EGY,M,2025,09,848952961.877
EGY,M,2025,12,2542301210.57
EGY,M,2025,20,76174217.76
EGY,M,2025,25,317065850.02
EGY,M,2025,26,1363114981.899
EGY,M,2025,28,575602588.223
EGY,M,2025,29,2164533193.503
EGY,M,2025,32,604323985.495
EGY,M,2025,34,265201963.574
EGY,M,2025,37,25516686.044
EGY,M,2025,40,1041020071.806
EGY,M,2025,43,126837.57
EGY,M,2025,45,916982.503
EGY,M,2025,48,1375524758.813
EGY,M,2025,49,74513973.116
EGY,M,2025,52,1019344256.094
EGY,M,2025,54,1324188195.288
EGY,M,2025,57,11482846.527
EGY,M,2025,60,959790474.906
EGY,M,2025,65,9841900.845
EGY,M,2025,68,153995805.906
EGY,M,2025,69,179629290.471
EGY,M,2025,71,1109949870.498
EGY,M,2025,72,4286394123.455
EGY,M,2025,75,7189746.317
EGY,M,2025,78,11302534.056
EGY,M,2025,81,8781415.639
EGY,M,2025,84,8128740644.65
EGY,M,2025,87,5872244459.505
EGY,M,2025,89,14010539.778
EGY,M,2025,90,1212075794.047
EGY,M,2025,92,774782.873
EGY,M,2025,93,1709019.371
EGY,M,2025,96,158106486.781
EGY,M,2025,10,6771229406.58
EGY,M,2025,30,2935944024.884
EGY,M,2025,36,7391170.235
EGY,M,2025,50,1399930.528
EGY,M,2025,53,41223802.061
EGY,M,2025,70,230747804.204
EGY,M,2025,73,2393137229.401
EGY,M,2025,76,799615981.621
EGY,M,2025,97,149214.619
EGY,M,2025,01,420749266.948
EGY,M,2025,21,474316602.432
EGY,M,2025,24,348576817.77
EGY,M,2025,44,1264860303.21
EGY,M,2025,47,310667670.327
EGY,M,2025,85,6644513744.225
EGY,M,2025,88,1380862871.422
EGY,M,2025,91,38956912.743
EGY,M,2025,35,192497706.074
EGY,M,2025,38,1285439130.415
EGY,M,2025,41,3587769.307
EGY,M,2025,55,697135256.976
EGY,M,2025,58,64210806.063
EGY,M,2025,82,151308937.174
EGY,M,2025,22,86158081.717
EGY,M,2025,39,4272411268.803
EGY,M,2025,42,43760264.746
EGY,M,2025,59,81908166.176
EGY,M,2025,62,208661465.647
EGY,M,2025,83,294841740.115
EGY,M,2025,86,229072308.593
EGY,M,2025,99,236484713.385
EGY,M,2025,08,569494464.233
EGY,M,2025,11,48734790.403
EGY,M,2025,14,4069762.801
EGY,M,2025,17,607965463.318
EGY,M,2025,23,298160675.893
EGY,M,2025,31,369042144.677
EGY,M,2025,46,508133.332
EGY,M,2025,51,16086760.449
EGY,M,2025,63,90542750.176
EGY,M,2025,66,1245761.373
EGY,M,2025,74,2042266517.559
EGY,M,2025,95,93067808.809
EGY,M,2025,13,34730890.512
EGY,M,2025,33,351809175.634
EGY,M,2025,56,151097421.822
EGY,M,2025,04,695950114.13
EGY,M,2025,07,607309598.847
EGY,M,2025,27,21656121195.66
EGY,M,2025,64,147280069.548
EGY,M,2025,67,3845248.933
EGY,M,2025,15,2311690623.521
EGY,M,2025,18,354299298.827
EGY,M,2025,61,112893031.674
EGY,M,2025,79,113775627.234
EGY,M,2025,02,1370332498.429
EGY,M,2025,16,180732125.954
EGY,M,2025,19,194899879.95
EGY,M,2025,80,7737102.097
EGY,M,2025,94,303796871.189
EGY,X,2025,99,100.0
EGY,X,2025,09,107839082.595
EGY,X,2025,11,392571163.655
EGY,X,2025,14,3061440.289
EGY,X,2025,31,2247237656.514
EGY,X,2025,32,344918112.103
EGY,X,2025,34,388177632.587
EGY,X,2025,48,403219569.019
EGY,X,2025,54,290065373.659
EGY,X,2025,66,592508.33
EGY,X,2025,69,278251799.416
EGY,X,2025,87,274225859.759
EGY,X,2025,92,409540.643
EGY,X,2025,95,7087090.855
EGY,X,2025,18,295851040.456
EGY,X,2025,35,86656369.31
EGY,X,2025,04,266563734.381
EGY,X,2025,24,121406590.049
EGY,X,2025,47,961490.61
EGY,X,2025,67,17985.0
EGY,X,2025,10,88916568.028
EGY,X,2025,50,1250.0
EGY,X,2025,76,958206133.118
EGY,X,2025,02,5118495.056
EGY,X,2025,16,10825943.828
EGY,X,2025,19,513122256.821
EGY,X,2025,07,2191898847.844
EGY,X,2025,08,3001907443.883
EGY,X,2025,68,402146806.871
EGY,X,2025,20,1072562397.887
EGY,X,2025,03,111021820.495
EGY,X,2025,05,64871531.061
EGY,X,2025,06,18284052.709
EGY,X,2025,12,646481727.738
EGY,X,2025,17,504067804.348
EGY,X,2025,23,203915738.667
EGY,X,2025,25,1571308210.876
EGY,X,2025,26,35113276.518
EGY,X,2025,28,729704794.331
EGY,X,2025,29,219458338.616
EGY,X,2025,37,61645.543
EGY,X,2025,40,172687557.179
EGY,X,2025,43,43991.0
EGY,X,2025,45,409.0
EGY,X,2025,46,2501631.493
EGY,X,2025,49,34721599.785
EGY,X,2025,51,36786096.598
EGY,X,2025,52,446979437.706
EGY,X,2025,57,398023122.356
EGY,X,2025,60,77433802.516
EGY,X,2025,63,295900384.752
EGY,X,2025,65,1046441.355
EGY,X,2025,71,7626773336.189
EGY,X,2025,72,1819201623.167
EGY,X,2025,74,957035474.78
EGY,X,2025,75,1304960.167
EGY,X,2025,81,49740.906
EGY,X,2025,84,584727440.356
EGY,X,2025,89,208636651.045
EGY,X,2025,90,173795159.845
EGY,X,2025,93,299402430.276
EGY,X,2025,96,206698102.77
EGY,X,2025,15,598010385.881
EGY,X,2025,38,323264950.994
EGY,X,2025,41,50868382.674
EGY,X,2025,55,137160126.616
EGY,X,2025,58,25227417.104
EGY,X,2025,61,1157382355.109
EGY,X,2025,79,2250032.51
EGY,X,2025,82,59192250.949
EGY,X,2025,01,33901036.1
EGY,X,2025,21,981754652.109
EGY,X,2025,27,5028849663.449
EGY,X,2025,44,75645914.644
EGY,X,2025,64,50477353.494
EGY,X,2025,85,3459299877.74
EGY,X,2025,88,90193863.114
EGY,X,2025,91,1113611.92
EGY,X,2025,13,5385290.791
EGY,X,2025,30,507221071.403
EGY,X,2025,33,391138893.284
EGY,X,2025,36,144202842.159
EGY,X,2025,53,120569316.42
EGY,X,2025,56,172468491.267
EGY,X,2025,70,695981415.846
EGY,X,2025,73,774878191.15
EGY,X,2025,94,327451711.985
EGY,X,2025,97,437576.798
EGY,X,2025,22,29532899.315
EGY,X,2025,39,2588355439.058
EGY,X,2025,42,4602900.298
EGY,X,2025,59,8127765.245
EGY,X,2025,62,2325227648.527
EGY,X,2025,80,100.0
EGY,X,2025,83,16701907.061
EGY,X,2025,86,2556443.081
IRQ,M,2024,61,153233090.0
IRQ,M,2024,60,1113325.0
IRQ,M,2024,63,84900640.0
IRQ,M,2024,64,88702715.0
IRQ,M,2024,65,6042710.0
IRQ,M,2024,66,2228653.0
IRQ,M,2024,67,2400898.0
IRQ,M,2024,68,514744087.0
IRQ,M,2024,69,388621105.0
IRQ,M,2024,70,1937068631.0
IRQ,M,2024,71,2015379735.0
IRQ,M,2024,72,919236288.0
IRQ,M,2024,73,3255803191.0
IRQ,M,2024,74,1270288084.0
IRQ,M,2024,75,110654444.0
IRQ,M,2024,76,283414086.0
IRQ,M,2024,79,44423088.0
IRQ,M,2024,78,322904.0
IRQ,M,2024,80,4363474.0
IRQ,M,2024,81,1933824.0
IRQ,M,2024,82,3002861873.0
IRQ,M,2024,83,66029232.0
IRQ,M,2024,84,3514376996.0
IRQ,M,2024,85,1943995722.0
IRQ,M,2024,87,4442800274.0
IRQ,M,2024,86,296142.0
IRQ,M,2024,89,8199435.0
IRQ,M,2024,90,846973545.0
IRQ,M,2024,88,70352708.0
IRQ,M,2024,92,634701.0
IRQ,M,2024,93,400628022.0
IRQ,M,2024,91,20054940.0
IRQ,M,2024,94,249649874.0
IRQ,M,2024,95,58360383.0
IRQ,M,2024,96,61747199.0
IRQ,M,2024,97,696542.0
IRQ,M,2024,01,110448552.0
IRQ,M,2024,02,654418550.0
IRQ,M,2024,07,300951378.0
IRQ,M,2024,04,653429130.0
IRQ,M,2024,05,170146.0
IRQ,M,2024,06,3290344.0
IRQ,M,2024,09,167668954.0
IRQ,M,2024,08,743671864.0
IRQ,M,2024,10,530119821.0
IRQ,M,2024,11,47934137.0
IRQ,M,2024,12,206840437.0
IRQ,M,2024,16,128619685.0
IRQ,M,2024,13,8840558.0
IRQ,M,2024,14,377845.0
IRQ,M,2024,15,391896192.0
IRQ,M,2024,17,727245195.0
IRQ,M,2024,19,273085990.0
IRQ,M,2024,18,101720541.0
IRQ,M,2024,21,215939967.0
IRQ,M,2024,22,29882016.0
IRQ,M,2024,23,282178646.0
IRQ,M,2024,24,28500401.0
IRQ,M,2024,20,313361738.0
IRQ,M,2024,25,140261347.0
IRQ,M,2024,26,14206364.0
IRQ,M,2024,27,2176391202.0
IRQ,M,2024,28,144886160.0
IRQ,M,2024,29,42834297.0
IRQ,M,2024,30,2423393792.0
IRQ,M,2024,31,228476743.0
IRQ,M,2024,32,73776989.0
IRQ,M,2024,34,166557478.0
IRQ,M,2024,35,30294852.0
IRQ,M,2024,33,113911465.0
IRQ,M,2024,37,7880328.0
IRQ,M,2024,36,548352.0
IRQ,M,2024,38,399110283.0
IRQ,M,2024,39,2106241604.0
IRQ,M,2024,40,1302046522.0
IRQ,M,2024,41,271808.0
IRQ,M,2024,42,32561074.0
IRQ,M,2024,43,967525.0
IRQ,M,2024,44,142671587.0
IRQ,M,2024,03,65898724.0
IRQ,M,2024,45,22849411.0
IRQ,M,2024,46,19240648.0
IRQ,M,2024,48,194299839.0
IRQ,M,2024,47,5288793.0
IRQ,M,2024,49,43038097.0
IRQ,M,2024,50,7776166.0
IRQ,M,2024,51,1482856.0
IRQ,M,2024,52,20907629.0
IRQ,M,2024,54,29007889.0
IRQ,M,2024,53,6896589.0
IRQ,M,2024,55,27999934.0
IRQ,M,2024,56,8811186.0
IRQ,M,2024,57,41917417.0
IRQ,M,2024,58,6528349.0
IRQ,M,2024,59,7242431.0
IRQ,M,2024,62,137189116.0
IRQ,X,2024,01,45000.0
IRQ,X,2024,05,10000.0
IRQ,X,2024,06,4000.0
IRQ,X,2024,07,3946375.0
IRQ,X,2024,02,6149320.0
IRQ,X,2024,04,6704730.0
IRQ,X,2024,08,51359650.0
IRQ,X,2024,12,8301492.0
IRQ,X,2024,09,2160.0
IRQ,X,2024,10,10052900.0
IRQ,X,2024,13,1112544.0
IRQ,X,2024,15,405214500.0
IRQ,X,2024,11,9104441.0
IRQ,X,2024,16,2826060.0
IRQ,X,2024,17,3910656.0
IRQ,X,2024,19,875236.0
IRQ,X,2024,20,9236726.0
IRQ,X,2024,21,403002.0
IRQ,X,2024,22,2622920.0
IRQ,X,2024,18,4476700.0
IRQ,X,2024,23,654795.0
IRQ,X,2024,24,18090435.0
IRQ,X,2024,25,2654400.0
IRQ,X,2024,26,20000.0
IRQ,X,2024,27,104057434843.0
IRQ,X,2024,32,279760500.0
IRQ,X,2024,28,28515745.0
IRQ,X,2024,33,145500.0
IRQ,X,2024,34,1704633.0
IRQ,X,2024,38,105208899.0
IRQ,X,2024,39,7628303.0
IRQ,X,2024,41,3563412.0
IRQ,X,2024,44,95366.0
IRQ,X,2024,47,3425000.0
IRQ,X,2024,40,237500.0
IRQ,X,2024,49,477492.0
IRQ,X,2024,51,650000.0
IRQ,X,2024,53,75000.0
IRQ,X,2024,56,6120.0
IRQ,X,2024,57,880275.0
IRQ,X,2024,30,241.0
IRQ,X,2024,70,165000.0
IRQ,X,2024,72,1500000.0
IRQ,X,2024,73,1808301.0
IRQ,X,2024,74,730960.0
IRQ,X,2024,82,120000.0
IRQ,X,2024,83,358910.0
IRQ,X,2024,84,29645000.0
IRQ,X,2024,85,5797500.0
IRQ,X,2024,94,1152000.0
IRQ,X,2024,96,100000.0
ISR,M,2025,03,835461000.0
ISR,M,2025,05,7370000.0
ISR,M,2025,06,45967000.0
ISR,M,2025,12,424169000.0
ISR,M,2025,14,5103000.0
ISR,M,2025,25,730564000.0
ISR,M,2025,26,19214000.0
ISR,M,2025,28,581821000.0
ISR,M,2025,29,1333673000.0
ISR,M,2025,32,465029000.0
ISR,M,2025,34,515717000.0
ISR,M,2025,37,289460000.0
ISR,M,2025,40,647155000.0
ISR,M,2025,43,618000.0
ISR,M,2025,45,8212000.0
ISR,M,2025,46,18367000.0
ISR,M,2025,49,89179000.0
ISR,M,2025,52,41060000.0
ISR,M,2025,54,111030000.0
ISR,M,2025,57,75188000.0
ISR,M,2025,63,346603000.0
ISR,M,2025,65,81530000.0
ISR,M,2025,68,475474000.0
ISR,M,2025,69,631339000.0
ISR,M,2025,71,3505642000.0
ISR,M,2025,75,66975000.0
ISR,M,2025,78,5096000.0
ISR,M,2025,81,103843000.0
ISR,M,2025,84,11493654000.0
ISR,M,2025,87,8362220000.0
ISR,M,2025,89,203886000.0
ISR,M,2025,90,4031344000.0
ISR,M,2025,92,32286000.0
ISR,M,2025,93,28377000.0
ISR,M,2025,22,657968000.0
ISR,M,2025,39,3211222000.0
ISR,M,2025,42,277559000.0
ISR,M,2025,59,69892000.0
ISR,M,2025,62,1259493000.0
ISR,M,2025,83,385852000.0
ISR,M,2025,86,652020000.0
ISR,M,2025,01,532401000.0
ISR,M,2025,21,638855000.0
ISR,M,2025,24,340548000.0
ISR,M,2025,44,771778000.0
ISR,M,2025,47,99855000.0
ISR,M,2025,64,796909000.0
ISR,M,2025,67,64245000.0
ISR,M,2025,85,12804018000.0
ISR,M,2025,88,762955000.0
ISR,M,2025,91,156533000.0
ISR,M,2025,15,508196000.0
ISR,M,2025,35,194793000.0
ISR,M,2025,38,1019287000.0
ISR,M,2025,41,9166000.0
ISR,M,2025,55,151204000.0
ISR,M,2025,58,22532000.0
ISR,M,2025,79,16284000.0
ISR,M,2025,82,296653000.0
ISR,M,2025,30,4060390000.0
ISR,M,2025,36,6108000.0
ISR,M,2025,50,791000.0
ISR,M,2025,56,123439000.0
ISR,M,2025,70,464358000.0
ISR,M,2025,73,1850479000.0
ISR,M,2025,97,62980000.0
ISR,M,2025,99,2695873000.0
ISR,M,2025,08,522521000.0
ISR,M,2025,09,331031000.0
ISR,M,2025,11,128421000.0
ISR,M,2025,17,391134000.0
ISR,M,2025,20,562362000.0
ISR,M,2025,23,652658000.0
ISR,M,2025,31,136907000.0
ISR,M,2025,48,857585000.0
ISR,M,2025,51,6008000.0
ISR,M,2025,60,58382000.0
ISR,M,2025,66,11745000.0
ISR,M,2025,72,2565901000.0
ISR,M,2025,74,406712000.0
ISR,M,2025,95,563936000.0
ISR,M,2025,96,334449000.0
ISR,M,2025,02,1281471000.0
ISR,M,2025,16,193271000.0
ISR,M,2025,19,614772000.0
ISR,M,2025,80,3439000.0
ISR,M,2025,04,303994000.0
ISR,M,2025,07,368018000.0
ISR,M,2025,27,7907366000.0
ISR,M,2025,18,507104000.0
ISR,M,2025,61,1508128000.0
ISR,M,2025,10,1048187000.0
ISR,M,2025,13,34332000.0
ISR,M,2025,33,1116281000.0
ISR,M,2025,53,8639000.0
ISR,M,2025,76,1050799000.0
ISR,M,2025,94,1416372000.0
ISR,X,2025,38,2095732000.0
ISR,X,2025,55,12624000.0
ISR,X,2025,58,2459000.0
ISR,X,2025,61,22015000.0
ISR,X,2025,79,5706000.0
ISR,X,2025,82,923821000.0
ISR,X,2025,24,171000.0
ISR,X,2025,44,6937000.0
ISR,X,2025,64,28851000.0
ISR,X,2025,67,16437000.0
ISR,X,2025,85,13528645000.0
ISR,X,2025,88,1613782000.0
ISR,X,2025,91,27957000.0
ISR,X,2025,97,60660000.0
ISR,X,2025,13,7346000.0
ISR,X,2025,30,1757052000.0
ISR,X,2025,53,249000.0
ISR,X,2025,56,288617000.0
ISR,X,2025,70,296510000.0
ISR,X,2025,73,685451000.0
ISR,X,2025,11,3435000.0
ISR,X,2025,12,245300000.0
ISR,X,2025,25,89236000.0
ISR,X,2025,26,4011000.0
ISR,X,2025,28,1291907000.0
ISR,X,2025,29,1005665000.0
ISR,X,2025,31,1689484000.0
ISR,X,2025,32,244200000.0
ISR,X,2025,37,1041000.0
ISR,X,2025,40,46980000.0
ISR,X,2025,43,120000.0
ISR,X,2025,46,9000.0
ISR,X,2025,48,123159000.0
ISR,X,2025,49,186211000.0
ISR,X,2025,51,3460000.0
ISR,X,2025,52,55722000.0
ISR,X,2025,54,128561000.0
ISR,X,2025,57,2596000.0
ISR,X,2025,60,234469000.0
ISR,X,2025,65,4365000.0
ISR,X,2025,68,73908000.0
ISR,X,2025,69,35148000.0
ISR,X,2025,71,4966847000.0
ISR,X,2025,75,13933000.0
ISR,X,2025,78,19605000.0
ISR,X,2025,81,171331000.0
ISR,X,2025,84,4951254000.0
ISR,X,2025,89,104136000.0
ISR,X,2025,90,7804347000.0
ISR,X,2025,92,3569000.0
ISR,X,2025,93,2418766000.0
ISR,X,2025,95,28499000.0
ISR,X,2025,96,34096000.0
ISR,X,2025,22,70189000.0
ISR,X,2025,39,2543782000.0
ISR,X,2025,42,22804000.0
ISR,X,2025,62,68157000.0
ISR,X,2025,83,123900000.0
ISR,X,2025,86,24599000.0
ISR,X,2025,15,52170000.0
ISR,X,2025,18,31522000.0
ISR,X,2025,35,20618000.0
ISR,X,2025,41,2444000.0
ISR,X,2025,21,442669000.0
ISR,X,2025,47,6852000.0
ISR,X,2025,94,585728000.0
ISR,X,2025,10,28021000.0
ISR,X,2025,33,605780000.0
ISR,X,2025,36,1403000.0
ISR,X,2025,50,179000.0
ISR,X,2025,76,370720000.0
ISR,X,2025,14,13000.0
ISR,X,2025,17,53734000.0
ISR,X,2025,20,335527000.0
ISR,X,2025,23,11394000.0
ISR,X,2025,34,154325000.0
ISR,X,2025,45,3000.0
ISR,X,2025,63,66979000.0
ISR,X,2025,66,26000.0
ISR,X,2025,72,108945000.0
ISR,X,2025,74,238718000.0
ISR,X,2025,87,127063000.0
ISR,X,2025,16,38808000.0
ISR,X,2025,19,166204000.0
ISR,X,2025,59,175543000.0
ISR,X,2025,80,953662000.0
ISR,X,2025,27,3929372000.0
ISR,X,2025,99,57685000.0
JOR,M,2024,01,352949445.969
JOR,M,2024,25,139625037.609
JOR,M,2024,87,2596768566.886
JOR,M,2024,89,9391374.634
JOR,M,2024,70,101869851.765
JOR,M,2024,73,288568299.782
JOR,M,2024,76,214577634.906
JOR,M,2024,94,172579256.44
JOR,M,2024,04,387627088.203
JOR,M,2024,35,39656763.571
JOR,M,2024,09,355169368.399
JOR,M,2024,17,311455837.967
JOR,M,2024,28,347845604.224
JOR,M,2024,29,512644789.997
JOR,M,2024,84,1895960630.298
JOR,M,2024,27,2930511150.969
JOR,M,2024,44,229067525.242
JOR,M,2024,10,950454524.12
JOR,M,2024,13,6729676.938
JOR,M,2024,30,827687414.7
JOR,M,2024,33,323390961.185
JOR,M,2024,36,4192002.678
JOR,M,2024,50,13242.014
JOR,M,2024,53,8209171.313
JOR,M,2024,56,53465713.065
JOR,M,2024,97,384502.745
JOR,M,2024,99,1729712958.966
JOR,M,2024,07,106405042.723
JOR,M,2024,21,312284053.359
JOR,M,2024,15,286387091.761
JOR,M,2024,18,104690464.742
JOR,M,2024,38,197372948.098
JOR,M,2024,41,232361.901
JOR,M,2024,55,53696662.121
JOR,M,2024,58,61673702.942
JOR,M,2024,61,324867316.701
JOR,M,2024,79,2397896.852
JOR,M,2024,82,42157224.479
JOR,M,2024,02,515701313.016
JOR,M,2024,16,88194751.158
JOR,M,2024,19,291151455.732
JOR,M,2024,22,233037017.216
JOR,M,2024,39,903438820.642
JOR,M,2024,42,34604712.023
JOR,M,2024,59,14403534.253
JOR,M,2024,62,88607088.65
JOR,M,2024,80,434036.379
JOR,M,2024,83,93474440.297
JOR,M,2024,86,15541525.855
JOR,M,2024,03,81819491.135
JOR,M,2024,05,1430443.63
JOR,M,2024,06,12006584.837
JOR,M,2024,08,345360605.612
JOR,M,2024,11,36083972.117
JOR,M,2024,12,212197639.49
JOR,M,2024,14,1779450.037
JOR,M,2024,20,213795637.499
JOR,M,2024,23,282387495.491
JOR,M,2024,26,1408391.939
JOR,M,2024,31,60878333.451
JOR,M,2024,32,123951434.29
JOR,M,2024,34,175751810.459
JOR,M,2024,37,5494863.138
JOR,M,2024,40,162054027.908
JOR,M,2024,43,21625.873
JOR,M,2024,45,108216.746
JOR,M,2024,46,811755.561
JOR,M,2024,48,384527621.058
JOR,M,2024,49,46367473.678
JOR,M,2024,51,8755425.227
JOR,M,2024,52,24814457.785
JOR,M,2024,54,230147798.38
JOR,M,2024,57,22574225.777
JOR,M,2024,60,736318464.847
JOR,M,2024,63,69289127.637
JOR,M,2024,65,2347829.218
JOR,M,2024,66,1390174.587
JOR,M,2024,68,80454486.04
JOR,M,2024,69,155631596.406
JOR,M,2024,71,1493878617.251
JOR,M,2024,72,617329689.444
JOR,M,2024,74,254271638.998
JOR,M,2024,75,1989208.797
JOR,M,2024,78,266710.943
JOR,M,2024,81,486373.224
JOR,M,2024,90,407656966.369
JOR,M,2024,92,606297.618
JOR,M,2024,95,45481219.99
JOR,M,2024,96,116634992.382
JOR,M,2024,24,135492322.748
JOR,M,2024,47,87335860.02
JOR,M,2024,64,90361230.602
JOR,M,2024,67,2792184.654
JOR,M,2024,85,1354467465.697
JOR,M,2024,88,165482390.011
JOR,M,2024,91,29169808.786
JOR,X,2024,28,1117493692.059
JOR,X,2024,04,83849649.664
JOR,X,2024,07,295917423.718
JOR,X,2024,21,180455633.219
JOR,X,2024,24,219437841.187
JOR,X,2024,27,37164509.269
JOR,X,2024,44,9469075.056
JOR,X,2024,47,16889020.654
JOR,X,2024,64,2780790.668
JOR,X,2024,67,1015.859
JOR,X,2024,88,103021997.621
JOR,X,2024,91,2943208.329
JOR,X,2024,02,75320715.746
JOR,X,2024,16,74201312.369
JOR,X,2024,19,91727547.119
JOR,X,2024,22,20767914.05
JOR,X,2024,39,334983050.192
JOR,X,2024,42,2189795.726
JOR,X,2024,59,1230810.729
JOR,X,2024,62,56618648.647
JOR,X,2024,80,127177.38
JOR,X,2024,83,3254212.244
JOR,X,2024,15,20636642.938
JOR,X,2024,18,85183697.759
JOR,X,2024,35,7898891.666
JOR,X,2024,38,197433780.591
JOR,X,2024,41,2812245.668
JOR,X,2024,55,2004527.67
JOR,X,2024,58,1756790.882
JOR,X,2024,61,2361505616.845
JOR,X,2024,79,947514.49
JOR,X,2024,82,2653442.203
JOR,X,2024,03,1775507.445
JOR,X,2024,05,391269.534
JOR,X,2024,06,1018286.053
JOR,X,2024,08,443335056.825
JOR,X,2024,09,132990651.531
JOR,X,2024,11,8239537.215
JOR,X,2024,14,46282.183
JOR,X,2024,17,58170228.628
JOR,X,2024,20,134810030.779
JOR,X,2024,23,87147549.978
JOR,X,2024,25,805563278.845
JOR,X,2024,26,1963663.459
JOR,X,2024,29,23171732.705
JOR,X,2024,32,102124913.905
JOR,X,2024,34,361895185.055
JOR,X,2024,37,37295.887
JOR,X,2024,40,7104321.204
JOR,X,2024,43,1586525.573
JOR,X,2024,45,24238.366
JOR,X,2024,46,497236.139
JOR,X,2024,49,8600995.228
JOR,X,2024,51,1076300.081
JOR,X,2024,52,1023255.701
JOR,X,2024,54,11224202.473
JOR,X,2024,57,51924543.506
JOR,X,2024,60,19874971.912
JOR,X,2024,63,12823561.398
JOR,X,2024,65,72288.493
JOR,X,2024,66,809.859
JOR,X,2024,68,16728733.893
JOR,X,2024,69,17805579.44
JOR,X,2024,72,111438546.764
JOR,X,2024,75,41782.634
JOR,X,2024,78,14289535.83
JOR,X,2024,81,3846.465
JOR,X,2024,92,134200.45
JOR,X,2024,95,1959321.318
JOR,X,2024,96,91877056.724
JOR,X,2024,99,32307832.199
JOR,X,2024,10,8059154.638
JOR,X,2024,13,98980.197
JOR,X,2024,30,896910885.281
JOR,X,2024,33,53417088.276
JOR,X,2024,36,592085.548
JOR,X,2024,53,957850.701
JOR,X,2024,56,2944723.921
JOR,X,2024,70,4656526.549
JOR,X,2024,76,214456275.3
JOR,X,2024,94,55311470.468
JOR,X,2024,97,375778.675
JOR,X,2024,01,265093748.853
JOR,X,2024,85,331236564.133
JOR,X,2024,86,1190972.799
JOR,X,2024,12,29475789.982
JOR,X,2024,48,173615563.916
JOR,X,2024,71,1019037101.549
JOR,X,2024,74,123296432.827
JOR,X,2024,84,359170107.458
JOR,X,2024,89,6182280.263
JOR,X,2024,90,77704929.189
JOR,X,2024,73,150975695.702
JOR,X,2024,31,1377236419.28
JOR,X,2024,87,152973434.823
KWT,M,2025,56,18394342.759
KWT,M,2025,70,133549227.709
KWT,M,2025,73,2003441401.239
KWT,M,2025,76,344393977.617
KWT,M,2025,97,16414903.573
KWT,M,2025,04,838650645.931
KWT,M,2025,27,262747439.547
KWT,M,2025,44,242661430.479
KWT,M,2025,10,640191323.355
KWT,M,2025,30,2585634726.637
KWT,M,2025,94,573474881.844
KWT,M,2025,96,193720463.884
KWT,M,2025,21,457556124.886
KWT,M,2025,85,3740984256.28
KWT,M,2025,88,767889948.086
KWT,M,2025,91,332164421.686
KWT,M,2025,13,9688133.82
KWT,M,2025,33,896639532.381
KWT,M,2025,36,15460332.796
KWT,M,2025,50,1147106.859
KWT,M,2025,53,3099632.505
KWT,M,2025,01,172663191.575
KWT,M,2025,07,328075622.74
KWT,M,2025,24,246383386.803
KWT,M,2025,47,10674575.294
KWT,M,2025,64,371027806.031
KWT,M,2025,67,9404179.16
KWT,M,2025,38,795277424.17
KWT,M,2025,61,1188998269.457
KWT,M,2025,79,7780144.259
KWT,M,2025,37,3244160.209
KWT,M,2025,52,14718267.054
KWT,M,2025,63,80932159.302
KWT,M,2025,69,187331945.808
KWT,M,2025,74,198415429.388
KWT,M,2025,84,3881791322.156
KWT,M,2025,87,6417782575.804
KWT,M,2025,90,909643794.921
KWT,M,2025,42,337539013.647
KWT,M,2025,62,526482965.338
KWT,M,2025,83,100684103.68
KWT,M,2025,18,258320392.189
KWT,M,2025,41,99985.092
KWT,M,2025,58,9246388.86
KWT,M,2025,82,117900118.307
KWT,M,2025,03,221535932.817
KWT,M,2025,05,796287.699
KWT,M,2025,06,51083502.425
KWT,M,2025,08,587692038.81
KWT,M,2025,09,289298794.456
KWT,M,2025,11,23704452.528
KWT,M,2025,14,1703855.235
KWT,M,2025,20,324359883.258
KWT,M,2025,43,1202536.286
KWT,M,2025,45,970757.41
KWT,M,2025,49,42021318.099
KWT,M,2025,51,7548329.485
KWT,M,2025,60,15053323.828
KWT,M,2025,65,21560953.985
KWT,M,2025,66,2044133.503
KWT,M,2025,75,14680440.59
KWT,M,2025,78,961822.127
KWT,M,2025,81,3319773.975
KWT,M,2025,89,43183968.694
KWT,M,2025,92,2058645.994
KWT,M,2025,93,6591079.428
KWT,M,2025,02,916856392.101
KWT,M,2025,16,215991492.167
KWT,M,2025,22,160761232.208
KWT,M,2025,80,883858.688
KWT,M,2025,86,8574079.021
KWT,M,2025,99,516542202.562
KWT,M,2025,15,266103418.06
KWT,M,2025,35,48489300.795
KWT,M,2025,55,56483111.872
KWT,M,2025,12,117706864.27
KWT,M,2025,17,148224877.579
KWT,M,2025,23,119858211.372
KWT,M,2025,25,495083779.148
KWT,M,2025,26,18537620.568
KWT,M,2025,28,124395673.757
KWT,M,2025,29,236208146.29
KWT,M,2025,31,20128733.946
KWT,M,2025,32,159866972.956
KWT,M,2025,34,394101191.999
KWT,M,2025,40,310866327.524
KWT,M,2025,46,5663340.606
KWT,M,2025,48,368168907.266
KWT,M,2025,54,61138570.242
KWT,M,2025,57,63034305.609
KWT,M,2025,68,188669193.388
KWT,M,2025,71,3284538289.653
KWT,M,2025,72,782539043.392
KWT,M,2025,95,186141542.969
KWT,M,2025,19,515133462.931
KWT,M,2025,39,839600200.81
KWT,M,2025,59,19188636.5
KWT,X,2025,15,11959526.571
KWT,X,2025,18,3493411.891
KWT,X,2025,35,1139885.392
KWT,X,2025,38,123144040.071
KWT,X,2025,41,232811.465
KWT,X,2025,55,1084591.445
KWT,X,2025,58,62994.508
KWT,X,2025,61,46589450.463
KWT,X,2025,79,815391.565
KWT,X,2025,82,9446823.594
KWT,X,2025,01,5714723.666
KWT,X,2025,04,148008761.31
KWT,X,2025,07,4144575.932
KWT,X,2025,21,40850264.463
KWT,X,2025,24,1216891.006
KWT,X,2025,27,61215205507.1
KWT,X,2025,44,5912014.66
KWT,X,2025,47,9246161.973
KWT,X,2025,64,24952873.089
KWT,X,2025,67,367225.417
KWT,X,2025,88,1776450.995
KWT,X,2025,85,329406373.786
KWT,X,2025,91,21245503.058
KWT,X,2025,03,449539.85
KWT,X,2025,05,136512.029
KWT,X,2025,06,260549.8
KWT,X,2025,08,11075263.926
KWT,X,2025,09,21932951.1
KWT,X,2025,11,42184569.452
KWT,X,2025,14,37706.647
KWT,X,2025,17,5675741.206
KWT,X,2025,20,60708782.207
KWT,X,2025,23,1019055.099
KWT,X,2025,25,2766044.921
KWT,X,2025,26,2433002.166
KWT,X,2025,29,2269426054.497
KWT,X,2025,31,837161.966
KWT,X,2025,32,17601091.641
KWT,X,2025,34,28037270.966
KWT,X,2025,37,11103.818
KWT,X,2025,43,335127.78
KWT,X,2025,45,416016.304
KWT,X,2025,46,193156.836
KWT,X,2025,48,66546678.963
KWT,X,2025,49,2791437.196
KWT,X,2025,51,65389.513
KWT,X,2025,52,40561.728
KWT,X,2025,54,1405306.776
KWT,X,2025,57,1174743.484
KWT,X,2025,60,48761.521
KWT,X,2025,65,1317497.535
KWT,X,2025,66,1054151.387
KWT,X,2025,68,17807026.189
KWT,X,2025,69,4444565.006
KWT,X,2025,72,55868923.891
KWT,X,2025,74,85503004.154
KWT,X,2025,75,1206061.275
KWT,X,2025,78,6885483.088
KWT,X,2025,81,325922.999
KWT,X,2025,89,5520986.025
KWT,X,2025,92,19603.802
KWT,X,2025,93,281758.974
KWT,X,2025,95,10319417.931
KWT,X,2025,96,17867482.122
KWT,X,2025,10,890429.62
KWT,X,2025,13,362960.741
KWT,X,2025,30,55241948.096
KWT,X,2025,33,178725840.699
KWT,X,2025,36,350166.715
KWT,X,2025,50,23884.792
KWT,X,2025,53,15698.051
KWT,X,2025,56,460927.545
KWT,X,2025,70,89042371.429
KWT,X,2025,73,142430693.242
KWT,X,2025,76,61411314.866
KWT,X,2025,97,1453226.456
KWT,X,2025,99,75569136.365
KWT,X,2025,02,14836355.163
KWT,X,2025,16,37000013.124
KWT,X,2025,19,47120133.348
KWT,X,2025,39,737746644.245
KWT,X,2025,42,24260318.531
KWT,X,2025,59,81426.911
KWT,X,2025,62,46824125.072
KWT,X,2025,80,1032671.389
KWT,X,2025,83,4899312.524
KWT,X,2025,86,12847300.15
KWT,X,2025,12,1437172.743
KWT,X,2025,28,77213375.899
KWT,X,2025,40,13137807.092
KWT,X,2025,63,10178370.402
KWT,X,2025,84,660759518.018
KWT,X,2025,87,1917262880.48
KWT,X,2025,90,46796321.477
KWT,X,2025,94,36965912.036
KWT,X,2025,71,675491377.215
KWT,X,2025,22,23569917.519
LBN,M,2024,95,66722361.0
LBN,M,2024,02,174878577.0
LBN,M,2024,04,269341735.0
LBN,M,2024,06,12712793.0
LBN,M,2024,08,162033259.0
LBN,M,2024,09,139954598.0
LBN,M,2024,11,32839379.0
LBN,M,2024,33,177507940.0
LBN,M,2024,36,7194010.0
LBN,M,2024,46,2420814.0
LBN,M,2024,51,985406.0
LBN,M,2024,66,3211768.0
LBN,M,2024,80,147620.0
LBN,M,2024,16,94450416.0
LBN,M,2024,17,165301056.0
LBN,M,2024,18,79516094.0
LBN,M,2024,19,234586988.0
LBN,M,2024,20,70755139.0
LBN,M,2024,32,71228189.0
LBN,M,2024,50,2455512.0
LBN,M,2024,47,16844095.0
LBN,M,2024,07,135892974.0
LBN,M,2024,22,95964433.0
LBN,M,2024,57,15833390.0
LBN,M,2024,27,4455688957.0
LBN,M,2024,64,89833268.0
LBN,M,2024,67,3694075.0
LBN,M,2024,69,112508527.0
LBN,M,2024,72,391506554.0
LBN,M,2024,79,623344.0
LBN,M,2024,99,5129313.0
LBN,M,2024,88,27947012.0
LBN,M,2024,92,1524532.0
LBN,M,2024,03,63524122.0
LBN,M,2024,12,160069085.0
LBN,M,2024,34,94635635.0
LBN,M,2024,35,29357835.0
LBN,M,2024,37,4010943.0
LBN,M,2024,38,123581400.0
LBN,M,2024,39,464082577.0
LBN,M,2024,40,98395692.0
LBN,M,2024,61,143827592.0
LBN,M,2024,78,10358261.0
LBN,M,2024,84,691941646.0
LBN,M,2024,90,204252413.0
LBN,M,2024,94,109816665.0
LBN,M,2024,42,38175960.0
LBN,M,2024,48,211110790.0
LBN,M,2024,54,26588803.0
LBN,M,2024,58,9849781.0
LBN,M,2024,13,1051464.0
LBN,M,2024,14,277719.0
LBN,M,2024,15,207687958.0
LBN,M,2024,21,215000282.0
LBN,M,2024,23,126775177.0
LBN,M,2024,24,135591027.0
LBN,M,2024,25,143529676.0
LBN,M,2024,26,13248.0
LBN,M,2024,85,702867835.0
LBN,M,2024,86,2493178.0
LBN,M,2024,87,811385585.0
LBN,M,2024,89,8652288.0
LBN,M,2024,29,80810452.0
LBN,M,2024,30,736677656.0
LBN,M,2024,43,287335.0
LBN,M,2024,44,148762058.0
LBN,M,2024,45,1383271.0
LBN,M,2024,49,27718960.0
LBN,M,2024,52,13253580.0
LBN,M,2024,53,969103.0
LBN,M,2024,91,41657557.0
LBN,M,2024,93,16119480.0
LBN,M,2024,96,67416854.0
LBN,M,2024,97,5542421.0
LBN,M,2024,05,2045103.0
LBN,M,2024,31,46502786.0
LBN,M,2024,41,1235711.0
LBN,M,2024,55,38970834.0
LBN,M,2024,56,24206376.0
LBN,M,2024,59,7282729.0
LBN,M,2024,60,58546446.0
LBN,M,2024,62,150015398.0
LBN,M,2024,10,360727269.0
LBN,M,2024,28,25759438.0
LBN,M,2024,01,331109178.0
LBN,M,2024,63,40852997.0
LBN,M,2024,65,3822797.0
LBN,M,2024,68,49638316.0
LBN,M,2024,70,96377152.0
LBN,M,2024,71,2570774277.0
LBN,M,2024,73,130193484.0
LBN,M,2024,74,70175462.0
LBN,M,2024,75,189513.0
LBN,M,2024,76,108989110.0
LBN,M,2024,81,268445.0
LBN,M,2024,82,33854733.0
LBN,M,2024,83,55193711.0
LBN,X,2024,88,2942792.0
LBN,X,2024,92,91838.0
LBN,X,2024,95,2711083.0
LBN,X,2024,34,24422476.0
LBN,X,2024,35,873984.0
LBN,X,2024,37,241992.0
LBN,X,2024,38,16526164.0
LBN,X,2024,39,90542219.0
LBN,X,2024,40,5347363.0
LBN,X,2024,43,116274.0
LBN,X,2024,44,14184857.0
LBN,X,2024,45,202732.0
LBN,X,2024,63,5309641.0
LBN,X,2024,64,4624443.0
LBN,X,2024,65,71306.0
LBN,X,2024,68,12041521.0
LBN,X,2024,69,3712528.0
LBN,X,2024,70,11961601.0
LBN,X,2024,71,648706776.0
LBN,X,2024,73,64558862.0
LBN,X,2024,31,63845400.0
LBN,X,2024,41,3076609.0
LBN,X,2024,61,6395150.0
LBN,X,2024,78,48008146.0
LBN,X,2024,79,1815835.0
LBN,X,2024,81,780.0
LBN,X,2024,82,3800089.0
LBN,X,2024,83,8987549.0
LBN,X,2024,54,2699077.0
LBN,X,2024,58,243578.0
LBN,X,2024,01,211115.0
LBN,X,2024,03,797009.0
LBN,X,2024,08,87149274.0
LBN,X,2024,12,10630462.0
LBN,X,2024,13,52804.0
LBN,X,2024,85,378227177.0
LBN,X,2024,05,2876407.0
LBN,X,2024,07,27045202.0
LBN,X,2024,42,4698078.0
LBN,X,2024,46,216713.0
LBN,X,2024,51,18864.0
LBN,X,2024,87,854070054.0
LBN,X,2024,89,969550.0
LBN,X,2024,91,9463691.0
LBN,X,2024,93,1679693.0
LBN,X,2024,96,21474146.0
LBN,X,2024,97,1910985.0
LBN,X,2024,49,36704125.0
LBN,X,2024,52,149312.0
LBN,X,2024,53,9052.0
LBN,X,2024,55,1597150.0
LBN,X,2024,56,4374629.0
LBN,X,2024,57,1500190.0
LBN,X,2024,59,1166604.0
LBN,X,2024,60,3810578.0
LBN,X,2024,62,17646013.0
LBN,X,2024,84,166925208.0
LBN,X,2024,90,17759665.0
LBN,X,2024,94,56449815.0
LBN,X,2024,24,31507885.0
LBN,X,2024,25,2363580.0
LBN,X,2024,29,4439852.0
LBN,X,2024,30,48000849.0
LBN,X,2024,99,25350085.0
LBN,X,2024,33,89289263.0
LBN,X,2024,36,345150.0
LBN,X,2024,67,352664.0
LBN,X,2024,72,120309041.0
LBN,X,2024,47,3821482.0
LBN,X,2024,74,102620255.0
LBN,X,2024,76,75169776.0
LBN,X,2024,66,30070.0
LBN,X,2024,02,9338846.0
LBN,X,2024,04,3690264.0
LBN,X,2024,06,3919521.0
LBN,X,2024,09,53199543.0
LBN,X,2024,11,11332256.0
LBN,X,2024,14,83381.0
LBN,X,2024,15,90189354.0
LBN,X,2024,16,17747583.0
LBN,X,2024,22,72673131.0
LBN,X,2024,10,18645371.0
LBN,X,2024,27,291960796.0
LBN,X,2024,28,48768441.0
LBN,X,2024,48,43714855.0
LBN,X,2024,86,540659.0
LBN,X,2024,50,86099.0
LBN,X,2024,17,12454830.0
LBN,X,2024,18,38306491.0
LBN,X,2024,19,50176174.0
LBN,X,2024,20,115607405.0
LBN,X,2024,21,91291429.0
LBN,X,2024,23,7762342.0
LBN,X,2024,26,5932.0
LBN,X,2024,32,46860267.0
MAR,M,2025,02,88541564.565
MAR,M,2025,22,262654520.777
MAR,M,2025,42,303738608.554
MAR,M,2025,80,5094759.23
MAR,M,2025,86,72618571.037
MAR,M,2025,24,319793045.086
MAR,M,2025,67,10111156.038
MAR,M,2025,13,24125781.416
MAR,M,2025,33,650584387.202
MAR,M,2025,36,12472260.328
MAR,M,2025,50,16487198.355
MAR,M,2025,03,506201047.485
MAR,M,2025,06,121114614.769
MAR,M,2025,09,835328332.996
MAR,M,2025,14,1481819.976
MAR,M,2025,20,196183868.114
MAR,M,2025,23,864658493.136
MAR,M,2025,37,30018798.477
MAR,M,2025,43,866496.553
MAR,M,2025,45,839140.856
MAR,M,2025,46,1539173.426
MAR,M,2025,49,191353438.799
MAR,M,2025,51,286676062.624
MAR,M,2025,52,1028473979.825
MAR,M,2025,57,79853645.57
MAR,M,2025,65,22129098.072
MAR,M,2025,66,7934471.482
MAR,M,2025,75,94773560.414
MAR,M,2025,78,2594962.881
MAR,M,2025,89,62024423.225
MAR,M,2025,95,151533778.371
MAR,M,2025,96,2225241780.344
MAR,M,2025,18,220601203.352
MAR,M,2025,16,89322553.739
MAR,M,2025,19,342389207.863
MAR,M,2025,39,4934892439.487
MAR,M,2025,59,561390340.337
MAR,M,2025,83,550337333.516
MAR,M,2025,04,519689986.308
MAR,M,2025,07,334420283.747
MAR,M,2025,21,319736518.689
MAR,M,2025,27,11638172972.966
MAR,M,2025,44,994566101.097
MAR,M,2025,47,46273854.943
MAR,M,2025,64,425038724.543
MAR,M,2025,85,13028777213.94
MAR,M,2025,88,4046937027.892
MAR,M,2025,91,52131565.572
MAR,M,2025,10,2927023883.55
MAR,M,2025,53,209315011.659
MAR,M,2025,56,289025880.171
MAR,M,2025,70,601940434.509
MAR,M,2025,73,2358929836.262
MAR,M,2025,76,1863251103.171
MAR,M,2025,05,147021671.188
MAR,M,2025,08,839043511.132
MAR,M,2025,11,32191762.509
MAR,M,2025,25,3398608479.261
MAR,M,2025,26,9676233.379
MAR,M,2025,28,2660766085.32
MAR,M,2025,32,484653443.593
MAR,M,2025,34,350367040.013
MAR,M,2025,40,1519620479.143
MAR,M,2025,48,1400662779.59
MAR,M,2025,54,786208521.114
MAR,M,2025,60,1257151172.331
MAR,M,2025,63,347712892.703
MAR,M,2025,68,361430510.744
MAR,M,2025,69,414535089.539
MAR,M,2025,71,309091017.913
MAR,M,2025,74,2370927917.532
MAR,M,2025,81,194480117.819
MAR,M,2025,84,10583194266.47
MAR,M,2025,92,7482162.439
MAR,M,2025,93,5984971.445
MAR,M,2025,15,1222769427.453
MAR,M,2025,35,192485175.173
MAR,M,2025,38,1005456979.71
MAR,M,2025,41,164594510.457
MAR,M,2025,55,1941327177.211
MAR,M,2025,58,381522231.103
MAR,M,2025,82,245327805.846
MAR,M,2025,62,352302972.508
MAR,M,2025,01,764511703.979
MAR,M,2025,30,1337221401.448
MAR,M,2025,94,1244818539.52
MAR,M,2025,97,2097947.297
MAR,M,2025,12,407506467.94
MAR,M,2025,17,1373143000.933
MAR,M,2025,29,779295734.299
MAR,M,2025,31,495863208.941
MAR,M,2025,72,2662388404.601
MAR,M,2025,87,13040069783.549
MAR,M,2025,90,1577025916.319
MAR,M,2025,61,453532221.266
MAR,M,2025,79,59689266.63
MAR,X,2025,48,249033498.135
MAR,X,2025,39,810310449.034
MAR,X,2025,42,166676272.434
MAR,X,2025,56,29730031.784
MAR,X,2025,70,162691807.594
MAR,X,2025,73,501385220.155
MAR,X,2025,94,1731519468.992
MAR,X,2025,17,1039251457.875
MAR,X,2025,25,1496135389.037
MAR,X,2025,28,3831822346.275
MAR,X,2025,34,15604165.744
MAR,X,2025,54,28863827.236
MAR,X,2025,63,388547638.524
MAR,X,2025,72,96633058.059
MAR,X,2025,84,972892279.19
MAR,X,2025,90,119135905.891
MAR,X,2025,96,59721012.735
MAR,X,2025,38,29987401.562
MAR,X,2025,59,50939004.279
MAR,X,2025,62,6059439560.157
MAR,X,2025,27,647701048.947
MAR,X,2025,85,17889548981.463
MAR,X,2025,10,114889.317
MAR,X,2025,13,114283732.701
MAR,X,2025,30,227352524.584
MAR,X,2025,33,179099059.92
MAR,X,2025,36,1660664.579
MAR,X,2025,50,137014.751
MAR,X,2025,53,5677493.396
MAR,X,2025,76,384547104.75
MAR,X,2025,97,8968120.349
MAR,X,2025,03,1892369339.138
MAR,X,2025,05,218258094.385
MAR,X,2025,06,41913911.692
MAR,X,2025,08,2417895313.932
MAR,X,2025,09,96634581.047
MAR,X,2025,11,10871183.306
MAR,X,2025,12,116836651.865
MAR,X,2025,14,384044.415
MAR,X,2025,20,303942648.077
MAR,X,2025,23,189335472.111
MAR,X,2025,26,626977809.097
MAR,X,2025,29,42270539.341
MAR,X,2025,31,15393246899.869
MAR,X,2025,32,36398443.976
MAR,X,2025,37,148053.006
MAR,X,2025,40,572581597.757
MAR,X,2025,43,851.333
MAR,X,2025,45,10995541.954
MAR,X,2025,46,11311710.945
MAR,X,2025,49,87174545.385
MAR,X,2025,51,7456473.902
MAR,X,2025,52,33592806.744
MAR,X,2025,57,41785068.993
MAR,X,2025,60,33959529.924
MAR,X,2025,65,26890895.478
MAR,X,2025,66,107659.552
MAR,X,2025,68,100978316.946
MAR,X,2025,69,165518549.313
MAR,X,2025,71,734919496.934
MAR,X,2025,74,387992966.889
MAR,X,2025,75,40338643.005
MAR,X,2025,81,272982679.565
MAR,X,2025,87,16123342436.86
MAR,X,2025,89,43053695.187
MAR,X,2025,92,6410920.686
MAR,X,2025,93,965.162
MAR,X,2025,95,22699888.832
MAR,X,2025,15,231098140.318
MAR,X,2025,18,20773932.288
MAR,X,2025,35,2682856.635
MAR,X,2025,41,29069356.896
MAR,X,2025,55,116264929.309
MAR,X,2025,58,56525100.313
MAR,X,2025,61,1796222887.972
MAR,X,2025,79,4729923.864
MAR,X,2025,82,15489099.982
MAR,X,2025,02,3123551.972
MAR,X,2025,16,1411292557.883
MAR,X,2025,19,148907840.243
MAR,X,2025,22,47457624.61
MAR,X,2025,80,324627.319
MAR,X,2025,83,151743348.799
MAR,X,2025,86,1903837.036
MAR,X,2025,01,18701991.614
MAR,X,2025,04,104681462.43
MAR,X,2025,07,2258371840.754
MAR,X,2025,21,273152925.029
MAR,X,2025,24,145897011.611
MAR,X,2025,44,81227150.516
MAR,X,2025,47,12930538.859
MAR,X,2025,64,647173481.874
MAR,X,2025,67,227842.853
MAR,X,2025,88,3799993616.914
MAR,X,2025,91,1723580.635
OMN,M,2024,16,94314650.047
OMN,M,2024,02,426432654.729
OMN,M,2024,05,24283461.6
OMN,M,2024,41,1384387.514
OMN,M,2024,89,18219633.261
OMN,M,2024,03,112332166.274
OMN,M,2024,43,178933.68
OMN,M,2024,01,480501307.44
OMN,M,2024,99,20185409.591
OMN,M,2024,24,428369851.085
OMN,M,2024,85,3149670125.11
OMN,M,2024,48,255385963.189
OMN,M,2024,84,4480777953.976
OMN,M,2024,08,420586207.404
OMN,M,2024,19,399764803.015
OMN,M,2024,35,49862090.949
OMN,M,2024,18,98174426.374
OMN,M,2024,21,235509229.8
OMN,M,2024,06,13659042.891
OMN,M,2024,37,6105552.656
OMN,M,2024,83,100119773.575
OMN,M,2024,75,36411581.217
OMN,M,2024,78,11746626.77
OMN,M,2024,81,6210873.852
OMN,M,2024,90,693774394.233
OMN,M,2024,11,55646449.848
OMN,M,2024,54,35207292.533
OMN,M,2024,58,2271149.541
OMN,M,2024,94,309588259.594
OMN,M,2024,12,60828826.953
OMN,M,2024,28,450804241.167
OMN,M,2024,40,312821390.928
OMN,M,2024,57,33511422.574
OMN,M,2024,55,28879053.271
OMN,M,2024,34,234900753.859
OMN,M,2024,51,670808.842
OMN,M,2024,52,9308418.711
OMN,M,2024,68,97534847.702
OMN,M,2024,82,94819016.757
OMN,M,2024,71,1078741636.803
OMN,M,2024,72,1532672023.609
OMN,M,2024,74,568615471.152
OMN,M,2024,87,3806710508.997
OMN,M,2024,92,1852231.467
OMN,M,2024,93,2563485.042
OMN,M,2024,95,59429417.332
OMN,M,2024,96,137334660.383
OMN,M,2024,70,112081232.594
OMN,M,2024,79,41053607.218
OMN,M,2024,09,166622160.988
OMN,M,2024,14,449641.092
OMN,M,2024,17,174500051.743
OMN,M,2024,20,248143775.945
OMN,M,2024,25,183904584.888
OMN,M,2024,29,1354697350.286
OMN,M,2024,31,42197828.282
OMN,M,2024,32,149871633.055
OMN,M,2024,23,222616030.861
OMN,M,2024,45,3259622.882
OMN,M,2024,46,5014083.217
OMN,M,2024,49,17397872.535
OMN,M,2024,60,8476631.976
OMN,M,2024,63,71422129.927
OMN,M,2024,66,1921984.392
OMN,M,2024,65,17206855.63
OMN,M,2024,69,181849942.498
OMN,M,2024,33,435874873.18
OMN,M,2024,30,772180714.006
OMN,M,2024,59,9334962.274
OMN,M,2024,80,7844070.209
OMN,M,2024,27,10410289874.475
OMN,M,2024,88,116503817.763
OMN,M,2024,44,215915201.223
OMN,M,2024,38,417581604.028
OMN,M,2024,15,392541164.535
OMN,M,2024,61,239208600.406
OMN,M,2024,73,1496214429.388
OMN,M,2024,36,28411901.126
OMN,M,2024,50,1503466.838
OMN,M,2024,76,277453151.711
OMN,M,2024,56,29805755.48
OMN,M,2024,53,1471937.579
OMN,M,2024,13,7445123.525
OMN,M,2024,10,807932914.21
OMN,M,2024,62,126853856.759
OMN,M,2024,86,5116252.268
OMN,M,2024,39,1059695985.338
OMN,M,2024,42,62997136.442
OMN,M,2024,22,142199804.719
OMN,M,2024,47,9496642.378
OMN,M,2024,67,3000637.186
OMN,M,2024,91,138578584.959
OMN,M,2024,64,124837934.785
OMN,M,2024,04,781636544.941
OMN,M,2024,26,1561271300.548
OMN,M,2024,97,9770686.591
OMN,M,2024,07,291548113.978
OMN,X,2024,10,46683029.836
OMN,X,2024,84,761219317.404
OMN,X,2024,40,40777126.074
OMN,X,2024,74,19863232.739
OMN,X,2024,32,34255685.252
OMN,X,2024,38,24538897.231
OMN,X,2024,90,153453346.964
OMN,X,2024,78,24553183.317
OMN,X,2024,34,73929877.648
OMN,X,2024,52,186447.334
OMN,X,2024,68,174540181.781
OMN,X,2024,54,8468525.344
OMN,X,2024,25,431246332.225
OMN,X,2024,51,126928.478
OMN,X,2024,66,82715.214
OMN,X,2024,94,45338330.228
OMN,X,2024,72,1810207086.894
OMN,X,2024,87,440599653.407
OMN,X,2024,71,646785078.312
OMN,X,2024,92,308585.175
OMN,X,2024,95,7740499.338
OMN,X,2024,96,16858280.858
OMN,X,2024,21,160301812.493
OMN,X,2024,82,13943159.926
OMN,X,2024,03,407418636.554
OMN,X,2024,46,356858.257
OMN,X,2024,48,77117630.569
OMN,X,2024,49,83496702.08
OMN,X,2024,28,133430491.339
OMN,X,2024,29,625348675.224
OMN,X,2024,31,1143882367.521
OMN,X,2024,45,2594176.849
OMN,X,2024,57,1468241.87
OMN,X,2024,70,45283204.09
OMN,X,2024,63,14078247.052
OMN,X,2024,65,1365022.104
OMN,X,2024,69,26598098.788
OMN,X,2024,73,484576342.545
OMN,X,2024,30,125590647.398
OMN,X,2024,39,2646264513.414
OMN,X,2024,85,924559863.312
OMN,X,2024,27,47040569601.284
OMN,X,2024,58,58031.209
OMN,X,2024,61,34590694.354
OMN,X,2024,76,1126585730.357
OMN,X,2024,56,945409.621
OMN,X,2024,50,634.59
OMN,X,2024,97,151033328.762
OMN,X,2024,33,54104051.931
OMN,X,2024,83,17613992.17
OMN,X,2024,62,10819079.307
OMN,X,2024,42,3011833.545
OMN,X,2024,64,23019094.892
OMN,X,2024,04,420057052.659
OMN,X,2024,91,74658444.617
OMN,X,2024,67,201565.669
OMN,X,2024,44,20410925.846
OMN,X,2024,07,47053643.619
OMN,X,2024,06,931854.355
OMN,X,2024,16,11515594.26
OMN,X,2024,12,24088265.242
OMN,X,2024,81,9851284.77
OMN,X,2024,02,97396135.088
OMN,X,2024,05,751482.444
OMN,X,2024,37,1897560.465
OMN,X,2024,80,63685.305
OMN,X,2024,75,2076993.495
OMN,X,2024,89,441385843.262
OMN,X,2024,41,1172616.383
OMN,X,2024,11,102502650.035
OMN,X,2024,26,1982765141.24
OMN,X,2024,09,16110192.433
OMN,X,2024,13,1741664.497
OMN,X,2024,93,1132501.949
OMN,X,2024,79,5412793.23
OMN,X,2024,17,35620624.132
OMN,X,2024,08,44127664.43
OMN,X,2024,14,48754.226
OMN,X,2024,20,88073672.164
OMN,X,2024,23,134240236.461
OMN,X,2024,43,938.882
OMN,X,2024,60,577310.792
OMN,X,2024,01,238804584.802
OMN,X,2024,35,3924369.305
OMN,X,2024,18,4372858.251
OMN,X,2024,15,268761461.218
OMN,X,2024,99,27327950.542
OMN,X,2024,55,11484970.073
OMN,X,2024,36,1318488.945
OMN,X,2024,53,8018.205
OMN,X,2024,86,2667981.79
OMN,X,2024,59,427921.976
OMN,X,2024,22,24284592.94
OMN,X,2024,19,221913898.222
OMN,X,2024,88,233589175.187
OMN,X,2024,47,2230871.258
OMN,X,2024,24,411027567.627
PSE,M,2023,02,89862116.994
PSE,M,2023,03,31406689.397
PSE,M,2023,05,757803.917
PSE,M,2023,06,5315456.261
PSE,M,2023,08,121698648.972
PSE,M,2023,11,70591791.658
PSE,M,2023,14,96276.126
PSE,M,2023,17,104136662.836
PSE,M,2023,19,222662748.401
PSE,M,2023,20,92067359.723
PSE,M,2023,22,240018344.625
PSE,M,2023,23,396539008.106
PSE,M,2023,25,274467813.52
PSE,M,2023,26,1025304.383
PSE,M,2023,28,12481747.324
PSE,M,2023,31,25400327.039
PSE,M,2023,34,59506565.914
PSE,M,2023,37,314508.369
PSE,M,2023,39,291014262.068
PSE,M,2023,40,27579982.697
PSE,M,2023,42,11567112.228
PSE,M,2023,43,6227.041
PSE,M,2023,45,289339.827
PSE,M,2023,46,244877.334
PSE,M,2023,48,111136236.467
PSE,M,2023,51,13683.664
PSE,M,2023,54,9755159.654
PSE,M,2023,57,14819888.679
PSE,M,2023,59,1679594.409
PSE,M,2023,60,13049398.355
PSE,M,2023,62,43263156.323
PSE,M,2023,63,17407202.605
PSE,M,2023,65,1064972.897
PSE,M,2023,66,436633.278
PSE,M,2023,68,41612009.793
PSE,M,2023,69,124549214.254
PSE,M,2023,71,3065858.013
PSE,M,2023,74,6333710.476
PSE,M,2023,80,83981.094
PSE,M,2023,82,14712594.642
PSE,M,2023,83,21029956.452
PSE,M,2023,85,412791706.742
PSE,M,2023,86,2952837.385
PSE,M,2023,91,2425927.473
PSE,M,2023,94,77693816.746
PSE,M,2023,97,163320.161
PSE,M,2023,10,118985977.225
PSE,M,2023,13,481769.782
PSE,M,2023,16,24686217.829
PSE,M,2023,33,128710027.765
PSE,M,2023,36,2454669.119
PSE,M,2023,53,76514.195
PSE,M,2023,56,4563583.121
PSE,M,2023,73,96535081.641
PSE,M,2023,76,131236943.3
PSE,M,2023,79,299126.807
PSE,M,2023,96,59815606.08
PSE,M,2023,09,66641365.299
PSE,M,2023,12,47138757.83
PSE,M,2023,29,38709910.283
PSE,M,2023,32,44562723.445
PSE,M,2023,35,15366698.376
PSE,M,2023,49,5927507.308
PSE,M,2023,52,1259233.385
PSE,M,2023,55,3930807.583
PSE,M,2023,72,290843218.768
PSE,M,2023,75,494178.859
PSE,M,2023,92,986866.976
PSE,M,2023,95,17947289.255
PSE,M,2023,01,276510161.07
PSE,M,2023,15,68574386.626
PSE,M,2023,18,79232268.183
PSE,M,2023,21,98195564.058
PSE,M,2023,38,80998619.836
PSE,M,2023,41,3021496.204
PSE,M,2023,58,4031941.383
PSE,M,2023,61,37639790.885
PSE,M,2023,78,134796.187
PSE,M,2023,81,119378.499
PSE,M,2023,84,327564924.753
PSE,M,2023,04,182485855.487
PSE,M,2023,07,41866555.371
PSE,M,2023,24,196370581.355
PSE,M,2023,27,1752761704.529
PSE,M,2023,30,234926324.992
PSE,M,2023,44,146735160.67
PSE,M,2023,47,296789.381
PSE,M,2023,50,102579.27
PSE,M,2023,64,44753275.643
PSE,M,2023,67,3365615.434
PSE,M,2023,70,39286606.498
PSE,M,2023,87,436940606.026
PSE,M,2023,90,113827654.764
PSE,M,2023,99,45154.706
PSE,X,2023,02,468813.303
PSE,X,2023,03,1251336.898
PSE,X,2023,05,2795.002
PSE,X,2023,06,5578959.525
PSE,X,2023,08,74908632.104
PSE,X,2023,11,5578360.836
PSE,X,2023,14,1638.757
PSE,X,2023,17,11867704.426
PSE,X,2023,19,17791719.574
PSE,X,2023,20,18209618.379
PSE,X,2023,22,34755305.025
PSE,X,2023,23,11702.38
PSE,X,2023,25,69460429.71
PSE,X,2023,26,150323.366
PSE,X,2023,28,453787.426
PSE,X,2023,31,1331298.695
PSE,X,2023,34,16020723.336
PSE,X,2023,39,137374622.361
PSE,X,2023,40,4398820.572
PSE,X,2023,42,852430.11
PSE,X,2023,43,1577.969
PSE,X,2023,45,464959.588
PSE,X,2023,46,371.539
PSE,X,2023,48,27079516.987
PSE,X,2023,51,4773.299
PSE,X,2023,54,1914671.909
PSE,X,2023,57,961313.895
PSE,X,2023,59,1443130.062
PSE,X,2023,60,96816.121
PSE,X,2023,62,3098984.805
PSE,X,2023,63,2303610.487
PSE,X,2023,65,72276.139
PSE,X,2023,66,352722.002
PSE,X,2023,68,173372250.976
PSE,X,2023,69,26524364.683
PSE,X,2023,71,19628.07
PSE,X,2023,74,21803412.09
PSE,X,2023,80,897191.865
PSE,X,2023,82,2912143.811
PSE,X,2023,83,2017840.244
PSE,X,2023,85,34453647.944
PSE,X,2023,86,1382.152
PSE,X,2023,91,14550.366
PSE,X,2023,94,199056304.004
PSE,X,2023,97,48392.378
PSE,X,2023,10,6366859.111
PSE,X,2023,13,53499.935
PSE,X,2023,16,6717934.75
PSE,X,2023,33,16550079.859
PSE,X,2023,36,13491.406
PSE,X,2023,53,764.5
PSE,X,2023,56,272476.376
PSE,X,2023,73,59111266.046
PSE,X,2023,76,56921744.599
PSE,X,2023,96,2878039.227
PSE,X,2023,04,6833797.118
PSE,X,2023,07,24950773.159
PSE,X,2023,24,10669331.887
PSE,X,2023,27,1420000.856
PSE,X,2023,30,12477634.578
PSE,X,2023,44,35063305.01
PSE,X,2023,47,5228.107
PSE,X,2023,50,625.232
PSE,X,2023,64,19728288.135
PSE,X,2023,67,10953.784
PSE,X,2023,70,21799151.276
PSE,X,2023,87,16930664.301
PSE,X,2023,90,16274361.7
PSE,X,2023,15,46146122.457
PSE,X,2023,18,17882428.496
PSE,X,2023,21,22558900.652
PSE,X,2023,38,1852857.049
PSE,X,2023,41,2195844.542
PSE,X,2023,58,1620693.24
PSE,X,2023,61,1826868.792
PSE,X,2023,78,3684112.098
PSE,X,2023,84,20457326.923
PSE,X,2023,09,16209960.38
PSE,X,2023,12,5678432.827
PSE,X,2023,29,336605.279
PSE,X,2023,32,5709459.162
PSE,X,2023,35,580814.77
PSE,X,2023,49,2101421.459
PSE,X,2023,52,1621362.799
PSE,X,2023,55,192785.648
PSE,X,2023,72,150482939.493
PSE,X,2023,75,4814577.334
PSE,X,2023,92,110469.36
PSE,X,2023,95,888810.739
QAT,M,2024,99,404157354.689
QAT,M,2024,10,335092055.181
QAT,M,2024,13,7592798.493
QAT,M,2024,30,1134795138.399
QAT,M,2024,33,498189148.744
QAT,M,2024,36,9515382.762
QAT,M,2024,50,2495361.765
QAT,M,2024,53,2594902.648
QAT,M,2024,56,23167105.599
QAT,M,2024,70,102749307.628
QAT,M,2024,73,1652944243.959
QAT,M,2024,76,155582778.022
QAT,M,2024,94,570936806.339
QAT,M,2024,97,63971784.845
QAT,M,2024,01,183859894.739
QAT,M,2024,04,385486335.856
QAT,M,2024,07,262570623.759
QAT,M,2024,21,247108812.36
QAT,M,2024,24,41290450.323
QAT,M,2024,27,2228997379.112
QAT,M,2024,44,176046677.857
QAT,M,2024,47,1169197.065
QAT,M,2024,64,299971746.346
QAT,M,2024,67,6877200.365
QAT,M,2024,85,2905281798.524
QAT,M,2024,88,1137825568.407
QAT,M,2024,91,415459305.807
QAT,M,2024,03,123796420.041
QAT,M,2024,05,2228159.962
QAT,M,2024,06,42449329.841
QAT,M,2024,08,364282348.094
QAT,M,2024,09,145504446.063
QAT,M,2024,11,32135417.159
QAT,M,2024,12,52293667.024
QAT,M,2024,14,423355.877
QAT,M,2024,17,108340633.491
QAT,M,2024,20,169589740.817
QAT,M,2024,23,107842167.087
QAT,M,2024,25,217785874.798
QAT,M,2024,26,483108136.619
QAT,M,2024,28,622943754.382
QAT,M,2024,29,176350505.45
QAT,M,2024,31,9327165.444
QAT,M,2024,32,106940865.095
QAT,M,2024,34,197747448.849
QAT,M,2024,37,5801095.584
QAT,M,2024,40,260799933.11
QAT,M,2024,43,2541323.396
QAT,M,2024,45,1136479.39
QAT,M,2024,46,4819676.417
QAT,M,2024,48,213665765.333
QAT,M,2024,49,38008157.269
QAT,M,2024,51,3103650.04
QAT,M,2024,52,9072058.811
QAT,M,2024,54,26086922.408
QAT,M,2024,57,57222898.244
QAT,M,2024,60,15531731.884
QAT,M,2024,63,92402692.999
QAT,M,2024,65,16301215.895
QAT,M,2024,66,2049996.072
QAT,M,2024,68,152842797.657
QAT,M,2024,69,141745446.697
QAT,M,2024,71,1412686338.262
QAT,M,2024,72,421335685.616
QAT,M,2024,74,459775804.229
QAT,M,2024,75,66743322.69
QAT,M,2024,78,7722076.235
QAT,M,2024,81,13023930.674
QAT,M,2024,84,7327960923.429
QAT,M,2024,87,2867926511.628
QAT,M,2024,89,258678687.419
QAT,M,2024,90,784331180.161
QAT,M,2024,92,2162162.949
QAT,M,2024,93,764842497.644
QAT,M,2024,95,121655106.877
QAT,M,2024,96,128468356.323
QAT,M,2024,15,138043774.192
QAT,M,2024,18,128883338.896
QAT,M,2024,35,29211501.918
QAT,M,2024,38,399355764.763
QAT,M,2024,41,1166915.966
QAT,M,2024,55,23981488.84
QAT,M,2024,58,4714087.826
QAT,M,2024,61,367483466.319
QAT,M,2024,79,16415374.061
QAT,M,2024,82,70711893.124
QAT,M,2024,02,677266396.192
QAT,M,2024,16,85173358.45
QAT,M,2024,19,309730346.098
QAT,M,2024,22,109765760.28
QAT,M,2024,39,639272442.702
QAT,M,2024,42,256200249.75
QAT,M,2024,59,28827408.326
QAT,M,2024,62,465467757.821
QAT,M,2024,80,3688935.788
QAT,M,2024,83,109089777.846
QAT,M,2024,86,35984070.777
QAT,X,2024,67,113803.569
QAT,X,2024,85,328591224.019
QAT,X,2024,88,539654680.553
QAT,X,2024,91,30009753.605
QAT,X,2024,01,53733813.636
QAT,X,2024,04,2305250.51
QAT,X,2024,07,2824763.138
QAT,X,2024,21,2988716.157
QAT,X,2024,24,168313.184
QAT,X,2024,27,79608644024.687
QAT,X,2024,44,5505431.773
QAT,X,2024,47,1785779.914
QAT,X,2024,64,22232448.519
QAT,X,2024,03,1078788.992
QAT,X,2024,05,32521.153
QAT,X,2024,06,287374.446
QAT,X,2024,08,5433280.401
QAT,X,2024,09,1846216.177
QAT,X,2024,11,601513.726
QAT,X,2024,12,407495.323
QAT,X,2024,14,95252.746
QAT,X,2024,17,299347.248
QAT,X,2024,20,2060373.866
QAT,X,2024,23,429560.982
QAT,X,2024,25,326463178.176
QAT,X,2024,26,2097634.305
QAT,X,2024,28,1722341835.76
QAT,X,2024,29,1077285688.614
QAT,X,2024,31,1845704561.66
QAT,X,2024,32,2283236.774
QAT,X,2024,34,50929778.52
QAT,X,2024,37,249707.688
QAT,X,2024,40,14357573.929
QAT,X,2024,43,956685.423
QAT,X,2024,45,204158.513
QAT,X,2024,46,275519.226
QAT,X,2024,48,28847966.262
QAT,X,2024,49,1085491.19
QAT,X,2024,52,130129.393
QAT,X,2024,54,3109593.903
QAT,X,2024,57,1140457.123
QAT,X,2024,60,374060.983
QAT,X,2024,63,13142113.235
QAT,X,2024,65,1747294.75
QAT,X,2024,66,21579.67
QAT,X,2024,68,4520624.648
QAT,X,2024,69,5902797.151
QAT,X,2024,71,268147624.234
QAT,X,2024,72,690327388.676
QAT,X,2024,74,153024842.423
QAT,X,2024,75,2946206.543
QAT,X,2024,78,21124691.944
QAT,X,2024,81,83204.119
QAT,X,2024,84,799291972.516
QAT,X,2024,87,720596450.793
QAT,X,2024,89,1064405343.78
QAT,X,2024,90,113703480.187
QAT,X,2024,92,315039.006
QAT,X,2024,93,90867856.679
QAT,X,2024,95,77038601.972
QAT,X,2024,96,6596609.227
QAT,X,2024,99,52940278.485
QAT,X,2024,15,12096072.319
QAT,X,2024,18,968515.917
QAT,X,2024,35,333527.192
QAT,X,2024,38,247275519.099
QAT,X,2024,41,10149.725
QAT,X,2024,55,151671.151
QAT,X,2024,58,569047.243
QAT,X,2024,61,19494406.258
QAT,X,2024,79,3197601.044
QAT,X,2024,82,13329136.034
QAT,X,2024,10,411434.608
QAT,X,2024,13,18009.066
QAT,X,2024,30,5516925.729
QAT,X,2024,33,12063413.803
QAT,X,2024,50,10613991.026
QAT,X,2024,56,390622.795
QAT,X,2024,70,32205526.094
QAT,X,2024,73,195987688.662
QAT,X,2024,76,1875874108.12
QAT,X,2024,94,21466942.763
QAT,X,2024,97,46045461.571
QAT,X,2024,02,7605336.408
QAT,X,2024,16,3093236.485
QAT,X,2024,19,2040127.163
QAT,X,2024,22,1905190.352
QAT,X,2024,39,2642143404.28
QAT,X,2024,42,28801906.647
QAT,X,2024,59,1830483.21
QAT,X,2024,62,63046546.993
QAT,X,2024,80,42465.933
QAT,X,2024,83,5065210.352
QAT,X,2024,86,14671967.055
SAU,M,2025,99,8878459169.381
SAU,M,2025,03,467691317.313
SAU,M,2025,14,9263811.849
SAU,M,2025,54,456950966.245
SAU,M,2025,78,19716453.313
SAU,M,2025,93,17755.2
SAU,M,2025,10,5312997079.479
SAU,M,2025,13,64949604.012
SAU,M,2025,01,1200078554.468
SAU,M,2025,02,3035178173.94
SAU,M,2025,16,489255822.116
SAU,M,2025,19,2163908311.582
SAU,M,2025,80,17614074.354
SAU,M,2025,05,6827721.152
SAU,M,2025,08,2092276537.087
SAU,M,2025,09,1865213078.515
SAU,M,2025,11,227081867.639
SAU,M,2025,17,1480977494.246
SAU,M,2025,20,1518511612.315
SAU,M,2025,26,532726515.192
SAU,M,2025,29,2548679792.125
SAU,M,2025,31,189660934.637
SAU,M,2025,34,794279742.995
SAU,M,2025,37,37715479.938
SAU,M,2025,40,2476159840.819
SAU,M,2025,43,4072685.651
SAU,M,2025,45,58041698.859
SAU,M,2025,46,56697280.709
SAU,M,2025,48,1758596066.249
SAU,M,2025,49,203060450.538
SAU,M,2025,51,21128240.264
SAU,M,2025,52,34211370.294
SAU,M,2025,57,528984198.879
SAU,M,2025,60,107846084.815
SAU,M,2025,63,371127969.439
SAU,M,2025,65,141306641.5
SAU,M,2025,66,18554606.899
SAU,M,2025,68,986637221.933
SAU,M,2025,69,695050586.821
SAU,M,2025,71,12005148363.931
SAU,M,2025,72,6705146910.481
SAU,M,2025,74,4516699770.325
SAU,M,2025,75,229147663.931
SAU,M,2025,81,96599891.607
SAU,M,2025,84,37430068169.743
SAU,M,2025,87,28595692888.913
SAU,M,2025,89,1850078170.859
SAU,M,2025,90,6690016403.892
SAU,M,2025,92,7602263.828
SAU,M,2025,95,986900601.936
SAU,M,2025,96,678315350.346
SAU,M,2025,30,9649263655.282
SAU,M,2025,33,2932290775.587
SAU,M,2025,36,44339436.821
SAU,M,2025,50,4152931.252
SAU,M,2025,56,208507707.14
SAU,M,2025,70,791712885.63
SAU,M,2025,73,8007265955.024
SAU,M,2025,76,2175555176.528
SAU,M,2025,94,3216065211.934
SAU,M,2025,97,292948486.062
SAU,M,2025,04,2788656570.325
SAU,M,2025,07,647227338.224
SAU,M,2025,21,2062069163.376
SAU,M,2025,24,653811485.239
SAU,M,2025,27,11423010071.054
SAU,M,2025,44,1867333856.142
SAU,M,2025,64,1122260636.962
SAU,M,2025,67,54473993.748
SAU,M,2025,85,35953394277.951
SAU,M,2025,91,672006382.8
SAU,M,2025,15,1896718401.842
SAU,M,2025,18,828209111.686
SAU,M,2025,35,258912317.103
SAU,M,2025,38,2801861674.223
SAU,M,2025,41,1326003.217
SAU,M,2025,55,272330028.204
SAU,M,2025,58,47561536.861
SAU,M,2025,61,1941922072.541
SAU,M,2025,79,408522157.907
SAU,M,2025,82,792318741.904
SAU,M,2025,22,213376896.801
SAU,M,2025,39,5479262847.157
SAU,M,2025,42,722023550.892
SAU,M,2025,59,94967930.254
SAU,M,2025,62,2446970245.254
SAU,M,2025,83,1032723018.242
SAU,M,2025,86,474233714.461
SAU,M,2025,06,156362455.288
SAU,M,2025,12,960596258.141
SAU,M,2025,23,1350291689.945
SAU,M,2025,25,450055969.359
SAU,M,2025,28,1319230725.824
SAU,M,2025,32,907550390.278
SAU,M,2025,53,14845645.252
SAU,M,2025,47,257983148.558
SAU,M,2025,88,2927289343.791
SAU,X,2025,26,981429620.268
SAU,X,2025,72,529030886.08
SAU,X,2025,62,113787184.356
SAU,X,2025,80,10035745.459
SAU,X,2025,09,184798208.443
SAU,X,2025,17,696234977.77
SAU,X,2025,28,1747292837.041
SAU,X,2025,29,10044950273.029
SAU,X,2025,32,590350094.046
SAU,X,2025,40,766971060.52
SAU,X,2025,57,60233967.953
SAU,X,2025,63,69681234.471
SAU,X,2025,69,244711451.326
SAU,X,2025,71,4404741728.126
SAU,X,2025,74,2084258426.853
SAU,X,2025,75,196033488.317
SAU,X,2025,81,104634002.375
SAU,X,2025,84,5565852871.973
SAU,X,2025,87,2665100864.247
SAU,X,2025,90,523731607.88
SAU,X,2025,76,2828910982.828
SAU,X,2025,94,109866206.707
SAU,X,2025,38,1132147109.885
SAU,X,2025,55,56689318.309
SAU,X,2025,61,91583315.011
SAU,X,2025,79,61190405.032
SAU,X,2025,82,110893457.92
SAU,X,2025,02,335912604.999
SAU,X,2025,22,415190038.79
SAU,X,2025,39,18201783956.589
SAU,X,2025,42,23476017.36
SAU,X,2025,59,8049532.901
SAU,X,2025,83,130231447.495
SAU,X,2025,33,427474291.743
SAU,X,2025,56,114424183.297
SAU,X,2025,70,330247867.595
SAU,X,2025,73,674894101.236
SAU,X,2025,27,214378704648.267
SAU,X,2025,85,16281903217.124
SAU,X,2025,88,928222530.269
SAU,X,2025,91,179272683.841
SAU,X,2025,03,190989792.254
SAU,X,2025,05,611112.808
SAU,X,2025,06,6787024.352
SAU,X,2025,08,633704681.521
SAU,X,2025,11,29000068.096
SAU,X,2025,12,20024859.717
SAU,X,2025,14,244825.336
SAU,X,2025,20,389945137.408
SAU,X,2025,23,119921450.832
SAU,X,2025,25,631187801.49
SAU,X,2025,31,6851680984.046
SAU,X,2025,34,498856978.502
SAU,X,2025,37,2955728.57
SAU,X,2025,43,1553769.353
SAU,X,2025,45,2995870.971
SAU,X,2025,46,1211301.615
SAU,X,2025,48,660931032.795
SAU,X,2025,49,17602710.087
SAU,X,2025,51,5843919.54
SAU,X,2025,52,1328805.883
SAU,X,2025,54,122494729.798
SAU,X,2025,60,15083347.389
SAU,X,2025,65,4842753.927
SAU,X,2025,66,216359.203
SAU,X,2025,68,278194401.077
SAU,X,2025,78,106382356.796
SAU,X,2025,89,6905042156.18
SAU,X,2025,92,16479439.139
SAU,X,2025,93,3096552.039
SAU,X,2025,95,139594279.878
SAU,X,2025,96,262046288.342
SAU,X,2025,97,553292558.116
SAU,X,2025,15,438379682.813
SAU,X,2025,18,94408251.58
SAU,X,2025,35,74583936.132
SAU,X,2025,41,34628265.5
SAU,X,2025,58,5503613.135
SAU,X,2025,16,120067901.768
SAU,X,2025,19,1022773234.651
SAU,X,2025,86,28617199.291
SAU,X,2025,10,6259340.345
SAU,X,2025,13,12348789.488
SAU,X,2025,30,563165035.04
SAU,X,2025,36,1319391.216
SAU,X,2025,50,40551.734
SAU,X,2025,53,52722.934
SAU,X,2025,01,79685500.463
SAU,X,2025,04,1640966074.912
SAU,X,2025,07,61991491.975
SAU,X,2025,21,178548269.165
SAU,X,2025,24,6048084.076
SAU,X,2025,44,107209580.273
SAU,X,2025,47,44956126.962
SAU,X,2025,64,29152921.698
SAU,X,2025,67,822966.677
SAU,X,2025,99,561722871.555
TUN,M,2024,03,143976611.89
TUN,M,2024,05,5222191.351
TUN,M,2024,10,1150808876.097
TUN,M,2024,12,273125884.443
TUN,M,2024,13,8444236.34
TUN,M,2024,14,2092999.664
TUN,M,2024,22,26138811.106
TUN,M,2024,25,181673655.606
TUN,M,2024,26,2444539.018
TUN,M,2024,28,154027760.28
TUN,M,2024,29,240150446.404
TUN,M,2024,30,660601257.814
TUN,M,2024,31,93835292.371
TUN,M,2024,32,154101760.181
TUN,M,2024,33,170131703.547
TUN,M,2024,34,116500557.425
TUN,M,2024,36,627741.699
TUN,M,2024,37,10993526.518
TUN,M,2024,39,1622967569.917
TUN,M,2024,40,202263242.272
TUN,M,2024,42,34464192.761
TUN,M,2024,43,414119.282
TUN,M,2024,45,447380.958
TUN,M,2024,49,19282500.187
TUN,M,2024,52,576705030.296
TUN,M,2024,54,258812014.656
TUN,M,2024,56,97766402.971
TUN,M,2024,57,9657996.139
TUN,M,2024,59,191366612.564
TUN,M,2024,60,216416717.207
TUN,M,2024,62,246776605.597
TUN,M,2024,63,111358076.767
TUN,M,2024,65,3054873.841
TUN,M,2024,66,1359649.833
TUN,M,2024,68,52819864.87
TUN,M,2024,69,73531827.757
TUN,M,2024,70,116848084.487
TUN,M,2024,71,73556356.55
TUN,M,2024,72,723690949.727
TUN,M,2024,73,452408302.611
TUN,M,2024,75,46160239.331
TUN,M,2024,76,318559987.575
TUN,M,2024,78,15477564.743
TUN,M,2024,81,19209489.844
TUN,M,2024,83,144700516.999
TUN,M,2024,84,2043895323.501
TUN,M,2024,86,5765025.813
TUN,M,2024,89,23959116.888
TUN,M,2024,90,500645863.156
TUN,M,2024,92,3247579.751
TUN,M,2024,93,4448477.558
TUN,M,2024,94,162363599.063
TUN,M,2024,96,80611283.691
TUN,M,2024,15,239670862.515
TUN,M,2024,35,82138223.42
TUN,M,2024,38,253984480.649
TUN,M,2024,55,305462616.166
TUN,M,2024,58,105483234.226
TUN,M,2024,82,69489081.253
TUN,M,2024,01,32374937.647
TUN,M,2024,21,86827269.603
TUN,M,2024,24,191749066.333
TUN,M,2024,27,4895145139.256
TUN,M,2024,44,182394773.221
TUN,M,2024,47,98585654.101
TUN,M,2024,67,8900597.33
TUN,M,2024,85,3157663200.529
TUN,M,2024,88,145029826.23
TUN,M,2024,91,18225197.608
TUN,M,2024,02,23706422.886
TUN,M,2024,06,3819418.058
TUN,M,2024,08,33805412.109
TUN,M,2024,09,185518937.957
TUN,M,2024,11,28376805.214
TUN,M,2024,16,3921118.807
TUN,M,2024,17,216142371.368
TUN,M,2024,19,34269664.456
TUN,M,2024,20,28197896.146
TUN,M,2024,23,144789310.38
TUN,M,2024,46,552234.452
TUN,M,2024,48,342473836.801
TUN,M,2024,50,29281157.63
TUN,M,2024,51,33700956.047
TUN,M,2024,53,37930223.004
TUN,M,2024,74,647819519.15
TUN,M,2024,80,7446990.718
TUN,M,2024,95,63669373.307
TUN,M,2024,18,55125103.823
TUN,M,2024,41,190483968.622
TUN,M,2024,61,124656807.483
TUN,M,2024,79,29210695.034
TUN,M,2024,04,83589040.284
TUN,M,2024,07,49934055.691
TUN,M,2024,64,183299159.427
TUN,M,2024,87,1760315642.528
TUN,X,2024,01,1197315.448
TUN,X,2024,24,72804114.059
TUN,X,2024,27,1245044438.131
TUN,X,2024,85,5221761125.238
TUN,X,2024,91,9497859.698
TUN,X,2024,35,8583280.568
TUN,X,2024,38,33583980.073
TUN,X,2024,41,11531370.715
TUN,X,2024,55,23016817.281
TUN,X,2024,58,10477889.275
TUN,X,2024,61,705683730.842
TUN,X,2024,82,7759475.544
TUN,X,2024,03,208559509.441
TUN,X,2024,05,7335700.435
TUN,X,2024,10,364655.253
TUN,X,2024,12,10422248.156
TUN,X,2024,14,261460.032
TUN,X,2024,23,42874056.868
TUN,X,2024,25,230315548.63
TUN,X,2024,26,5041056.342
TUN,X,2024,28,418971117.815
TUN,X,2024,29,7274921.664
TUN,X,2024,30,127560868.282
TUN,X,2024,33,92799827.953
TUN,X,2024,37,144738.93
TUN,X,2024,39,795909578.599
TUN,X,2024,40,23274580.391
TUN,X,2024,42,142818413.723
TUN,X,2024,43,2227.228
TUN,X,2024,45,8967873.712
TUN,X,2024,46,842550.619
TUN,X,2024,49,8519279.862
TUN,X,2024,56,19266485.449
TUN,X,2024,60,3671899.679
TUN,X,2024,62,1714693261.232
TUN,X,2024,68,34626787.81
TUN,X,2024,69,41769838.33
TUN,X,2024,70,91294089.853
TUN,X,2024,71,6068500.358
TUN,X,2024,73,380059360.785
TUN,X,2024,75,1787245.437
TUN,X,2024,76,167030123.887
TUN,X,2024,78,662886.591
TUN,X,2024,80,5777260.926
TUN,X,2024,81,4389176.847
TUN,X,2024,83,56160939.928
TUN,X,2024,84,884355512.332
TUN,X,2024,89,156571853.271
TUN,X,2024,90,821759265.512
TUN,X,2024,92,5794892.423
TUN,X,2024,94,245624123.049
TUN,X,2024,96,108555735.059
TUN,X,2024,04,17793733.237
TUN,X,2024,07,110348232.713
TUN,X,2024,21,61283657.759
TUN,X,2024,44,31273584.48
TUN,X,2024,47,695148.091
TUN,X,2024,64,546441585.933
TUN,X,2024,67,9419849.756
TUN,X,2024,88,497325544.988
TUN,X,2024,15,1702914007.533
TUN,X,2024,18,30290267.964
TUN,X,2024,79,5922001.142
TUN,X,2024,02,3623779.84
TUN,X,2024,06,2000316.277
TUN,X,2024,08,354945928.657
TUN,X,2024,09,37283277.135
TUN,X,2024,11,13469554.699
TUN,X,2024,13,3535804.815
TUN,X,2024,16,60282042.317
TUN,X,2024,17,26977885.885
TUN,X,2024,19,121190086.964
TUN,X,2024,20,33650329.972
TUN,X,2024,22,26202878.104
TUN,X,2024,31,243392964.77
TUN,X,2024,32,27063042.2
TUN,X,2024,34,26067622.513
TUN,X,2024,36,1670466.41
TUN,X,2024,48,205224548.078
TUN,X,2024,50,3611908.37
TUN,X,2024,51,2470017.465
TUN,X,2024,52,18814565.078
TUN,X,2024,53,32284826.143
TUN,X,2024,54,20833155.502
TUN,X,2024,57,2347774.793
TUN,X,2024,59,6257665.745
TUN,X,2024,63,388990681.376
TUN,X,2024,65,11961476.416
TUN,X,2024,66,2837314.433
TUN,X,2024,72,162128268.172
TUN,X,2024,74,109738929.283
TUN,X,2024,86,2644176.336
TUN,X,2024,87,687908417.209
TUN,X,2024,95,90918809.168
TUN,X,2024,97,544.176
ARE,M,2023,92,101805777.043
ARE,M,2023,04,2181718807.952
ARE,M,2023,41,32175471.668
ARE,M,2023,36,25750605.476
ARE,M,2023,79,339297548.744
ARE,M,2023,16,301938572.87
ARE,M,2023,32,900932994.828
ARE,M,2023,80,25607138.953
ARE,M,2023,89,1115380520.376
ARE,M,2023,53,19011958.151
ARE,M,2023,86,183759926.34
ARE,M,2023,99,78712301073.371
ARE,M,2023,02,2507953647.708
ARE,M,2023,54,963090180.264
ARE,M,2023,19,1341241782.402
ARE,M,2023,18,661292115.151
ARE,M,2023,06,134675638.442
ARE,M,2023,30,6174866487.128
ARE,M,2023,67,46842484.023
ARE,M,2023,66,13806513.167
ARE,M,2023,43,24481009.759
ARE,M,2023,93,36946216.052
ARE,M,2023,50,23964433.016
ARE,M,2023,09,1053201940.844
ARE,M,2023,83,930918235.545
ARE,M,2023,21,1429764659.227
ARE,M,2023,49,228237791.35
ARE,M,2023,97,989118304.575
ARE,M,2023,42,2078411474.118
ARE,M,2023,58,110931963.622
ARE,M,2023,23,345307024.138
ARE,M,2023,33,4618688821.743
ARE,M,2023,11,142328717.779
ARE,M,2023,55,693705321.151
ARE,M,2023,07,1352088288.873
ARE,M,2023,17,1081636392.984
ARE,M,2023,60,146536180.774
ARE,M,2023,25,442045668.881
ARE,M,2023,37,109452562.188
ARE,M,2023,35,265838872.07
ARE,M,2023,88,3958802831.547
ARE,M,2023,12,1266613726.694
ARE,M,2023,96,845711896.438
ARE,M,2023,26,1802575055.509
ARE,M,2023,28,2166070350.396
ARE,M,2023,85,63051480332.63
ARE,M,2023,59,176386738.285
ARE,M,2023,70,860737347.365
ARE,M,2023,90,5294035429.833
ARE,M,2023,82,725992435.476
ARE,M,2023,13,59693329.846
ARE,M,2023,56,215729871.56
ARE,M,2023,05,5409778.664
ARE,M,2023,52,171125463.137
ARE,M,2023,81,80616727.679
ARE,M,2023,57,267785683.977
ARE,M,2023,95,1766263670.337
ARE,M,2023,91,2726489626.782
ARE,M,2023,69,694204328.127
ARE,M,2023,64,3176541844.983
ARE,M,2023,75,274694880.808
ARE,M,2023,76,1336367992.332
ARE,M,2023,51,32698681.282
ARE,M,2023,44,1162063918.664
ARE,M,2023,20,696463072.257
ARE,M,2023,78,98980088.482
ARE,M,2023,40,2222361749.712
ARE,M,2023,39,6403184377.109
ARE,M,2023,63,811974910.074
ARE,M,2023,03,678677381.892
ARE,M,2023,48,1913838443.207
ARE,M,2023,94,2944934262.808
ARE,M,2023,84,40842683644.819
ARE,M,2023,61,3461011592.155
ARE,M,2023,24,1631109380.665
ARE,M,2023,71,114875892578.283
ARE,M,2023,72,6244301896.482
ARE,M,2023,46,48986882.177
ARE,M,2023,68,756619076.448
ARE,M,2023,73,5757236529.424
ARE,M,2023,74,4149330283.231
ARE,M,2023,22,1711500011.517
ARE,M,2023,45,10823580.223
ARE,M,2023,65,139821685.103
ARE,M,2023,87,33665512732.103
ARE,M,2023,62,3145699396.894
ARE,M,2023,08,2713495858.646
ARE,M,2023,34,1314780484.319
ARE,M,2023,15,834190910.393
ARE,M,2023,29,3111032525.838
ARE,M,2023,38,2663422570.362
ARE,M,2023,14,5003378.365
ARE,M,2023,31,115322877.125
ARE,M,2023,47,642081636.801
ARE,M,2023,27,21257678536.735
ARE,M,2023,01,121834525.036
ARE,M,2023,10,1541087860.777
ARE,X,2023,64,1742831260.881
ARE,X,2023,21,1028960060.184
ARE,X,2023,65,67826496.483
ARE,X,2023,19,935698488.92
ARE,X,2023,18,434701078.529
ARE,X,2023,75,153675783.379
ARE,X,2023,54,704064225.439
ARE,X,2023,17,787597242.194
ARE,X,2023,41,7248783.885
ARE,X,2023,78,155815264.354
ARE,X,2023,66,5295484.369
ARE,X,2023,58,40208066.482
ARE,X,2023,60,90106494.298
ARE,X,2023,13,54172917.069
ARE,X,2023,99,18107771314.771
ARE,X,2023,05,1553127.466
ARE,X,2023,86,85646405.894
ARE,X,2023,92,67091680.721
ARE,X,2023,81,18117092.126
ARE,X,2023,53,3768386.887
ARE,X,2023,11,183843083.19
ARE,X,2023,80,55423630.014
ARE,X,2023,55,294381906.818
ARE,X,2023,89,562622215.175
ARE,X,2023,51,13755237.348
ARE,X,2023,06,18440134.167
ARE,X,2023,14,3404925.511
ARE,X,2023,25,1499560728.072
ARE,X,2023,82,506226146.675
ARE,X,2023,34,803020791.689
ARE,X,2023,83,596818540.929
ARE,X,2023,74,4490571632.766
ARE,X,2023,16,588974232.77
ARE,X,2023,39,7581826130.023
ARE,X,2023,95,899275057.978
ARE,X,2023,48,1625749680.306
ARE,X,2023,10,140212808.697
ARE,X,2023,44,250997204.414
ARE,X,2023,09,1090756010.954
ARE,X,2023,24,6609193245.091
ARE,X,2023,31,33799829.392
ARE,X,2023,26,78729020.998
ARE,X,2023,04,1198010553.151
ARE,X,2023,94,1775474456.201
ARE,X,2023,22,845221267.853
ARE,X,2023,87,16802966925.851
ARE,X,2023,46,57181013.369
ARE,X,2023,52,60147396.259
ARE,X,2023,07,708301077.163
ARE,X,2023,30,1872569905.715
ARE,X,2023,12,135379731.073
ARE,X,2023,63,547598444.117
ARE,X,2023,56,222641932.149
ARE,X,2023,37,97991251.736
ARE,X,2023,28,408948167.083
ARE,X,2023,88,5299585197.196
ARE,X,2023,71,90203377276.687
ARE,X,2023,03,120849240.598
ARE,X,2023,35,129799118.175
ARE,X,2023,27,282076795222.039
ARE,X,2023,91,1411561909.481
ARE,X,2023,36,11640895.277
ARE,X,2023,20,540153084.178
ARE,X,2023,68,379156101.668
ARE,X,2023,70,727738574.619
ARE,X,2023,84,24365671468.569
ARE,X,2023,43,9176318.431
ARE,X,2023,73,5005901331.886
ARE,X,2023,50,8298846.38
ARE,X,2023,15,979802887.602
ARE,X,2023,45,40493837.423
ARE,X,2023,62,1489503917.66
ARE,X,2023,49,3456684350.421
ARE,X,2023,57,206311659.927
ARE,X,2023,85,42277665208.502
ARE,X,2023,38,1253493843.779
ARE,X,2023,90,2980765768.517
ARE,X,2023,29,1737940861.788
ARE,X,2023,96,427815762.978
ARE,X,2023,59,64095295.449
ARE,X,2023,32,866406751.961
ARE,X,2023,08,1940457005.102
ARE,X,2023,42,594738828.201
ARE,X,2023,33,6129467774.019
ARE,X,2023,69,570113464.153
ARE,X,2023,76,7862971761.282
ARE,X,2023,40,1868484438.464
ARE,X,2023,61,2401247395.973
ARE,X,2023,93,14644925.268
ARE,X,2023,97,916077592.624
ARE,X,2023,47,154587903.648
ARE,X,2023,79,174956164.135
ARE,X,2023,72,3500223959.081
ARE,X,2023,67,16589085.505
ARE,X,2023,23,379028887.983
ARE,X,2023,02,378896666.473
ARE,X,2023,01,120049032.4
YEM,M,2024,41,71460.267
YEM,M,2024,42,3802891.421
YEM,M,2024,06,1387694.213
YEM,M,2024,12,10473292.653
YEM,M,2024,21,43235256.617
YEM,M,2024,24,3201366.371
YEM,M,2024,25,21957399.904
YEM,M,2024,95,2512816.062
YEM,M,2024,63,13745388.616
YEM,M,2024,64,14128218.52
YEM,M,2024,66,407526.347
YEM,M,2024,39,161355940.892
YEM,M,2024,20,79474559.316
YEM,M,2024,27,401994631.628
YEM,M,2024,92,1500.0
YEM,M,2024,46,198638.64
YEM,M,2024,14,75366.293
YEM,M,2024,19,106445478.512
YEM,M,2024,23,22877295.653
YEM,M,2024,32,11951475.04
YEM,M,2024,58,302555.053
YEM,M,2024,87,327788299.635
YEM,M,2024,72,52650706.931
YEM,M,2024,86,162951.787
YEM,M,2024,88,1152129.067
YEM,M,2024,90,8068413.627
YEM,M,2024,76,20238594.413
YEM,M,2024,74,554156.16
YEM,M,2024,60,105214.907
YEM,M,2024,67,60493.693
YEM,M,2024,73,31994034.744
YEM,M,2024,30,120772524.45
YEM,M,2024,45,12059.947
YEM,M,2024,83,8881300.16
YEM,M,2024,85,78390843.777
YEM,M,2024,54,29893682.56
YEM,M,2024,55,999309.093
YEM,M,2024,29,8372854.187
YEM,M,2024,37,641231.68
YEM,M,2024,01,13010007.88
YEM,M,2024,10,592266734.659
YEM,M,2024,96,27598503.745
YEM,M,2024,69,34612455.12
YEM,M,2024,79,65618.373
YEM,M,2024,80,137854.08
YEM,M,2024,56,5679360.117
YEM,M,2024,04,109460579.919
YEM,M,2024,36,513250.069
YEM,M,2024,48,52556330.585
YEM,M,2024,91,379847.76
YEM,M,2024,94,8576058.427
YEM,M,2024,22,12439608.232
YEM,M,2024,75,37000.0
YEM,M,2024,33,17989597.853
YEM,M,2024,97,6610.0
YEM,M,2024,50,39941.013
YEM,M,2024,53,125890.693
YEM,M,2024,57,3717232.04
YEM,M,2024,31,17653781.093
YEM,M,2024,08,15244110.545
YEM,M,2024,70,11526948.84
YEM,M,2024,71,3719563.947
YEM,M,2024,81,3000.0
YEM,M,2024,82,14096242.707
YEM,M,2024,84,95783174.954
YEM,M,2024,40,12024986.987
YEM,M,2024,61,2517769.387
YEM,M,2024,62,24408283.453
YEM,M,2024,35,6737140.507
YEM,M,2024,47,333655.707
YEM,M,2024,07,9197947.907
YEM,M,2024,18,10203961.64
YEM,M,2024,59,1911118.44
YEM,M,2024,02,111324126.26
YEM,M,2024,15,39623368.155
YEM,M,2024,49,738673.974
YEM,M,2024,78,55290.907
YEM,M,2024,34,28294738.088
YEM,M,2024,03,196998.927
YEM,M,2024,09,36311066.672
YEM,M,2024,44,26619121.936
YEM,M,2024,05,5350.2
YEM,M,2024,65,23077.92
YEM,M,2024,26,4388.0
YEM,M,2024,28,6886134.08
YEM,M,2024,11,17668517.387
YEM,M,2024,52,287868.88
YEM,M,2024,38,16477603.693
YEM,M,2024,13,155578.24
YEM,M,2024,16,9909689.475
YEM,M,2024,17,134865823.819
YEM,M,2024,89,20050.8
YEM,M,2024,51,3266.213
YEM,M,2024,68,6414988.4
YEM,X,2024,76,211333.536
YEM,X,2024,96,370234.139
YEM,X,2024,23,10445207.248
YEM,X,2024,27,91969.984
YEM,X,2024,38,80.24
YEM,X,2024,62,596814.064
YEM,X,2024,03,184374588.898
YEM,X,2024,48,231705.667
YEM,X,2024,53,1827.826
YEM,X,2024,68,529479.576
YEM,X,2024,74,257826.862
YEM,X,2024,10,7074959.814
YEM,X,2024,84,1855044.929
YEM,X,2024,26,5300.0
YEM,X,2024,41,4488089.341
YEM,X,2024,71,179147699.353
YEM,X,2024,94,444177.793
YEM,X,2024,18,14521.937
YEM,X,2024,59,18762.96
YEM,X,2024,06,176063.072
YEM,X,2024,49,39746.848
YEM,X,2024,12,724515.395
YEM,X,2024,14,3036764.233
YEM,X,2024,01,190250.37
YEM,X,2024,05,248840.0
YEM,X,2024,11,853720.053
YEM,X,2024,13,36481.909
YEM,X,2024,39,3843831.799
YEM,X,2024,40,12867.0
YEM,X,2024,90,978600.601
YEM,X,2024,37,600.0
YEM,X,2024,83,91924.0
YEM,X,2024,08,69990141.045
YEM,X,2024,55,59400.0
YEM,X,2024,64,32812.787
YEM,X,2024,85,1780246.239
YEM,X,2024,82,32067.421
YEM,X,2024,07,43227219.53
YEM,X,2024,15,7231717.324
YEM,X,2024,20,1692853.668
YEM,X,2024,25,6004798.302
YEM,X,2024,78,4400.0
YEM,X,2024,91,561.432
YEM,X,2024,32,42085.307
YEM,X,2024,33,824453.79
YEM,X,2024,44,90453.152
YEM,X,2024,61,687057.192
YEM,X,2024,72,1643188.41
YEM,X,2024,24,34792.667
YEM,X,2024,34,1169478.879
YEM,X,2024,47,10201.0
YEM,X,2024,69,267704.358
YEM,X,2024,89,1600.0
YEM,X,2024,95,28982.892
YEM,X,2024,73,355659.995
YEM,X,2024,30,1136226.626
YEM,X,2024,50,26600.0
YEM,X,2024,60,8987.262
YEM,X,2024,21,940532.519
YEM,X,2024,87,9387601.901
YEM,X,2024,09,25202569.456
YEM,X,2024,19,6153741.487
YEM,X,2024,35,2028.358
YEM,X,2024,42,32379.295
YEM,X,2024,54,31269.493
YEM,X,2024,04,13312439.309
YEM,X,2024,16,8795116.023
YEM,X,2024,17,1172010.574
YEM,X,2024,22,381143.03
YEM,X,2024,46,594.061
YEM,X,2024,58,1255.652
YEM,X,2024,63,79418.348
YEM,X,2024,70,1563.867
YEM,X,2024,31,43469.533
BTN,M,2025,03,6821062.065
BTN,M,2025,05,221375.856
BTN,M,2025,06,778052.032
BTN,M,2025,08,10953677.951
BTN,M,2025,09,4001401.672
BTN,M,2025,11,11739944.818
BTN,M,2025,12,3067489.795
BTN,M,2025,14,761366.12
BTN,M,2025,17,8615384.226
BTN,M,2025,20,5902931.855
BTN,M,2025,23,14102595.815
BTN,M,2025,25,12619651.324
BTN,M,2025,26,21347674.163
BTN,M,2025,28,2996071.586
BTN,M,2025,29,1979378.779
BTN,M,2025,31,103864.66
BTN,M,2025,32,8413341.207
BTN,M,2025,34,8484341.077
BTN,M,2025,37,76407.704
BTN,M,2025,40,18710538.985
BTN,M,2025,43,141.13
BTN,M,2025,45,1797.401
BTN,M,2025,46,44579.46
BTN,M,2025,48,9947543.302
BTN,M,2025,49,2122689.802
BTN,M,2025,51,454528.329
BTN,M,2025,52,1140270.786
BTN,M,2025,54,2299333.971
BTN,M,2025,57,1104369.162
BTN,M,2025,60,363168.399
BTN,M,2025,63,4431941.839
BTN,M,2025,65,361025.504
BTN,M,2025,66,313614.132
BTN,M,2025,68,8820491.501
BTN,M,2025,69,15047018.721
BTN,M,2025,71,780488.596
BTN,M,2025,72,85303158.961
BTN,M,2025,74,6221184.018
BTN,M,2025,75,25799.924
BTN,M,2025,78,2701.125
BTN,M,2025,81,1243603.957
BTN,M,2025,84,696097941.973
BTN,M,2025,87,109208825.468
BTN,M,2025,89,143223.999
BTN,M,2025,90,25945968.137
BTN,M,2025,92,214180.631
BTN,M,2025,93,185764.616
BTN,M,2025,95,6089148.752
BTN,M,2025,96,5477866.038
BTN,M,2025,01,727387.937
BTN,M,2025,04,25589065.673
BTN,M,2025,07,12121388.914
BTN,M,2025,21,14030112.056
BTN,M,2025,24,8798575.238
BTN,M,2025,27,297726937.783
BTN,M,2025,44,46012482.599
BTN,M,2025,47,7980.345
BTN,M,2025,64,6786812.13
BTN,M,2025,67,60901.601
BTN,M,2025,85,234577743.011
BTN,M,2025,88,4141270.338
BTN,M,2025,91,463534.531
BTN,M,2025,15,30034161.59
BTN,M,2025,18,1093554.373
BTN,M,2025,35,1451574.447
BTN,M,2025,38,19989357.666
BTN,M,2025,41,10098.472
BTN,M,2025,55,1618299.129
BTN,M,2025,58,177295.365
BTN,M,2025,61,6968857.107
BTN,M,2025,79,15483.795
BTN,M,2025,82,4383968.627
BTN,M,2025,02,12367321.308
BTN,M,2025,16,1043616.361
BTN,M,2025,19,17004719.261
BTN,M,2025,22,15609371.274
BTN,M,2025,39,38868706.676
BTN,M,2025,42,1290391.501
BTN,M,2025,59,627470.976
BTN,M,2025,62,6887405.441
BTN,M,2025,80,3563.827
BTN,M,2025,83,9581699.837
BTN,M,2025,86,147504.623
BTN,M,2025,10,45019875.314
BTN,M,2025,13,322075.638
BTN,M,2025,30,8016453.994
BTN,M,2025,33,9734053.123
BTN,M,2025,36,1774920.235
BTN,M,2025,50,1287002.258
BTN,M,2025,53,150041.853
BTN,M,2025,56,629377.282
BTN,M,2025,70,10155197.274
BTN,M,2025,73,50223092.38
BTN,M,2025,76,19295012.878
BTN,M,2025,94,23913793.072
BTN,M,2025,97,75955.207
BTN,M,2025,99,26843.395
BTN,X,2025,16,2494.693
BTN,X,2025,19,1094437.158
BTN,X,2025,22,25706075.193
BTN,X,2025,39,1108407.029
BTN,X,2025,42,52380.539
BTN,X,2025,62,885.093
BTN,X,2025,80,8702350.415
BTN,X,2025,83,17151.88
BTN,X,2025,11,764.319
BTN,X,2025,12,1069991.794
BTN,X,2025,14,159.65
BTN,X,2025,20,3206753.285
BTN,X,2025,23,239555.314
BTN,X,2025,25,159436227.203
BTN,X,2025,26,403.981
BTN,X,2025,28,11974971.843
BTN,X,2025,29,556.849
BTN,X,2025,32,31827.846
BTN,X,2025,34,3712.657
BTN,X,2025,40,328432.195
BTN,X,2025,46,1759.72
BTN,X,2025,48,2214.249
BTN,X,2025,49,15395.0
BTN,X,2025,51,1858.927
BTN,X,2025,54,3.051
BTN,X,2025,57,2985.043
BTN,X,2025,60,52.139
BTN,X,2025,63,18344.133
BTN,X,2025,65,137.844
BTN,X,2025,68,10903.013
BTN,X,2025,69,1171.328
BTN,X,2025,71,147220.709
BTN,X,2025,72,260702954.275
BTN,X,2025,74,67.978
BTN,X,2025,81,252.807
BTN,X,2025,84,706.767
BTN,X,2025,87,58.693
BTN,X,2025,90,23649489.599
BTN,X,2025,92,208.061
BTN,X,2025,95,3356.664
BTN,X,2025,96,1233.57
BTN,X,2025,15,127.54
BTN,X,2025,18,4.043
BTN,X,2025,38,48289.4
BTN,X,2025,41,1579.554
BTN,X,2025,58,904.159
BTN,X,2025,61,578.417
BTN,X,2025,21,1109512.077
BTN,X,2025,24,1450.88
BTN,X,2025,27,696.298
BTN,X,2025,44,13235496.918
BTN,X,2025,47,42932.536
BTN,X,2025,64,120.915
BTN,X,2025,85,611.783
BTN,X,2025,91,557164.567
BTN,X,2025,10,34766.158
BTN,X,2025,13,30573.729
BTN,X,2025,30,856150.796
BTN,X,2025,33,103427.911
BTN,X,2025,50,10588.037
BTN,X,2025,70,5827858.031
BTN,X,2025,73,1976.096
BTN,X,2025,76,4186.554
BTN,X,2025,94,17660.27
BTN,X,2025,97,8.17
IND,M,2025,38,8674684529.227
IND,M,2025,55,987876276.127
IND,M,2025,58,234310106.657
IND,M,2025,61,780628296.77
IND,M,2025,82,1591080297.752
IND,M,2025,01,25864245.529
IND,M,2025,21,259615349.792
IND,M,2025,27,209101605465.561
IND,M,2025,44,2479368297.273
IND,M,2025,64,579052420.51
IND,M,2025,85,100537835027.546
IND,M,2025,88,11361947815.169
IND,M,2025,91,730723611.888
IND,M,2025,28,15216862124.306
IND,M,2025,31,14171272537.31
IND,M,2025,34,1425231890.355
IND,M,2025,37,237980634.807
IND,M,2025,43,7100171.545
IND,M,2025,52,2184109314.531
IND,M,2025,54,1783461784.471
IND,M,2025,57,174445226.681
IND,M,2025,63,669161761.573
IND,M,2025,69,992457132.865
IND,M,2025,72,16460115020.01
IND,M,2025,84,70691278272.616
IND,M,2025,87,9075504405.489
IND,M,2025,89,4607467668.539
IND,M,2025,90,14828074095.163
IND,M,2025,92,83172070.443
IND,M,2025,93,158609580.971
IND,M,2025,95,621517228.193
IND,M,2025,96,634844215.929
IND,M,2025,53,555871392.351
IND,M,2025,70,2862331625.057
IND,M,2025,94,1907190050.343
IND,M,2025,97,276325850.719
IND,M,2025,15,18846748172.666
IND,M,2025,18,1104722995.272
IND,M,2025,35,1155907057.527
IND,M,2025,41,407216587.804
IND,M,2025,79,1044526089.221
IND,M,2025,04,75954391.517
IND,M,2025,07,4290940207.344
IND,M,2025,24,142412338.714
IND,M,2025,47,3357675394.139
IND,M,2025,67,36675855.398
IND,M,2025,05,52665612.556
IND,M,2025,06,66515349.328
IND,M,2025,08,5586097131.996
IND,M,2025,09,1289199515.598
IND,M,2025,11,124182965.01
IND,M,2025,12,743123036.499
IND,M,2025,14,135115887.366
IND,M,2025,17,1409414158.496
IND,M,2025,20,219629805.886
IND,M,2025,25,5192575016.637
IND,M,2025,26,9535858537.494
IND,M,2025,29,25731507387.261
IND,M,2025,32,2643406968.495
IND,M,2025,40,4861817762.456
IND,M,2025,45,12100958.675
IND,M,2025,46,9052235.487
IND,M,2025,48,3101383991.455
IND,M,2025,49,245008628.612
IND,M,2025,51,318140521.387
IND,M,2025,60,993407625.235
IND,M,2025,65,46632871.386
IND,M,2025,66,42451499.023
IND,M,2025,68,1134398227.672
IND,M,2025,71,93961452352.612
IND,M,2025,74,11840549670.348
IND,M,2025,75,1175089967.739
IND,M,2025,78,1226358020.532
IND,M,2025,81,737381342.615
IND,M,2025,10,211347897.95
IND,M,2025,13,416913457.369
IND,M,2025,30,3488649933.888
IND,M,2025,33,1520085519.623
IND,M,2025,36,26065534.019
IND,M,2025,50,201044904.666
IND,M,2025,56,477605457.384
IND,M,2025,73,5676708044.5
IND,M,2025,76,9844574156.137
IND,M,2025,03,293061424.1
IND,M,2025,23,817148597.204
IND,M,2025,39,22010286826.535
IND,M,2025,42,530702860.703
IND,M,2025,62,897228204.227
IND,M,2025,83,1271159222.419
IND,M,2025,86,819604481.194
IND,M,2025,02,13366903.25
IND,M,2025,16,8997223.019
IND,M,2025,99,1330974364.245
IND,M,2025,19,210243795.318
IND,M,2025,22,1400108876.303
IND,M,2025,59,898732317.045
IND,M,2025,80,500200008.431
IND,X,2025,99,11217249.658
IND,X,2025,02,4980552689.452
IND,X,2025,03,6981604032.07
IND,X,2025,05,357413552.627
IND,X,2025,06,89441414.674
IND,X,2025,08,1943653826.181
IND,X,2025,09,5605280896.49
IND,X,2025,11,628552974.105
IND,X,2025,12,2049887784.827
IND,X,2025,14,45167223.002
IND,X,2025,17,2545014116.125
IND,X,2025,20,1287930354.277
IND,X,2025,23,2238481644.044
IND,X,2025,25,2190280295.488
IND,X,2025,26,2204685301.665
IND,X,2025,28,4549362484.132
IND,X,2025,29,20151549098.587
IND,X,2025,31,120681526.511
IND,X,2025,32,3247449095.968
IND,X,2025,34,1062021623.059
IND,X,2025,40,5049100635.591
IND,X,2025,43,5347226.73
IND,X,2025,45,6455621.908
IND,X,2025,46,69719301.637
IND,X,2025,48,2613693390.752
IND,X,2025,49,457900345.832
IND,X,2025,52,6102984302.002
IND,X,2025,54,1656993441.901
IND,X,2025,60,520149219.889
IND,X,2025,66,6086573.036
IND,X,2025,68,2104012748.079
IND,X,2025,69,2755018886.28
IND,X,2025,71,29779263910.876
IND,X,2025,72,9903703958.394
IND,X,2025,74,2841907102.362
IND,X,2025,75,188438136.217
IND,X,2025,78,1226490962.685
IND,X,2025,81,246859097.355
IND,X,2025,87,25140899915.979
IND,X,2025,90,5550985186.239
IND,X,2025,95,603768652.355
IND,X,2025,16,840844381.64
IND,X,2025,19,992336521.068
IND,X,2025,22,456060895.365
IND,X,2025,39,7905438930.667
IND,X,2025,80,35381915.206
IND,X,2025,83,1031427057.322
IND,X,2025,04,973461865.157
IND,X,2025,07,2283216273.565
IND,X,2025,21,1917487565.189
IND,X,2025,24,1984241892.025
IND,X,2025,27,58616317713.367
IND,X,2025,44,597356496.563
IND,X,2025,47,1532826.529
IND,X,2025,67,646434527.247
IND,X,2025,37,23523564.57
IND,X,2025,51,141767363.283
IND,X,2025,57,2027977165.879
IND,X,2025,63,6106589882.795
IND,X,2025,65,104176692.802
IND,X,2025,84,36199748436.204
IND,X,2025,89,3515398668.46
IND,X,2025,92,51661562.387
IND,X,2025,93,816796856.987
IND,X,2025,96,714806887.863
IND,X,2025,42,2668756917.319
IND,X,2025,59,457795575.851
IND,X,2025,62,8392174046.021
IND,X,2025,86,457676155.474
IND,X,2025,01,22792295.87
IND,X,2025,64,2533015668.49
IND,X,2025,85,53632999647.647
IND,X,2025,88,2339696782.897
IND,X,2025,91,84047629.244
IND,X,2025,55,1564217898.007
IND,X,2025,15,2235971929.363
IND,X,2025,18,373328710.423
IND,X,2025,35,428424592.818
IND,X,2025,38,7215830179.428
IND,X,2025,41,407101152.203
IND,X,2025,58,380500760.748
IND,X,2025,79,785698539.7
IND,X,2025,10,12420181979.29
IND,X,2025,13,1213772441.099
IND,X,2025,30,25829170110.15
IND,X,2025,33,2651028367.125
IND,X,2025,36,553541425.674
IND,X,2025,56,624148293.261
IND,X,2025,70,1167895095.154
IND,X,2025,73,10561947985.517
IND,X,2025,76,6785110666.033
IND,X,2025,94,2540281480.711
IND,X,2025,61,7900737607.52
IND,X,2025,82,1173241925.823
IND,X,2025,50,237047268.619
IND,X,2025,53,852681528.22
IND,X,2025,97,174793650.31
MDV,M,2025,26,2621817.738
MDV,M,2025,47,9393.268
MDV,M,2025,15,28652267.013
MDV,M,2025,14,1212635.744
MDV,M,2025,20,44248979.122
MDV,M,2025,25,140272460.287
MDV,M,2025,32,36897777.23
MDV,M,2025,51,227333.067
MDV,M,2025,60,13195.89
MDV,M,2025,72,75820137.149
MDV,M,2025,74,4724889.18
MDV,M,2025,95,21123452.535
MDV,M,2025,21,50314462.539
MDV,M,2025,24,10274078.28
MDV,M,2025,10,29709353.344
MDV,M,2025,13,223743.266
MDV,M,2025,33,47741167.137
MDV,M,2025,35,3664798.657
MDV,M,2025,55,1362813.346
MDV,M,2025,79,454420.546
MDV,M,2025,03,39352784.578
MDV,M,2025,05,440854.614
MDV,M,2025,06,4092192.65
MDV,M,2025,08,93392721.194
MDV,M,2025,09,24949263.63
MDV,M,2025,11,15672030.771
MDV,M,2025,12,4797664.171
MDV,M,2025,17,14974709.381
MDV,M,2025,23,1373538.834
MDV,M,2025,28,2213689.824
MDV,M,2025,29,1691138.069
MDV,M,2025,31,2606848.57
MDV,M,2025,34,30401747.391
MDV,M,2025,37,130190.126
MDV,M,2025,40,20243527.426
MDV,M,2025,43,235.7
MDV,M,2025,45,10760.877
MDV,M,2025,46,6609680.277
MDV,M,2025,48,26657146.706
MDV,M,2025,49,12634409.396
MDV,M,2025,52,1884966.212
MDV,M,2025,54,3810131.487
MDV,M,2025,57,5082714.118
MDV,M,2025,63,25121694.175
MDV,M,2025,65,1866382.175
MDV,M,2025,66,1915213.06
MDV,M,2025,68,27718777.031
MDV,M,2025,69,25529546.206
MDV,M,2025,71,1916196.027
MDV,M,2025,75,4876.767
MDV,M,2025,78,145808.763
MDV,M,2025,81,36824.895
MDV,M,2025,84,338590727.466
MDV,M,2025,87,64315007.917
MDV,M,2025,89,57090236.173
MDV,M,2025,90,59719939.089
MDV,M,2025,92,468694.427
MDV,M,2025,93,425449.917
MDV,M,2025,96,17399720.017
MDV,M,2025,01,215095.562
MDV,M,2025,04,110721836.021
MDV,M,2025,07,81483247.388
MDV,M,2025,27,713385799.92
MDV,M,2025,44,84691622.557
MDV,M,2025,64,11830007.399
MDV,M,2025,67,561015.746
MDV,M,2025,85,289079885.948
MDV,M,2025,88,87862781.049
MDV,M,2025,91,2082653.506
MDV,M,2025,30,61915250.785
MDV,M,2025,36,903717.807
MDV,M,2025,50,473665.688
MDV,M,2025,53,584595.605
MDV,M,2025,56,4311190.087
MDV,M,2025,70,16150612.718
MDV,M,2025,73,104908586.588
MDV,M,2025,76,39761395.998
MDV,M,2025,94,123979574.289
MDV,M,2025,97,133005.474
MDV,M,2025,18,24950892.399
MDV,M,2025,38,37791790.025
MDV,M,2025,41,93246.249
MDV,M,2025,58,984928.618
MDV,M,2025,61,24051456.412
MDV,M,2025,82,9120621.322
MDV,M,2025,80,383356.006
MDV,M,2025,86,917227.681
MDV,M,2025,02,100141540.746
MDV,M,2025,16,16414791.496
MDV,M,2025,19,50610552.48
MDV,M,2025,22,55140591.757
MDV,M,2025,39,89935534.511
MDV,M,2025,42,8068039.929
MDV,M,2025,59,1301785.476
MDV,M,2025,62,10884077.276
MDV,M,2025,83,16961832.12
MDV,X,2025,05,12.287
MDV,X,2025,08,3512.984
MDV,X,2025,12,14153.966
MDV,X,2025,20,13.198
MDV,X,2025,23,4203470.639
MDV,X,2025,25,650.923
MDV,X,2025,72,2790661.304
MDV,X,2025,74,811405.517
MDV,X,2025,78,32246.065
MDV,X,2025,27,145359.925
MDV,X,2025,47,7492.372
MDV,X,2025,16,35349375.954
MDV,X,2025,19,26.107
MDV,X,2025,22,224.09
MDV,X,2025,49,219.959
MDV,X,2025,63,22.995
MDV,X,2025,69,102.029
MDV,X,2025,84,14997.88
MDV,X,2025,89,39.985
MDV,X,2025,90,25.004
MDV,X,2025,95,1775.722
MDV,X,2025,21,34.999
MDV,X,2025,85,134872.682
MDV,X,2025,39,63138.554
MDV,X,2025,62,253.812
MDV,X,2025,83,20.006
MDV,X,2025,03,100488205.772
MDV,X,2025,46,114.996
MDV,X,2025,48,6.491
MDV,X,2025,65,20356.047
MDV,X,2025,71,105.709
MDV,X,2025,96,79.984
MDV,X,2025,44,1990.363
MDV,X,2025,42,338.826
MDV,X,2025,10,12.003
MDV,X,2025,56,63.423
MDV,X,2025,73,3706.857
MDV,X,2025,76,225107.501
MDV,X,2025,94,5823.664
MDV,X,2025,15,204951.464
MDV,X,2025,38,220.748
MDV,X,2025,97,635.096
MDV,X,2025,70,21961.261
MDV,X,2025,61,145.041
PAK,M,2025,99,24907560.588
PAK,M,2025,07,1014905945.712
PAK,M,2025,21,128691858.024
PAK,M,2025,67,6182848.274
PAK,M,2025,15,4365511177.666
PAK,M,2025,18,115242106.024
PAK,M,2025,35,110657694.882
PAK,M,2025,41,53358753.979
PAK,M,2025,79,65749791.76
PAK,M,2025,03,8936773.014
PAK,M,2025,05,7750493.221
PAK,M,2025,08,294427500.007
PAK,M,2025,09,877644229.516
PAK,M,2025,11,16955868.156
PAK,M,2025,14,32395584.055
PAK,M,2025,20,36000780.247
PAK,M,2025,23,167136281.592
PAK,M,2025,26,12046504.665
PAK,M,2025,31,680579403.343
PAK,M,2025,43,676741.869
PAK,M,2025,45,327640.759
PAK,M,2025,46,417329.033
PAK,M,2025,51,10821265.251
PAK,M,2025,78,101979499.051
PAK,M,2025,10,140995612.238
PAK,M,2025,13,21575038.508
PAK,M,2025,36,3671665.802
PAK,M,2025,50,8472368.681
PAK,M,2025,53,24214594.667
PAK,M,2025,56,114568487.743
PAK,M,2025,16,830123.192
PAK,M,2025,19,121324996.794
PAK,M,2025,22,6473274.109
PAK,M,2025,04,70813571.217
PAK,M,2025,24,15255406.811
PAK,M,2025,27,16719636940.315
PAK,M,2025,47,223973393.815
PAK,M,2025,88,114112790.314
PAK,M,2025,38,904668785.232
PAK,M,2025,55,933014847.87
PAK,M,2025,58,168480560.287
PAK,M,2025,06,1007841.972
PAK,M,2025,12,1585709241.683
PAK,M,2025,17,220466122.088
PAK,M,2025,25,203740026.32
PAK,M,2025,28,783711521.296
PAK,M,2025,29,2749808637.799
PAK,M,2025,32,544918369.653
PAK,M,2025,34,209280891.276
PAK,M,2025,40,618993379.732
PAK,M,2025,48,546549915.047
PAK,M,2025,52,2075211592.959
PAK,M,2025,54,1064100483.668
PAK,M,2025,60,410322573.198
PAK,M,2025,65,4249327.105
PAK,M,2025,66,4355361.385
PAK,M,2025,68,71852484.225
PAK,M,2025,69,62200002.938
PAK,M,2025,71,37146113.633
PAK,M,2025,72,4128234908.958
PAK,M,2025,74,319179793.849
PAK,M,2025,75,22738555.459
PAK,M,2025,81,9095185.434
PAK,M,2025,87,3184284255.108
PAK,M,2025,95,66556231.498
PAK,M,2025,96,177806220.778
PAK,M,2025,30,840558272.468
PAK,M,2025,33,222254969.652
PAK,M,2025,70,161090997.41
PAK,M,2025,73,550117620.427
PAK,M,2025,76,439657926.057
PAK,M,2025,02,5374249.897
PAK,M,2025,59,150179475.173
PAK,M,2025,62,43458944.28
PAK,M,2025,80,8254893.64
PAK,M,2025,83,154270988.282
PAK,M,2025,86,32008783.073
PAK,M,2025,01,16150072.615
PAK,M,2025,44,150018531.057
PAK,M,2025,64,58359091.332
PAK,M,2025,85,6467299472.6
PAK,M,2025,91,20616673.933
PAK,M,2025,61,71559451.575
PAK,M,2025,82,88219847.231
PAK,M,2025,37,30527439.551
PAK,M,2025,49,42828855.374
PAK,M,2025,57,20021387.246
PAK,M,2025,63,584421647.414
PAK,M,2025,84,4277257825.013
PAK,M,2025,89,70000033.892
PAK,M,2025,90,862256733.354
PAK,M,2025,92,717017.785
PAK,M,2025,93,28655898.361
PAK,M,2025,94,131101968.296
PAK,M,2025,97,120104.121
PAK,M,2025,39,2780496614.602
PAK,M,2025,42,30722279.449
PAK,X,2025,61,5116282771.057
PAK,X,2025,79,1922449.757
PAK,X,2025,42,669777869.547
PAK,X,2025,62,4229108624.661
PAK,X,2025,83,4478136.492
PAK,X,2025,86,1196186.027
PAK,X,2025,01,1786139.519
PAK,X,2025,44,47213289.33
PAK,X,2025,64,179805849.484
PAK,X,2025,85,115157717.834
PAK,X,2025,91,1040542.458
PAK,X,2025,70,19775283.042
PAK,X,2025,73,48270417.592
PAK,X,2025,94,235206442.3
PAK,X,2025,97,40314.952
PAK,X,2025,20,78017928.702
PAK,X,2025,37,174238.197
PAK,X,2025,49,4505476.627
PAK,X,2025,57,52990591.234
PAK,X,2025,65,11557457.529
PAK,X,2025,74,820016206.648
PAK,X,2025,89,478528.389
PAK,X,2025,92,3654136.886
PAK,X,2025,93,2912214.945
PAK,X,2025,96,11848725.716
PAK,X,2025,90,471178858.087
PAK,X,2025,95,349126456.114
PAK,X,2025,33,61510135.42
PAK,X,2025,58,45264332.216
PAK,X,2025,82,79964763.81
PAK,X,2025,39,394862940.758
PAK,X,2025,59,8690199.181
PAK,X,2025,04,64708141.292
PAK,X,2025,21,109527108.443
PAK,X,2025,88,13389899.097
PAK,X,2025,10,2535831810.328
PAK,X,2025,30,387615710.811
PAK,X,2025,76,122075004.099
PAK,X,2025,06,4005754.275
PAK,X,2025,28,37141979.246
PAK,X,2025,34,32039718.847
PAK,X,2025,40,143520219.342
PAK,X,2025,48,65736745.732
PAK,X,2025,54,61257730.362
PAK,X,2025,63,5702810032.515
PAK,X,2025,66,442809.63
PAK,X,2025,68,16902520.434
PAK,X,2025,69,10165938.753
PAK,X,2025,71,18737151.456
PAK,X,2025,72,99972511.85
PAK,X,2025,84,241007842.722
PAK,X,2025,87,89456461.56
PAK,X,2025,99,38344.699
PAK,X,2025,15,133572777.981
PAK,X,2025,18,4415149.74
PAK,X,2025,35,29468527.087
PAK,X,2025,38,61749235.839
PAK,X,2025,41,136274146.38
PAK,X,2025,55,365494145.625
PAK,X,2025,02,490303876.876
PAK,X,2025,16,27051428.258
PAK,X,2025,19,121267408.274
PAK,X,2025,22,371193234.569
PAK,X,2025,80,2555.35
PAK,X,2025,07,287590101.058
PAK,X,2025,24,171106686.42
PAK,X,2025,27,746472088.001
PAK,X,2025,47,271801.134
PAK,X,2025,67,798129.861
PAK,X,2025,13,28830466.59
PAK,X,2025,36,5837807.093
PAK,X,2025,50,131909.522
PAK,X,2025,53,6006442.248
PAK,X,2025,56,10698647.689
PAK,X,2025,03,476194324.725
PAK,X,2025,05,68559508.555
PAK,X,2025,08,318862477.213
PAK,X,2025,09,112127469.867
PAK,X,2025,11,42023385.574
PAK,X,2025,12,276084091.033
PAK,X,2025,14,4438240.252
PAK,X,2025,17,233976556.055
PAK,X,2025,23,78556073.916
PAK,X,2025,26,228174431.026
PAK,X,2025,29,12215782.981
PAK,X,2025,32,37636805.428
PAK,X,2025,43,88142.601
PAK,X,2025,45,59.996
PAK,X,2025,46,1456849.066
PAK,X,2025,51,2243629.782
PAK,X,2025,52,2379628670.35
PAK,X,2025,60,37648482.854
PAK,X,2025,75,1162070.303
PAK,X,2025,78,50319355.504
PAK,X,2025,81,2777.911
PAK,X,2025,25,572333537.496
LKA,M,2025,03,131201811.531
LKA,M,2025,05,1935890.691
LKA,M,2025,06,1309861.395
LKA,M,2025,08,66012942.646
LKA,M,2025,10,498099565.715
LKA,M,2025,11,47874901.443
LKA,M,2025,12,48052374.16
LKA,M,2025,14,3842717.17
LKA,M,2025,16,4519937.24
LKA,M,2025,25,249647177.156
LKA,M,2025,26,12283763.522
LKA,M,2025,28,152575400.439
LKA,M,2025,29,274192495.827
LKA,M,2025,30,530531383.758
LKA,M,2025,31,305730147.919
LKA,M,2025,32,153355788.321
LKA,M,2025,36,820462.681
LKA,M,2025,37,13655329.694
LKA,M,2025,39,712397325.241
LKA,M,2025,40,384487674.572
LKA,M,2025,42,11660836.3
LKA,M,2025,43,706961.243
LKA,M,2025,45,134487.524
LKA,M,2025,46,316387.58
LKA,M,2025,49,42898109.331
LKA,M,2025,50,24697312.346
LKA,M,2025,53,40376123.241
LKA,M,2025,54,397524762.75
LKA,M,2025,56,59725654.685
LKA,M,2025,59,60235827.559
LKA,M,2025,62,133149162.586
LKA,M,2025,65,4145220.587
LKA,M,2025,66,2775400.086
LKA,M,2025,68,24664504.731
LKA,M,2025,69,80409902.853
LKA,M,2025,70,57229209.424
LKA,M,2025,71,146595897.544
LKA,M,2025,73,263261355.616
LKA,M,2025,74,101307721.589
LKA,M,2025,75,503092.305
LKA,M,2025,76,179140051.755
LKA,M,2025,78,5087237.2
LKA,M,2025,81,5809940.279
LKA,M,2025,83,82572826.299
LKA,M,2025,84,1614675676.126
LKA,M,2025,86,5938781.258
LKA,M,2025,87,2223535314.706
LKA,M,2025,89,6435100.262
LKA,M,2025,90,272914451.751
LKA,M,2025,92,3509851.24
LKA,M,2025,93,4568508.754
LKA,M,2025,94,82560442.014
LKA,M,2025,97,188794.143
LKA,M,2025,35,44554503.197
LKA,M,2025,38,355547143.148
LKA,M,2025,41,13042986.297
LKA,M,2025,58,251478444.736
LKA,M,2025,82,54826207.974
LKA,M,2025,01,5474670.523
LKA,M,2025,07,392611715.683
LKA,M,2025,21,103090810.607
LKA,M,2025,44,73946782.634
LKA,M,2025,85,1219882831.265
LKA,M,2025,88,34941006.498
LKA,M,2025,91,10448756.01
LKA,M,2025,99,487148.545
LKA,M,2025,09,127387617.246
LKA,M,2025,02,8034371.42
LKA,M,2025,13,5519712.324
LKA,M,2025,17,361589470.224
LKA,M,2025,19,51347038.191
LKA,M,2025,20,17894282.735
LKA,M,2025,22,62904112.1
LKA,M,2025,23,230816317.924
LKA,M,2025,33,88130772.351
LKA,M,2025,34,79665027.348
LKA,M,2025,48,390328983.963
LKA,M,2025,51,7326561.142
LKA,M,2025,52,562047499.374
LKA,M,2025,57,8753767.949
LKA,M,2025,60,899057938.179
LKA,M,2025,63,20313799.168
LKA,M,2025,72,634252376.243
LKA,M,2025,80,1478453.397
LKA,M,2025,95,41909839.437
LKA,M,2025,96,86102892.741
LKA,M,2025,15,471569514.687
LKA,M,2025,18,64604261.136
LKA,M,2025,55,337822523.541
LKA,M,2025,61,77464218.123
LKA,M,2025,79,12095992.584
LKA,M,2025,04,353006025.222
LKA,M,2025,24,71561673.475
LKA,M,2025,27,3721238110.996
LKA,M,2025,47,14500603.425
LKA,M,2025,64,21612118.977
LKA,M,2025,67,484923.521
LKA,X,2025,03,259490244.273
LKA,X,2025,06,13393173.586
LKA,X,2025,09,1856932290.141
LKA,X,2025,10,17800590.481
LKA,X,2025,11,43460892.874
LKA,X,2025,12,26135736.253
LKA,X,2025,13,3568934.126
LKA,X,2025,14,54420046.769
LKA,X,2025,16,45476056.96
LKA,X,2025,17,5723974.977
LKA,X,2025,19,30565300.906
LKA,X,2025,20,400509289.558
LKA,X,2025,22,70451159.149
LKA,X,2025,23,167231022.484
LKA,X,2025,25,16957431.526
LKA,X,2025,26,6844558.334
LKA,X,2025,30,34552282.36
LKA,X,2025,31,951635.779
LKA,X,2025,32,11482637.777
LKA,X,2025,33,60726285.216
LKA,X,2025,34,11048512.748
LKA,X,2025,37,728140.323
LKA,X,2025,39,57405172.904
LKA,X,2025,40,933684639.44
LKA,X,2025,48,62734907.187
LKA,X,2025,49,57308696.342
LKA,X,2025,51,46645.404
LKA,X,2025,52,8524579.386
LKA,X,2025,53,235337223.413
LKA,X,2025,54,29063609.42
LKA,X,2025,56,67141021.637
LKA,X,2025,59,4012411.417
LKA,X,2025,60,116842945.601
LKA,X,2025,63,109500609.431
LKA,X,2025,65,26825088.034
LKA,X,2025,66,772663.26
LKA,X,2025,68,14970771.415
LKA,X,2025,70,30251782.9
LKA,X,2025,71,359281456.131
LKA,X,2025,72,12554477.962
LKA,X,2025,73,51192369.894
LKA,X,2025,74,20625968.671
LKA,X,2025,76,79146120.521
LKA,X,2025,83,18176086.967
LKA,X,2025,84,210234242.038
LKA,X,2025,87,51804038.428
LKA,X,2025,92,256866.795
LKA,X,2025,93,39359.469
LKA,X,2025,94,58859576.692
LKA,X,2025,95,87889851.502
LKA,X,2025,15,199907423.466
LKA,X,2025,18,26160669.996
LKA,X,2025,35,8820996.395
LKA,X,2025,38,218564202.374
LKA,X,2025,41,137575.291
LKA,X,2025,55,25030156.426
LKA,X,2025,58,31677471.15
LKA,X,2025,61,2985831633.005
LKA,X,2025,79,646169.638
LKA,X,2025,82,13024723.255
LKA,X,2025,04,7302203.638
LKA,X,2025,07,37498705.338
LKA,X,2025,21,155924636.41
LKA,X,2025,24,103863545.939
LKA,X,2025,27,479044430.786
LKA,X,2025,44,27223180.337
LKA,X,2025,47,24279593.51
LKA,X,2025,67,303558.627
LKA,X,2025,88,96407732.777
LKA,X,2025,02,3907710.32
LKA,X,2025,08,275649812.859
LKA,X,2025,36,1614659.727
LKA,X,2025,43,412.902
LKA,X,2025,46,1941245.203
LKA,X,2025,75,5107.703
LKA,X,2025,05,842294.611
LKA,X,2025,28,3957680.215
LKA,X,2025,29,4663526.477
LKA,X,2025,42,20902102.407
LKA,X,2025,50,14693.604
LKA,X,2025,57,4380269.765
LKA,X,2025,62,1852728233.233
LKA,X,2025,69,29362363.066
LKA,X,2025,78,14685310.181
LKA,X,2025,81,53240.701
LKA,X,2025,86,2729510.966
LKA,X,2025,89,57675908.236
LKA,X,2025,90,116516365.961
LKA,X,2025,96,38793134.397
LKA,X,2025,97,301894.642
LKA,X,2025,01,903683.212
LKA,X,2025,64,19867891.192
LKA,X,2025,85,322444965.673
LKA,X,2025,91,1347135.567
TUR,M,2025,28,2415963633.0
TUR,M,2025,68,547566411.0
TUR,M,2025,38,3430771698.0
TUR,M,2025,21,1022979583.0
TUR,M,2025,95,796806631.0
TUR,M,2025,58,178189939.0
TUR,M,2025,71,28110541146.0
TUR,M,2025,85,29970359681.0
TUR,M,2025,84,41644032072.0
TUR,M,2025,42,718316002.0
TUR,M,2025,78,308270185.0
TUR,M,2025,41,216388258.0
TUR,M,2025,22,1019272406.0
TUR,M,2025,52,2276653205.0
TUR,M,2025,92,59733648.0
TUR,M,2025,14,20590498.0
TUR,M,2025,48,2887813606.0
TUR,M,2025,56,465102463.0
TUR,M,2025,18,2219377082.0
TUR,M,2025,93,1084874853.0
TUR,M,2025,59,496533149.0
TUR,M,2025,51,285293692.0
TUR,M,2025,94,1412233148.0
TUR,M,2025,50,28905023.0
TUR,M,2025,53,336725050.0
TUR,M,2025,88,5421505809.0
TUR,M,2025,66,23865946.0
TUR,M,2025,86,302582540.0
TUR,M,2025,65,127316644.0
TUR,M,2025,79,936138567.0
TUR,M,2025,64,1678933581.0
TUR,M,2025,47,1496369639.0
TUR,M,2025,62,2233971085.0
TUR,M,2025,27,62465580162.0
TUR,M,2025,23,2612555732.0
TUR,M,2025,44,1027611172.0
TUR,M,2025,80,156486912.0
TUR,M,2025,06,97048089.0
TUR,M,2025,30,6500114742.0
TUR,M,2025,33,2398150594.0
TUR,M,2025,90,7733775826.0
TUR,M,2025,16,18377873.0
TUR,M,2025,34,1409966702.0
TUR,M,2025,46,28720612.0
TUR,M,2025,29,8934529739.0
TUR,M,2025,76,7095525103.0
TUR,M,2025,70,1408549137.0
TUR,M,2025,81,421473775.0
TUR,M,2025,40,4107503881.0
TUR,M,2025,96,783347573.0
TUR,M,2025,49,130264887.0
TUR,M,2025,45,10978345.0
TUR,M,2025,02,601856544.0
TUR,M,2025,05,79377470.0
TUR,M,2025,24,1225887185.0
TUR,M,2025,36,299929886.0
TUR,M,2025,72,22205564007.0
TUR,M,2025,74,7493886483.0
TUR,M,2025,73,4222179495.0
TUR,M,2025,20,367420265.0
TUR,M,2025,89,1318360863.0
TUR,M,2025,37,122676034.0
TUR,M,2025,60,455925340.0
TUR,M,2025,55,1589659495.0
TUR,M,2025,63,281249855.0
TUR,M,2025,19,435143141.0
TUR,M,2025,01,1228397743.0
TUR,M,2025,69,559001474.0
TUR,M,2025,54,1548685557.0
TUR,M,2025,57,94412090.0
TUR,M,2025,25,645730936.0
TUR,M,2025,26,1195999108.0
TUR,M,2025,35,682829701.0
TUR,M,2025,43,44138925.0
TUR,M,2025,97,36074948.0
TUR,M,2025,67,65142944.0
TUR,M,2025,07,1085939342.0
TUR,M,2025,11,255508315.0
TUR,M,2025,61,1951154276.0
TUR,M,2025,13,89640826.0
TUR,M,2025,15,3105627044.0
TUR,M,2025,39,15626857106.0
TUR,M,2025,83,1028998960.0
TUR,M,2025,08,2301044846.0
TUR,M,2025,04,168197284.0
TUR,M,2025,10,2969561472.0
TUR,M,2025,03,373240441.0
TUR,M,2025,32,2474530080.0
TUR,M,2025,12,3358047685.0
TUR,M,2025,17,295940178.0
TUR,M,2025,82,903216085.0
TUR,M,2025,31,2004994093.0
TUR,M,2025,91,610999769.0
TUR,M,2025,87,36866978803.0
TUR,M,2025,09,1088594572.0
TUR,M,2025,75,496774212.0
TUR,X,2025,70,1548959218.0
TUR,X,2025,90,2071706873.0
TUR,X,2025,14,33720892.0
TUR,X,2025,04,880623868.0
TUR,X,2025,60,1631220552.0
TUR,X,2025,33,2019863339.0
TUR,X,2025,43,147513744.0
TUR,X,2025,49,215377498.0
TUR,X,2025,65,108957439.0
TUR,X,2025,42,491290048.0
TUR,X,2025,84,25919279468.0
TUR,X,2025,73,9703899171.0
TUR,X,2025,87,36727817462.0
TUR,X,2025,28,3899398766.0
TUR,X,2025,40,4015503079.0
TUR,X,2025,85,17754548758.0
TUR,X,2025,34,1623394980.0
TUR,X,2025,62,6775488947.0
TUR,X,2025,06,160661945.0
TUR,X,2025,93,4704235683.0
TUR,X,2025,47,133901581.0
TUR,X,2025,48,2685669072.0
TUR,X,2025,29,859731953.0
TUR,X,2025,35,618643524.0
TUR,X,2025,76,5583033438.0
TUR,X,2025,78,53476942.0
TUR,X,2025,82,392887966.0
TUR,X,2025,94,5169175581.0
TUR,X,2025,99,421139189.0
TUR,X,2025,57,2892800713.0
TUR,X,2025,07,2281322510.0
TUR,X,2025,24,1071580879.0
TUR,X,2025,66,13122910.0
TUR,X,2025,55,1617354476.0
TUR,X,2025,25,3306138860.0
TUR,X,2025,17,1188168536.0
TUR,X,2025,30,2481466814.0
TUR,X,2025,26,2386814689.0
TUR,X,2025,91,67628540.0
TUR,X,2025,52,2259375477.0
TUR,X,2025,74,3768379154.0
TUR,X,2025,20,3641716279.0
TUR,X,2025,64,1008596209.0
TUR,X,2025,88,3195486661.0
TUR,X,2025,58,388710062.0
TUR,X,2025,50,2010493.0
TUR,X,2025,72,10738053592.0
TUR,X,2025,81,187448307.0
TUR,X,2025,45,5750616.0
TUR,X,2025,89,3066578629.0
TUR,X,2025,18,1664946516.0
TUR,X,2025,36,90451500.0
TUR,X,2025,83,1436893366.0
TUR,X,2025,37,24776939.0
TUR,X,2025,39,11215699542.0
TUR,X,2025,97,13299857.0
TUR,X,2025,61,9618849127.0
TUR,X,2025,16,235110001.0
TUR,X,2025,79,18308770.0
TUR,X,2025,59,344605757.0
TUR,X,2025,51,103682735.0
TUR,X,2025,22,589696582.0
TUR,X,2025,96,1094943951.0
TUR,X,2025,01,58981155.0
TUR,X,2025,69,1296913244.0
TUR,X,2025,08,6211106593.0
TUR,X,2025,86,444646045.0
TUR,X,2025,23,998769450.0
TUR,X,2025,21,1373191502.0
TUR,X,2025,75,86535126.0
TUR,X,2025,02,716769752.0
TUR,X,2025,19,2934751471.0
TUR,X,2025,12,754865538.0
TUR,X,2025,15,2852624965.0
TUR,X,2025,09,424393189.0
TUR,X,2025,68,2215721417.0
TUR,X,2025,46,5429071.0
TUR,X,2025,05,96591723.0
TUR,X,2025,67,7897639.0
TUR,X,2025,56,1255138710.0
TUR,X,2025,38,1620987096.0
TUR,X,2025,53,69213523.0
TUR,X,2025,95,266373818.0
TUR,X,2025,63,2214328432.0
TUR,X,2025,41,184791224.0
TUR,X,2025,44,1845648276.0
TUR,X,2025,80,23282435.0
TUR,X,2025,54,1684077211.0
TUR,X,2025,11,1243802767.0
TUR,X,2025,10,1002407405.0
TUR,X,2025,92,18871757.0
TUR,X,2025,13,18599828.0
TUR,X,2025,31,650379606.0
TUR,X,2025,71,13367041546.0
TUR,X,2025,32,1633083681.0
TUR,X,2025,03,2159321313.0
TUR,X,2025,27,15253783250.0
SSD,M,2025,01,946667.048
SSD,M,2025,02,9212108.137
SSD,M,2025,03,290080.297
SSD,M,2025,04,20993641.378
SSD,M,2025,06,33910.136
SSD,M,2025,07,32322352.105
SSD,M,2025,08,3468106.907
SSD,M,2025,09,13399529.485
SSD,M,2025,10,22117765.723
SSD,M,2025,11,112496581.855
SSD,M,2025,12,1266530.051
SSD,M,2025,13,589.211
SSD,M,2025,15,67941527.868
SSD,M,2025,16,368148.607
SSD,M,2025,17,61564402.429
SSD,M,2025,18,139524.912
SSD,M,2025,19,23588503.487
SSD,M,2025,20,10524680.587
SSD,M,2025,21,18079733.679
SSD,M,2025,22,43167572.145
SSD,M,2025,23,1164052.361
SSD,M,2025,24,12220000.287
SSD,M,2025,25,46702645.143
SSD,M,2025,27,15634574.21
SSD,M,2025,28,1243306.462
SSD,M,2025,29,8529125.567
SSD,M,2025,30,74420246.49
SSD,M,2025,31,390390.859
SSD,M,2025,32,6290658.176
SSD,M,2025,33,3220606.577
SSD,M,2025,34,28571122.274
SSD,M,2025,35,385634.634
SSD,M,2025,36,362656.173
SSD,M,2025,37,16649.046
SSD,M,2025,38,2449780.098
SSD,M,2025,39,20558386.965
SSD,M,2025,40,2845756.388
SSD,M,2025,41,10000.0
SSD,M,2025,42,54200.222
SSD,M,2025,43,11155.71
SSD,M,2025,44,3380106.115
SSD,M,2025,46,18625.737
SSD,M,2025,47,337772.797
SSD,M,2025,48,3147288.05
SSD,M,2025,49,554235.709
SSD,M,2025,51,1377.134
SSD,M,2025,52,56701.212
SSD,M,2025,53,459.172
SSD,M,2025,54,684669.173
SSD,M,2025,55,576023.819
SSD,M,2025,56,115141.505
SSD,M,2025,57,68545.033
SSD,M,2025,58,966.864
SSD,M,2025,59,4989.383
SSD,M,2025,61,1626864.956
SSD,M,2025,62,341824.472
SSD,M,2025,63,6376593.24
SSD,M,2025,64,1640584.217
SSD,M,2025,65,17618.403
SSD,M,2025,66,868.959
SSD,M,2025,67,126608.435
SSD,M,2025,68,1078740.024
SSD,M,2025,69,2960324.383
SSD,M,2025,70,790290.394
SSD,M,2025,71,408.523
SSD,M,2025,72,41171176.573
SSD,M,2025,73,19274799.863
SSD,M,2025,74,121566.349
SSD,M,2025,76,877264.626
SSD,M,2025,79,38366.0
SSD,M,2025,82,957743.201
SSD,M,2025,83,82216.401
SSD,M,2025,84,10079255.508
SSD,M,2025,85,13301609.624
SSD,M,2025,86,267232.66
SSD,M,2025,87,66555855.276
SSD,M,2025,88,196800.514
SSD,M,2025,89,174391.563
SSD,M,2025,90,8893923.449
SSD,M,2025,91,30917.315
SSD,M,2025,92,755.199
SSD,M,2025,94,12704258.637
SSD,M,2025,95,234769.158
SSD,M,2025,96,2206627.393
SSD,X,2025,01,855719.163
SSD,X,2025,03,2782514.44
SSD,X,2025,04,12028.617
SSD,X,2025,05,7451.0
SSD,X,2025,07,56501.011
SSD,X,2025,08,2402.511
SSD,X,2025,09,1902.0
SSD,X,2025,10,55238.71
SSD,X,2025,11,476471.93
SSD,X,2025,12,1235975.268
SSD,X,2025,13,558603.896
SSD,X,2025,15,1814.0
SSD,X,2025,16,480.0
SSD,X,2025,17,1463.0
SSD,X,2025,19,1896.0
SSD,X,2025,20,157846.731
SSD,X,2025,21,19916.0
SSD,X,2025,22,69317.1
SSD,X,2025,24,20.0
SSD,X,2025,25,23483.94
SSD,X,2025,27,3256152596.188
SSD,X,2025,29,202.897
SSD,X,2025,30,9821.281
SSD,X,2025,32,183.0
SSD,X,2025,33,4739.0
SSD,X,2025,34,422.0
SSD,X,2025,38,2791.0
SSD,X,2025,39,697550.808
SSD,X,2025,40,2437.046
SSD,X,2025,41,15904.0
SSD,X,2025,44,3674609.411
SSD,X,2025,46,10.0
SSD,X,2025,47,787.0
SSD,X,2025,48,43533.894
SSD,X,2025,49,3564.78
SSD,X,2025,52,50.0
SSD,X,2025,54,56.0
SSD,X,2025,55,864.0
SSD,X,2025,57,513.78
SSD,X,2025,58,960.0
SSD,X,2025,61,29401.491
SSD,X,2025,62,503.0
SSD,X,2025,63,15149.168
SSD,X,2025,64,550.36
SSD,X,2025,67,545.87
SSD,X,2025,69,11824.41
SSD,X,2025,70,65788.0
SSD,X,2025,71,74000.0
SSD,X,2025,72,9735985.44
SSD,X,2025,73,37192.276
SSD,X,2025,74,2509932.95
SSD,X,2025,76,19012.0
SSD,X,2025,82,8.722
SSD,X,2025,83,606.078
SSD,X,2025,84,211592.536
SSD,X,2025,85,34570.801
SSD,X,2025,86,2500.0
SSD,X,2025,87,183380.248
SSD,X,2025,88,7103.402
SSD,X,2025,90,4316.702
SSD,X,2025,94,7177.104
SSD,X,2025,95,1196.363
SSD,X,2025,96,479.851
SSD,X,2025,97,1062.364
ETH,M,2023,15,749554858.935
ETH,M,2023,18,4616185.514
ETH,M,2023,35,35470797.612
ETH,M,2023,38,334377060.66
ETH,M,2023,41,77750.057
ETH,M,2023,55,34529865.916
ETH,M,2023,58,10606411.327
ETH,M,2023,61,41223121.532
ETH,M,2023,79,19444102.862
ETH,M,2023,82,46563235.034
ETH,M,2023,11,139620912.154
ETH,M,2023,14,168055.413
ETH,M,2023,17,286870826.905
ETH,M,2023,31,1197441459.417
ETH,M,2023,34,144540689.041
ETH,M,2023,37,3407528.728
ETH,M,2023,54,331975035.342
ETH,M,2023,57,10349654.702
ETH,M,2023,74,52880966.052
ETH,M,2023,78,1137367.162
ETH,M,2023,81,789178.633
ETH,M,2023,95,16913987.045
ETH,M,2023,10,576040651.628
ETH,M,2023,13,10028925.723
ETH,M,2023,30,676698910.518
ETH,M,2023,33,79673007.516
ETH,M,2023,36,11487799.954
ETH,M,2023,50,605121.783
ETH,M,2023,53,1982008.183
ETH,M,2023,56,18154471.846
ETH,M,2023,70,69189208.217
ETH,M,2023,73,326369846.485
ETH,M,2023,76,85611469.023
ETH,M,2023,94,175184036.794
ETH,M,2023,97,308479.778
ETH,M,2023,01,7359871.883
ETH,M,2023,04,27105774.591
ETH,M,2023,07,176146257.4
ETH,M,2023,21,157314874.987
ETH,M,2023,24,8971884.662
ETH,M,2023,27,2651161984.554
ETH,M,2023,44,48194501.503
ETH,M,2023,47,16786299.575
ETH,M,2023,64,173948426.136
ETH,M,2023,67,3416245.468
ETH,M,2023,85,1325309090.572
ETH,M,2023,88,371138733.855
ETH,M,2023,91,2916476.526
ETH,M,2023,02,578832.163
ETH,M,2023,03,1009768.299
ETH,M,2023,05,8232.059
ETH,M,2023,06,5071773.697
ETH,M,2023,08,16674955.592
ETH,M,2023,09,5241552.753
ETH,M,2023,12,21614527.634
ETH,M,2023,16,21824244.308
ETH,M,2023,19,102848327.588
ETH,M,2023,20,28691097.365
ETH,M,2023,22,22351735.461
ETH,M,2023,23,9923581.189
ETH,M,2023,25,9905866.661
ETH,M,2023,26,201261.719
ETH,M,2023,28,98705259.902
ETH,M,2023,29,139008943.577
ETH,M,2023,32,92960806.146
ETH,M,2023,39,832525155.797
ETH,M,2023,40,208293793.757
ETH,M,2023,42,29033031.431
ETH,M,2023,43,25351.681
ETH,M,2023,45,7345.826
ETH,M,2023,46,170997.972
ETH,M,2023,48,210928771.471
ETH,M,2023,49,90424587.427
ETH,M,2023,51,566316.994
ETH,M,2023,52,15523960.499
ETH,M,2023,59,12820868.073
ETH,M,2023,60,31605249.937
ETH,M,2023,62,96812377.433
ETH,M,2023,63,42180462.406
ETH,M,2023,65,5321331.292
ETH,M,2023,66,8045415.13
ETH,M,2023,68,57745133.518
ETH,M,2023,69,74317647.15
ETH,M,2023,71,2431614.498
ETH,M,2023,72,672737999.461
ETH,M,2023,75,2891097.805
ETH,M,2023,80,10034.724
ETH,M,2023,83,91629403.919
ETH,M,2023,84,1928097474.634
ETH,M,2023,86,11604799.897
ETH,M,2023,87,1314470571.962
ETH,M,2023,89,284873.578
ETH,M,2023,90,229271375.718
ETH,M,2023,92,754707.219
ETH,M,2023,93,173666.859
ETH,M,2023,96,39161267.565
ETH,X,2023,15,2564843.413
ETH,X,2023,18,5.914
ETH,X,2023,35,1919725.299
ETH,X,2023,38,403685.036
ETH,X,2023,41,20281350.024
ETH,X,2023,55,2553637.622
ETH,X,2023,58,174856.373
ETH,X,2023,61,59811039.22
ETH,X,2023,79,74081.956
ETH,X,2023,82,571848.384
ETH,X,2023,10,3470476.058
ETH,X,2023,13,1874571.443
ETH,X,2023,30,1484259.625
ETH,X,2023,33,914305.856
ETH,X,2023,50,52.514
ETH,X,2023,53,9575612.451
ETH,X,2023,56,26497.865
ETH,X,2023,70,7889474.267
ETH,X,2023,73,2318703.812
ETH,X,2023,76,494137.933
ETH,X,2023,94,2881128.436
ETH,X,2023,97,419627.03
ETH,X,2023,02,63042057.021
ETH,X,2023,03,34633.633
ETH,X,2023,05,1669673.148
ETH,X,2023,06,262091823.764
ETH,X,2023,08,15248467.859
ETH,X,2023,09,1235180922.299
ETH,X,2023,12,424462669.817
ETH,X,2023,16,15.041
ETH,X,2023,19,23879706.375
ETH,X,2023,20,244377.229
ETH,X,2023,22,3157825.116
ETH,X,2023,23,7311249.44
ETH,X,2023,25,5434471.782
ETH,X,2023,26,11980431.843
ETH,X,2023,28,3419961.653
ETH,X,2023,29,83623.978
ETH,X,2023,32,2239.563
ETH,X,2023,39,2970657.599
ETH,X,2023,40,356073.566
ETH,X,2023,42,4776803.244
ETH,X,2023,43,28987.368
ETH,X,2023,46,336135.678
ETH,X,2023,48,2129364.305
ETH,X,2023,49,363859.64
ETH,X,2023,51,1084778.458
ETH,X,2023,52,11680576.445
ETH,X,2023,59,10046.136
ETH,X,2023,60,2024731.695
ETH,X,2023,62,34394603.489
ETH,X,2023,63,4267932.092
ETH,X,2023,65,219313.4
ETH,X,2023,66,3241.183
ETH,X,2023,68,1015747.844
ETH,X,2023,69,279469.598
ETH,X,2023,71,2452821.004
ETH,X,2023,72,401235.106
ETH,X,2023,75,8515.687
ETH,X,2023,83,118595.767
ETH,X,2023,84,57950097.561
ETH,X,2023,86,401958.348
ETH,X,2023,87,6311581.272
ETH,X,2023,90,1643241.395
ETH,X,2023,92,43972.334
ETH,X,2023,93,141998.474
ETH,X,2023,96,398416.336
ETH,X,2023,01,17561630.088
ETH,X,2023,04,414919.758
ETH,X,2023,07,499531543.214
ETH,X,2023,21,1494708.552
ETH,X,2023,24,180861.439
ETH,X,2023,27,909240.131
ETH,X,2023,44,2616572.69
ETH,X,2023,64,2715065.781
ETH,X,2023,67,797.039
ETH,X,2023,85,5112428.53
ETH,X,2023,88,5143014.649
ETH,X,2023,91,162192.27
ETH,X,2023,11,4289278.625
ETH,X,2023,14,1059.738
ETH,X,2023,17,20896.485
ETH,X,2023,31,68319.145
ETH,X,2023,34,767723.392
ETH,X,2023,54,2729050.459
ETH,X,2023,57,106808.287
ETH,X,2023,74,752184.774
ETH,X,2023,78,333766.957
ETH,X,2023,81,1605588.391
ETH,X,2023,95,176390.436
DJI,M,2023,01,151582.709
DJI,M,2023,02,10869401.134
DJI,M,2023,03,517792.888
DJI,M,2023,04,37534702.11
DJI,M,2023,05,3315.991
DJI,M,2023,06,67451.564
DJI,M,2023,07,123217448.735
DJI,M,2023,08,22966240.591
DJI,M,2023,09,3528360.078
DJI,M,2023,10,307738811.916
DJI,M,2023,11,81117387.087
DJI,M,2023,12,60668285.191
DJI,M,2023,13,78345.436
DJI,M,2023,15,856233213.447
DJI,M,2023,16,14917788.576
DJI,M,2023,17,433847893.008
DJI,M,2023,18,5160303.22
DJI,M,2023,19,33572351.013
DJI,M,2023,20,16301307.659
DJI,M,2023,21,30085345.086
DJI,M,2023,22,32841019.457
DJI,M,2023,23,1788533.127
DJI,M,2023,24,13954263.828
DJI,M,2023,25,5279091.475
DJI,M,2023,26,3195.697
DJI,M,2023,27,418613174.979
DJI,M,2023,28,25644456.077
DJI,M,2023,29,42314375.018
DJI,M,2023,30,26856135.347
DJI,M,2023,31,2217684.025
DJI,M,2023,32,14955844.962
DJI,M,2023,33,18151620.778
DJI,M,2023,34,42928974.375
DJI,M,2023,35,1127849.979
DJI,M,2023,36,126013.823
DJI,M,2023,37,441961.669
DJI,M,2023,38,22589790.837
DJI,M,2023,39,299090873.962
DJI,M,2023,40,77986064.438
DJI,M,2023,41,279046.182
DJI,M,2023,42,1415242.64
DJI,M,2023,43,22609.005
DJI,M,2023,44,12900381.146
DJI,M,2023,45,5198.149
DJI,M,2023,47,94774.779
DJI,M,2023,48,44997821.127
DJI,M,2023,49,129218736.185
DJI,M,2023,50,97957.607
DJI,M,2023,51,142087.827
DJI,M,2023,52,4048001.802
DJI,M,2023,53,549072.396
DJI,M,2023,54,18055205.79
DJI,M,2023,55,17651952.068
DJI,M,2023,56,490561.095
DJI,M,2023,57,1974550.515
DJI,M,2023,58,4394044.914
DJI,M,2023,59,4544206.142
DJI,M,2023,60,3111982.353
DJI,M,2023,61,3968938.862
DJI,M,2023,62,11351004.838
DJI,M,2023,63,10994623.413
DJI,M,2023,64,7544785.036
DJI,M,2023,65,398993.661
DJI,M,2023,66,85026.564
DJI,M,2023,67,34508.236
DJI,M,2023,68,7672952.964
DJI,M,2023,69,15971786.279
DJI,M,2023,70,12391974.691
DJI,M,2023,71,37551.638
DJI,M,2023,72,566503915.315
DJI,M,2023,73,48915279.533
DJI,M,2023,74,1740891.878
DJI,M,2023,76,15924641.996
DJI,M,2023,78,251121.047
DJI,M,2023,79,7116231.264
DJI,M,2023,80,20773.545
DJI,M,2023,81,370.167
DJI,M,2023,82,30221625.596
DJI,M,2023,83,12702144.03
DJI,M,2023,84,187050458.182
DJI,M,2023,85,183348196.682
DJI,M,2023,86,896543.793
DJI,M,2023,87,776593862.895
DJI,M,2023,88,171200.603
DJI,M,2023,89,7479011.471
DJI,M,2023,90,13725229.155
DJI,M,2023,91,122710.02
DJI,M,2023,92,26728.672
DJI,M,2023,93,338128.349
DJI,M,2023,94,26863806.968
DJI,M,2023,95,6396600.367
DJI,M,2023,96,6144754.186
DJI,M,2023,97,302145.991
DJI,M,2023,99,2149795.226
DJI,X,2023,01,151367.926
DJI,X,2023,02,177470.836
DJI,X,2023,03,307335.407
DJI,X,2023,04,19679525.416
DJI,X,2023,07,104220973.132
DJI,X,2023,08,4347959.537
DJI,X,2023,09,1909132.493
DJI,X,2023,10,268150909.18
DJI,X,2023,11,54282272.958
DJI,X,2023,12,6057751.003
DJI,X,2023,13,40876.194
DJI,X,2023,15,1012898516.254
DJI,X,2023,16,10707136.415
DJI,X,2023,17,403143827.222
DJI,X,2023,18,3081198.335
DJI,X,2023,19,19676423.195
DJI,X,2023,20,7238654.96
DJI,X,2023,21,22267293.855
DJI,X,2023,22,26322236.82
DJI,X,2023,23,1423436.61
DJI,X,2023,24,13009406.545
DJI,X,2023,25,1536823.04
DJI,X,2023,27,47619332.687
DJI,X,2023,28,119654987.579
DJI,X,2023,29,31380208.004
DJI,X,2023,30,1875279.989
DJI,X,2023,31,3289434.794
DJI,X,2023,32,9047498.89
DJI,X,2023,33,30566214.608
DJI,X,2023,34,39219160.85
DJI,X,2023,35,675744.337
DJI,X,2023,37,193219.65
DJI,X,2023,38,16865836.647
DJI,X,2023,39,301609141.534
DJI,X,2023,40,88392328.129
DJI,X,2023,41,324207.455
DJI,X,2023,42,1338842.12
DJI,X,2023,44,7466922.312
DJI,X,2023,47,73961.423
DJI,X,2023,48,41216708.779
DJI,X,2023,49,46577990.552
DJI,X,2023,50,27176.356
DJI,X,2023,51,142087.827
DJI,X,2023,52,3888471.321
DJI,X,2023,53,530142.217
DJI,X,2023,54,15992490.235
DJI,X,2023,55,10580341.114
DJI,X,2023,56,1059015.332
DJI,X,2023,57,1369786.338
DJI,X,2023,58,4243788.872
DJI,X,2023,59,3974990.88
DJI,X,2023,60,2962855.328
DJI,X,2023,61,2063197.429
DJI,X,2023,62,2472831.078
DJI,X,2023,63,9292529.474
DJI,X,2023,64,2096018.432
DJI,X,2023,65,314952.12
DJI,X,2023,66,56496.684
DJI,X,2023,67,4136.031
DJI,X,2023,68,25694421.637
DJI,X,2023,69,9453730.729
DJI,X,2023,70,10260771.337
DJI,X,2023,71,365862.048
DJI,X,2023,72,614000911.828
DJI,X,2023,73,35194604.861
DJI,X,2023,74,1969237.389
DJI,X,2023,76,9185597.832
DJI,X,2023,78,241893.859
DJI,X,2023,79,13279778.329
DJI,X,2023,82,10869591.467
DJI,X,2023,83,7172666.079
DJI,X,2023,84,131200948.351
DJI,X,2023,85,211958784.409
DJI,X,2023,86,2462731.215
DJI,X,2023,87,801011110.378
DJI,X,2023,88,8629921.06
DJI,X,2023,89,1354459.369
DJI,X,2023,90,11150896.288
DJI,X,2023,91,58210.505
DJI,X,2023,92,25040.437
DJI,X,2023,93,12596307.115
DJI,X,2023,94,15570128.931
DJI,X,2023,95,4596461.536
DJI,X,2023,96,5092064.113
DJI,X,2023,97,178151.529
DJI,X,2023,99,12052544.952
