{"type": "FeatureCollection", "features": [{"type": "Feature", "properties": {"country_a": "AFG", "country_b": "ARE", "distance_km": 1819.4}, "geometry": {"type": "LineString", "coordinates": [[69.21, 34.56], [68.49930126078077, 34.158572340774555], [67.79533115082201, 33.75304223776808], [67.09799073396715, 33.34350865832623], [66.40717909092497, 32.93006890070368], [65.72279354840562, 32.512818593258515], [65.04472989552481, 32.091851697118365], [64.37288258774822, 31.667260512049037], [63.70714493868273, 31.239135685267634], [63.04740930004993, 30.80756622295407], [62.393567230200944, 30.37263950422705], [61.74550965155007, 29.934441297362294], [61.1031269973187, 29.493055778042862], [60.46630934799128, 29.0485655494432], [59.83494655789155, 28.60105166396014], [59.208928372290316, 28.15059364641556], [58.58814453545685, 27.697269518566273], [57.97248489006387, 27.241155824767553], [57.36183946835185, 26.782327658647205], [56.756098575452754, 26.320858690656873], [56.15515286526523, 25.856821196376995], [55.55889340926498, 25.390286085460886], [54.96721175862383, 24.921322931112456], [54.38, 24.45]]}}, {"type": "Feature", "properties": {"country_a": "AFG", "country_b": "BHR", "distance_km": 2009.0}, "geometry": {"type": "LineString", "coordinates": [[69.21, 34.56], [68.33266977986553, 34.25785735886958], [67.46165455162945, 33.94946553587716], [66.59696188857096, 33.63493996126234], [65.73859241537039, 33.314395954530795], [64.88654007553197, 32.98794861251495], [64.04079240184043, 32.65571270403707], [63.20133078849839, 32.31780257112978], [62.36813076368709, 31.974332036740787], [61.54116226138938, 31.625414318823783], [60.72038989141058, 31.271161950695515], [59.90577320662801, 30.911686707518985], [59.09726696659418, 30.5470995387563], [58.29482139670945, 30.177510506419868], [57.498382442268486, 29.80302872893868], [56.70789201676973, 29.423762330446454], [55.92328824395747, 29.03981839529043], [55.144505693143486, 28.65130292755385], [54.37147560742679, 28.258320815380795], [53.604126124498634, 27.860975799889466], [52.84238248978205, 27.45937044845899], [52.08616726171477, 27.053606132174956], [51.33540050903761, 26.6437830072202], [50.59, 26.23]]}}, {"type": "Feature", "properties": {"country_a": "AFG", "country_b": "BTN", "distance_km": 2098.3}, "geometry": {"type": "LineString", "coordinates": [[69.21, 34.56], [70.16091879299464, 34.323997654128156], [71.10644609061775, 34.08064442894423], [72.04649995022547, 33.83004783571778], [72.98100673504673, 33.572316780351606], [73.90990099371187, 33.307561401957734], [74.8331253214444, 33.03589291580556], [75.75063020456061, 32.757423460991596], [76.66237384991915, 32.47226595313579], [77.56832200094762, 32.18053394236538], [78.46844774184592, 31.88234147680519], [79.36273129152826, 31.57780297175225], [80.25115978881865, 31.267033084673464], [81.13372707035928, 30.950146596128413], [82.01043344262948, 30.627258296684087], [82.88128544940535, 30.29848287985602], [83.74629563591827, 29.963934841079833], [84.60548231089537, 29.623728382689475], [85.45886930758749, 29.277977324852817], [86.30648574481197, 28.926795022392326], [87.14836578895735, 28.570294287397726], [87.98454841781955, 28.208587317519136], [88.81507718705994, 27.841785629813117], [89.64, 27.47]]}}, {"type": "Feature", "properties": {"country_a": "AFG", "country_b": "DJI", "distance_km": 3665.1}, "geometry": {"type": "LineString", "coordinates": [[69.21, 34.56], [67.84906157423572, 33.67534853750806], [66.51594049335854, 32.77588766922576], [65.20957889566253, 31.862394001453413], [63.92891475014793, 30.935611748233676], [62.67288721690872, 29.99625373812756], [61.44044114433635, 29.045002529436736], [60.23053078971216, 28.082511605593265], [59.04212284632547, 27.109406626608028], [57.874198855624655, 26.126286716250025], [56.72575707751773, 25.1337257680172], [55.595813886127004, 24.132273755962732], [54.48340475233494, 23.122458039079174], [53.38758486853053, 22.104784650239647], [52.307429465221965, 21.07973956267998], [51.242033863719904, 20.047789928707317], [50.19051330398024, 19.00938528676987], [49.152002581963366, 17.96495873424769], [48.125655526533315, 16.914928064353433], [47.110644341987694, 15.859696866390935], [46.106158838766106, 14.799655589330385], [45.11140557171484, 13.735182569244312], [44.12560690246659, 12.666645021626113], [43.148, 11.5944]]}}, {"type": "Feature", "properties": {"country_a": "AFG", "country_b": "DZA", "distance_km": 5871.3}, "geometry": {"type": "LineString", "coordinates": [[69.21, 34.56], [66.61953260756783, 35.42636660404841], [63.97485982787326, 36.235875603670216], [61.277161336985465, 36.985640892580946], [58.52825937003319, 37.67283929046972], [55.73065513513299, 38.29474707272513], [52.88755073343989, 38.848779386250754], [50.002853071160324, 39.33253155534347], [47.08115674967385, 39.743821005730204], [44.12770378957237, 40.08072830043173], [41.148319266664906, 40.34163562026259], [38.14932344124108, 40.52526096433606], [35.13742261918897, 40.63068641424164], [32.11958262368862, 40.657379009333944], [29.102890186447723, 40.605203113350704], [26.09440860482399, 40.474423590635894], [23.1010345155535, 40.26569961470076], [20.129362536994662, 39.98006945385178], [17.185563843657953, 39.61892706660541], [14.275283554389866, 39.18399174723683], [11.403560296327896, 38.67727235466427], [8.57476964044951, 38.10102781772805], [5.792591480081434, 37.4577256358154], [3.06, 36.75]]}}, {"type": "Feature", "properties": {"country_a": "AFG", "country_b": "EGY", "distance_km": 3590.0}, "geometry": {"type": "LineString", "coordinates": [[69.21, 34.56], [67.50995807100486, 34.615449927916224], [65.8081380196196, 34.647183172029635], [64.10550661521081, 34.65515396616068], [62.403035343898445, 34.63935079928737], [60.701694760125974, 34.59979648751765], [59.00244885036483, 34.53654803150439], [57.30624948214122, 34.449696261500954], [55.614031009488045, 34.33936527550437], [53.92670510213112, 34.20571167903201], [52.245155860366836, 34.04892363794688], [50.57023527087828, 33.86921975831246], [48.90275905092095, 33.66684780946091], [47.24350291966678, 33.442083308253665], [45.59319932632731, 33.195227983870915], [43.95253465528521, 32.92660814337327], [42.32214691914014, 32.63657295873674], [40.70262394158803, 32.3254926960889], [39.094502023639336, 31.993756907497716], [37.49826507903524, 31.641772604926608], [35.91434421799181, 31.269962434915957], [34.34311775269574, 30.87876287123758], [32.78491159334582, 30.468622441248282], [31.24, 30.04]]}}, {"type": "Feature", "properties": {"country_a": "AFG", "country_b": "ETH", "distance_km": 4198.9}, "geometry": {"type": "LineString", "coordinates": [[69.21, 34.56], [67.60015562429403, 33.60367528811792], [66.02584049876035, 32.626713102778254], [64.48569690762508, 31.63028679446797], [62.97833675365264, 30.615520005403138], [61.502353363684534, 29.583487703045005], [60.05633150052257, 28.535217548691794], [58.638855741140034, 27.47169152702154], [57.248517383521275, 26.393847772717105], [55.88392004134718, 25.302582539860673], [54.543684078826075, 24.19875226851395], [53.226450028491264, 23.08317571074299], [51.93088112375897, 21.95663608529499], [50.65566506624326, 20.819883236215535], [49.399515135841, 19.673635775961426], [48.16117073985039, 18.51858319807914], [46.93939748616378, 17.35538794835778], [45.73298685506566, 16.184687446600613], [44.54075553448186, 15.007096053864904], [43.361544474717746, 13.823206982266441], [42.19421771079952, 12.633594146295257], [41.03766099347588, 11.43881395610306], [39.89078026370554, 10.239407054451394], [38.7525, 9.0359]]}}, {"type": "Feature", "properties": {"country_a": "AFG", "country_b": "IND", "distance_km": 1005.2}, "geometry": {"type": "LineString", "coordinates": [[69.21, 34.56], [69.57991167509942, 34.31242361027575], [69.9476530868868, 34.06372661857491], [70.31324746815365, 33.81392567190543], [70.67671808162275, 33.56303721717073], [71.0380882096658, 33.31107750276677], [71.39738114448413, 33.05806258024498], [71.75462017874025, 32.80400830603627], [72.1098285966281, 32.54893034323194], [72.46302966536949, 32.29284416341695], [72.81424662712493, 32.03576504855169], [73.1635026913064, 31.777708092898326], [73.51082102728044, 31.518688204987832], [73.85622475744955, 31.258720109624303], [74.1997369507001, 30.997818349923133], [74.54138061620563, 30.73599728937957], [74.88117869757357, 30.473271113964827], [75.21915406732485, 30.20965383424659], [75.55532952169476, 29.94515928753113], [75.88972777574484, 29.67980114002441], [76.22237145877487, 29.41359288900946], [76.55328311002454, 29.146547865037792], [76.882485174655, 28.878679234132356], [77.21, 28.61]]}}, {"type": "Feature", "properties": {"country_a": "AFG", "country_b": "IRQ", "distance_km": 2295.9}, "geometry": {"type": "LineString", "coordinates": [[69.21, 34.56], [68.12377279028694, 34.61188230334806], [67.03631956576545, 34.65408217734354], [65.94789047392547, 34.686574761474], [64.85873797703908, 34.709340865548874], [63.7691162589913, 34.72236701870756], [62.67928062294192, 34.72564550394487], [61.58948688300456, 34.719174377935424], [60.499990753188555, 34.702957476031095], [59.411047236877295, 34.67700440239999], [58.32291002011141, 34.64133050536935], [57.23583087190629, 34.595956838129034], [56.15005905476312, 34.54091010504305], [55.06584074843026, 34.47622259390725], [53.98341848984032, 34.40193209457506], [52.90303063198924, 34.31808180445477], [51.8249108243392, 34.224720221456664], [50.74928751712142, 34.121901025037225], [49.676383491688895, 34.00968294604948], [48.60641541882863, 33.888129626163554], [47.539593446689224, 33.75730946766773], [46.476120819718005, 33.61729547449954], [45.416193529734656, 33.46816508538674], [44.36, 33.31]]}}, {"type": "Feature", "properties": {"country_a": "AFG", "country_b": "ISR", "distance_km": 3170.4}, "geometry": {"type": "LineString", "coordinates": [[69.21, 34.56], [67.71036691717046, 34.63976813963946], [66.20819274620177, 34.70106353783316], [64.70413718682943, 34.743817255256374], [63.19886846024959, 34.76798103705491], [61.69306030645047, 34.773527548436405], [60.187388925352856, 34.76045050870422], [58.68252989280558, 34.728764722113546], [57.179155082965806, 34.67850600517581], [55.67792962847133, 34.60973101129166], [54.17950894908495, 34.52251695482888], [52.68453587818384, 34.416961237950886], [51.19363791461747, 34.29318098462161], [49.70742462512338, 34.151312487238656], [48.22648521973899, 33.99151057226111], [46.75138631955921, 33.81394789198328], [45.28266993285105, 33.618814150251225], [43.82085165203636, 33.40631527041553], [42.36641908048428, 33.176672514159065], [40.91983049450184, 32.93012156003249], [39.481513742456116, 32.66691155057844], [38.05186537967815, 32.3873041168341], [36.631250034748525, 32.09157238878378], [35.22, 31.78]]}}, {"type": "Feature", "properties": {"country_a": "AFG", "country_b": "JOR", "distance_km": 3100.7}, "geometry": {"type": "LineString", "coordinates": [[69.21, 34.56], [67.7434327353815, 34.6386929559787], [66.274404198015, 34.699719367179114], [64.80353106442654, 34.74301359251381], [63.331438000536714, 34.768528899389196], [61.85875497939377, 34.77623768188076], [60.386114547236204, 34.76613159018911], [58.91414906439834, 34.73822156987991], [57.44348794803575, 34.692537810453096], [55.97475494361365, 34.62912960383712], [54.50856545157199, 34.54806511444366], [53.045523934571285, 34.44943106342264], [51.58622142926255, 34.33333233070889], [50.131233184655585, 34.19989147933092], [48.68111644693562, 34.049248207241426], [47.2364084080596, 33.88155873261805], [45.797624332720225, 33.69699511915714], [44.365255875367836, 33.495744548339005], [42.93976959600148, 33.278008545974764], [41.52160568045101, 33.044002170551714], [40.11117686794003, 32.79395317098031], [38.70886758590445, 32.528101121314705], [37.31503328939938, 32.24669653987985], [35.93, 31.95]]}}, {"type": "Feature", "properties": {"country_a": "AFG", "country_b": "KWT", "distance_km": 2081.9}, "geometry": {"type": "LineString", "coordinates": [[69.21, 34.56], [68.24077561131939, 34.41263495210172], [67.27503290885363, 34.257614226115656], [66.31291277171299, 34.0950094402387], [65.35454974277715, 33.92489492252876], [64.40007190427882, 33.747347576715846], [63.449600775519826, 33.562446746494366], [62.50325123233117, 33.370274078824536], [61.561131447774024, 33.17091338675454], [60.62334285347439, 32.964450512256214], [59.689980120889594, 32.750973189546166], [58.76113116172106, 32.530570909340675], [57.836877146614924, 32.30333478446771], [56.91729254122989, 32.06935741723312], [56.00244515870052, 31.828732768910122], [55.092396227482965, 31.581556031693026], [54.187200473539896, 31.327923503427137], [53.28690621579995, 31.067932465397288], [52.39155547381592, 30.80168106342891], [51.501184086542246, 30.5292681925258], [50.61582184115788, 30.250793385241035], [49.73549261087271, 29.96635670394926], [48.860214500674665, 29.676058637161788], [47.99, 29.38]]}}, {"type": "Feature", "properties": {"country_a": "AFG", "country_b": "LBN", "distance_km": 3092.4}, "geometry": {"type": "LineString", "coordinates": [[69.21, 34.56], [67.75749626557896, 34.72717537120744], [66.2994382402441, 34.87696090078001], [64.83639245696618, 35.00919745078063], [63.36894649399984, 35.123743175848986], [61.89770675111846, 35.220474169336825], [60.42329604900065, 35.29928503696754], [58.946351071310794, 35.36008939159905], [57.46751967180889, 35.40282026344664], [55.987458071272926, 35.427430421014], [54.50682797105096, 35.43389259896933], [53.026293611617675, 35.42219963027009], [51.54651880554891, 35.3923644809641], [50.06816397481172, 35.34442018725157], [48.59188322218651, 35.278419695559016], [47.11832146599035, 35.19443560752538], [45.64811166607974, 35.0925598329113], [44.18187216740981, 34.972903154488286], [42.72020418526745, 34.835594709927264], [41.26368945374138, 34.68078139656602], [39.81288805611304, 34.50862720567808], [38.36833645273229, 34.31931249347976], [36.93054571865952, 34.11303319659042], [35.5, 33.89]]}}, {"type": "Feature", "properties": {"country_a": "AFG", "country_b": "LKA", "distance_km": 3248.6}, "geometry": {"type": "LineString", "coordinates": [[69.21, 34.56], [69.78068113401484, 33.37872948047135], [70.33611742464073, 32.1946796900673], [70.87733615235987, 31.008030428385272], [71.40529569362275, 29.81894950791162], [71.92089171108674, 28.627593932881847], [72.42496276470474, 27.43411095550509], [72.91829540448809, 26.238639023935804], [73.40162879946591, 25.041308634580165], [73.87565895167717, 23.84224309976985], [74.341042538925, 22.641559240490043], [74.79840042545275, 21.439368012682813], [75.24832087562434, 20.23577507463603], [75.69136250206076, 19.030881302091398], [76.12805697646135, 17.824783256944784], [76.55891152847911, 16.617573614751198], [76.98441125548844, 15.409341555673743], [77.40502126384786, 14.200173123017409], [77.82118866028765, 12.99015155305687], [78.23334441031594, 11.779357579491506], [78.64190507901297, 10.567869715536693], [79.0472744682485, 9.3557645163787], [79.449845163195, 8.143116824478296], [79.85, 6.93]]}}, {"type": "Feature", "properties": {"country_a": "AFG", "country_b": "MAR", "distance_km": 6817.8}, "geometry": {"type": "LineString", "coordinates": [[69.21, 34.56], [66.20745282255976, 35.58296557491923], [63.13052085736819, 36.52910568073613], [59.98104930184835, 37.39383607280083], [56.76208417954885, 38.17269081434329], [53.47794828486461, 38.861402317047926], [50.134278362608015, 39.45598821192607], [46.73801344864739, 39.952841863480856], [43.29732651408292, 40.348822434820995], [39.821495246260966, 40.6413397327367], [36.3207127456844, 40.828428755885376], [32.805844594248065, 40.908809051645], [29.288144378034872, 40.88192471019798], [25.778944429273096, 40.747962053409225], [22.289341467469384, 40.50784368410586], [18.82989743074795, 40.16319934689611], [15.41037397970424, 39.716315776811726], [12.039515266590264, 39.170069151398806], [8.72488829471716, 38.52784474758107], [5.472784431896727, 37.79344885526519], [2.288180247773667, 36.97101792621131], [-0.8252485186840772, 36.06492942689954], [-3.8650690160574896, 35.07971805302368], [-6.83, 34.02]]}}, {"type": "Feature", "properties": {"country_a": "AFG", "country_b": "MDV", "distance_km": 3393.9}, "geometry": {"type": "LineString", "coordinates": [[69.21, 34.56], [69.44341350320042, 33.24398648495069], [69.66993194169211, 31.927268894269503], [69.89008243922322, 30.609885390639665], [70.10435039231253, 29.29187215725254], [70.31318399653182, 27.973263666579527], [70.51699823178106, 26.654092913822762], [70.71617838265976, 25.334391619891935], [70.91108315831596, 24.0141904080079], [71.10204746643669, 22.69351895741658], [71.28938488796409, 21.372406137185205], [71.47338989237996, 20.050880122627582], [71.65433982776152, 18.728968496550422], [71.83249671508048, 17.40669833721631], [72.0081088722394, 16.084096294670335], [72.18141238998814, 14.761188656868944], [72.35263247903538, 13.438001406873934], [72.52198470528197, 12.114560272227079], [72.6896761280844, 10.790890767496432], [72.8559063547531, 9.467018230880848], [73.02086852305257, 8.14296785567122], [73.18475022226373, 6.81876471729341], [73.34773436235844, 5.494433796596644], [73.51, 4.17]]}}, {"type": "Feature", "properties": {"country_a": "AFG", "country_b": "OMN", "distance_km": 1605.3}, "geometry": {"type": "LineString", "coordinates": [[69.21, 34.56], [68.6881435472323, 34.103425722296166], [68.17187660859517, 33.644624108537464], [67.66107064031449, 33.18365541417932], [67.15559890770766, 32.720578387347615], [66.65533650500582, 32.25545031122691], [66.16016036933793, 31.788327045870496], [65.66994928936295, 31.319263069385542], [65.18458390900587, 30.84831151845267], [64.70394672672394, 30.375524228146617], [64.2279220907007, 29.900951771029803], [63.756396190339025, 29.42464349549653], [63.289257044398454, 28.946647563350016], [62.82639448609783, 28.46701098659895], [62.36770014548143, 27.9857796634643], [61.913067429324585, 27.502998413590426], [61.46239149883474, 27.018711012458038], [61.015569245384235, 26.532960224999144], [60.572499264492926, 26.045787838416775], [60.133081828261815, 25.55723469421451], [59.69721885644263, 25.06734071944293], [59.26481388631347, 24.57614495717166], [58.83577204151641, 24.083685596197462], [58.41, 23.59]]}}, {"type": "Feature", "properties": {"country_a": "AFG", "country_b": "PAK", "distance_km": 367.4}, "geometry": {"type": "LineString", "coordinates": [[69.21, 34.56], [69.37858985378611, 34.5242590750595], [69.54703527159093, 34.48828544441624], [69.71533563773094, 34.45207961551458], [69.8834903439814, 34.415642097835175], [70.05149878957829, 34.378973402868255], [70.2193603812194, 34.34207404408673], [70.38707453306498, 34.30494453691938], [70.55464066673734, 34.26758539872419], [70.72205821132016, 34.229997148761576], [70.88932660335678, 34.19218030816779], [71.05644528684803, 34.154135399928265], [71.22341371324927, 34.115862948851095], [71.39023134146686, 34.0773634815405], [71.55689763785394, 34.0386375263704], [71.72341207620549, 33.999685613458006], [71.88977413775287, 33.96050827463752], [72.0559833111576, 33.92110604343382], [72.22203909250466, 33.88147945503632], [72.38794098529497, 33.841629046272814], [72.5536885004374, 33.80155535558337], [72.71928115624019, 33.76125892299443], [72.88471847840155, 33.72074029009283], [73.05, 33.68]]}}, {"type": "Feature", "properties": {"country_a": "AFG", "country_b": "PSE", "distance_km": 3168.9}, "geometry": {"type": "LineString", "coordinates": [[69.21, 34.56], [67.71149668275892, 34.64517609094698], [66.21025833880864, 34.71190341984579], [64.70694215990821, 34.760107019391086], [63.20221473542754, 34.7897325225216], [61.69674906888231, 34.80074642754471], [60.19122152924507, 34.793136262335025], [58.686308767868184, 34.76691064562374], [57.18268463251643, 34.722099244635956], [55.681017110062164, 34.65875262958951], [54.18196532884479, 34.57694202681426], [52.686176650552895, 34.47675897345817], [51.19428387978959, 34.35831487789038], [49.70690261727847, 34.22174049096904], [48.224628780026464, 34.06718529429097], [46.74803630875604, 33.89481681236627], [45.27767507963887, 33.70481985634836], [43.81406903389495, 33.49739570749158], [42.35771453525675, 33.272761248898334], [40.90907896172462, 33.031148054355896], [39.468599534543145, 32.77280144315312], [38.03668238398136, 32.49797950971531], [36.613701848371, 32.20695213671311], [35.2, 31.9]]}}, {"type": "Feature", "properties": {"country_a": "AFG", "country_b": "QAT", "distance_km": 1987.9}, "geometry": {"type": "LineString", "coordinates": [[69.21, 34.56], [68.36966339497648, 34.21109119921276], [67.53628102863472, 33.85645274153762], [66.70981326010252, 33.4962060129767], [65.89021460175805, 33.13047143912476], [65.07743404920296, 32.75936840730389], [64.27141540487068, 32.383015195837785], [63.472097594384024, 32.00152891021501], [62.67941497489508, 31.615025425878514], [61.893297634752884, 31.22361933737], [61.113671683950486, 30.827423913550827], [60.34045953490195, 30.426551058617658], [59.57358017319233, 30.021111278628453], [58.81294941802878, 29.61121365325516], [58.05848017219916, 29.19696581248055], [57.31008266141616, 28.77847391796053], [56.567664662989635, 28.35584264877737], [55.831131723828065, 27.92917519131539], [55.1003873678224, 27.498573232997217], [54.37533329271181, 27.064136959626325], [53.655869556571155, 26.62596505608983], [52.94189475409631, 26.184154710184313], [52.23330618289273, 25.738801619336435], [51.53, 25.29]]}}, {"type": "Feature", "properties": {"country_a": "AFG", "country_b": "SAU", "distance_km": 2431.8}, "geometry": {"type": "LineString", "coordinates": [[69.21, 34.56], [68.13601752541196, 34.219697771336065], [67.0707543992068, 33.87004772536992], [66.01425487605528, 33.51124536345959], [64.96654814650829, 33.14348665586985], [63.92764892589763, 32.76696773640403], [62.89755806194034, 32.38188461554394], [61.87626315590653, 31.988432912206843], [60.863739192555244, 31.586807604092783], [59.859949174403894, 31.177202796473534], [58.8648447562683, 30.75981150916585], [57.878366876384334, 30.33482548133593], [56.90044638079535, 29.902434993699206], [55.93100463805603, 29.462828707609166], [54.9699541416588, 29.016193520469955], [54.017199097931666, 28.562714436859743], [53.07263599748222, 28.102574454714233], [52.13615416857034, 27.635954465891437], [51.20763631108007, 27.163033170419357], [50.28695901002922, 26.68398700371648], [49.37399322780074, 26.198990076069876], [48.468604774506005, 25.708214123657505], [47.57065475609349, 25.211828470407678], [46.68, 24.71]]}}, {"type": "Feature", "properties": {"country_a": "AFG", "country_b": "TUN", "distance_km": 5262.5}, "geometry": {"type": "LineString", "coordinates": [[69.21, 34.56], [66.85784112895445, 35.26696903353796], [64.46583837622558, 35.92735322221322], [62.03521816965899, 36.539235139029195], [59.56760143607126, 37.100757784543724], [57.06501489665259, 37.610144887015444], [54.5298945558116, 38.065722106778], [51.96508017791176, 38.465938660667845], [49.373799810765426, 38.80938879727509], [46.75964378645421, 39.094832488015214], [44.12652809587663, 39.32121466078791], [41.47864756742085, 39.48768229934601], [38.82041984455231, 39.59359876720845], [36.156421705436095, 39.63855479155361], [33.49131974989803, 39.62237565771109], [30.82979784770334, 39.54512431232528], [28.176483959255236, 39.407100243136036], [25.53587898231406, 39.208834183173536], [22.912290141634998, 38.95107886339157], [20.309771137164923, 38.63479619718801], [17.732070832218845, 38.261141411657086], [15.182591739639186, 37.83144473571986], [12.664359000965185, 37.34719131027725], [10.18, 36.81]]}}, {"type": "Feature", "properties": {"country_a": "AFG", "country_b": "TUR", "distance_km": 3256.6}, "geometry": {"type": "LineString", "coordinates": [[69.21, 34.56], [67.7653325549031, 35.01669575020769], [66.3048229703772, 35.45597319303832], [64.82867766255839, 35.87735984773045], [63.33715952790246, 36.28038884352772], [61.830589843198055, 36.66460065314251], [60.309349833955196, 37.02954491340836], [58.77388185858451, 37.374782321730294], [57.22469015708229, 37.69988659465295], [55.66234111566324, 38.004446472599675], [54.08746300304193, 38.288067752662194], [52.50074513991776, 38.55037532931029], [50.902936470666525, 38.79101522112172], [49.29484351522639, 39.00965656018196], [47.67732768954825, 39.20599351974528], [46.051301994555004, 39.37974715515181], [44.4177270860373, 39.53066713291764], [42.7776067509581, 39.65853332339998], [41.13198282884018, 39.76315723351364], [39.4819296298286, 39.844383257643585], [37.82854791319091, 39.902089727144904], [36.17295850098369, 39.936189741606164], [34.51629561094617, 39.946631768312855], [32.8597, 39.9334]]}}, {"type": "Feature", "properties": {"country_a": "AFG", "country_b": "YEM", "distance_km": 3284.0}, "geometry": {"type": "LineString", "coordinates": [[69.21, 34.56], [67.93222310139201, 33.83224631412326], [66.67611106441241, 33.09138865455163], [65.44106803643925, 32.337997180345695], [64.22648094962017, 31.57262434012658], [63.03172342702942, 30.795804984220588], [61.8561592735272, 30.008056575199962], [60.69914557333784, 29.20987948207082], [59.5600354183686, 28.401757344704407], [58.43818029244348, 27.58415749643357], [57.33293213708185, 26.757531434018578], [56.24364512434772, 25.92231532540868], [55.16967716175444, 25.078930546874833], [54.110391153336714, 24.22778424215829], [53.06515603988795, 23.36926989726475], [52.03334764007943, 22.50376792543392], [51.01434931279195, 21.63164625763041], [50.00755245955058, 20.753260934637535], [49.01235688449664, 19.868956697493157], [48.02817102789232, 18.979067573593007], [47.05441208775211, 18.08391745630535], [46.090506042852425, 17.183820676397875], [45.13588758909481, 16.279082563978317], [44.19, 15.37]]}}, {"type": "Feature", "properties": {"country_a": "ARE", "country_b": "BGD", "distance_km": 3652.7}, "geometry": {"type": "LineString", "coordinates": [[54.38, 24.45], [55.938125411356324, 24.604332022646307], [57.499876861878384, 24.742494353781257], [59.06487947491405, 24.864349023236645], [60.63274544071103, 24.969773535882847], [62.20307545054831, 25.058661294261267], [63.77546021864812, 25.13092197157651], [65.34948208146047, 25.186481831568237], [66.92471666278081, 25.225283992233795], [68.50073459218208, 25.247288630873708], [70.0771032634376, 25.25247312847564], [71.6533886190023, 25.240832152029434], [73.22915694621923, 25.212377673967296], [74.8039766707376, 25.167138928538478], [76.37742013267152, 25.105162305546042], [77.94906533129479, 25.026511182484985], [79.51849762454853, 24.931265696713588], [81.08531137032526, 24.81952245985568], [82.6491114973667, 24.69139421715943], [84.20951499465366, 24.54700945502085], [85.76615230934911, 24.38651196031051], [87.31866864465394, 24.210060335513457], [88.86672515031931, 24.01782747400142], [90.41, 23.81]]}}, {"type": "Feature", "properties": {"country_a": "ARE", "country_b": "BHR", "distance_km": 429.4}, "geometry": {"type": "LineString", "coordinates": [[54.38, 24.45], [54.217504830291105, 24.529394934291894], [54.054805388107056, 24.60861378560069], [53.891901122722274, 24.687655694888583], [53.72879148827835, 24.766519801594814], [53.56547594384462, 24.84520524364519], [53.40195395347911, 24.92371115746183], [53.23822498628984, 25.00203667797326], [53.07428851649654, 25.0801809386247], [52.91014402349264, 25.15814307138871], [52.74579099190785, 25.23592220677605], [52.58122891167085, 25.313517473846808], [52.416457278072535, 25.390928000221884], [52.251475591829546, 25.468152912094684], [52.0862833591482, 25.545191334243114], [51.92088009178869, 25.62204239004191], [51.75526530712975, 25.698705201475207], [51.589438528233586, 25.775178889149394], [51.42339928391116, 25.851462572306318], [51.257147108787855, 25.92755536883674], [51.09068154336937, 26.003456395294098], [50.924002134108115, 26.07916476690858], [50.75710843346972, 26.154679597601508], [50.59, 26.23]]}}, {"type": "Feature", "properties": {"country_a": "ARE", "country_b": "BTN", "distance_km": 3535.5}, "geometry": {"type": "LineString", "coordinates": [[54.38, 24.45], [55.859840704967716, 24.758786383763294], [57.34683950565041, 25.052873395515046], [58.84076916567432, 25.331993510517602], [60.341378715400985, 25.595889041244472], [61.848393780266306, 25.844312891224064], [63.361517048492416, 26.07702930423891], [64.88042888201245, 26.293814603458994], [66.40478807298008, 26.494457914895158], [67.93423274663118, 26.678761869430396], [69.46838140954539, 26.846543277629447], [71.00683414055102, 26.997633771546127], [72.54917391965817, 27.13188040784778], [74.09496808852745, 27.249146226759613], [75.64376993412648, 27.349310761599277], [77.19512038542956, 27.43227049402331], [78.74854981132154, 27.497939250538206], [80.30357990631286, 27.546248536335806], [81.85972564929722, 27.577147803087374], [83.41649731942006, 27.590604647965296], [84.97340255220534, 27.58660494184481], [86.52994841843261, 27.56515288535848], [88.08564350788392, 27.526270992221352], [89.64, 27.47]]}}, {"type": "Feature", "properties": {"country_a": "ARE", "country_b": "DJI", "distance_km": 1852.3}, "geometry": {"type": "LineString", "coordinates": [[54.38, 24.45], [53.852889452519385, 23.906994913299357], [53.330172107151924, 23.36215970954459], [52.81171424260988, 22.81555483139932], [52.29738420223829, 22.267239358489476], [51.78705235844703, 21.717271057187688], [51.280591074518824, 21.165706429242604], [50.77787466409295, 20.612600759262428], [50.27877934859845, 20.058008161065942], [49.783183212887664, 19.501981622917132], [49.29096615929781, 18.944573051662392], [48.80200986034836, 18.385833315791544], [48.316197710262486, 17.82581228744607], [47.83341477548287, 17.264558883399644], [47.353547744336005, 16.702121105037566], [46.87648487598345, 16.138546077363145], [46.4021159487844, 15.57388008705978], [45.930332208180985, 15.008168619638878], [45.461026314205284, 14.44145639570409], [44.99409228869614, 13.873787406363075], [44.52942546230342, 13.30520494781851], [44.06692242134779, 12.73575165517033], [43.606480954595575, 12.165469535461554], [43.148, 11.5944]]}}, {"type": "Feature", "properties": {"country_a": "ARE", "country_b": "DZA", "distance_km": 5044.4}, "geometry": {"type": "LineString", "coordinates": [[54.38, 24.45], [52.46080449332518, 25.375668746399498], [50.51254424284611, 26.275816317294566], [48.5344508840943, 27.149009474517186], [46.525874413477325, 27.99379045745205], [44.486298808100656, 28.808680847405576], [42.415358231009016, 29.592186320000515], [40.31285354446559, 30.342802338662892], [38.17876878556862, 31.059020827807288], [36.01328718912512, 31.739337845094138], [33.816806276050826, 32.38226224790429], [31.58995146636248, 32.98632531999275], [29.333587629580155, 33.550091290538084], [27.0488279580885, 34.07216864030249], [24.73703954681647, 34.551222049635726], [22.399845091084064, 34.98598480234779], [20.03912017802982, 35.37527142024049], [17.65698574811603, 35.71799026787468], [15.25579544158306, 36.013155838705266], [12.838117716940673, 36.25990041475628], [10.406712827688771, 36.457484784974255], [7.964504959116397, 36.60530771415911], [5.514550046065928, 36.70291387597519], [3.06, 36.75]]}}, {"type": "Feature", "properties": {"country_a": "ARE", "country_b": "EGY", "distance_km": 2369.2}, "geometry": {"type": "LineString", "coordinates": [[54.38, 24.45], [53.424640822349986, 24.769344133393655], [52.46442976185897, 25.08255023134831], [51.49936879573268, 25.389499345997955], [50.52946587341881, 25.690073027456187], [49.55473507755064, 25.98415343683925], [48.575196777604496, 26.27162346424835], [47.59087777516731, 26.552366851577467], [46.601811439681356, 26.82626831998175], [45.6080378335115, 27.093213701809496], [44.60960382516541, 27.35309007676718], [43.60656318949035, 27.605785912053083], [42.59897669367304, 27.85119120616029], [41.5869121678804, 28.08919763601458], [40.57044455940152, 28.31969870707782], [39.54965596918433, 28.54258990601256], [38.52463566970485, 28.757768855469145], [37.495480103162954, 28.965135470523695], [36.462292859067134, 29.16459211626314], [35.42518463035083, 29.3560437659835], [34.38427314725532, 29.539398159439646], [33.33968308831865, 29.714565960559256], [32.29154596792549, 29.88146091401126], [31.24, 30.04]]}}, {"type": "Feature", "properties": {"country_a": "ARE", "country_b": "ERI", "distance_km": 1903.2}, "geometry": {"type": "LineString", "coordinates": [[54.38, 24.45], [53.66918258926, 24.084596766270163], [52.96240190887941, 23.71589082813687], [52.25960096685284, 23.34395671146726], [51.56072127076569, 22.968868240746705], [50.86570292285933, 22.590698532010737], [50.174484711457694, 22.209519987475733], [49.48700419875462, 21.825404291784288], [48.803197804973095, 21.43842240978292], [48.1230008889201, 21.048644585751592], [47.446347824970445, 20.6561403440069], [46.77317207652244, 20.26097849080261], [46.10340626597683, 19.863227117453935], [45.43698224129741, 19.46295360461421], [44.773831139218395, 19.060224627635062], [44.11388344516922, 18.65510616294395], [43.45706904999204, 18.247663495375193], [42.8033173035316, 17.83796122639363], [42.15255706518029, 17.42606328315237], [41.50471675146402, 17.012032928328612], [40.85972438075689, 16.595932770684573], [40.21750761521411, 16.17782477630249], [39.5779938000139, 15.757770280445712], [38.94111, 15.33583]]}}, {"type": "Feature", "properties": {"country_a": "ARE", "country_b": "ETH", "distance_km": 2379.9}, "geometry": {"type": "LineString", "coordinates": [[54.38, 24.45], [53.63883681824224, 23.809583642462048], [52.904928261250234, 23.16558767213838], [52.17802432471553, 22.518152092346718], [51.45787800681521, 21.867413387035445], [50.74424535475333, 21.21350465516971], [50.03688549209187, 20.556555743637787], [49.33556062865247, 19.896693378463443], [48.64003605463859, 19.234041294149428], [47.95008012049993, 18.56872036101203], [47.26546420394213, 17.900848710398556], [46.58596266537004, 17.230541857707717], [45.91135279294649, 16.557912823158407], [45.2414147383476, 15.883072250274722], [44.575931444201714, 15.20612852207544], [43.91468856411103, 14.527187874973833], [43.25747437607326, 13.84635451040943], [42.60407969004482, 13.163730704247419], [41.954297750316286, 12.479416913993445], [41.30792413330635, 11.793511883882445], [40.66475664132014, 11.106112747909489], [40.02459519276276, 10.417315130878757], [39.387241709248556, 9.727213247554001], [38.7525, 9.0359]]}}, {"type": "Feature", "properties": {"country_a": "ARE", "country_b": "IND", "distance_km": 2317.7}, "geometry": {"type": "LineString", "coordinates": [[54.38, 24.45], [55.335053515627564, 24.704715066480112], [56.29395293859121, 24.953319081700617], [57.256662382235504, 25.195718101496595], [58.22314086497768, 25.431819364120713], [59.19334225925094, 25.661531391659818], [60.167215250356485, 25.884764093503467], [61.14470330586773, 26.101428871633328], [62.12574465621004, 26.311438727483505], [63.11027228701363, 26.514708370102955], [64.0982139438056, 26.711154325333258], [65.08949214956972, 26.900695045697386], [66.08402423565911, 27.083251020678944], [67.08172238649817, 27.25874488705586], [68.08249369845392, 27.427101538938427], [69.08624025319777, 27.58824823714932], [70.09285920581144, 27.74211471757214], [71.10224288782013, 27.888633298086184], [72.11427892526048, 28.027738983698097], [73.12885037181057, 28.159369569476382], [74.14583585692621, 28.283465740892215], [75.16510974884092, 28.399971171169994], [76.18654233219894, 28.508832615253688], [77.21, 28.61]]}}, {"type": "Feature", "properties": {"country_a": "ARE", "country_b": "IRN", "distance_km": 1278.7}, "geometry": {"type": "LineString", "coordinates": [[54.38, 24.45], [54.26276186921592, 24.940355462494953], [54.1445920824828, 25.43058570623795], [54.025462259034995, 25.920687442313135], [53.90534329451504, 26.41065731892048], [53.78420533130287, 26.90049191846262], [53.66201772758394, 27.390187754495667], [53.53874902508935, 27.879741268536613], [53.41436691543665, 28.3691488267197], [53.28883820499627, 28.8584067162935], [53.16212877820373, 29.34751114195019], [53.034203559233525, 29.836458221977637], [52.90502647194503, 30.325243984224684], [52.77456039800587, 30.813864361869296], [52.64276713309215, 31.302315188978387], [52.509607341059024, 31.790592195847857], [52.37504050596836, 32.278691004110264], [52.23902488185348, 32.76660712159694], [52.10151744009333, 33.2543359369404], [51.96247381426042, 33.74187271390222], [51.82184824229852, 34.22921258541013], [51.6795935058767, 34.71635054728759], [51.5356608667567, 35.20328145165738], [51.39, 35.69]]}}, {"type": "Feature", "properties": {"country_a": "ARE", "country_b": "IRQ", "distance_km": 1384.0}, "geometry": {"type": "LineString", "coordinates": [[54.38, 24.45], [53.97749469313204, 24.849755948315025], [53.572397847554434, 25.248399347633587], [53.16465230076129, 25.645902964310828], [52.754200267895186, 26.04223908460025], [52.34098333936885, 26.437379502332746], [51.92494247937114, 26.831295506429047], [51.506018025322355, 27.223957868250103], [51.08414968834751, 27.6153368287909], [50.65927655484022, 28.005402085723894], [50.23133708919343, 28.39412278029925], [49.800269137777306, 28.781467484110234], [49.36600993424894, 29.167404185732874], [48.928496106282445, 29.551900277250496], [48.48766368381264, 29.93492254067478], [48.04344810889003, 30.316437134276203], [47.595784247248965, 30.69640957883856], [47.14460640169601, 31.074804743853264], [46.6898483274301, 31.45158683367092], [46.23144324941058, 31.82671937362949], [45.769323881894486, 32.20016519618001], [45.303422450268954, 32.57188642703255], [44.83367071530952, 32.94184447134768], [44.36, 33.31]]}}, {"type": "Feature", "properties": {"country_a": "ARE", "country_b": "ISR", "distance_km": 2046.4}, "geometry": {"type": "LineString", "coordinates": [[54.38, 24.45], [53.60068279964906, 24.821210553638057], [52.81673287221694, 25.188317624224908], [52.02809712188567, 25.551228034480125], [51.23472526990392, 25.90984791976004], [50.43657000902421, 26.264082759960104], [49.63358716150812, 26.6138374148208], [48.8257358404021, 26.959016162751624], [48.012978613746625, 27.299522743283198], [47.19528167133953, 27.635260403252083], [46.372614993630876, 27.96613194681618], [45.544952522282045, 28.29203978939115], [44.712272331875845, 28.612886015589027], [43.87455680221797, 28.928572441230248], [43.03179279062259, 29.239000679488953], [42.18397180352832, 29.544072211218197], [41.33109016674285, 29.84368845948806], [40.47314919356897, 30.137750868353802], [39.61015535001948, 30.42616098585433], [38.74212041628465, 30.708820551222882], [37.869061643575506, 30.98563158627243], [36.991001905427794, 31.256496490896943], [36.107969842516304, 31.521318142607655], [35.22, 31.78]]}}, {"type": "Feature", "properties": {"country_a": "ARE", "country_b": "JOR", "distance_km": 1989.2}, "geometry": {"type": "LineString", "coordinates": [[54.38, 24.45], [53.63060485352081, 24.824799761617932], [52.8767087998991, 25.195802721976385], [52.11825481751998, 25.56292176777475], [51.35518822904516, 25.926069039422362], [50.587456841184206, 26.28515595368043], [49.81501108848756, 26.64009322921486], [49.03780418097049, 26.990790915174994], [48.25579225534352, 27.3371584229113], [47.46893452958987, 27.679104560942374], [46.6771934605935, 28.016537573277905], [45.8805349044823, 28.34936518120004], [45.078928279311214, 28.677494628599742], [44.272346729667966, 29.00083273095872], [43.46076729274151, 29.319285928059603], [42.644171065349454, 29.632760340498493], [41.82254337137597, 29.941161830064345], [40.99587392902735, 30.244396064038146], [40.164157017266675, 30.542368583453], [39.32739164074546, 30.834984875342478], [38.48558169250533, 31.122150448989473], [37.63873611368122, 31.40377091617216], [36.78686904939622, 31.679752075385704], [35.93, 31.95]]}}, {"type": "Feature", "properties": {"country_a": "ARE", "country_b": "KWT", "distance_km": 837.1}, "geometry": {"type": "LineString", "coordinates": [[54.38, 24.45], [54.11331761836033, 24.6701684216134], [53.845698435801964, 24.88985531269152], [53.57713170299045, 25.10905417462921], [53.30760663757035, 25.327758450660745], [53.0371124250278, 25.545961525185927], [52.765638219607155, 25.763656723097668], [52.49317314528335, 25.980837309111468], [52.21970629679142, 26.197496487097222], [51.94522674071501, 26.41362739941346], [51.6697235166353, 26.62922312624476], [51.39318563834218, 26.844276684942468], [51.1156020951093, 27.05878102936927], [50.836961853034786, 27.272729049247978], [50.557253856449236, 27.486113569515084], [50.276467029393025, 27.69892734967949], [49.99459027716447, 27.91116308318687], [49.71161248794087, 28.122813396790253], [49.42752253447418, 28.33387084992735], [49.142309275863255, 28.54432793410509], [48.855961559404555, 28.754177072292045], [48.56846822252312, 28.96341061831926], [48.279818094786044, 29.17202085629013], [47.99, 29.38]]}}, {"type": "Feature", "properties": {"country_a": "ARE", "country_b": "LBN", "distance_km": 2108.5}, "geometry": {"type": "LineString", "coordinates": [[54.38, 24.45], [53.628267925847894, 24.91173728877014], [52.870942331964294, 25.369629234264153], [52.1079115774215, 25.823566940094274], [51.33906570248365, 26.273439869545474], [50.56429662552731, 26.71913584090663], [49.78349835164778, 27.16054102654036], [48.99656719314913, 27.59753995597737], [48.20340200207198, 28.030015523331876], [47.40390441486361, 28.457848999344424], [46.597979109238295, 28.880920048367653], [45.785534073211494, 29.29910675061855], [44.96648088622035, 29.712285630027374], [44.14073501216302, 30.120331688018677], [43.30821610410207, 30.52311844356348], [42.46884832028096, 30.920517979842757], [41.62256065099783, 31.312400997862053], [40.76928725576843, 31.69863687735349], [39.908967810087816, 32.07909374529528], [39.04154786097126, 32.453638552369796], [38.16697919031762, 32.82213715766839], [37.28522018499305, 33.1844544219353], [36.39623621238261, 33.54045430962207], [35.5, 33.89]]}}, {"type": "Feature", "properties": {"country_a": "ARE", "country_b": "LBY", "distance_km": 4106.4}, "geometry": {"type": "LineString", "coordinates": [[54.38, 24.45], [52.7483343051669, 25.06487928858042], [51.10054265102369, 25.6616017911119], [49.43653173736354, 26.239494431244974], [47.756264820792914, 26.797884970656927], [46.0597651258068, 27.33610382896596], [44.34711910075084, 27.853486076756376], [42.61847945509549, 28.34937359759758], [40.874067910102355, 28.82311741184881], [39.11417759171005, 29.27408015166573], [37.339174992596654, 29.701638673018504], [35.549501430178736, 30.105186786765987], [33.745673929051925, 30.484138086996317], [31.928285460294468, 30.837928851048844], [30.09800447631602, 31.16602098199798], [28.25557368863233, 31.467904961040652], [26.401808047079925, 31.743102774326786], [24.53759189244068, 31.991170776448545], [22.663875269987596, 32.21170245119538], [20.781669408730444, 32.4043310294092], [18.892041389653045, 32.568731923939026], [16.99610804540422, 32.70462494286657], [15.095029153061091, 32.811776244389435], [13.19, 32.89]]}}, {"type": "Feature", "properties": {"country_a": "ARE", "country_b": "LKA", "distance_km": 3336.5}, "geometry": {"type": "LineString", "coordinates": [[54.38, 24.45], [55.596193225196075, 23.76500408083152], [56.79963257147247, 23.070472072636257], [57.99069861181856, 22.36680757318724], [59.16978171078681, 21.65440602337721], [60.33728060433643, 20.933654765403272], [61.493601105657106, 20.204933140165256], [62.6391549321536, 19.46861261950175], [63.7743586482301, 18.725056969202054], [64.89963271812731, 17.97462243904721], [66.01540066281426, 17.217657976445096], [67.12208831479953, 16.454505460528615], [68.22012316468424, 15.685499953879988], [69.30993379331638, 14.91096996932537], [70.39194938350501, 14.131237749510708], [71.46659930540284, 13.346619557221532], [72.53431276985295, 12.557425974644318], [73.59551854420985, 11.763962209986571], [74.6506447253794, 10.966528410074876], [75.70011856506605, 10.165419977736956], [76.74436634246567, 9.36092789294426], [77.78381327989058, 8.553339036847015], [78.81888349705703, 7.742936517974498], [79.85, 6.93]]}}, {"type": "Feature", "properties": {"country_a": "ARE", "country_b": "MAR", "distance_km": 5958.4}, "geometry": {"type": "LineString", "coordinates": [[54.38, 24.45], [52.05179949611317, 25.431595770446602], [49.686306484594, 26.375582193650263], [47.28288711894581, 27.27974176599758], [44.84116810786148, 28.141842697534322], [42.36106525370515, 28.95965087964931], [39.84281108151987, 29.730943891040337], [37.2869804985326, 30.45352702442325], [34.694513284460726, 31.125251240727568], [32.06673211188908, 31.744032869325622], [29.405354751972784, 32.30787477511902], [26.71249915175893, 32.8148886106754], [23.990680190789263, 33.26331767033959], [21.242797146125042, 33.65155977100064], [18.47211121802291, 33.978189509513314], [15.68221288414712, 34.24197919825896], [12.876979337659321, 34.44191776566883], [10.060522791685408, 34.57722693338974], [7.237130958385343, 34.647374048783], [4.411201489121055, 34.65208105947416], [1.5871725476389642, 34.59132926049973], [-1.2305480579086634, 34.465359615192476], [-4.037652662276017, 34.274668636278314], [-6.83, 34.02]]}}, {"type": "Feature", "properties": {"country_a": "ARE", "country_b": "MDV", "distance_km": 3039.7}, "geometry": {"type": "LineString", "coordinates": [[54.38, 24.45], [55.30274284730057, 23.610040121900575], [56.21376263804015, 22.76457400195642], [57.11359837136923, 21.91388359294425], [58.002779072239875, 21.058241528364814], [58.88182383484636, 20.197911614677388], [59.751241934933205, 19.33314931196627], [60.61153300184742, 18.464202202457894], [61.4631872422039, 17.59131044653101], [62.30668570794571, 16.71470722605313], [63.142500602415964, 15.834619175040162], [63.971095618818495, 14.951266797773929], [64.7929263061341, 14.064864874629297], [65.60844045818283, 13.175622855960311], [66.41807852208302, 12.28374524447642], [67.22227402286217, 11.389431966607201], [68.02145400142331, 10.49287873340985], [68.81603946347272, 9.594277391618675], [69.6064458373692, 8.693816265472783], [70.39308343917058, 7.791680489987316], [71.17635794342907, 6.888052336357075], [71.95667085852928, 5.9831115301995235], [72.73442000557348, 5.077035563358395], [73.51, 4.17]]}}, {"type": "Feature", "properties": {"country_a": "ARE", "country_b": "NPL", "distance_km": 3108.4}, "geometry": {"type": "LineString", "coordinates": [[54.38, 24.45], [55.67919988282373, 24.72829457901034], [56.984074521796416, 24.995274381769264], [58.2944770908567, 25.250752531957612], [59.610246296392276, 25.49454778471707], [60.93120650032033, 25.7264849290377], [62.25716790709625, 25.946395189872852], [63.58792681671751, 26.154116627814396], [64.92326594530078, 26.349494534071653], [66.26295481427151, 26.532381818426533], [67.60675020862169, 26.702639387786814], [68.95439670406863, 26.86013651293144], [70.30562726229468, 27.004751181038298], [71.66016389277212, 27.13637043160655], [73.01771837898949, 27.25489067343438], [74.37799306620629, 27.3602179803887], [75.74068170718226, 27.452268363806255], [77.10547036166842, 27.530968019495802], [78.47203834481994, 27.596253547466738], [79.84005921910826, 27.648072142690573], [81.20920182378197, 27.68638175540464], [82.57913133546293, 27.711151219691484], [83.94951035307555, 27.72236034930875], [85.32, 27.72]]}}, {"type": "Feature", "properties": {"country_a": "ARE", "country_b": "OMN", "distance_km": 420.9}, "geometry": {"type": "LineString", "coordinates": [[54.38, 24.45], [54.556320402832625, 24.41483313193791], [54.732542843165106, 24.379460848517283], [54.90866696771924, 24.343883597385464], [55.0846924278283, 24.30810182797902], [55.260618879440045, 24.27211599150656], [55.43644598311941, 24.235926540931594], [55.612173404050935, 24.199533930955383], [55.78780081204075, 24.162938617999824], [55.96332788151831, 24.126141060190356], [56.13875429153771, 24.089141717338872], [56.314079725778775, 24.05194105092668], [56.48930387254774, 24.014539524087454], [56.664426424777595, 23.97693760159024], [56.83944708002823, 23.93913574982246], [57.014365540486075, 23.901134436772985], [57.18918151296357, 23.86293413201519], [57.36389470889824, 23.824535306690077], [57.53850484435152, 23.78593843348939], [57.71301164000716, 23.74714398663884], [57.88741482116946, 23.708152441881243], [58.06171411776109, 23.66896427645981], [58.23590926432067, 23.629579969101442], [58.41, 23.59]]}}, {"type": "Feature", "properties": {"country_a": "ARE", "country_b": "PAK", "distance_km": 2081.1}, "geometry": {"type": "LineString", "coordinates": [[54.38, 24.45], [55.12507336370981, 24.901444052845093], [55.875564004651785, 25.34911310946066], [56.63157640125572, 25.79290265832274], [57.39321333829796, 26.232706674083072], [58.16057572186476, 26.668417615640816], [58.93376238385964, 27.099926427725322], [59.71286987590983, 27.527122546245455], [60.497992252567585, 27.94989390766942], [61.28922084374838, 28.36812696270706], [62.08664401640009, 28.781706694573888], [62.8903469254555, 29.190516642122052], [63.700411254185425, 29.594438928128596], [64.51691494414138, 29.993354293034837], [65.33993191495466, 30.387142134432608], [66.16953177434496, 30.775680552593666], [67.00577951878337, 31.158846402336287], [67.84873522535463, 31.53651535151937], [68.6984537354698, 31.90856194644783], [69.55498433119342, 32.2748596844637], [70.41837040506908, 32.6352810939853], [71.28864912445155, 32.98969782224149], [72.165851091485, 33.337980730929175], [73.05, 33.68]]}}, {"type": "Feature", "properties": {"country_a": "ARE", "country_b": "PSE", "distance_km": 2052.5}, "geometry": {"type": "LineString", "coordinates": [[54.38, 24.45], [53.60079559149662, 24.826558336351443], [52.81689066556755, 25.199012834798797], [52.02822902654351, 25.567268951186193], [51.234757278720814, 25.93123140180027], [50.43642498539321, 26.290804194157236], [49.633184831867226, 26.64589066127823], [48.82499279217391, 26.996393499577707], [48.011808299148264, 27.342214810485387], [47.193594417503675, 27.683256145917372], [46.37031801948318, 28.01941855770578], [45.54194996262224, 28.350602651088664], [44.708465269108615, 28.67670864235369], [43.86984330617592, 28.997636420718628], [43.02606796691645, 29.313285614520748], [42.17712785084811, 29.62355566177415], [41.323016443519215, 29.92834588514], [40.46373229438484, 30.227555571338982], [39.59927919213837, 30.52108405501781], [38.72966633663427, 30.808830807063213], [37.85490850649209, 31.090695527336486], [36.97502622142849, 31.36657824178011], [36.0900458983246, 31.636379403824634], [35.2, 31.9]]}}, {"type": "Feature", "properties": {"country_a": "ARE", "country_b": "QAT", "distance_km": 302.7}, "geometry": {"type": "LineString", "coordinates": [[54.38, 24.45], [54.25688960296884, 24.487646033857818], [54.13370600644143, 24.525191481637297], [54.01044923592419, 24.562636110558525], [53.88711931842397, 24.59997968802553], [53.763716282452535, 24.63722198162992], [53.640240158030956, 24.67436275915445], [53.51669097669394, 24.711401788576772], [53.3930687714942, 24.748338838073018], [53.26937357700676, 24.785173676021554], [53.1456054293332, 24.821906071006623], [53.02176436610591, 24.85853579182213], [52.89785042649229, 24.895062607475364], [52.77386365119891, 24.93148628719072], [52.64980408247564, 24.96780660041353], [52.525671764119785, 25.00402331681384], [52.40146674148009, 25.040136206290203], [52.27718906146081, 25.07614503897353], [52.15283877252566, 25.11204958523093], [52.028415924701775, 25.147849615669582], [51.90392056958367, 25.18354490114059], [51.779352760337034, 25.219135212742906], [51.654712551702616, 25.254620321827247], [51.53, 25.29]]}}, {"type": "Feature", "properties": {"country_a": "ARE", "country_b": "SAU", "distance_km": 780.4}, "geometry": {"type": "LineString", "coordinates": [[54.38, 24.45], [54.04602928865074, 24.469478263133322], [53.711957746715505, 24.48821824998097], [53.37778915900611, 24.506219107218314], [53.04352732802787, 24.523480014413995], [52.709176073309806, 24.54000018415844], [52.37473923072904, 24.55577886218738], [52.04022065182942, 24.570815327500483], [51.70562420313467, 24.585108892474956], [51.37095376545629, 24.59865890297408], [51.03621323319646, 24.61146473845069], [50.70140651364612, 24.623525812045436], [50.36653752627852, 24.634841570679956], [50.03161020203847, 24.645411495144728], [49.6966284826275, 24.655235100181724], [49.36159631978525, 24.664311934561738], [49.02651767456723, 24.67264158115636], [48.69139651661933, 24.680223657004664], [48.35623682344921, 24.68705781337439], [48.02104257969496, 24.69314373581782], [47.68581777639111, 24.69848114422211], [47.35056641023247, 24.703069792854233], [47.01529248283583, 24.706909470400404], [46.68, 24.71]]}}, {"type": "Feature", "properties": {"country_a": "ARE", "country_b": "SDN", "distance_km": 2485.7}, "geometry": {"type": "LineString", "coordinates": [[54.38, 24.45], [53.37531991468904, 24.12744926455038], [52.37571648024246, 23.79830897119016], [51.38118583114573, 23.46271212139643], [50.39171767550597, 23.12079211929206], [49.40729549742281, 22.772682655336833], [48.42789676362823, 22.418517596326634], [47.45349313328423, 22.058430881712084], [46.48405066989135, 21.69255642622], [45.51953005432829, 21.32102802873532], [44.55988679811088, 20.943979287377672], [43.605071456027595, 20.561543520685916], [42.65502983737715, 20.173853694804937], [41.70970321510216, 19.781042356552557], [40.76902853217929, 19.3832415722297], [39.83293860469174, 18.980582872024666], [38.90136232107311, 18.573197199851624], [37.97422483707268, 18.161214868454696], [37.051447766050316, 17.74476551960196], [36.13294936426513, 17.3239780891882], [35.21864471087453, 16.898980777061105], [34.30844588241013, 16.46990102138301], [33.40226212154372, 16.036865477338782], [32.5, 15.6]]}}, {"type": "Feature", "properties": {"country_a": "ARE", "country_b": "SOM", "distance_km": 2663.4}, "geometry": {"type": "LineString", "coordinates": [[54.38, 24.45], [53.941129900087866, 23.485376319701395], [53.50860334974357, 22.51941536230865], [53.08205182836434, 21.55219266283564], [52.66112203665739, 20.583780781548356], [52.24547480492076, 19.614249534619727], [51.8347840688326, 18.643666208418285], [51.428735907247535, 17.672095758890176], [51.02702763689012, 16.69960099736883], [50.62936695919549, 15.726242764033445], [50.23547115488015, 14.752080090136557], [49.845066322130265, 13.777170350029643], [49.45788665457401, 12.8015694039346], [49.07367375545924, 11.825331732335677], [48.692175984689385, 10.848510562801343], [48.31314783558022, 9.87115798998723], [47.93634933839017, 8.893325089519488], [47.56154548784702, 7.915062026411736], [47.18850569204637, 6.9364181586283635], [46.81700324023275, 5.957442136370918], [46.446814787093565, 4.978181997633079], [46.07771985130016, 3.9986852605430028], [45.70950032612006, 3.018999012988319], [45.34194, 2.03917]]}}, {"type": "Feature", "properties": {"country_a": "ARE", "country_b": "SSD", "distance_km": 3264.6}, "geometry": {"type": "LineString", "coordinates": [[54.38, 24.45], [53.28315079430087, 23.657643768485652], [52.199501955062175, 22.85753791587033], [51.12852263541369, 22.05005918334439], [50.06968359479799, 21.235573588917134], [49.02245801313674, 20.41443683449339], [47.98632216847218, 19.586994724916632], [46.960755990219155, 18.7535835956897], [45.94524349947996, 17.914530746541907], [44.93927314715792, 17.070154878427168], [43.94233805987742, 16.220766531915835], [42.95393620299048, 15.366668525282805], [41.97357046923652, 14.508156390900433], [41.00074870093089, 13.645518808817718], [40.03498365289589, 12.779038036650443], [39.0757929027206, 11.908990335122837], [38.122698714346114, 11.035646388791562], [37.17522786042239, 10.15927172165083], [36.23291140837397, 9.280127107464315], [35.295284474643594, 8.398468974798153], [34.3618859511556, 7.5145498068407495], [33.43225820765444, 6.62861853619214], [32.50594677322598, 5.740920934888668], [31.5825, 4.8517]]}}, {"type": "Feature", "properties": {"country_a": "ARE", "country_b": "SYR", "distance_km": 2024.4}, "geometry": {"type": "LineString", "coordinates": [[54.38, 24.45], [53.656622876582944, 24.89096374319008], [52.92811046371138, 25.328370522079414], [52.19436540904638, 25.7621241387216], [51.45529182875829, 26.192127023788053], [50.71079546771487, 26.618280233744304], [49.96078386863797, 27.04048345095999], [49.20516655036385, 27.45863498696428], [48.4438551953111, 27.872631789065203], [47.67676384622401, 28.282369450558807], [46.903809112219264, 28.687742224759727], [46.12491038411774, 29.08864304309071], [45.339990058993706, 29.484963537472822], [44.54897377381708, 29.876594067262108], [43.7517906480039, 30.263423750980305], [42.94837353462293, 30.64534050308901], [42.138659279934295, 31.022231076055665], [41.322588990857625, 31.393981107957945], [40.50010830988358, 31.760475175869228], [39.67116769685372, 32.12159685526161], [38.83572271693869, 32.47722878565507], [37.99373433404588, 32.82725274273044], [37.14516920878347, 33.171549717110786], [36.29, 33.51]]}}, {"type": "Feature", "properties": {"country_a": "ARE", "country_b": "TUN", "distance_km": 4410.1}, "geometry": {"type": "LineString", "coordinates": [[54.38, 24.45], [52.71183096986851, 25.274663857723542], [51.02122747858495, 26.0801289563209], [49.30762013662801, 26.865432181616285], [47.57050477893931, 27.62959402086136], [45.80945054453877, 28.371620283336615], [44.02410832153161, 29.090504214113572], [42.21421946565202, 29.785229026992326], [40.379624676517444, 30.454770878860877], [38.52027289049339, 31.09810230253891], [36.63623002328771, 31.714196108448174], [34.72768737014738, 32.3020297571152], [32.79496944810552, 32.86059019454423], [30.838541044627505, 33.38887913096483], [28.85901322191428, 33.885918730522825], [26.857148017810893, 34.35075766542041], [24.833861584500376, 34.78247747321865], [22.790225516540975, 35.18019914101029], [20.72746614162054, 35.54308982558683], [18.646961581456623, 35.87036960528215], [16.5502364367173, 36.16131814766148], [14.438954008032653, 36.41528116843232], [12.314906033586901, 36.63167655163768], [10.18, 36.81]]}}, {"type": "Feature", "properties": {"country_a": "ARE", "country_b": "TUR", "distance_km": 2645.2}, "geometry": {"type": "LineString", "coordinates": [[54.38, 24.45], [53.58239582323736, 25.190327193344483], [52.775120197621796, 25.92622858415928], [51.957787136516956, 26.657502835551675], [51.1300041644742, 27.38394204171326], [50.29137245376623, 28.10533143994864], [49.44148701984491, 28.8214491193389], [48.57993698262687, 29.53206572705975], [47.706305901084576, 30.23694417357296], [46.820172189206986, 30.93583933813177], [45.92110962198329, 31.628497776286363], [45.00868794064732, 32.314657431348174], [44.08247356698315, 32.99404735206983], [43.14203043702187, 33.66638741912428], [42.18692096493317, 34.33138808332177], [41.21670714831205, 34.98875011888571], [40.2309518263534, 35.63816439551933], [39.229220102563325, 36.2793116734308], [38.211080943640205, 36.911862425943866], [37.17610896593004, 37.535476694799264], [36.12388642037243, 38.1498039837441], [35.05400538605788, 38.75448319650456], [33.96607018135668, 39.34914262573283], [32.8597, 39.9334]]}}, {"type": "Feature", "properties": {"country_a": "ARE", "country_b": "YEM", "distance_km": 1464.6}, "geometry": {"type": "LineString", "coordinates": [[54.38, 24.45], [53.910615840408845, 24.068745658209927], [53.44400336704011, 23.68604080549486], [52.980107116720724, 23.30191928125917], [52.51887191769817, 22.916414422267817], [52.06024290019859, 22.52955907310665], [51.60416550574049, 22.141385596651645], [51.15058549526616, 21.751925884535023], [50.699448956151, 21.361211367597598], [50.25070230814822, 20.969273026317406], [49.804292308324406, 20.57614140120551], [49.36016605503926, 20.181846603160793], [48.918270991020385, 19.786418323776328], [48.47855490558227, 19.38988584559054], [48.040965936035974, 18.992278052277225], [47.605452568334556, 18.593623438768986], [47.171963636996885, 18.193950121309435], [46.74044832435076, 17.793285847429868], [46.31085615913419, 17.391658005847006], [45.88313701449211, 16.98909363627843], [45.45724110540369, 16.585619439173286], [45.03311898557427, 16.181261785356053], [44.610721543823416, 15.77604672558156], [44.19, 15.37]]}}, {"type": "Feature", "properties": {"country_a": "BGD", "country_b": "BHR", "distance_km": 4012.6}, "geometry": {"type": "LineString", "coordinates": [[90.41, 23.81], [88.73342517215252, 24.13839173187884], [87.04850790445226, 24.448267517764407], [85.35558384745764, 24.739269704765686], [83.65502382751784, 25.011057288934857], [81.94723300741762, 25.263307179244446], [80.23264978119036, 25.495715439838484], [78.51174439936696, 25.707998498787806], [76.7850173246651, 25.899894311347925], [75.05299732211421, 26.071163465673628], [73.31623929177391, 26.22159021910115], [71.5753218564424, 26.350983453476594], [69.83084472096105, 26.459177538591167], [68.08342582379161, 26.546033093579023], [66.3336983053621, 26.61143763713268], [64.58230732113435, 26.655306118580533], [62.82990673033977, 26.67758132323031], [61.077155693767054, 26.678234146884652], [59.32471521579085, 26.657263736050464], [57.57324466694669, 26.614697492056397], [55.82339832374785, 26.550590939025955], [54.07582196209444, 26.46502745738791], [52.33114953955036, 26.358117886302143], [50.59, 26.23]]}}, {"type": "Feature", "properties": {"country_a": "BGD", "country_b": "BTN", "distance_km": 412.8}, "geometry": {"type": "LineString", "coordinates": [[90.41, 23.81], [90.37746606969803, 23.969249537105956], [90.34485208932693, 24.128488857793435], [90.3121572637203, 24.287717877096586], [90.279380791412, 24.44693650961072], [90.24652186455313, 24.60614466948551], [90.21357966882779, 24.765342270418127], [90.18055338336778, 24.924529225646225], [90.14744218066616, 25.08370544794087], [90.11424522648963, 25.24287084959929], [90.08096167978972, 25.4020253424376], [90.04759069261283, 25.561168837783367], [90.01413141000897, 25.720301246468075], [89.98058296993933, 25.87942247881945], [89.94694450318255, 26.038532444653704], [89.91321513323969, 26.197631053267653], [89.87939397623796, 26.35671821343067], [89.84548014083302, 26.515793833376605], [89.81147272810998, 26.67485782079548], [89.7773708314831, 26.833910082825113], [89.74317353659387, 26.99295052604262], [89.708879921208, 27.151979056455712], [89.67448905511056, 27.310995579493998], [89.64, 27.47]]}}, {"type": "Feature", "properties": {"country_a": "BGD", "country_b": "DJI", "distance_km": 5167.0}, "geometry": {"type": "LineString", "coordinates": [[90.41, 23.81], [88.22408565028871, 23.561078725873443], [86.04689428133891, 23.281541781262078], [83.87925825432046, 22.971918806706967], [81.7219402077118, 22.632788128568414], [79.57562921984832, 22.26477341411402], [77.44093785617974, 21.86854021212474], [75.31840008569611, 21.444792427698168], [73.2084700347229, 20.994268777769587], [71.11152153233391, 20.517739270836714], [69.02784839022712, 20.016001750637017], [66.95766535114998, 19.48987853926842], [64.90110963383421, 18.94021321064227], [62.8582429987821, 18.367867520380383], [60.829054257940314, 17.773718513466573], [58.8134621520384, 17.158655826269936], [56.811318521861374, 16.52357919508059], [54.82241170365264, 15.869396179124339], [52.84647008388513, 15.197020102213402], [50.883165754493234, 14.507368213785982], [48.93211821604321, 13.801360067109663], [46.99289808298544, 13.079916109875905], [45.06503075186644, 12.343956480285945], [43.148, 11.5944]]}}, {"type": "Feature", "properties": {"country_a": "BGD", "country_b": "DZA", "distance_km": 8244.5}, "geometry": {"type": "LineString", "coordinates": [[90.41, 23.81], [87.43902978462012, 25.572313735330944], [84.3813896182659, 27.27214489505438], [81.23125155818923, 28.902743003580404], [77.98347213251454, 30.457012332056586], [74.6338316871706, 31.927539108214837], [71.17930869752082, 33.306640259020995], [67.61838097556776, 34.586437689364296], [63.951339391572525, 35.75896145434749], [60.18059247197168, 36.81628381056756], [56.31093296848015, 37.750683900245825], [52.349731715430444, 38.55483971890085], [48.3070217445078, 39.22204022814478], [44.195438707178866, 39.74640644020811], [40.02999357631005, 40.12310671094442], [35.82767041822954, 40.34854917644655], [31.606863875112666, 40.42053404869978], [27.38669406318227, 40.33835083019451], [23.18625590021547, 40.10281035791823], [19.02387073892784, 39.716208259425635], [14.916407794768773, 39.18222371457942], [10.878731319648452, 38.505764000668684], [6.92330975938529, 37.69276999765332], [3.06, 36.75]]}}, {"type": "Feature", "properties": {"country_a": "BGD", "country_b": "EGY", "distance_km": 5854.0}, "geometry": {"type": "LineString", "coordinates": [[90.41, 23.81], [88.05650835943261, 24.598089194588134], [85.67406932458701, 25.348855022253147], [83.26281306800881, 26.06054152353042], [80.82309640858963, 26.7314197331825], [78.35551492969925, 27.35979886514204], [75.86091267070495, 27.94403844011566], [73.3403887748698, 28.482561211118423], [70.7953004921526, 28.973866696997653], [68.2272619844122, 29.416545089419124], [65.6381384662356, 29.80929125752523], [63.03003533796904, 30.150918539524422], [60.40528212641152, 30.440371984900636], [57.76641123750364, 30.676740697610303], [55.11613173519808, 30.859268931931194], [52.45729857943712, 30.98736561009884], [49.792877969433505, 31.060611965004036], [47.1259096308982, 31.078767061274643], [44.45946704265597, 31.041771011981552], [41.79661670656274, 30.94974578275081], [39.14037761573086, 30.802993556031026], [36.493682065441085, 30.601992710866565], [33.859338879676315, 30.34739155281631], [31.24, 30.04]]}}, {"type": "Feature", "properties": {"country_a": "BGD", "country_b": "ETH", "distance_km": 5720.2}, "geometry": {"type": "LineString", "coordinates": [[90.41, 23.81], [87.99599853060104, 23.497171899893715], [85.59403719226577, 23.147117089313753], [83.20516177945025, 22.760641279417314], [80.8303035259236, 22.338618352034775], [78.47027446188591, 21.881984397252825], [76.12576441729261, 21.391731655907694], [73.79733959114941, 20.868902463429276], [71.48544257607246, 20.314583283503342], [69.190393703845, 19.72989891043722], [66.91239356114208, 19.11600690845197], [64.65152651478026, 18.47409234488546], [62.40776508223442, 17.80536286293154], [60.18097498499529, 17.111044128453344], [57.970920728741376, 16.392375674912763], [55.77727156433039, 15.650607160794157], [53.59960769635045, 14.886995045236928], [51.437426620535184, 14.1027996800255], [49.290149486951314, 13.299282809654374], [47.157127401841706, 12.477705465877362], [45.03764759678919, 11.639326238910526], [42.93093940903043, 10.785399904205907], [40.836180030968656, 9.917176381344596], [38.7525, 9.0359]]}}, {"type": "Feature", "properties": {"country_a": "BGD", "country_b": "IND", "distance_km": 1421.2}, "geometry": {"type": "LineString", "coordinates": [[90.41, 23.81], [89.85849817993639, 24.04293259946671], [89.30501202041192, 24.27386477831278], [88.74953021005166, 24.502767799389314], [88.19204210880427, 24.72961284788082], [87.63253776759947, 24.954371037400485], [87.07100794813431, 25.177013416401383], [86.50744414276376, 25.397510974907682], [85.94183859446872, 25.615834651570054], [85.37418431687384, 25.83195534104889], [84.80447511428557, 26.045843901728478], [84.23270560171927, 26.25747116376514], [83.65887122488327, 26.466807937471543], [83.08296828008523, 26.67382502203934], [82.5049939340258, 26.87849321460129], [81.92494624344206, 27.080783319634005], [81.34282417456245, 27.280666158701454], [80.75862762233305, 27.478112580539037], [80.17235742937387, 27.673093471477348], [79.5840154046226, 27.86557976620396], [78.99360434162136, 28.05554245886112], [78.40112803640147, 28.242952614476312], [77.80659130491999, 28.427781380721974], [77.21, 28.61]]}}, {"type": "Feature", "properties": {"country_a": "BGD", "country_b": "IRQ", "distance_km": 4589.3}, "geometry": {"type": "LineString", "coordinates": [[90.41, 23.81], [88.61065407379677, 24.53131031269813], [86.79094446576822, 25.23084809120692], [84.95063603622084, 25.90765979137448], [83.08957721818129, 26.5607894167305], [81.20770646881346, 27.18928140969947], [79.30505854995097, 27.792183899360257], [77.38177050432546, 28.368552303745716], [75.43808718039222, 28.91745327756991], [73.47436614731566, 29.437968988219858], [71.49108183362408, 29.929201693974175], [69.48882871925225, 30.39027858889949], [67.46832341211062, 30.820356868980365], [65.43040544779984, 31.21862896408083], [63.37603666530046, 31.584327870698413], [61.30629903281818, 31.916732511585565], [59.22239082652008, 32.21517304064223], [57.12562110031326, 32.47903600549605], [55.01740242629738, 32.70776927633168], [52.899241931799196, 32.900886648199375], [50.772730708267275, 33.05797202553232], [48.63953171768488, 33.17868310211675], [46.50136637120888, 33.26275445733295], [44.36, 33.31]]}}, {"type": "Feature", "properties": {"country_a": "BGD", "country_b": "ISR", "distance_km": 5453.4}, "geometry": {"type": "LineString", "coordinates": [[90.41, 23.81], [88.24278423865472, 24.604757875951165], [86.04857169807487, 25.36784164264447], [83.82723656500443, 26.097736526677235], [81.57882508724325, 26.792936345414034], [79.30356752095607, 27.45195110428158], [77.00188892157271, 28.073315415020332], [74.67441834239146, 28.655597679050867], [72.32199598530356, 29.19740995097714], [69.94567784536042, 29.69741836622879], [67.54673740889703, 30.15435398517671], [65.12666400658209, 30.567023875285695], [62.687157489888705, 30.93432222478943], [60.23011899226488, 31.25524125793545], [57.75763765296124, 31.528881705015117], [55.27197331809359, 31.754462571982366], [52.77553538396134, 31.931329955957207], [50.2708581038598, 32.05896466527606], [47.76057283217502, 32.136988426298224], [45.24737781834449, 32.16516849344412], [42.73400627850717, 32.14342052266733], [40.2231935558127, 32.07180961974204], [37.71764422504988, 31.950549530755353], [35.22, 31.78]]}}, {"type": "Feature", "properties": {"country_a": "BGD", "country_b": "JOR", "distance_km": 5384.8}, "geometry": {"type": "LineString", "coordinates": [[90.41, 23.81], [88.27248379262873, 24.600268683454495], [86.10848563505375, 25.359730294239174], [83.9178620992218, 26.08691860533949], [81.70063310960947, 26.780374437816274], [79.4569934561925, 27.43865274631164], [77.18732328486263, 28.060330482445842], [74.8921971632846, 28.644015188614702], [72.57239129957381, 29.188354248252455], [70.22888848543906, 29.692044690284433], [67.86288034800224, 30.15384341632008], [65.47576652822664, 30.57257769047229], [63.06915046065469, 30.947155705114984], [60.64483150949646, 31.27657701314736], [58.20479331885243, 31.5599426002046], [55.751188356902055, 31.7964643604297], [53.28631877017726, 31.985473738328544], [50.81261380769671, 32.126429307884074], [48.33260421748941, 32.218923078952535], [45.848894150837246, 32.26268534978953], [43.36413122336821, 32.25758796242366], [40.88097546877842, 32.203645862888216], [38.40206797399701, 32.10101691882073], [35.93, 31.95]]}}, {"type": "Feature", "properties": {"country_a": "BGD", "country_b": "KWT", "distance_km": 4247.3}, "geometry": {"type": "LineString", "coordinates": [[90.41, 23.81], [88.67779364667695, 24.309817978476765], [86.93223271034847, 24.789694732977413], [85.1734816717193, 25.249032629875288], [83.40176262020134, 25.68724573715484], [81.6173565695317, 26.103761917139902], [79.82060440443604, 26.4980250053553], [78.0119074115987, 26.869497059363063], [76.19172735096278, 27.217660658900705], [74.36058602754231, 27.542021236252783], [72.51906432952784, 27.842109413589565], [70.66780070549775, 28.117483322092088], [68.8074890619447, 28.367730876134882], [66.93887607195737, 28.592471974697762], [65.06275789656777, 28.791360601598075], [63.17997633172271, 28.96408679613721], [61.291414405747005, 29.11037846638426], [59.39799146417541, 29.230003018601927], [57.50065779053655, 29.32276877825829], [55.60038882267227, 29.38852618064251], [53.69817903405556, 29.427168712266596], [51.79503555795626, 29.43863358791951], [49.89197163885908, 29.42290215235217], [47.99, 29.38]]}}, {"type": "Feature", "properties": {"country_a": "BGD", "country_b": "LBN", "distance_km": 5409.9}, "geometry": {"type": "LineString", "coordinates": [[90.41, 23.81], [88.30349811743255, 24.693000911449133], [86.16761415810554, 25.545930292639014], [84.00186086462168, 26.36717898859758], [81.80591486589778, 27.155128377789403], [79.5796329140926, 27.908157014219785], [77.32306778163644, 28.624648316816856], [75.0364833585339, 29.302999307340368], [72.72036842934936, 29.941630368969225], [70.37544855988271, 30.538995963747205], [68.00269549132747, 31.093596208942373], [65.60333343069635, 31.603989171297464], [63.17884164618818, 32.06880369581096], [60.73095282964406, 32.48675254425973], [58.26164677826089, 32.85664558071966], [55.77313907480966, 33.177402709669515], [53.26786460721485, 33.448066249728996], [50.74845595856166, 33.66781241531248], [48.21771690808942, 33.83596158159995], [45.67859150021747, 33.951987026568496], [43.134129347773744, 34.0155218777054], [40.58744802219133, 34.026364039577054], [38.04169353306465, 33.984478939600145], [35.5, 33.89]]}}, {"type": "Feature", "properties": {"country_a": "BGD", "country_b": "LKA", "distance_km": 2182.4}, "geometry": {"type": "LineString", "coordinates": [[90.41, 23.81], [89.9077942294217, 23.089327147650966], [89.41092168374081, 22.36700832090692], [88.91915425198088, 21.643115529951867], [88.43226993922856, 20.917718626316525], [87.95005258555214, 20.190885420716345], [87.47229159229023, 19.462681795537012], [86.99878165564516, 18.733171812263393], [86.5293225074736, 18.00241781413678], [86.06371866313076, 17.27048052431343], [85.60177917619461, 16.53741913978667], [85.14331739987102, 15.803291421323744], [84.68815075486111, 15.068153779658411], [84.23610050345425, 14.332061358170305], [83.78699152959719, 13.595068112272363], [83.34065212467887, 12.857226885718847], [82.89691377876183, 12.118589484037495], [82.45561097698497, 11.379206745281566], [82.01658100085743, 10.63912860828958], [81.57966373416019, 9.89840417863349], [81.14470147316949, 9.157081792429228], [80.71153874091529, 8.415209078177359], [80.28002210518713, 7.672833016795636], [79.85, 6.93]]}}, {"type": "Feature", "properties": {"country_a": "BGD", "country_b": "MAR", "distance_km": 9191.4}, "geometry": {"type": "LineString", "coordinates": [[90.41, 23.81], [87.10582658410955, 25.79003199820742], [83.69230752816311, 27.692007456097148], [80.16123537923693, 29.5064541342723], [76.50550643908316, 31.22335248875465], [72.7195559749138, 32.83218833202231], [68.79986107232523, 34.322049823083994], [64.7454896927068, 35.68177746735796], [60.55865775532215, 36.900173654636745], [56.245237536891985, 37.96627391588361], [51.815144110079444, 38.869675269295364], [47.28251749253162, 39.600908047575714], [42.665622981171325, 40.15182757327668], [37.98641566457971, 40.51599299141247], [33.2697578104974, 40.688995070575885], [28.542333535252666, 40.66869526109514], [23.83136119836192, 40.455345986505364], [19.163244690546108, 40.051576296356494], [14.562317557989275, 39.462244799657064], [10.049814582023544, 38.69417914180134], [5.64316025355231, 37.75583425488884], [1.3556063366134623, 36.65690777513888], [-2.803803130528962, 35.40795008843874], [-6.83, 34.02]]}}, {"type": "Feature", "properties": {"country_a": "BGD", "country_b": "MDV", "distance_km": 2831.3}, "geometry": {"type": "LineString", "coordinates": [[90.41, 23.81], [89.59940128158802, 22.9879786938042], [88.79857973062366, 22.161775160377264], [88.00707956034204, 21.331600404262648], [87.22445497592645, 20.497658575719047], [86.4502699032621, 19.660147351165605], [85.68409768879046, 18.819258300931867], [84.9255207751998, 17.975177244510004], [84.174130357089, 17.128084593589858], [83.42952602020375, 16.278155683225336], [82.69131536736018, 15.425561091536036], [81.95911363373781, 14.5704669483932], [81.23254329383686, 13.713035233574077], [80.51123366204962, 12.85342406489731], [79.79482048848952, 11.991787976872615], [79.08294555144927, 11.128278190414466], [78.375256247619, 10.263042874180476], [77.67140518098377, 9.396227398103123], [76.97104975113226, 8.527974579688106], [76.27385174154617, 7.658424923655155], [75.5794769082958, 6.787716855497609], [74.88759456944422, 5.915986949536439], [74.19787719535408, 5.043370152042685], [73.51, 4.17]]}}, {"type": "Feature", "properties": {"country_a": "BGD", "country_b": "OMN", "distance_km": 3256.6}, "geometry": {"type": "LineString", "coordinates": [[90.41, 23.81], [89.02709849468317, 23.940954691706157], [87.64153663262205, 24.059434435460126], [86.25356371107647, 24.16534729008155], [84.86343648157903, 24.258610605184284], [83.47141841004347, 24.339151237885726], [82.0777788976568, 24.406905746967187], [80.6827924666216, 24.461820563097668], [79.28673791520752, 24.50385213388875], [77.88989744691918, 24.532967042718184], [76.49255577888553, 24.549142100444406], [75.09499923481684, 24.55236440932902], [73.697514828056, 24.54263139868913], [72.30038934036816, 24.519950832011737], [70.90390840216185, 24.484340785476743], [69.50835557981912, 24.43582959804994], [68.11401147572744, 24.37445579352022], [66.72115284645723, 24.300267975062855], [65.33005174431761, 24.213324693111176], [63.940974687252094, 24.1136942875086], [62.554181861712536, 24.00145470509076], [61.1699263627783, 23.876693294010167], [59.78845347537486, 23.739506576262194], [58.41, 23.59]]}}, {"type": "Feature", "properties": {"country_a": "BGD", "country_b": "PAK", "distance_km": 2013.3}, "geometry": {"type": "LineString", "coordinates": [[90.41, 23.81], [89.71973017044681, 24.281966209781984], [89.02435700082584, 24.750745451693703], [88.32376574394004, 25.216244761570866], [87.6178422245172, 25.678369613626217], [86.90647297072603, 26.137023899129844], [86.18954535558859, 26.592109907157454], [85.4669477486516, 27.04352830761284], [84.73856967826819, 27.491178136742874], [84.00430200482536, 27.934956785375345], [83.26403710523367, 28.3747599901219], [82.51766906897045, 28.810481827800302], [81.76509390593903, 29.24201471334191], [81.00620976637067, 29.669249401461563], [80.24091717295579, 30.092074992378198], [79.46911926534247, 30.51037894188443], [78.69072205708653, 30.924047076073354], [77.90563470507567, 31.33296361103888], [77.11376979138029, 31.737011177873715], [76.31504361740674, 32.136070853294825], [75.50937651014237, 32.53002219623097], [74.6966931401876, 32.91874329070912], [73.87692285116712, 33.3021107953774], [73.05, 33.68]]}}, {"type": "Feature", "properties": {"country_a": "BGD", "country_b": "PSE", "distance_km": 5454.1}, "geometry": {"type": "LineString", "coordinates": [[90.41, 23.81], [88.24489735183114, 24.610414275066134], [86.0526190752814, 25.379206518084096], [83.83301866622469, 26.11485302747329], [81.58612186176946, 26.815837671149517], [79.31213889160324, 27.480659465826914], [77.01147561014446, 28.10784099510817], [74.68474306851085, 28.695937613253236], [72.33276506318931, 29.243547352093046], [69.95658319308379, 29.74932141706204], [67.55745897219079, 30.211975125988197], [65.13687258468012, 30.630299112651603], [62.69651793467375, 31.003170588017746], [60.23829373493618, 31.329564427459974], [57.76429049544386, 31.608563834229553], [55.276773410589755, 31.83937031980315], [52.77816129653748, 32.02131274210709], [50.27100188988853, 32.15385515404541], [47.75794397576148, 32.2366032376395], [45.24170695725677, 32.26930913302849], [42.72504859893076, 32.251874515371796], [40.21073176538044, 32.184351824344034], [37.70149102554617, 32.066943607777304], [35.2, 31.9]]}}, {"type": "Feature", "properties": {"country_a": "BGD", "country_b": "QAT", "distance_km": 3928.8}, "geometry": {"type": "LineString", "coordinates": [[90.41, 23.81], [88.75894289243399, 24.085786238114338], [87.10103647131042, 24.343663580308036], [85.43664064644382, 24.583344315057303], [83.76614337164905, 24.80455766329719], [82.08995946966178, 25.00705077006273], [80.40852924591296, 25.190589658132094], [78.72231689473983, 25.354960134485406], [77.03180870464134, 25.49996864053264], [75.33751107225345, 25.625443037352788], [73.63994833776059, 25.731233317626344], [71.93966045739805, 25.817212236532875], [70.23720053146253, 25.8832758546187], [68.53313220876039, 25.92934398650728], [66.82802699061634, 25.955360550312786], [65.1224614593783, 25.96129381370803], [63.41701445773421, 25.9471365337713], [61.712264246063015, 25.91290598896905], [60.008785665449466, 25.858643902897583], [58.30714733388698, 25.78441626068149], [56.607908902579204, 25.690313020181947], [54.911618398145926, 25.576447721379314], [53.218809674976754, 25.4429569984364], [51.53, 25.29]]}}, {"type": "Feature", "properties": {"country_a": "BGD", "country_b": "SAU", "distance_km": 4422.6}, "geometry": {"type": "LineString", "coordinates": [[90.41, 23.81], [88.55068110925963, 24.11777006770031], [86.68277972909942, 24.402795411139078], [84.80681844537727, 24.66467206074622], [82.92336421203072, 24.90302370329], [81.03302608784739, 25.117503445414783], [79.13645254776982, 25.307795491841894], [77.23432838038308, 25.473616717404436], [75.3273711910695, 25.61471811266256], [73.41632753814807, 25.730886083855896], [71.50196873690754, 25.821943589393435], [69.5850863735507, 25.88775109694218], [67.66648757745344, 25.928207347422894], [65.74699010558517, 25.943249914809442], [63.82741729724181, 25.932855553498637], [61.90859296025177, 25.897040328100594], [59.99133625141769, 25.835859523717488], [58.0764566140918, 25.74940733804679], [56.16474883444557, 25.637816359878496], [54.25698827523571, 25.501256841669658], [52.35392634179001, 25.33993577679442], [50.45628622968758, 25.154095794711886], [48.56475899737938, 24.944013889607817], [46.68, 24.71]]}}, {"type": "Feature", "properties": {"country_a": "BGD", "country_b": "TUN", "distance_km": 7632.6}, "geometry": {"type": "LineString", "coordinates": [[90.41, 23.81], [87.61334181439483, 25.37119426429821], [84.74517672030028, 26.877569178460234], [81.8015318711953, 28.323893368932847], [78.77898364789712, 29.704724703266884], [75.67480782253757, 31.014433725065135], [72.48714579091771, 32.247239765061245], [69.21518171445436, 33.3972615075983], [65.85932257506994, 34.45858338508465], [62.42137006764189, 35.42533846399544], [58.90467031326284, 36.291807439813354], [55.31422511855455, 37.052531984288414], [51.656747597943365, 37.702439061284835], [47.9406460899388, 38.23697110193446], [44.175923936107075, 38.65221533912864], [40.373988971635136, 38.94502443230473], [36.54737505975706, 39.11312005443577], [32.70938763276816, 39.1551715830782], [28.873694434620425, 39.07084351373743], [25.053889781600446, 38.86080758513686], [21.263064228311208, 38.52671857126845], [17.513410790740025, 38.07115581893304], [13.815893993875704, 37.49753541948385], [10.18, 36.81]]}}, {"type": "Feature", "properties": {"country_a": "BGD", "country_b": "TUR", "distance_km": 5628.5}, "geometry": {"type": "LineString", "coordinates": [[90.41, 23.81], [88.37669388597806, 24.999333057217775], [86.30434371326628, 26.160156296508195], [84.19111434376444, 27.290386089488482], [82.03529853851322, 28.387866383019386], [79.83534771887108, 29.450371206681144], [77.58990628424294, 30.47560897180884], [75.29784924690914, 31.461228828417752], [72.95832273141333, 32.404829342593146], [70.57078663087705, 33.30396973814204], [68.13505842072715, 34.15618390866173], [65.6513568128685, 34.958997346077894], [63.1203436087553, 35.709947046334385], [60.54316180446456, 36.406604340909816], [57.92146774867812, 37.04660046501922], [55.25745499515176, 37.62765451347801], [52.55386746676073, 38.14760326050242], [49.813999697373426, 38.60443214116429], [47.04168226939003, 38.996306524219435], [44.24125113001546, 39.321602265483484], [41.41750023519619, 39.578934435549314], [38.575617895247646, 39.76718308167947], [35.72110821086641, 39.88551492336587], [32.8597, 39.9334]]}}, {"type": "Feature", "properties": {"country_a": "BGD", "country_b": "YEM", "distance_km": 4916.9}, "geometry": {"type": "LineString", "coordinates": [[90.41, 23.81], [88.31484419860294, 23.723636303399662], [86.22289815052173, 23.608936281961537], [84.13503387235941, 23.466101479464715], [82.05209483810398, 23.295381295837352], [79.9748904448815, 23.0970715483404], [77.90419091220632, 22.871512797787936], [75.84072266707503, 22.619088465374205], [73.78516425607418, 22.340222768068713], [71.73814281403928, 22.035378502229797], [69.70023110710822, 21.705054706066882], [67.6719451566228, 21.349784231870377], [65.65374243957913, 20.970131258564884], [63.64602065148564, 20.566688774186108], [61.64911700877717, 20.140076056407004], [59.66330806050668, 19.690936177327814], [57.688809972987755, 19.219933556487458], [55.72577924642121, 18.727751583540254], [53.774313819288665, 18.21509032936071], [51.83445451436829, 17.682664361573597], [49.90618677951918, 17.131200677731492], [47.98944267676449, 16.561436766643396], [46.08410307452894, 15.974118805751257], [44.19, 15.37]]}}, {"type": "Feature", "properties": {"country_a": "BHR", "country_b": "BTN", "distance_km": 3867.4}, "geometry": {"type": "LineString", "coordinates": [[50.59, 26.23], [52.24565820555184, 26.511329380954017], [53.90912371909777, 26.773344148547526], [55.579953888213126, 27.015735883302884], [57.2576724860062, 27.238215321245978], [58.94177122956617, 27.44051355621989], [60.63171157840111, 27.622383191297228], [62.32692680705092, 27.783599427053453], [64.02682434161083, 27.923961074706448], [65.730788345414, 28.04329148258954], [67.4381825347106, 28.141439365109584], [69.14835320096641, 28.218279524243172], [70.86063241250525, 28.27371345473129], [72.57434136475386, 28.307669825429144], [74.28879384541821, 28.320104830728088], [76.0032997786212, 28.311002407562654], [77.71716881043474, 28.280374315212683], [79.42971389739634, 28.228260076870612], [81.14025485953981, 28.15472678372832], [82.84812186019198, 28.05986876410423], [84.55265877627113, 27.943807121840898], [86.25322642501668, 27.806689149817043], [87.94920561591813, 27.648687625901495], [89.64, 27.47]]}}, {"type": "Feature", "properties": {"country_a": "BHR", "country_b": "DJI", "distance_km": 1798.5}, "geometry": {"type": "LineString", "coordinates": [[50.59, 26.23], [50.23499076919834, 25.60140063776153], [49.88367709417561, 24.971894258962447], [49.53592325633956, 24.341514029127268], [49.19159733851571, 23.710292157115788], [48.850571057352624, 23.07825994243615], [48.512719602008644, 22.445447820341965], [48.17792147885578, 21.8118854048369], [47.84605836194147, 21.177601529703306], [47.51701494895492, 20.542624287665557], [47.19067882245087, 19.906981067792724], [46.86694031609016, 19.27069859123982], [46.545692385663116, 18.6338029454218], [46.22683048466863, 17.9963196167094], [45.9102524442284, 17.35827352173147], [45.59585835712282, 16.71968903736419], [45.283550465741705, 16.0805900294833], [44.97323305374934, 15.440999880551963], [44.66481234127029, 14.800941516113078], [44.3581963834082, 14.16043743025168], [44.05329497191636, 13.519509710089856], [43.750019539844395, 12.87818005937365], [43.448283068991245, 12.236469821208887], [43.148, 11.5944]]}}, {"type": "Feature", "properties": {"country_a": "BHR", "country_b": "DZA", "distance_km": 4614.9}, "geometry": {"type": "LineString", "coordinates": [[50.59, 26.23], [48.782916825912004, 27.031251910472733], [46.95038625320235, 27.808891727637068], [45.0919935677372, 28.56178990042997], [43.207426712512365, 29.288804921802765], [41.296486845840185, 29.988786814285525], [39.35909894574882, 30.660581184531452], [37.3953222508688, 31.303033861271714], [35.40536029447722, 31.91499612019023], [33.389570257115416, 32.49533048604928], [31.348471336414686, 33.042917087045296], [29.282751812838473, 33.55666051908149], [27.193274479503106, 34.035497158806066], [25.081080105563483, 34.4784028444576], [22.947388618101876, 34.88440082354099], [20.79359771879649, 35.25256984704835], [18.621278699887696, 35.58205227239448], [16.432169289113524, 35.87206202258459], [14.228163434168117, 36.1218922385069], [12.011298031343081, 36.33092245569113], [9.783736706525254, 36.49862513726317], [7.547750864654844, 36.624571401743005], [5.305698330216025, 36.70843579800922], [3.06, 36.75]]}}, {"type": "Feature", "properties": {"country_a": "BHR", "country_b": "EGY", "distance_km": 1944.6}, "geometry": {"type": "LineString", "coordinates": [[50.59, 26.23], [49.77929380171274, 26.45087932918516], [48.96552121008273, 26.667135165316097], [48.14870761034758, 26.878706644499804], [47.32888138976404, 27.08553352622193], [46.506073967378356, 27.287556244339928], [45.68031981942573, 27.48471595903969], [44.851656500094386, 27.67695460967037], [44.020124657395435, 27.864214968365715], [43.18576804388757, 28.04644069435334], [42.34863352201439, 28.223576388847256], [41.508771063823446, 28.39556765041266], [40.666233744848945, 28.56236113068579], [39.821077731954716, 28.723904590326228], [38.97336226495055, 28.880146955073055], [38.12314963181356, 29.03103837177189], [37.27050513736617, 29.1765302642344], [36.41549706528459, 29.316575388788348], [35.55819663333466, 29.451127889372078], [34.69867794175779, 29.5801433520244], [33.83701791475568, 29.70357885861846], [32.97329623505087, 29.82139303968587], [32.10759527152916, 29.93354612617668], [31.24, 30.04]]}}, {"type": "Feature", "properties": {"country_a": "BHR", "country_b": "ERI", "distance_km": 1708.5}, "geometry": {"type": "LineString", "coordinates": [[50.59, 26.23], [50.0450373770654, 25.774988192946946], [49.50422519249531, 25.317922580659463], [48.96746625146559, 24.858859206948512], [48.434664137899475, 24.397853050366553], [47.90572323646026, 23.934958051261532], [47.380548750918486, 23.470227138737805], [46.859046719125836, 23.003712257486523], [46.34112402481656, 22.535464394452426], [45.82668840644637, 22.065533605307387], [45.315648463267635, 21.593969040704778], [44.80791365882936, 21.120818972291737], [44.30339432208041, 20.646130818459746], [43.802001646244086, 20.16995116981635], [43.3036476856231, 19.69232581436364], [42.808245350484555, 19.213299762371687], [42.31570840016578, 18.732917270936806], [41.825951434533465, 18.251221868217193], [41.33888988392037, 17.76825637733987], [40.854439997656165, 17.284062939974827], [40.372518831301626, 16.79868303957393], [39.89304423268833, 16.31215752427323], [39.41593482685934, 15.824526629459159], [38.94111, 15.33583]]}}, {"type": "Feature", "properties": {"country_a": "BHR", "country_b": "ETH", "distance_km": 2276.8}, "geometry": {"type": "LineString", "coordinates": [[50.59, 26.23], [50.019070410694745, 25.500880566226016], [49.45500355773438, 24.76949231453197], [48.89751623899731, 24.03593293645454], [48.346333083724474, 23.30029691553403], [47.801186234067565, 22.562675697939977], [47.26181503097343, 21.823157855424082], [46.727965704982275, 21.08182924096911], [46.19939107238926, 20.3387731374951], [45.67585023710747, 19.594070399975827], [45.15710829847326, 18.84779959130907], [44.64293606515078, 18.1000371122745], [44.13310977521989, 17.35085732590296], [43.62741082246868, 16.600332676570254], [43.12562548885806, 15.84853380411827], [42.6275446830797, 15.09552965329614], [42.13296368508897, 14.341387578803237], [41.641681896461215, 13.58617344620659], [41.15350259639101, 12.82995172899512], [40.66823270313031, 12.072785602023748], [40.18568254064132, 11.314737031591738], [39.70566561022288, 10.555866862390761], [39.227998366855715, 9.796234901550273], [38.7525, 9.0359]]}}, {"type": "Feature", "properties": {"country_a": "BHR", "country_b": "IND", "distance_km": 2640.0}, "geometry": {"type": "LineString", "coordinates": [[50.59, 26.23], [51.716332947358865, 26.438106560466274], [52.84663248397928, 26.63730115197249], [53.980770398726435, 26.82747571065848], [55.118610536220096, 27.00852597129194], [56.260008953115616, 27.180351661207183], [57.40481410404993, 27.342856691376948], [58.55286705747187, 27.49594934373934], [59.704001741375265, 27.639542453890687], [60.85804521874291, 27.773553588250838], [62.01481799229107, 27.89790521481002], [63.174134337881306, 28.01252486657621], [64.33580266573992, 28.117345296859533], [65.49962590839966, 28.212304625555188], [66.66540193405453, 28.2973464756192], [67.83292398380091, 28.372420098971673], [69.00198113102891, 28.437480491109874], [70.1723587610297, 28.492488493768196], [71.3438390687006, 28.53741088502372], [72.51620157206295, 28.572220456313584], [73.68922363915925, 28.59689607590346], [74.86268102576989, 28.611422738424693], [76.03634842128642, 28.615791600179662], [77.21, 28.61]]}}, {"type": "Feature", "properties": {"country_a": "BHR", "country_b": "IRN", "distance_km": 1051.6}, "geometry": {"type": "LineString", "coordinates": [[50.59, 26.23], [50.621763170322986, 26.641678204263126], [50.653754915505864, 27.053325422354437], [50.68598102872234, 27.464941223141725], [50.71844743621232, 27.876525176438733], [50.751160202004485, 28.28807685290786], [50.78412553282049, 28.69959582395606], [50.81734978316966, 29.11108166162365], [50.85083946064314, 29.522533938465752], [50.88460123141724, 29.933952227425962], [50.918641925976075, 30.34533610170209], [50.952968545064174, 30.756685134603508], [50.987588265880404, 31.167998899399706], [51.02250844852511, 31.57927696915987], [51.05773664271295, 31.99051891658284], [51.093280594764884, 32.401724313817176], [51.129148254893146, 32.812892732270896], [51.1653477847942, 33.22402374241031], [51.20188756556526, 33.63511691354755], [51.23877620596098, 34.04617181361619], [51.27602255100795, 34.45718800893454], [51.31363569099542, 34.86816506395582], [51.35162497086214, 35.27910254100478], [51.39, 35.69]]}}, {"type": "Feature", "properties": {"country_a": "BHR", "country_b": "IRQ", "distance_km": 988.9}, "geometry": {"type": "LineString", "coordinates": [[50.59, 26.23], [50.336355662767005, 26.54370261745613], [50.08132858350763, 26.856937670650957], [49.82489419346623, 27.169696370228156], [49.567027621132944, 27.481969792412805], [49.30770368757281, 27.793748875922603], [49.046896901768974, 28.10502441881923], [48.78458145598489, 28.415787075298653], [48.520731221150776, 28.726027352419507], [48.255319742279944, 29.035735606768682], [47.98832023392115, 29.344902041063033], [47.71970557565322, 29.65351670068653], [47.449448307628884, 29.96156947016182], [47.17752062617521, 30.26905006955542], [46.90389437945821, 30.57594805081585], [46.62854106322016, 30.88225279404364], [46.35143181659811, 31.187953503692928], [46.07253741803312, 31.493039204703546], [45.79182828128008, 31.797498738563267], [45.50927445152854, 32.10132075929949], [45.224845601645704, 32.40449372939996], [44.9385110285534, 32.70700591566196], [44.65023964975133, 33.00884538496978], [44.36, 33.31]]}}, {"type": "Feature", "properties": {"country_a": "BHR", "country_b": "ISR", "distance_km": 1617.0}, "geometry": {"type": "LineString", "coordinates": [[50.59, 26.23], [49.9558569307611, 26.506261728572262], [49.31868888630039, 26.77968116888449], [48.67847701937911, 27.050211019073725], [48.03520386480223, 27.317803780301695], [47.38885339079327, 27.582411771532648], [46.739411050835244, 27.8439871452468], [46.08686383588538, 28.102481904106146], [45.431200326865444, 28.357847918587673], [44.77241074732113, 28.610036945598065], [44.110487016138045, 28.859000648081622], [43.44542280019404, 29.10469061563187], [42.77721356682074, 29.347058386114924], [42.10585663594026, 29.586055468310708], [41.43135123173562, 29.821633365575725], [40.75369853370712, 30.05374360052866], [40.072901726960026, 30.282337740757264], [39.388966051562285, 30.507367425542345], [38.701898850805236, 30.728784393591628], [38.01170961819441, 30.946540511772962], [37.318410042991836, 31.1605878048334], [36.622014054126744, 31.37087848608687], [35.92253786228705, 31.577364989049713], [35.22, 31.78]]}}, {"type": "Feature", "properties": {"country_a": "BHR", "country_b": "JOR", "distance_km": 1559.8}, "geometry": {"type": "LineString", "coordinates": [[50.59, 26.23], [49.9860310727874, 26.5105106819751], [49.37913452822352, 26.788441319419103], [48.76928801258581, 27.06374827488556], [48.15647029502117, 27.33638766824935], [47.540661313971775, 27.60631538718765], [46.92184222432984, 27.873487098448486], [46.29999544526073, 28.137858259926134], [45.675104708627785, 28.39938413356185], [45.04715510794708, 28.658019799087267], [44.416133147792834, 28.913720168627282], [43.782026793569564, 29.16644000217772], [43.144825521559184, 29.416133923972065], [42.50452036914592, 29.662756439750208], [41.861103985114795, 29.906261954940458], [41.21457067991296, 30.146604793764595], [40.56491647575673, 30.383739219274], [39.91213915646073, 30.61761945432268], [39.25623831685861, 30.848199703481374], [38.59721541167912, 31.075434175894184], [37.935073803734795, 31.299277109077227], [37.26981881127421, 31.51968279365626], [36.60145775434398, 31.736605599037], [35.93, 31.95]]}}, {"type": "Feature", "properties": {"country_a": "BHR", "country_b": "KWT", "distance_km": 433.0}, "geometry": {"type": "LineString", "coordinates": [[50.59, 26.23], [50.47999434640913, 26.367974815351385], [50.36972724587883, 26.5058622733329], [50.2591966527824, 26.643661653860125], [50.14840051037638, 26.781372232061198], [50.03733675072179, 26.91899327822828], [49.92600329460534, 27.05652405776863], [49.814398051460664, 27.1939638311552], [49.702518919289595, 27.33131185387685], [49.590363784583396, 27.468567376388137], [49.477930522244144, 27.605729644058567], [49.36521699550602, 27.742797897121623], [49.25222105585688, 27.879771370623107], [49.13894054295968, 28.01664929436923], [49.02537328457423, 28.153430892874148], [48.91151709647889, 28.29011538530709], [48.79736978239251, 28.42670198543903], [48.68292913389647, 28.563189901588906], [48.56819293035694, 28.69957833656935], [48.45315893884728, 28.835866487632003], [48.337824914070666, 28.97205354641234], [48.222188598282955, 29.108138698874043], [48.10624772121579, 29.24412112525285], [47.99, 29.38]]}}, {"type": "Feature", "properties": {"country_a": "BHR", "country_b": "LBN", "distance_km": 1681.9}, "geometry": {"type": "LineString", "coordinates": [[50.59, 26.23], [49.98068344560777, 26.596908732676994], [49.36748216599383, 26.96117398448855], [48.75033790549262, 27.322737148575026], [48.12919324083513, 27.681538890678137], [47.503991657201055, 28.037519149100085], [46.87467762777075, 28.390617135822552], [46.241196696814896, 28.74077133885552], [45.603495566351036, 29.0879195258877], [44.961522186384975, 29.431998749312324], [44.31522584874362, 29.772945352703644], [43.66455728449261, 30.110694978820995], [43.009468764918374, 30.44518257921838], [42.34991420603849, 30.776342425538935], [41.685849276587525, 31.104108122574132], [41.01723150940789, 31.428412623167965], [40.34402041615513, 31.749188245046902], [39.66617760520703, 32.06636668965585], [38.9836669026434, 32.37987906307973], [38.29645447613992, 32.68965589912951], [37.60450896159492, 32.99562718466972], [36.90780159228145, 33.297722387262496], [36.206306330290225, 33.595870485200805], [35.5, 33.89]]}}, {"type": "Feature", "properties": {"country_a": "BHR", "country_b": "LBY", "distance_km": 3679.0}, "geometry": {"type": "LineString", "coordinates": [[50.59, 26.23], [49.0850413187245, 26.73009348344345], [47.56708056463831, 27.214049285829535], [46.03617436800853, 27.681389591602517], [44.49242160619027, 28.131640736886375], [42.9359650239671, 28.56433452646589], [41.36699267974341, 28.979009630306006], [39.78573918411413, 29.37521305361339], [38.19248669698011, 29.75250167290932], [36.587565649697126, 30.110443829007647], [34.97135515982514, 30.448620966208235], [33.34428310795386, 30.766629305463134], [31.706825848867723, 31.064081537790862], [30.05950753300554, 31.340608522850133], [28.402899018762792, 31.59586097638366], [26.737616361639194, 31.829511129253223], [25.064318872479703, 32.04125434005458], [23.38370674398066, 32.230810642865826], [21.696518252089604, 32.39792621158292], [20.003526546735323, 32.542374722557156], [18.30553605427555, 32.66395859789178], [16.6033785219129, 32.762510112783595], [14.897908741861208, 32.837892351705705], [13.19, 32.89]]}}, {"type": "Feature", "properties": {"country_a": "BHR", "country_b": "LKA", "distance_km": 3765.4}, "geometry": {"type": "LineString", "coordinates": [[50.59, 26.23], [52.00950683324257, 25.498973267162334], [53.41177728880036, 24.754298962072323], [54.797288455408534, 23.9965836009299], [56.16654110095745, 23.226421208215253], [57.520056492797906, 22.444393156959517], [58.85837348124776, 21.65106811556864], [60.18204584180157, 20.847002089746905], [61.491639868803176, 20.032738548732585], [62.78773221120451, 19.208808625782115], [64.0709079394267, 18.37573138359706], [65.341758831195, 17.534014136158135], [66.60088186346567, 16.684152819198555], [67.84887789714017, 15.82663240229892], [69.08635054110943, 14.961927336310746], [70.31390518223769, 14.090502030505844], [71.53214816813404, 13.212811354500275], [72.7416861299293, 12.329301160610237], [73.94312543274198, 11.440408822862027], [75.13707174204856, 10.546563789397261], [76.32412969474512, 9.64818814548934], [77.50490266427803, 8.745697184817557], [78.67999260981411, 7.839499987033327], [79.85, 6.93]]}}, {"type": "Feature", "properties": {"country_a": "BHR", "country_b": "MAR", "distance_km": 5529.5}, "geometry": {"type": "LineString", "coordinates": [[50.59, 26.23], [48.367580389136606, 27.078906608940247], [46.112138037426355, 27.892065207988715], [43.82353038682925, 28.66768544710648], [41.50184374492707, 29.403981728040307], [39.147411702678276, 30.09918375533528], [36.76083185318703, 30.75154835995681], [34.342980057009115, 31.359372512492115], [31.89502145761854, 31.921007390935046], [29.418417442678624, 32.43487331214262], [26.914927780997825, 32.89947527875341], [24.386607248109694, 33.31341883795302], [21.835796189034113, 33.67542589880099], [19.265104654692312, 33.984350115054], [16.67738998353194, 34.23919141465084], [14.075727971748137, 34.43910924891629], [11.46337806856571, 34.58343414683012], [8.843743327764273, 34.67167719377689], [6.220326120933983, 34.70353710976414], [3.5966808496129303, 34.678904677067514], [0.9763650626070657, 34.59786435775694], [-1.637109523655944, 34.46069304222295], [-4.2403245982847935, 34.26785597428698], [-6.83, 34.02]]}}, {"type": "Feature", "properties": {"country_a": "BHR", "country_b": "MDV", "distance_km": 3453.6}, "geometry": {"type": "LineString", "coordinates": [[50.59, 26.23], [51.714154754708375, 25.33489017483531], [52.82181366472116, 24.431219175357068], [53.91372985431426, 23.519445877950773], [54.99064669814695, 22.60001275494451], [56.05329704218573, 21.673346676045878], [57.10240264161992, 20.739859708322005], [58.13867379001123, 19.799949910304022], [59.16280911628573, 18.854002116681162], [60.1754955284484, 17.902388710821757], [61.17740828505281, 16.94547038303004], [62.16921117747488, 15.983596873028437], [63.15155680791291, 15.017107695654733], [64.12508694976077, 14.046332849191524], [65.0904329785785, 13.071593506109936], [66.04821636331852, 12.093202686318548], [66.99904920876003, 11.111465913269612], [67.94353484126799, 10.126681853493293], [68.88226843103092, 9.13914294031368], [69.81583764485545, 8.149135982652119], [70.74482332440914, 7.1569427599488], [71.66980018551756, 6.162840604336641], [72.59133753474202, 5.167102971285155], [73.51, 4.17]]}}, {"type": "Feature", "properties": {"country_a": "BHR", "country_b": "NPL", "distance_km": 3440.5}, "geometry": {"type": "LineString", "coordinates": [[50.59, 26.23], [52.06396804747555, 26.47384718759686], [53.54396762783001, 26.702411243271595], [55.02968501414971, 26.915479406727627], [56.520785852111494, 27.11285094909708], [58.016916012843595, 27.294337831178584], [59.51770258204389, 27.45976533645102], [61.02275498282707, 27.60897267356476], [62.53166622806852, 27.74181354310077], [64.04401429629095, 27.858156663552055], [65.55936362343559, 27.957886251721185], [67.07726670120866, 28.040902453042246], [68.59726577113251, 28.107121717722038], [70.11889460199464, 28.15647711904996], [71.6416803371105, 28.18891861074232], [73.16514539673057, 28.204413220757313], [74.68880942005129, 28.20294517963228], [76.21219123066024, 28.184515982044864], [77.73481080886992, 28.149144380973063], [79.256191254284, 28.096866314513328], [80.77586072209664, 28.02773476609979], [82.29335431704648, 27.941819559537137], [83.80821592961894, 27.839207090905045], [85.32, 27.72]]}}, {"type": "Feature", "properties": {"country_a": "BHR", "country_b": "OMN", "distance_km": 842.2}, "geometry": {"type": "LineString", "coordinates": [[50.59, 26.23], [50.93693087299399, 26.123984188292905], [51.28323362636155, 26.017133327766526], [51.62890748004765, 25.909452814370123], [51.97395175770513, 25.800948055038848], [52.318365885766525, 25.69162446699332], [52.662149392499636, 25.581487477049716], [53.005301907047674, 25.47054252094057], [53.34782315845493, 25.3587950426462], [53.68971297467868, 25.24625049373701], [54.03097128158823, 25.132914332726575], [54.37159810195173, 25.018792024435758], [54.711593554411905, 24.90388903936767], [55.050957852451006, 24.788210853093762], [55.38969130334614, 24.67176294565093], [55.72779430711558, 24.554550800949702], [56.06526735545672, 24.43657990619359], [56.40211103067658, 24.317855751309505], [56.7383260046154, 24.19838382838939], [57.073913037564175, 24.078169631142934], [57.40887297717664, 23.957218654361526], [57.74320675737663, 23.835536393393237], [58.07691539726114, 23.713128343629016], [58.41, 23.59]]}}, {"type": "Feature", "properties": {"country_a": "BHR", "country_b": "PAK", "distance_km": 2313.9}, "geometry": {"type": "LineString", "coordinates": [[50.59, 26.23], [51.49596979531907, 26.628999838462363], [52.40820781041519, 27.022167040758642], [53.32677048273615, 27.40936168900131], [54.251708331533514, 27.790443016044453], [55.18306564005372, 28.165269497679095], [56.120880133955545, 28.53369895316007], [57.06518265718691, 28.895588654264866], [58.01599684668294, 29.250795443056923], [58.97333880737654, 29.5991758584942], [59.93721678914405, 29.940586271987584], [60.90763086743747, 30.274883031973953], [61.884572629480566, 30.60192261752342], [62.86802486802877, 30.921561800952038], [63.857961284807274, 31.233657819357617], [64.8543462058481, 31.538068554939077], [65.85713431104223, 31.834652723898593], [66.86627038030547, 32.123270073660635], [67.88168905882196, 32.40378158807364], [68.90331464387867, 32.67604970018897], [69.93106089583091, 32.93993851213784], [70.96483087574404, 33.19531402155168], [72.00451681223635, 33.44204435389465], [73.05, 33.68]]}}, {"type": "Feature", "properties": {"country_a": "BHR", "country_b": "PSE", "distance_km": 1623.0}, "geometry": {"type": "LineString", "coordinates": [[50.59, 26.23], [49.955792618841414, 26.511581222790863], [49.31850054744433, 26.79031850886786], [48.67810296374223, 27.06616360709793], [48.03458042677088, 27.339068041841536], [47.38791493039194, 27.608983127409502], [46.73808995761978, 27.875859983492525], [46.0850905354606, 28.13964955158262], [45.42890329016548, 28.400302612404825], [44.76951650279099, 28.657769804375686], [44.10692016495413, 28.912001643103697], [43.441106034659896, 29.162948541944676], [42.772067692072255, 29.410560833623475], [42.09980059509183, 29.654788792930933], [41.42430213459527, 29.895582660502917], [40.745571689184175, 30.13289266768535], [40.06361067928359, 30.36666906248707], [39.3784226204233, 30.596862136618693], [38.69001317552726, 30.823422253613337], [37.998390206030855, 31.04629987802122], [37.303563821638306, 31.26544560566713], [36.605546428527596, 31.4808101949559], [35.90435277580413, 31.692344599207633], [35.2, 31.9]]}}, {"type": "Feature", "properties": {"country_a": "BHR", "country_b": "QAT", "distance_km": 140.5}, "geometry": {"type": "LineString", "coordinates": [[50.59, 26.23], [50.63117979269267, 26.18926027785784], [50.67233094455984, 26.14850854828106], [50.71345351858919, 26.107744840612213], [50.75454757769434, 26.06696918413965], [50.79561318471493, 26.02618160809758], [50.83665040241658, 25.985382141666314], [50.87765929349102, 25.94457081397234], [50.918639920556075, 25.903747654088484], [50.95959234615573, 25.862912691034047], [51.0005166327602, 25.822065953774967], [51.041412842765936, 25.78120747122393], [51.08228103849571, 25.74033727224051], [51.12312128219862, 25.699455385631367], [51.16393363605019, 25.6585618401503], [51.20471816215238, 25.617656664498455], [51.24547492253368, 25.576739887324436], [51.28620397914911, 25.535811537224454], [51.32690539388031, 25.494871642742456], [51.36757922853559, 25.453920232370276], [51.40822554484998, 25.41295733454776], [51.44884440448527, 25.37198297766293], [51.48943586903011, 25.33099719005209], [51.53, 25.29]]}}, {"type": "Feature", "properties": {"country_a": "BHR", "country_b": "SAU", "distance_km": 427.7}, "geometry": {"type": "LineString", "coordinates": [[50.59, 26.23], [50.417948401873495, 26.166116952454498], [50.246084490085636, 26.10202796943202], [50.07440812970428, 26.03773384936631], [49.90291917895347, 25.973235390513402], [49.73161748926334, 25.908533390930526], [49.56050290531996, 25.843628648455333], [49.38957526511523, 25.778521960685335], [49.218834399996894, 25.713214124957585], [49.048280134718446, 25.647705938328645], [48.877912287489174, 25.581998197554785], [48.70773067002415, 25.516091699072444], [48.537735087594164, 25.449987238978895], [48.36792533907585, 25.383685613013252], [48.19830121700155, 25.317187616537627], [48.02886250760934, 25.250494044518614], [47.85960899089295, 25.183605691508955], [47.69054044065168, 25.116523351629517], [47.52165662454026, 25.049247818551443], [47.35295730411869, 24.981779885478613], [47.18444223490197, 24.914120345130335], [47.01611116640986, 24.84626998972424], [46.84796384221651, 24.77822961095945], [46.68, 24.71]]}}, {"type": "Feature", "properties": {"country_a": "BHR", "country_b": "SDN", "distance_km": 2215.5}, "geometry": {"type": "LineString", "coordinates": [[50.59, 26.23], [49.745839959965785, 25.81262114890021], [48.907610075760815, 25.39035062264511], [48.07522477164082, 24.963312407683453], [47.24859505811004, 24.53162915511848], [46.42762877358922, 24.09542215392281], [45.612230816230564, 23.6548113092936], [44.80230336577, 23.209915125867276], [43.99774609536619, 22.760850695518055], [43.198456373428925, 22.30773368947015], [42.40432945548762, 21.85067835446055], [41.61525866619266, 21.38979751269664], [40.831135571580106, 20.925202565361555], [40.05185014176297, 20.457003499428758], [39.27729090424037, 19.985308897556653], [38.50734508804019, 19.510225950843658], [37.74189875893143, 19.03186047423387], [36.98083694595894, 18.550316924373426], [36.22404375956746, 18.065698419727514], [35.47140250159215, 17.57810676277794], [34.722795767401344, 17.087642464131076], [33.978105540483035, 16.59440476837557], [33.23721327976987, 16.09849168153874], [32.5, 15.6]]}}, {"type": "Feature", "properties": {"country_a": "BHR", "country_b": "SOM", "distance_km": 2735.1}, "geometry": {"type": "LineString", "coordinates": [[50.59, 26.23], [50.330615724869155, 25.18261102066095], [50.075630079169215, 24.134626778496973], [49.824768331673695, 23.086079750636635], [49.57776957308116, 22.03700119923326], [49.33438558071347, 20.987421283263433], [49.094379774052754, 19.93736916032977], [48.85752625179282, 18.886873079491195], [48.623608902063594, 17.835960466034567], [48.39242057835052, 16.784657999006196], [48.16376233438852, 15.732991682238065], [47.93744271197643, 14.680986909530521], [47.713277076243045, 13.628668524589324], [47.49108699341089, 12.576060876258595], [47.27069964655591, 11.52318786954256], [47.05194728525845, 10.470073012865615], [46.834666705388926, 9.416739461983006], [46.61869875557636, 8.363210060921535], [46.40388786717328, 7.309507380301385], [46.19008160476137, 6.25565375336533], [45.977130234440914, 5.201671310020527], [45.76488630731788, 4.147582009179978], [45.55320425574579, 3.093407669675299], [45.34194, 2.03917]]}}, {"type": "Feature", "properties": {"country_a": "BHR", "country_b": "SSD", "distance_km": 3113.3}, "geometry": {"type": "LineString", "coordinates": [[50.59, 26.23], [49.6593949048257, 25.345089150083965], [48.74227814458878, 24.454276835718968], [47.838008604400514, 23.55787409039444], [46.94596012867922, 22.65618029394478], [46.065521302871446, 21.749483832102893], [45.19609515251694, 20.838062734771846], [44.3370987726619, 19.92218529268226], [43.487962898994596, 19.002110652394542], [42.64813143060565, 18.07808938984716], [41.817060912953245, 17.15036406285177], [40.99421998842951, 16.219169743098483], [40.17908882086984, 15.284734528366364], [39.371158499408814, 14.347280035738954], [38.56993042625681, 13.40702187670773], [37.77491569223831, 12.464170115110019], [36.98563444328782, 11.51892970889674], [36.201615240533684, 10.571500936761119], [35.42239441610484, 9.622079810684781], [34.647515426364336, 8.670858475475042], [33.87652820389849, 7.71802559637746], [33.10898850926651, 6.7637667358534], [32.34445728323715, 5.8082647206138835], [31.5825, 4.8517]]}}, {"type": "Feature", "properties": {"country_a": "BHR", "country_b": "SYR", "distance_km": 1597.6}, "geometry": {"type": "LineString", "coordinates": [[50.59, 26.23], [50.01010855024244, 26.57691501661108], [49.42672456464225, 26.921438000796645], [48.83979878339902, 27.26351881251326], [48.24928263845551, 27.603106727904578], [47.65512831209039, 27.940150439545306], [47.057288798034676, 28.27459805753704], [46.45571796513618, 28.60639711150401], [45.85037062358992, 28.935494553537943], [45.241202593745456, 29.261836762142586], [44.6281707774946, 29.58536954722933], [44.0112332322342, 29.90603815621643], [43.39034924739012, 30.223787281284924], [42.765479423478126, 30.538561067845453], [42.13658575366685, 30.85030312427023], [41.50363170779674, 31.158956532944927], [40.86658231879609, 31.464463862695574], [40.22540427142249, 31.76676718264506], [39.580065993244006, 32.0658080775539], [38.930537747759146, 32.36152766469924], [38.276791729539795, 32.6538666123448], [37.618802161264156, 32.94276515985422], [36.956545392489915, 33.228163139497546], [36.29, 33.51]]}}, {"type": "Feature", "properties": {"country_a": "BHR", "country_b": "TUN", "distance_km": 3980.7}, "geometry": {"type": "LineString", "coordinates": [[50.59, 26.23], [49.0404930526732, 26.936562460750235], [47.47179020070847, 27.625830657371022], [45.883576002486386, 28.297072785870473], [44.275589215444626, 28.9495486534728], [42.64762802012409, 29.58251117986892], [40.99955533828051, 30.195208136355326], [39.3313041781502, 30.78688413171348], [37.64288292856125, 31.356782850866335], [35.934380512273314, 31.904149548893823], [34.20597129814428, 32.42823379888066], [32.457919661973975, 32.92829248731885], [30.690584077741047, 33.40359304543308], [28.904420615053375, 33.85341689891352], [27.09998571562139, 34.2770631122404], [25.277938122065976, 34.67385219721775], [23.43903983696272, 35.04313004869418], [21.584155999169102, 35.38427196396099], [19.714253578493967, 35.696686696245514], [17.83039880875286, 35.97982048733616], [15.933753303068059, 36.23316101997685], [14.025568823492257, 36.45624122753196], [12.107180708940895, 36.64864289680425], [10.18, 36.81]]}}, {"type": "Feature", "properties": {"country_a": "BHR", "country_b": "TUR", "distance_km": 2239.2}, "geometry": {"type": "LineString", "coordinates": [[50.59, 26.23], [49.923813820725805, 26.872749027781882], [49.25007028662176, 27.512264397006803], [48.56850979406765, 28.1484203155665], [47.87886819138648, 28.781087186801923], [47.18087680462899, 29.410131458319366], [46.47426248698555, 30.03541546817216], [45.758747694505914, 30.656797288702574], [45.03405059102899, 31.274130568399357], [44.299885185457, 31.88726437219386], [43.555961504746314, 32.496043020692724], [42.80198580623306, 33.10030592892823], [42.03766083315983, 33.69988744529882], [41.26268611751902, 34.294616691472214], [40.476758334574896, 34.88431740413407], [39.67957171366521, 35.4688077795836], [38.87081851010926, 36.04790032230793], [38.050189543256366, 36.621401698806], [37.21737480588908, 37.18911259808285], [36.37206415034014, 37.75082760039546], [35.513948056781935, 38.306335056000215], [34.642718489189875, 38.855416975831176], [33.75806984445373, 39.397848936224854], [32.8597, 39.9334]]}}, {"type": "Feature", "properties": {"country_a": "BHR", "country_b": "YEM", "distance_km": 1373.9}, "geometry": {"type": "LineString", "coordinates": [[50.59, 26.23], [50.290497065116305, 25.763657085201725], [49.99332693311455, 25.296672845798692], [49.69842657705081, 24.82906484282044], [49.40573423634874, 24.36085025579329], [49.11518937783315, 23.892045896470428], [48.82673265766419, 23.42266822210369], [48.540305884156055, 22.952733348274876], [48.25585198146291, 22.482257061303425], [47.97331495411417, 22.011254830247065], [47.69263985238058, 21.53974181851126], [47.413772738451755, 21.06773289508284], [47.136660653405876, 20.59524264540261], [46.86125158495135, 20.1222853818914], [46.58749443592039, 19.6488751541432], [46.31533899349423, 19.175025758799016], [46.044735899139205, 18.700750749114142], [45.775636619233495, 18.226063444231425], [45.50799341636377, 17.750976938172617], [45.24175932127129, 17.2755041085594], [44.976888105427065, 16.79965762507538], [44.713334254215646, 16.32344995767988], [44.45105294070752, 15.846893384584137], [44.19, 15.37]]}}, {"type": "Feature", "properties": {"country_a": "BTN", "country_b": "DZA", "distance_km": 7958.6}, "geometry": {"type": "LineString", "coordinates": [[89.64, 27.47], [86.6400621334378, 29.112825400022956], [83.54537893943437, 30.686029331271], [80.35123842470105, 32.18276624624326], [77.05389405452068, 33.59588849334431], [73.6508417143735, 34.91799908855561], [70.1411199445475, 36.14152960141328], [66.52561780467889, 37.25884608810187], [62.80736760518344, 38.262384519004], [58.99179291501024, 39.14481483948091], [55.08687727845447, 39.89922969772041], [51.103217865003764, 40.51935019890098], [47.05393268347682, 40.9997372700855], [42.95440113510602, 41.33599403587639], [38.82183523531974, 41.52494280869744], [34.67470057437363, 41.56476058955142], [30.532028027100516, 41.4550597121992], [26.412674520297095, 41.19690526774468], [22.33459958583225, 40.79276746373092], [18.314221795423677, 40.2464139320378], [14.36590617573286, 39.56275293568362], [10.501613631610638, 38.74764242861961], [6.7307209784100195, 37.80768150264203], [3.06, 36.75]]}}, {"type": "Feature", "properties": {"country_a": "BTN", "country_b": "EGY", "distance_km": 5648.2}, "geometry": {"type": "LineString", "coordinates": [[89.64, 27.47], [87.25829262199127, 28.122016004797146], [84.84853514699242, 28.732112181519618], [82.4116415767443, 29.29872777292953], [79.94877726831469, 29.82036331564063], [77.46136139116047, 30.295593725007386], [74.95106520450697, 30.72308169891058], [72.41980571426674, 31.10159117264335], [69.8697343936418, 31.43000052495715], [67.30322081034683, 31.70731521244613], [64.72283119025518, 31.932679498491847], [62.13130215309189, 32.10538694610627], [59.5315100685673, 32.22488936255445], [56.92643668701578, 32.29080391793146], [54.31913188233365, 32.302918209055356], [51.712674492652695, 32.26119310204844], [49.110132343834366, 32.165763258640816], [46.514522584245526, 32.016935328501184], [43.92877344271416, 31.81518386822497], [41.3556884464662, 31.56114512233484], [38.79791400851028, 31.255608868453404], [36.257911124792685, 30.899508584090313], [33.73793172381324, 30.493910233659456], [31.24, 30.04]]}}, {"type": "Feature", "properties": {"country_a": "BTN", "country_b": "IND", "distance_km": 1228.1}, "geometry": {"type": "LineString", "coordinates": [[89.64, 27.47], [89.10577655009038, 27.542770812321244], [88.57085862610654, 27.613485129672846], [88.03526327306733, 27.682134182788985], [87.49900786382747, 27.748709425305776], [86.96211009256962, 27.813202537599473], [86.42458796799471, 27.87560543055513], [85.8864598062138, 27.935910249261575], [85.34774422334463, 27.994109376628334], [84.80846012781765, 28.05019543692045], [84.26862671239581, 28.104161299207036], [83.72826344591334, 28.156000080719526], [83.18739006473942, 28.205705150115566], [82.64602656397278, 28.253270130644726], [82.10419318837387, 28.298688903212184], [81.5619104230421, 28.341955609336537], [81.01919898384537, 28.383064653998268], [80.4760798076106, 28.422010708375225], [79.93257404208333, 28.458788712461736], [79.38870303566581, 28.493393877568064], [78.84448832694302, 28.525821688697057], [78.29995163400638, 28.55606790679492], [77.7551148435857, 28.58412857087332], [77.21, 28.61]]}}, {"type": "Feature", "properties": {"country_a": "BTN", "country_b": "IRN", "distance_km": 3718.4}, "geometry": {"type": "LineString", "coordinates": [[89.64, 27.47], [88.13649169664203, 28.052743054139302], [86.61691878781791, 28.61880127508886], [85.08121203046814, 29.16759922651375], [83.52935176550932, 29.698560877845193], [81.96137100749523, 30.21111109345197], [80.37735841963298, 30.704677263140596], [78.7774611220265, 31.178691071629235], [77.16188727714957, 31.63259040232604], [75.53090839346302, 32.06582136819755], [73.8848612860106, 32.47784045977346], [72.22414963199061, 32.86811679744551], [70.54924505992105, 33.23613447224237], [68.86068771329812, 33.581394956272746], [67.15908623374844, 33.90341956111076], [65.44511711470571, 34.2017519196461], [63.71952338464558, 34.475960464440156], [61.983112588850624, 34.72564087352299], [60.23675405042699, 34.9504184529406], [58.481375404633766, 35.1499504243136], [56.71795841519959, 35.32392808528531], [54.94753409678408, 35.47207881108651], [53.1711771836096, 35.59416786657105], [51.39, 35.69]]}}, {"type": "Feature", "properties": {"country_a": "BTN", "country_b": "ISR", "distance_km": 5238.0}, "geometry": {"type": "LineString", "coordinates": [[89.64, 27.47], [87.44902366323305, 28.123763739222937], [85.2320362503728, 28.7420384961468], [82.98958076157274, 29.32348502883972], [80.72239408256229, 29.866799593443464], [78.43141227800307, 30.370723157810588], [76.11777339770508, 30.83405104118098], [73.78281742438874, 31.255642836146468], [71.42808304013616, 31.634432443922925], [69.05530095917226, 31.969438031870215], [66.66638366645456, 32.259771704904054], [64.26341151230359, 32.504648671506956], [61.84861523872222, 32.70339568184785], [59.424355147162686, 32.855458521097894], [56.99309725292866, 32.960408355940416], [54.55738689988153, 33.0179467564891], [52.119820422188674, 33.02790924868157], [49.68301552962225, 32.99026729239677], [47.24958115286673, 32.90512862617576], [44.82208751095303, 32.77273596818511], [42.40303715236005, 32.593464112375926], [39.994837675318216, 32.36781550603281], [37.59977675486664, 32.09641443762676], [35.22, 31.78]]}}, {"type": "Feature", "properties": {"country_a": "BTN", "country_b": "JOR", "distance_km": 5168.6}, "geometry": {"type": "LineString", "coordinates": [[89.64, 27.47], [87.4793919184793, 28.1185660870555], [85.29332963546611, 28.73262671913982], [83.08231992199018, 29.310888781166717], [80.84705368501805, 29.85209201470917], [78.58841119635508, 30.355017636537898], [76.307465049594, 30.818497367475437], [74.00548049939007, 31.241422742506376], [71.68391287879143, 31.622754549906624], [69.34440185157392, 31.961532226605613], [66.98876233711306, 32.256883020519766], [64.61897204336023, 32.50803071960795], [62.23715565547511, 32.714303743161906], [59.84556584855642, 32.875142394339356], [57.446561416369555, 32.99010508475901], [55.04258292676698, 33.05887336218978], [52.636126421101935, 33.08125560051468], [50.22971576216499, 33.05718924619378], [47.825874296891406, 32.98674155583894], [45.427096531818485, 32.870108803269325], [43.03582051868003, 32.70761397929928], [40.65440161464983, 32.499703051182465], [38.28508821901338, 32.24693988886258], [35.93, 31.95]]}}, {"type": "Feature", "properties": {"country_a": "BTN", "country_b": "KWT", "distance_km": 4064.5}, "geometry": {"type": "LineString", "coordinates": [[89.64, 27.47], [87.89298813213104, 27.820565193701658], [86.13507810696107, 28.148872364556908], [84.36678702807012, 28.454478396287328], [82.58868532377434, 28.736963334116965], [80.80139521510706, 28.995932411765057], [79.00558867540458, 29.23101803153121], [77.20198487662758, 29.44188167393475], [75.39134712665562, 29.62821571304345], [73.57447931145735, 29.78974511377738], [71.75222186599763, 29.926228988135325], [69.92544730769688, 30.037461988477567], [68.09505537589017, 30.123275517708592], [66.26196782971317, 30.183538738416345], [64.42712296485362, 30.218159365699712], [62.59146991634982, 30.22708423149695], [60.75596281984015, 30.210299611637627], [58.92155490716252, 30.16783131049284], [57.08919261383556, 30.099744501892484], [55.25980977565725, 30.006143328809763], [53.43432198944409, 29.887170268074513], [51.6136212088929, 29.743005269965483], [49.79857064083596, 29.57386468584952], [47.99, 29.38]]}}, {"type": "Feature", "properties": {"country_a": "BTN", "country_b": "LKA", "distance_km": 2497.5}, "geometry": {"type": "LineString", "coordinates": [[89.64, 27.47], [89.1578023728807, 26.59026635024878], [88.68292858712189, 25.708815491392638], [88.21500683126774, 24.825733759922056], [87.75368031747846, 23.94110393944584], [87.29860634846713, 23.055005506346397], [86.84945543577358, 22.16751485906168], [86.40591046612928, 21.278705532282633], [85.96766591280584, 20.388648397255928], [85.53442708898056, 19.49741184929093], [85.10590944029306, 18.605061983486735], [84.68183787390606, 17.71166275961877], [84.26194612151791, 16.817276157054874], [83.84597613390567, 15.92196232050721], [83.43367750470169, 15.025779697367813], [83.02480692122668, 14.128785167323333], [82.61912764031337, 13.23103416489553], [82.2164089871622, 12.33258079551093], [81.81642587536848, 11.433477945662752], [81.4189583463531, 10.533777387692481], [81.02379112651448, 9.633529879685769], [80.630713200498, 8.73278526094806], [80.23951739905131, 7.831592543498822], [79.85, 6.93]]}}, {"type": "Feature", "properties": {"country_a": "BTN", "country_b": "MAR", "distance_km": 8902.5}, "geometry": {"type": "LineString", "coordinates": [[89.64, 27.47], [86.30633941315082, 29.34401984598866], [82.85139494716373, 31.131215968582325], [79.26811207121986, 32.821830556284496], [75.55097314398976, 34.4055952406934], [71.69651621214844, 35.871826672276576], [67.70390327312316, 37.20957509738927], [63.57549885462978, 38.407832733220886], [59.317400234310114, 39.455804389358136], [54.93984298150866, 40.34323590253944], [50.457395641890585, 41.060786815181444], [45.8888620716952, 41.600423474704876], [41.256834419405486, 41.95579942882453], [36.58688463906877, 42.122584323595476], [31.90644115940397, 42.09870298429351], [27.243456392909522, 41.88445425626921], [22.625013448165973, 41.482493719206985], [18.07603328456527, 40.897682616337114], [13.61822238757631, 40.1368230150721], [9.26935275994019, 39.20831229048364], [5.04290550303233, 38.12175604682925], [0.9480529556711872, 36.887577342994696], [-3.0100857374408463, 35.51665325110568], [-6.83, 34.02]]}}, {"type": "Feature", "properties": {"country_a": "BTN", "country_b": "MDV", "distance_km": 3095.6}, "geometry": {"type": "LineString", "coordinates": [[89.64, 27.47], [88.8380860077187, 26.490576948327938], [88.0496799881354, 25.50658988050409], [87.27404831237509, 24.518299438945373], [86.51048451359897, 23.525954567778296], [85.75830788326766, 22.52979333403816], [85.01686208225017, 21.530043700286395], [84.28551377330564, 20.526924251600423], [83.56365127982691, 19.52064487984191], [82.85068327436518, 18.511407428039483], [82.146037499314, 17.499406297635645], [81.44915952118421, 16.484829021252004], [80.75951151911997, 15.467856803524453], [80.07657110766368, 14.448665032454398], [79.39983019325261, 13.42742376361722], [78.72879386350286, 12.404298179464377], [78.06297930799171, 11.37944902585558], [77.40191476897225, 10.353033027860858], [76.74513852023372, 9.32520328678147], [76.09219787214697, 8.296109660253768], [75.4426482007976, 7.265899127221484], [74.79605199900436, 6.234716139490214], [74.15197794693857, 5.202702961513246], [73.51, 4.17]]}}, {"type": "Feature", "properties": {"country_a": "BTN", "country_b": "NPL", "distance_km": 427.4}, "geometry": {"type": "LineString", "coordinates": [[89.64, 27.47], [89.45261388607747, 27.483659405772567], [89.26518196053122, 27.497066485440133], [89.0777050412061, 27.5102210352393], [88.8901839486758, 27.523122855096723], [88.70261950619599, 27.53577174864043], [88.5150125396573, 27.548167523210946], [88.32736387753789, 27.560309989872284], [88.13967435085557, 27.572198963422636], [87.95194479311994, 27.583834262404938], [87.76417604028383, 27.59521570911722], [87.5763689306948, 27.606343129622783], [87.38852430504606, 27.617216353760117], [87.20064300632731, 27.62783521515267], [87.01272587977515, 27.63819955121836], [86.82477377282325, 27.64830920317899], [86.63678753505238, 27.65816401606928], [86.4487680181399, 27.66776383874588], [86.2607160758093, 27.677108523896027], [86.07263256377922, 27.68619792804608], [85.88451833971241, 27.69503191156981], [85.69637426316433, 27.703610338696468], [85.50820119553156, 27.711933077518662], [85.32, 27.72]]}}, {"type": "Feature", "properties": {"country_a": "BTN", "country_b": "OMN", "distance_km": 3160.0}, "geometry": {"type": "LineString", "coordinates": [[89.64, 27.47], [88.25032818461634, 27.447268919718695], [86.8613993870427, 27.410684572676498], [85.473557872067, 27.36027744423254], [84.08714426736475, 27.29608943682307], [82.70249444418035, 27.21817373945132], [81.31993843001763, 27.126594663190577], [79.9397993602781, 27.021427444028603], [78.5623924752943, 26.902758014627494], [77.18802416864344, 26.770682746797366], [75.81699109200088, 26.625308166681698], [74.44957932112015, 26.466750644824593], [73.08606358681457, 26.295136063434576], [71.7267065740807, 26.11059946327402], [70.37175829175825, 25.91328467268797], [69.02145551437553, 25.703343921341027], [67.67602129709721, 25.480937441256206], [66.33566456398316, 25.246233057747197], [65.00057976909163, 24.999405772805908], [63.670946629327254, 24.74063734345292], [62.346929927349606, 24.470115857481638], [61.0286793823297, 24.18803530892982], [59.7163295858706, 23.894595175497432], [58.41, 23.59]]}}, {"type": "Feature", "properties": {"country_a": "BTN", "country_b": "PAK", "distance_km": 1731.1}, "geometry": {"type": "LineString", "coordinates": [[89.64, 27.47], [88.96252234606335, 27.781820648099607], [88.28119006374038, 28.090287632296896], [87.59597319318183, 28.395338361580283], [86.90684371290264, 28.696909855798488], [86.213775629218, 28.994938766922093], [85.51674506707973, 29.28936140200893], [84.81573036214672, 29.580113747916823], [84.11071215390741, 29.86713149780478], [83.4016734796548, 30.150350079460864], [82.68859986909682, 30.42970468549177], [81.97147943936757, 30.705130305405653], [81.25030299018657, 30.976561759615375], [80.52506409889511, 31.243933735385305], [79.7957592150809, 31.507180824739557], [79.06238775448382, 31.766237564344298], [78.32495219185853, 32.02103847737094], [77.58345815245164, 32.271518117340825], [76.83791450173516, 32.51761111394519], [76.08833343302152, 32.75925222082699], [75.33473055257068, 32.99637636530367], [74.57712496178587, 33.22891870000193], [73.8155393360821, 33.456814656366966], [73.05, 33.68]]}}, {"type": "Feature", "properties": {"country_a": "BTN", "country_b": "PSE", "distance_km": 5237.6}, "geometry": {"type": "LineString", "coordinates": [[89.64, 27.47], [87.45123096769184, 28.12934696330908], [85.2362400920965, 28.7532668742415], [82.99555005454489, 29.34041044986575], [80.72987822722666, 29.889462859105823], [78.44014234085806, 30.39915295859666], [76.12746368454549, 30.868262977019768], [73.79316745572568, 31.295638505705245], [71.43877992446912, 31.68019862734084], [69.0660221452991, 32.02094599167592], [66.67680004051012, 32.31697662881495], [64.27319078951618, 32.56748927868315], [61.85742558490878, 32.77179401096252], [59.43186895175266, 32.92931991434434], [56.998994964804, 33.039621647962264], [54.56136083041894, 33.10238467140365], [52.121578417259606, 33.11742900214157], [49.682284414323135, 33.084711389321754], [47.24610985945617, 33.00432583871939], [44.81564981153964, 32.87650247302223], [42.39343393265609, 32.701604761787095], [39.981898703307834, 32.48012520377112], [37.58336191741089, 32.21267958832691], [35.2, 31.9]]}}, {"type": "Feature", "properties": {"country_a": "BTN", "country_b": "QAT", "distance_km": 3796.1}, "geometry": {"type": "LineString", "coordinates": [[89.64, 27.47], [87.975149661745, 27.595802545823044], [86.30679718731336, 27.701595789862026], [84.63553100206681, 27.787251999822537], [82.96195364295635, 27.852667200745014], [81.28667892188292, 27.897761650176776], [79.61032897730708, 27.922480206015525], [77.93353124251179, 27.92679258261265], [76.25691536050536, 27.910693492038536], [74.58111007657256, 27.874202668791842], [72.90674013991222, 27.817364777651548], [71.23442324562467, 27.74024920579403], [69.56476704753783, 27.642949741696317], [67.89836627101053, 27.525584144691983], [66.2357999529669, 27.388293610309034], [64.57762883405309, 27.231242137674727], [62.92439292503605, 27.05461580629859], [61.2766092664651, 26.858621970424288], [59.634769897275106, 26.64348837986039], [57.99934004451637, 26.409462236750638], [56.37075654284025, 26.156809198123607], [54.74942648883713, 25.88581233426926], [53.135726131895574, 25.596771053032455], [51.53, 25.29]]}}, {"type": "Feature", "properties": {"country_a": "BTN", "country_b": "SAU", "distance_km": 4287.6}, "geometry": {"type": "LineString", "coordinates": [[89.64, 27.47], [87.7612594463266, 27.631606315419813], [85.8774298036115, 27.767693390709592], [83.9893522147337, 27.87805154664799], [82.09789404281855, 27.96250956758735], [80.20394371407443, 28.020935700803577], [78.3084052942861, 28.05323843482465], [76.41219286500376, 28.059367044818597], [74.51622477032231, 28.039311896595724], [72.62141780831877, 27.9931045044846], [70.72868144258055, 27.920817342176512], [68.83891210876119, 27.822563409493746], [66.95298768876233, 27.69849556181553], [65.07176222105251, 27.548805612489563], [63.196060909955285, 27.373723221870844], [61.32667548968665, 27.17351458957988], [59.46435999075962, 26.948480969091133], [57.60982694739617, 26.698957025798265], [55.7637440751062, 26.425309061223594], [53.92673143792134, 26.127933127031575], [52.09935911521127, 25.8072530529748], [50.28214536883269, 25.463718412868648], [48.47555530280831, 25.097802452192372], [46.68, 24.71]]}}, {"type": "Feature", "properties": {"country_a": "BTN", "country_b": "TUN", "distance_km": 7356.1}, "geometry": {"type": "LineString", "coordinates": [[89.64, 27.47], [86.8144095253096, 28.90599029168106], [83.91165028620115, 30.28079432126741], [80.92884572631621, 31.589182278012217], [77.86387210864372, 32.825760021569515], [74.71552390985714, 33.9850100012033], [71.48368589241849, 35.06134625594057], [68.16950287253883, 36.04918445584858], [64.77553535585915, 36.943027144268655], [61.30588673107954, 37.73756323496928], [57.76628615694579, 38.427779442401494], [54.16411127750434, 39.00907977866095], [50.50833701489823, 39.477407710882545], [46.80940123257777, 39.82936427291379], [43.078984919973806, 40.06231462894855], [39.329713060694864, 40.17447553174835], [35.574791320323456, 40.164976949912315], [31.827601604992452, 40.03389285517709], [28.101284892205868, 39.782238586382825], [24.40834143259609, 39.411935013375775], [20.76027610972696, 38.925742497435536], [17.167310907977935, 38.32716997815216], [13.638178253972981, 37.62036610234634], [10.18, 36.81]]}}, {"type": "Feature", "properties": {"country_a": "BTN", "country_b": "TUR", "distance_km": 5349.8}, "geometry": {"type": "LineString", "coordinates": [[89.64, 27.47], [87.5885087063001, 28.513841717729424], [85.4968474592743, 29.525948234067613], [83.36383993973548, 30.504342297805046], [81.18849838023728, 31.44699733283528], [78.97005531896433, 32.35184410793627], [76.70799704058223, 33.21677930983825], [74.40209801641373, 34.03967617138579], [72.05245544127067, 34.81839726814626], [69.65952274201238, 35.55080954219114], [67.22414071880718, 36.234801539912], [64.74756479413907, 36.86830276174995], [62.23148671067244, 37.449304917357715], [59.67804896314632, 37.97588476369599], [57.08985029694741, 38.44622808179942], [54.46994077815201, 38.858654228501074], [51.821805249495696, 39.21164059213193], [49.149334434274486, 39.503846197011946], [46.456783520161366, 39.734133651236924], [43.7487187146807, 39.90158862518329], [41.029952964901845, 40.00553609069419], [38.30547271516121, 40.04555264520191], [35.58035817268236, 40.021474388081884], [32.8597, 39.9334]]}}, {"type": "Feature", "properties": {"country_a": "DJI", "country_b": "DZA", "distance_km": 4879.1}, "geometry": {"type": "LineString", "coordinates": [[43.148, 11.5944], [41.69009261111259, 12.867619852697882], [40.21745108835312, 14.132530003839138], [38.72850987482049, 15.388189984594117], [37.221684061445494, 16.633629001891173], [35.69536970867038, 17.867842968606727], [34.14794485992246, 19.089791524501187], [32.577771365061736, 20.298395067450883], [30.983197645929344, 21.492531820972005], [29.362562550258808, 22.671034971536137], [27.714200453926924, 23.832689917821153], [26.036447783985547, 24.97623168388646], [24.327651145030405, 26.10034255932687], [22.58617723781164, 27.203650041704282], [20.810424759805134, 28.284725169859566], [18.998838470593466, 29.342081350830586], [17.149925587819315, 30.374173797669208], [15.262274649304569, 31.379399709895115], [13.334576930559702, 32.35609934187215], [11.36565044116622, 33.30255811601432], [9.354466435438589, 34.21700994612564], [7.30017826000865, 35.09764193978129], [5.202152222316251, 35.942600645645285], [3.06, 36.75]]}}, {"type": "Feature", "properties": {"country_a": "DJI", "country_b": "EGY", "distance_km": 2384.9}, "geometry": {"type": "LineString", "coordinates": [[43.148, 11.5944], [42.68124225883593, 12.411410471140272], [42.21156599734048, 13.227563566839942], [41.73875566407804, 14.042795859110562], [41.262591199081854, 14.857042551523095], [40.782847697619395, 15.67023736968986], [40.29929506352154, 16.48231244694138], [39.811697651422286, 17.293198204809045], [39.31981389725917, 18.102823227905134], [38.82339593639139, 18.911114132770543], [38.32218920870413, 19.71799543023811], [37.8159320500851, 20.523389380836004], [37.30435526968366, 21.327215842729927], [36.78718171239541, 22.129392111676918], [36.264125806058296, 22.92983275243531], [35.73489309290065, 23.72844942104655], [35.199179744850504, 24.5251506773743], [34.65667206240109, 25.319841787254973], [34.10704595683215, 26.112424513581963], [33.549966415714636, 26.902796895613058], [32.985086951780914, 27.69085301575783], [32.41204903542791, 28.47648275306909], [31.83048151134232, 29.259571522630242], [31.24, 30.04]]}}, {"type": "Feature", "properties": {"country_a": "DJI", "country_b": "ERI", "distance_km": 615.4}, "geometry": {"type": "LineString", "coordinates": [[43.148, 11.5944], [42.967688336649914, 11.758487340619281], [42.78716302441818, 11.922458721448168], [42.606420891194844, 12.086312346855603], [42.425458759282485, 12.25004641470224], [42.24427344535244, 12.413659116242613], [42.06286176040275, 12.577148636027134], [41.881220509717785, 12.740513151803793], [41.69934649282972, 12.903750834419688], [41.51723650348168, 13.066859847722332], [41.33488732959292, 13.229838348460673], [41.15229575322566, 13.392684486186], [40.96945855055411, 13.55539640315254], [40.78637249183527, 13.717972234217891], [40.60303434138192, 13.88041010674324], [40.419440857537545, 14.042708140493357], [40.235588792653516, 14.204864447536394], [40.05147489306836, 14.36687713214348], [39.86709589908927, 14.528744290688145], [39.68244854497593, 14.690464011545497], [39.497529558926594, 14.852034374991264], [39.31233566306665, 15.013453453100635], [39.12686357343949, 15.174719309646918], [38.94111, 15.33583]]}}, {"type": "Feature", "properties": {"country_a": "DJI", "country_b": "ETH", "distance_km": 558.4}, "geometry": {"type": "LineString", "coordinates": [[43.148, 11.5944], [42.95535921101752, 11.484464754876456], [42.76286767887073, 11.374401586114606], [42.57052399074523, 11.264211845956027], [42.37832673118563, 11.153896884377367], [42.18627448214665, 11.04345804910614], [41.99436582304355, 10.93289668563673], [41.80259933080179, 10.822214137246636], [41.610973579905995, 10.711411745012981], [41.419487142448126, 10.600490847829212], [41.228138588175, 10.489452782422072], [41.03692648453507, 10.378298883368752], [40.84584939672448, 10.267030483114318], [40.654905887732504, 10.15564891198931], [40.46409451838617, 10.044155498227564], [40.27341384739434, 9.932551567984262], [40.08286243139103, 9.820838445354173], [39.89243882497806, 9.709017452390102], [39.70214158076712, 9.597089909121529], [39.511969249421114, 9.485057133573445], [39.32192037969489, 9.372920441785396], [39.13199351847532, 9.260681147830693], [38.942187210820784, 9.148340563835818], [38.7525, 9.0359]]}}, {"type": "Feature", "properties": {"country_a": "DJI", "country_b": "IND", "distance_km": 4007.6}, "geometry": {"type": "LineString", "coordinates": [[43.148, 11.5944], [44.48972579618042, 12.452661519356056], [45.84026545547769, 13.304167298020557], [47.20022947770042, 14.148392246943684], [48.57022261224813, 14.984802540450032], [49.95084268402421, 15.812855198054482], [51.34267925881602, 16.63199770912011], [52.74631213719193, 17.441667706620795], [54.16230966647771, 18.241292696889605], [55.59122686114854, 19.030289852862932], [57.033603323055566, 19.808065878957304], [58.48996095434729, 20.574016956327423], [59.96080145779804, 21.327528777832104], [61.44660362157063, 22.067976682560204], [62.94782038826646, 22.794725900216143], [64.46487571150008, 23.507131916008138], [65.99816120721283, 24.20454096689046], [67.54803261153639, 24.886290680050134], [69.11480606224285, 25.5517108643625], [70.69875422665896, 26.200124465129623], [72.30010230534268, 26.830848691722284], [73.91902394774894, 27.44319632673063], [75.5556371234423, 28.036477223854614], [77.21, 28.61]]}}, {"type": "Feature", "properties": {"country_a": "DJI", "country_b": "IRN", "distance_km": 2795.3}, "geometry": {"type": "LineString", "coordinates": [[43.148, 11.5944], [43.45531558926512, 12.650597122734842], [43.76516824355111, 13.706353291206211], [44.07780035340362, 14.761627870521089], [44.39346208790156, 15.816379241625159], [44.71241219453101, 16.870564693931218], [45.03491884913147, 17.924140310040613], [45.36126056166657, 18.97706084163728], [45.69172714410962, 20.029279575543878], [46.02662074734189, 21.08074818882737], [46.36625697464648, 22.131416591724932], [46.710966080152545, 23.181232757029203], [47.06109426145396, 24.230142534421663], [47.41700505660515, 25.278089448072247], [47.77908085679857, 26.325014475629153], [48.14772454726863, 27.370855806501996], [48.523361290362665, 28.41554857708939], [48.906440466291386, 29.459024580315294], [49.297437788839645, 30.501211946510633], [49.696857615309675, 31.5420347923022], [50.10523547220923, 32.58141283374298], [50.52314082071758, 33.619260959427265], [50.951180088796775, 34.655488758771945], [51.39, 35.69]]}}, {"type": "Feature", "properties": {"country_a": "DJI", "country_b": "IRQ", "distance_km": 2408.1}, "geometry": {"type": "LineString", "coordinates": [[43.148, 11.5944], [43.19424354670944, 12.53975924325665], [43.24082559710734, 13.485044066266243], [43.28777536594599, 14.430249140949599], [43.33512292869773, 15.375369198343229], [43.38289930301582, 16.320399031730368], [43.43113653507692, 17.265333499554803], [43.479867791338904, 18.210167528099163], [43.529127456298475, 19.154896113908315], [43.57895123688967, 20.099514325937328], [43.62937627422888, 21.044017307402164], [43.680441263484724, 21.98840027730971], [43.73218658273332, 22.932658531642097], [43.784654431752564, 23.876787444167977], [43.83788898181463, 24.820782466851686], [43.89193653765524, 25.764639129828048], [43.9468457129343, 26.70835304090788], [44.0026676206566, 27.651919884575904], [44.05945608019735, 28.595335420438623], [44.117267842777466, 29.538595481075305], [44.17616283746293, 30.481695969240214], [44.236204440024395, 31.424632854357963], [44.29745976729375, 32.36740216824722], [44.36, 33.31]]}}, {"type": "Feature", "properties": {"country_a": "DJI", "country_b": "ISR", "distance_km": 2378.9}, "geometry": {"type": "LineString", "coordinates": [[43.148, 11.5944], [42.841544114063616, 12.479373571975763], [42.532999660422085, 13.363938818240277], [42.22219841374601, 14.248063626495144], [41.90896782026984, 15.131715198732657], [41.59313062536163, 16.014859989246343], [41.274504482934766, 16.89746363910023], [40.95290154499929, 17.779490906714532], [40.62812802953108, 18.66090559419906], [40.29998376470587, 19.541670469036777], [39.96826170740155, 20.421747180687216], [39.63274743371404, 21.3010961716441], [39.2932185990596, 22.179676582441328], [38.94944436524763, 23.05744615005782], [38.6011847917014, 23.93436109912287], [38.24819018777949, 24.810376025269488], [37.89020042290497, 25.685443769923715], [37.526944190942366, 26.559515285751267], [37.158138224971886, 27.432539491909587], [36.78348645829469, 28.304463118171835], [36.40267912716083, 29.1752305368992], [36.01539181034096, 30.04478358173749], [35.621284400262596, 30.9130613518031], [35.22, 31.78]]}}, {"type": "Feature", "properties": {"country_a": "DJI", "country_b": "JOR", "distance_km": 2372.6}, "geometry": {"type": "LineString", "coordinates": [[43.148, 11.5944], [42.869375395511135, 12.485686484386017], [42.58883723369583, 13.37662438768061], [42.30623016180523, 14.267186249110976], [42.02139475006176, 15.157344041682707], [41.734167136223, 16.0470691201364], [41.4443786521904, 16.936332165818822], [41.15185543093397, 17.825103128166045], [40.85641799187594, 18.71335116247182], [40.55788080273319, 19.601044563588072], [40.256051815661685, 20.488150695174685], [39.95073197537201, 21.374635914082706], [39.64171469669409, 22.260465489418568], [39.32878530885833, 23.145603515796168], [39.011720463528334, 24.030012820238184], [38.69028750336466, 24.91365486213774], [38.36424378761824, 25.796489625635385], [38.03333597094272, 26.678475503703897], [37.69729923127506, 27.559569173163744], [37.355856442260176, 28.43972545977493], [37.0087172852849, 29.31889719246404], [36.65557729573603, 30.197035045649393], [36.2961168376025, 31.07408736851954], [35.93, 31.95]]}}, {"type": "Feature", "properties": {"country_a": "DJI", "country_b": "KWT", "distance_km": 2032.2}, "geometry": {"type": "LineString", "coordinates": [[43.148, 11.5944], [43.338928384675604, 12.370691938582015], [43.53098753664603, 13.146804884685803], [43.72425799660804, 13.922726658566724], [43.91882214956026, 14.698444895454314], [44.11476436716625, 15.473947030237008], [44.31217115651558, 16.249220281307956], [44.51113131583704, 17.024251633499244], [44.71173609775595, 17.799027820027092], [44.91407938072923, 18.573535303364867], [45.11825784933749, 19.34776025495488], [45.324371184163965, 20.121688533662997], [45.532522262044644, 20.89530566287285], [45.74281736753469, 21.66859680610836], [45.95536641650235, 22.441546741064165], [46.17028319283402, 23.214139831913826], [46.38768559931387, 23.986359999754843], [46.60769592382889, 24.758190691037345], [46.83044112214577, 25.52961484381043], [47.056053118611665, 26.30061485160525], [47.28466912624614, 27.071172524758026], [47.51643198781892, 27.84126904895848], [47.75149053964714, 28.610884940789173], [47.99, 29.38]]}}, {"type": "Feature", "properties": {"country_a": "DJI", "country_b": "LBN", "distance_km": 2588.9}, "geometry": {"type": "LineString", "coordinates": [[43.148, 11.5944], [42.85786026015403, 12.571017112857692], [42.56552087587239, 13.547246722432366], [42.270786856116466, 14.523055627374013], [41.97345750243275, 15.498409884423411], [41.67332586471687, 16.473274733537185], [41.37017816604486, 17.447614518008283], [41.06379319329035, 18.42139259904315], [40.753941649968766, 19.39457126420918], [40.4403854674388, 20.367111629112145], [40.12287707024484, 21.338973531602697], [39.80115859099642, 22.31011541774305], [39.474961029749565, 23.28049421868811], [39.144003352373076, 24.250065217549448], [38.807991521846645, 25.218781905213074], [38.46661745583978, 26.186595823973015], [38.119557903254574, 27.153456397719534], [37.766473231673345, 28.119310747282118], [37.407006116826, 29.0841034893706], [37.04078012427124, 30.047776517381443], [36.667398172461354, 31.01026876213604], [36.286440865219355, 31.971515930392332], [35.897464680388154, 32.93145021871497], [35.5, 33.89]]}}, {"type": "Feature", "properties": {"country_a": "DJI", "country_b": "LBY", "distance_km": 3860.1}, "geometry": {"type": "LineString", "coordinates": [[43.148, 11.5944], [42.00834780963354, 12.616190440400112], [40.85964148071426, 13.63300205795476], [39.701093099521344, 14.644376865353975], [38.53190601553675, 15.649845265757433], [37.35127471946925, 16.648925092745333], [36.15838487093839, 17.641120641297924], [34.95241349738874, 18.62592169238219], [33.73252938811389, 19.602802534589177], [32.49789370969438, 20.57122098725579], [31.24766087166321, 21.530617430631835], [29.980979673754877, 22.480413849928617], [28.69699476860572, 23.420012901518874], [27.394848476170246, 24.348797011158265], [26.07368298829182, 25.266127515870583], [24.73264300368304, 26.171343863084733], [23.37087883486727, 27.063762882725467], [21.98755002921062, 27.942678150231583], [20.58182954580108, 28.807359460882015], [19.15290852833983, 29.657052438320108], [17.700001711094636, 30.490978302730472], [16.222353489990983, 31.30833382667727], [14.719244683725172, 32.10829150907239], [13.19, 32.89]]}}, {"type": "Feature", "properties": {"country_a": "DJI", "country_b": "LKA", "distance_km": 4062.6}, "geometry": {"type": "LineString", "coordinates": [[43.148, 11.5944], [44.762995830323405, 11.479103944388081], [46.376630214010355, 11.354879306568758], [47.98881977023339, 11.221832723517288], [49.59948601841475, 11.08007802648087], [51.20855561730248, 10.929736072370694], [52.81596058260911, 10.770934567895486], [54.42163848269478, 10.603807887207658], [56.025532611915075, 10.42849688383922], [57.62759214138896, 10.24514869770493], [59.22777224707323, 10.053916557944287], [60.82603421515523, 9.854959582362895], [62.422345524894226, 9.64844257421702], [64.01667990915391, 9.43453581706385], [65.60901739297118, 9.213414868373958], [67.19934431060145, 8.985260352572386], [68.78765330156598, 8.750257754141186], [70.37394328630282, 8.50859721137919], [71.95821942208948, 8.260473311375243], [73.54049303996176, 8.006084886709168], [75.12078156340138, 7.745634814350923], [76.69910840960196, 7.479329817183195], [78.27550287415278, 7.20738026852663], [79.85, 6.93]]}}, {"type": "Feature", "properties": {"country_a": "DJI", "country_b": "MAR", "distance_km": 5630.7}, "geometry": {"type": "LineString", "coordinates": [[43.148, 11.5944], [41.2932012139604, 12.847006295339494], [39.42003257072577, 14.086265852426877], [37.526672532018175, 15.310695844282328], [35.61131690953509, 16.51877391703146], [33.672185654297, 17.708935454555515], [31.707531128291475, 18.87957119239685], [29.715648009368927, 20.02902526191057], [27.694884971802487, 21.155593757921668], [25.643658268595118, 22.257523935679014], [23.560467315434977, 23.333014155189254], [21.443912337967276, 24.380214702390777], [19.292714091568893, 25.397229626218852], [17.105735594072037, 26.382119737341025], [14.88200572534182, 27.33290691692], [12.620744442536264, 28.247579880721272], [10.321389236767928, 29.124101533625815], [7.9836223179501715, 29.960418030499405], [5.607397864238749, 30.754469629876784], [3.1929685176527016, 31.50420338579748], [0.7409101580068693, 32.20758766965502], [-1.7478561441492673, 32.86262844814906], [-4.272046193292951, 33.467387166462416], [-6.83, 34.02]]}}, {"type": "Feature", "properties": {"country_a": "DJI", "country_b": "OMN", "distance_km": 2091.2}, "geometry": {"type": "LineString", "coordinates": [[43.148, 11.5944], [43.7740963776847, 12.137796070144695], [44.40273236336877, 12.679749739693781], [45.03402886928877, 13.220188630084055], [45.668107412188924, 13.7590394602136], [46.30509011830233, 14.296228004785608], [46.9450997250905, 14.831679052498563], [47.58825957949843, 15.365316364109496], [48.234693632468975, 15.897062630402186], [48.88452642944655, 16.426839430097424], [49.537883096586114, 16.954567187748367], [50.19488932236872, 17.480165131670084], [50.855671334310166, 18.003551251959095], [51.520355870434244, 18.524642258665846], [52.189070145166724, 19.04335354019061], [52.86194180929141, 19.559599121981332], [53.53909890359374, 20.073291625620634], [54.220669805803304, 20.58434222839835], [54.90678317043145, 21.0926606234755], [55.597567861086155, 21.598154980755876], [56.29315287483363, 22.10073190859244], [56.99366725816283, 22.6002964164667], [57.69924001409874, 23.09675187879152], [58.41, 23.59]]}}, {"type": "Feature", "properties": {"country_a": "DJI", "country_b": "PAK", "distance_km": 3901.1}, "geometry": {"type": "LineString", "coordinates": [[43.148, 11.5944], [44.277175513494235, 12.650953053797618], [45.41565606592353, 13.702597583061083], [46.564281786287125, 14.748867457213237], [47.723904053544715, 15.789284072206074], [48.895385856148366, 16.82335526318084], [50.07960199977118, 17.850574199418602], [51.277439139156954, 18.870418263545144], [52.489795607056465, 19.882347917887056], [53.717581010040085, 20.88580556196077], [54.96171555760994, 21.88021438632951], [56.22312908752222, 22.864977229503257], [57.50275974663233, 23.83947544620079], [58.80155228298101, 24.803067797157432], [60.1204559013607, 25.755089372760175], [61.46042163139175, 26.694850565134896], [62.82239915438522, 27.621636105901235], [64.20733303321138, 28.534704189646728], [65.61615828831962, 29.43328570623823], [67.0497952633088, 30.31658360835679], [68.50914372543232, 31.18377244406639], [69.99507615059699, 32.033998087738055], [71.5084301492904, 32.866377706155404], [73.05, 33.68]]}}, {"type": "Feature", "properties": {"country_a": "DJI", "country_b": "QAT", "distance_km": 1754.2}, "geometry": {"type": "LineString", "coordinates": [[43.148, 11.5944], [43.488354607897676, 12.196880220592343], [43.83024944131377, 12.798912082556438], [44.17376936697946, 13.400470857132497], [44.51900052518822, 14.00153143546229], [44.866030401367084, 14.602068305816351], [45.21494789926089, 15.202055530106875], [45.56584341580913, 15.801466719642653], [45.91880891779523, 16.400275010080904], [46.27393802034834, 16.998453035529128], [46.631326067377216, 17.595972901748294], [46.99107021401595, 18.19280615840687], [47.35326951116008, 18.788923770333255], [47.71802499217123, 19.384296087711935], [48.085439761826656, 19.97889281516692], [48.455619087588566, 20.5726829796733], [48.8286704932657, 21.165634897235837], [49.20470385513687, 21.757716138270812], [49.583831500602734, 22.34889349162506], [49.96616830942765, 22.939132927163243], [50.35183181762862, 23.52839955685203], [50.74094232406223, 24.116657594266883], [51.13362299975316, 24.703870312444344], [51.53, 25.29]]}}, {"type": "Feature", "properties": {"country_a": "DJI", "country_b": "SAU", "distance_km": 1498.8}, "geometry": {"type": "LineString", "coordinates": [[43.148, 11.5944], [43.292007073087795, 12.166146353456186], [43.436631081050805, 12.737793731547226], [43.581904708574996, 13.309337105040848], [43.727861173542124, 13.880771389461161], [43.87453425768819, 14.452091441703587], [44.02195833823447, 15.0232920565188], [44.17016842055362, 15.59436796285734], [44.319200171936224, 16.165313820066068], [44.46908995652625, 16.73612421392723], [44.6198748714976, 17.30679365253041], [44.771592784547366, 17.877316561967184], [44.92428237278548, 18.44768728183771], [45.07798316310475, 19.017900060557896], [45.23273557411962, 19.587949050455176], [45.38858095976706, 20.15782830264029], [45.54556165466793, 20.72753176164169], [45.70372102135294, 21.297053259788395], [45.863103499463165, 21.86638651132644], [46.02375465704138, 22.435525106252893], [46.185721244037346, 23.004462503850853], [46.34905124815742, 23.57319202590737], [46.51379395319668, 24.14170684959544], [46.68, 24.71]]}}, {"type": "Feature", "properties": {"country_a": "DJI", "country_b": "SDN", "distance_km": 1234.3}, "geometry": {"type": "LineString", "coordinates": [[43.148, 11.5944], [42.69223928505924, 11.777588597578392], [42.235875631099184, 11.960044808264758], [41.77890108064854, 12.141756000306087], [41.32130779360179, 12.322709531520642], [40.8630880499242, 12.50289274977018], [40.40423425238249, 12.682292993464806], [39.9447389293005, 12.860897592101104], [39.48459473733934, 13.038693866834029], [39.02379446430105, 13.215669131083144], [38.56233103195489, 13.391810691173694], [38.10019749888559, 13.567105847013082], [37.637387063362254, 13.741541892803234], [37.17389306622716, 13.915106117789355], [36.709708993803204, 14.087785807045591], [36.24482848081881, 14.259568242298055], [35.779245313348994, 14.430440702785711], [35.31295343177153, 14.600390466159512], [34.84594693373636, 14.769404809420324], [34.37822007714725, 14.937471009895987], [33.90976728315385, 15.104576346257906], [33.44058313915256, 15.270708099577682], [32.9706624017947, 15.435853554423947], [32.5, 15.6]]}}, {"type": "Feature", "properties": {"country_a": "DJI", "country_b": "SOM", "distance_km": 1084.1}, "geometry": {"type": "LineString", "coordinates": [[43.148, 11.5944], [43.24560795547949, 11.179303605502774], [43.342938579515135, 10.764163977875276], [43.44000314320527, 10.348982812570004], [43.536812804281176, 9.93376179448074], [43.63337861225366, 9.518502598447261], [43.7297115134636, 9.103206889747998], [43.82582235604162, 8.68787632458117], [43.92172189478138, 8.27251255053512], [44.01742079593121, 7.857117207048319], [44.11292964190861, 7.441691925859636], [44.20825893594184, 7.026238331449459], [44.30341910664309, 6.610758041472166], [44.39842051251716, 6.195252667180443], [44.49327344640994, 5.779723813842034], [44.58798813990054, 5.364173081149388], [44.682574767641086, 4.948602063622656], [44.7770434516479, 4.533012351006603], [44.87140426554798, 4.117405528661841], [44.96566723878434, 3.7017831779508867], [45.059842360783975, 3.286146876619476], [45.15393958509197, 2.8704981991736256], [45.24796883347532, 2.454838717252846], [45.34194, 2.03917]]}}, {"type": "Feature", "properties": {"country_a": "DJI", "country_b": "SSD", "distance_km": 1475.8}, "geometry": {"type": "LineString", "coordinates": [[43.148, 11.5944], [42.635987151953046, 11.309156183216006], [42.1249878482205, 11.023023072171755], [41.614976872970644, 10.736025358428112], [41.1059288785697, 10.448187631896237], [40.597818391970996, 10.159534382720365], [40.090619820872824, 9.870090003240161], [39.58430745965101, 9.579878790029257], [39.07885549507214, 9.288924946006585], [38.57423801179365, 8.99725258261722], [38.07042899765698, 8.704885722079556], [37.56740234878001, 8.411848299695768], [37.06513187445511, 8.118164166222504], [36.56359130185931, 7.823857090298983], [36.06275428058283, 7.528950760929635], [35.56259438698244, 7.23346879001854], [35.06308512836633, 6.937434714953104], [34.564199947016675, 6.6408720012343085], [34.06591222405669, 6.343804045151112], [33.56819528316851, 6.046254176496583], [33.07102239416851, 5.748245661323392], [32.5743667764466, 5.449801704736442], [32.078201602275996, 5.150945453720401], [31.5825, 4.8517]]}}, {"type": "Feature", "properties": {"country_a": "DJI", "country_b": "SYR", "distance_km": 2525.7}, "geometry": {"type": "LineString", "coordinates": [[43.148, 11.5944], [42.88689794954141, 12.553233108279622], [42.6238553789594, 13.511741919687688], [42.35870314056255, 14.46989927404536], [42.09126720297224, 15.427677446054618], [41.82136819165164, 16.385048088690883], [41.54882090345773, 17.34198217279099], [41.273433792478535, 18.29844992243272], [40.99500842418394, 19.254420745666778], [40.71333889465733, 20.20986316012204], [40.428211211382816, 21.164744712960154], [40.13940263173627, 22.119031894605047], [39.84668095496362, 23.07269004561626], [39.54980376302192, 24.025683256011085], [39.24851760520388, 24.97797425626881], [38.94255712095743, 25.929524299169266], [38.63164409474393, 26.880293031527337], [38.31548643614315, 27.83023835478161], [37.99377707770308, 28.77931627328009], [37.66619278223827, 29.72748072897474], [37.332392850391834, 30.67468342108845], [36.99201771828183, 31.620873609150596], [36.644687433939396, 32.565997897607716], [36.29, 33.51]]}}, {"type": "Feature", "properties": {"country_a": "DJI", "country_b": "TUN", "distance_km": 4321.1}, "geometry": {"type": "LineString", "coordinates": [[43.148, 11.5944], [41.943760547367575, 12.811352943558296], [40.72793281039949, 14.022633546242556], [39.49931243536368, 15.227626127084338], [38.25667197123024, 16.425695137496444], [36.99875954798975, 17.61618312764005], [35.72429780665098, 18.798408651446366], [34.43198313337431, 19.971664111227994], [33.12048525892784, 21.13521354489699], [31.788447294382976, 22.28829036133691], [30.434486284682677, 23.430095032529376], [29.057194373359565, 24.55979275469147], [27.655140684123957, 25.676511095023578], [26.226874038065457, 26.77933764578388], [24.77092663847852, 27.8673177133786], [23.28581886834329, 28.93945207706139], [21.77006535758949, 29.994694859727627], [20.22218248753636, 31.031951562198994], [18.640697507158105, 32.05007732230544], [17.024159438587745, 33.04787547091089], [15.371151945722882, 34.02409646863538], [13.680308327772337, 34.97743731913303], [11.95032877659592, 35.906541566986206], [10.18, 36.81]]}}, {"type": "Feature", "properties": {"country_a": "DJI", "country_b": "TUR", "distance_km": 3299.5}, "geometry": {"type": "LineString", "coordinates": [[43.148, 11.5944], [42.781507479468715, 12.840065603647348], [42.41138835750077, 14.085097150908151], [42.037237452663845, 15.329426365189022], [41.65863383500155, 16.572982945735262], [41.2751389333149, 17.815694309018102], [40.88629449840923, 19.05748530708354], [40.4916204028759, 20.298277919704514], [40.090612255772896, 21.53799091680159], [39.682738808029, 22.776539487160285], [39.26743912147458, 24.01383482896399], [38.84411947104284, 25.249783697070527], [38.412149945825476, 26.484287901272488], [37.97086071023124, 27.717243748980696], [37.51953788140109, 28.948541424836904], [37.05741897318093, 30.178064298673018], [36.58368785023106, 31.405688151961815], [36.097469128133525, 32.631280311415274], [35.597821946500574, 33.85469867664261], [35.08373303192876, 35.07579062673259], [34.55410895600582, 36.29439178821909], [34.00776748026725, 37.51032464405643], [33.44342786481097, 38.723396959894096], [32.8597, 39.9334]]}}, {"type": "Feature", "properties": {"country_a": "DJI", "country_b": "YEM", "distance_km": 432.7}, "geometry": {"type": "LineString", "coordinates": [[43.148, 11.5944], [43.192656585191024, 11.758664712565587], [43.23736615881141, 11.922920540411587], [43.282129544427065, 12.087167349917568], [43.326947569198126, 12.251405007050057], [43.371821063940004, 12.41563337735518], [43.416750863184824, 12.579852325951233], [43.46173780524347, 12.744061717521141], [43.506782732268114, 12.908261416304882], [43.55188649031527, 13.072451286091798], [43.59704992940942, 13.236631190212856], [43.6422739036072, 13.400800991532812], [43.68755927106208, 13.564960552442281], [43.732906894089716, 13.729109734849754], [43.778317639233826, 13.8932484001735], [43.82379237733267, 14.05737640933339], [43.86933198358615, 14.221493622742644], [43.9149373376235, 14.385599900299466], [43.96060932357165, 14.549695101378626], [44.006348830124175, 14.713779084822875], [44.052156750610926, 14.877851708934346], [44.09803398306833, 15.041912831465817], [44.14398143031032, 15.205962309611877], [44.19, 15.37]]}}, {"type": "Feature", "properties": {"country_a": "DZA", "country_b": "EGY", "distance_km": 2714.1}, "geometry": {"type": "LineString", "coordinates": [[3.06, 36.75], [4.3671640198952755, 36.601189173833475], [5.669076940637911, 36.43809434640098], [6.965318152848935, 36.26085839437267], [8.255486233538223, 36.069634727889245], [9.539199911908824, 35.864586734285524], [10.816098893538172, 35.645887200449145], [12.085844542392568, 35.413717718443415], [13.34812042176592, 35.168268078964644], [14.602632696754092, 34.909735657089705], [15.849110402262351, 34.638324794606085], [17.087305581777635, 34.35424618300875], [18.316993303209927, 34.057716251004344], [19.537971559009808, 33.74895656008858], [20.75006105850168, 33.42819321146477], [21.95310492093433, 33.09565626725704], [23.14696827814947, 32.75157918864668], [24.331537796012416, 32.39619829323066], [25.50672112384731, 32.02975223357286], [26.672446281087474, 31.65248149859599], [27.828660990200305, 31.264627939149303], [28.97533196469408, 30.866434318788215], [30.112444160673608, 30.458143890519267], [31.24, 30.04]]}}, {"type": "Feature", "properties": {"country_a": "DZA", "country_b": "ETH", "distance_km": 4728.4}, "geometry": {"type": "LineString", "coordinates": [[3.06, 36.75], [5.000320200314993, 35.768486761967836], [6.892817572132008, 34.75627483624323], [8.739044160594768, 33.71519503484441], [10.540675080874902, 32.64700429640969], [12.299478632561643, 31.553384590935934], [14.017290319195425, 30.43594299105284], [15.69599058534347, 29.296212694934123], [17.337486014879868, 28.135654809077778], [18.943693693606598, 26.95566072314868], [20.51652842081657, 25.757554932616422], [22.057892452322356, 24.54259818719229], [23.569667467152275, 23.311990863546143], [25.05370846770612, 22.066876479190018], [26.51183934562567, 20.808345280654674], [27.945849870654275, 19.53743785319099], [29.35749388562173, 18.255148711313947], [30.748488516183013, 16.962429839741016], [32.120514228245796, 15.660194162847668], [33.475215588626156, 14.349318927871268], [34.81420260509006, 13.030648992935456], [36.139052540446436, 11.705000015723197], [37.45131211174825, 10.373161542467269], [38.7525, 9.0359]]}}, {"type": "Feature", "properties": {"country_a": "DZA", "country_b": "IND", "distance_km": 6841.5}, "geometry": {"type": "LineString", "coordinates": [[3.06, 36.75], [6.292920444987349, 37.441500657224914], [9.581920115697368, 38.04293998370268], [12.920893891199695, 38.55088148485646], [16.30263538214898, 38.96230276118257], [19.71893970077087, 39.27467101100205], [23.160756475191533, 39.48601049668839], [26.618388775486714, 39.59495786941886], [30.081729166413673, 39.60080174037554], [33.54052021883296, 39.50350378453868], [36.984624127450836, 39.303699886530325], [40.404285058761786, 39.00268124672977], [43.790368671399, 38.60235678495751], [47.13456576624134, 38.10519943126493], [50.429550800583414, 37.51417983366205], [53.669090422208896, 36.83269155325286], [56.84810158820449, 36.06447193850838], [59.96266266674545, 35.21352261528265], [63.009983799625765, 34.28403298588119], [65.98834456800138, 33.28030940920657], [68.89700768904586, 32.20671194449465], [71.73611725334392, 31.067599775983656], [74.50658914184379, 29.867285761262277], [77.21, 28.61]]}}, {"type": "Feature", "properties": {"country_a": "DZA", "country_b": "IRN", "distance_km": 4299.9}, "geometry": {"type": "LineString", "coordinates": [[3.06, 36.75], [5.106623350235523, 37.12268832099056], [7.172438548358343, 37.45968889496174], [9.255863442106673, 37.76024761900301], [11.355163416813253, 38.02367625091716], [13.468461699417988, 38.249359051606184], [15.59375240879107, 38.43675896540722], [17.728916225643953, 38.58542319586693], [19.87173846054808, 38.6949880420005], [22.019929206701452, 38.76518287322182], [24.171145180494374, 38.79583313959469], [26.323012782858964, 38.78686233723448], [28.47315186242662, 38.73829287564303], [30.61919963117484, 38.650245823275455], [32.75883417660633, 38.52293953830491], [34.88979703203186, 38.356687221881366], [37.00991430700944, 38.15189345969967], [39.11711594065846, 37.909049843073724], [41.20945271737373, 37.628729781854595], [43.28511077247722, 37.31158263763884], [45.34242340919149, 36.95832731633633], [47.379880142657115, 36.569745464207315], [49.39613297664386, 36.14667441116679], [51.39, 35.69]]}}, {"type": "Feature", "properties": {"country_a": "DZA", "country_b": "IRQ", "distance_km": 3759.0}, "geometry": {"type": "LineString", "coordinates": [[3.06, 36.75], [4.881548515082143, 36.90748114488473], [6.709930036795907, 37.036923696190954], [8.543848387102482, 37.138102131437556], [10.381968690818836, 37.210838709809074], [12.22292638268944, 37.255004854278866], [14.065336691126523, 37.27052216310004], [15.907804450383006, 37.257363031398256], [17.74893408293514, 37.21555087090248], [19.587339588625866, 37.1451599235618], [21.421654376911576, 37.04631467265571], [23.250540783374614, 36.919188862739425], [25.072699121275157, 36.76400414711113], [26.886876132851906, 36.58102838820051], [28.691872722679683, 36.370573642146915], [30.486550875837366, 36.13299386369436], [32.2698396860215, 35.86868237126244], [34.040740442108316, 35.57806911459361], [35.79833074508676, 35.261617788719164], [37.541767649893785, 34.91982283816673], [39.270289847725685, 34.55320639443737], [40.98321892326313, 34.162315187926495], [42.67995973747835, 33.74771747279763], [44.36, 33.31]]}}, {"type": "Feature", "properties": {"country_a": "DZA", "country_b": "ISR", "distance_km": 2998.1}, "geometry": {"type": "LineString", "coordinates": [[3.06, 36.75], [4.518935944256054, 36.71972918297663], [5.976390030587856, 36.67159393585073], [7.431694461150066, 36.605647276286426], [8.884190930415775, 36.521961546336904], [10.333233445107165, 36.420628061728145], [11.778191022032672, 36.30175667353612], [13.218450239180159, 36.165475247345654], [14.65341761807965, 36.011929065836696], [16.08252181844246, 35.841280161482466], [17.50521562932251, 35.65370658665083], [18.920977744443995, 35.44940162887092], [20.32931431280946, 35.228572979355135], [21.7297602591595, 34.99144186305458], [23.121880372221412, 34.738242138577434], [24.50527016188738, 34.46921937622078], [25.879556489442987, 34.1846299221691], [27.24439797767322, 33.88473995660685], [28.59948521006789, 33.569824553094335], [29.94454073040452, 33.24016674607866], [31.279318855690253, 32.89605661287162], [32.60360531679035, 32.53779037583886], [33.917216742065705, 32.16566952992472], [35.22, 31.78]]}}, {"type": "Feature", "properties": {"country_a": "DZA", "country_b": "JOR", "distance_km": 3055.3}, "geometry": {"type": "LineString", "coordinates": [[3.06, 36.75], [4.54728616966339, 36.735414595051516], [6.033651699161828, 36.70225349116935], [7.518384358027824, 36.65055469268285], [9.000779433370317, 36.580377270671406], [10.480142915103007, 36.4918010638162], [11.955794569973094, 36.3849262773353], [13.42707087414031, 36.25987298488933], [14.89332777676296, 36.116780539440654], [16.353943270218068, 35.955806900019184], [17.808319746122585, 35.77712788217279], [19.25588612013116, 35.58093634054949], [20.696099712456682, 35.36744129256291], [22.12844787509036, 35.13686699243035], [23.552449360686147, 34.889451965044294], [24.96765543192933, 34.62544800915085], [26.373650713847802, 34.34511917917165], [27.77005379487855, 34.04874075473155], [29.156517585514745, 33.736598206559634], [30.532729445990395, 33.40898616693166], [31.898411096683272, 33.066207412237496], [33.25331832671914, 32.70857186460537], [34.597240517643336, 32.33639561881488], [35.93, 31.95]]}}, {"type": "Feature", "properties": {"country_a": "DZA", "country_b": "KWT", "distance_km": 4235.3}, "geometry": {"type": "LineString", "coordinates": [[3.06, 36.75], [5.121859469870277, 36.79826115625675], [7.185347448539227, 36.81074641319662], [9.248544786356433, 36.787428160628664], [11.309534921976635, 36.728357945204586], [13.36642090151214, 36.63366596366059], [15.417342001040625, 36.50355978979692], [17.460489623419402, 36.33832236543996], [19.494122167510824, 36.13830930247181], [21.51657860558372, 35.90394555789868], [23.526290550639413, 35.63572155631139], [25.521792647151155, 35.33418884357574], [27.501731173453486, 34.999955361952956], [29.46487079905111, 34.63368044004693], [31.41009949292452, 34.23606959111758], [33.33643162733914, 33.80786921064938], [35.24300936403636, 33.34986125898568], [37.12910244483015, 32.86285800777811], [38.994106535921325, 32.34769692044115], [40.83754029452614, 31.805235727235537], [42.65904133798598, 31.236347745502126], [44.45836130000396, 30.641917485356345], [46.23536015691881, 30.02283657119904], [47.99, 29.38]]}}, {"type": "Feature", "properties": {"country_a": "DZA", "country_b": "LBN", "distance_km": 2952.7}, "geometry": {"type": "LineString", "coordinates": [[3.06, 36.75], [4.496009029106588, 36.81348838823905], [5.934066612556935, 36.859610253774434], [7.373526719136841, 36.88831600399377], [8.813737240201712, 36.899574690484584], [10.254042805390032, 36.89337415763474], [11.69378763072748, 36.86972110115317], [13.132318370846269, 36.82864103582397], [14.56898694696715, 36.7701781728724], [16.003153322744392, 36.69439520837942], [17.43418820104274, 36.60137302520858], [18.861475616171777, 36.49121031188618], [20.284415398003677, 36.364023102780926], [21.702425486690924, 36.21994424474801], [23.114944079315602, 36.059122796118], [24.521431592669767, 35.88172336451366], [25.921372429410983, 35.687925390458446], [27.31427653797919, 35.47792238409553], [28.69968075982629, 35.251921122564035], [30.077149960622965, 35.0101408156822], [31.446277945104004, 34.752812247570496], [32.80668815803326, 34.48017690171941], [34.158034176363984, 34.19248607677564], [35.5, 33.89]]}}, {"type": "Feature", "properties": {"country_a": "DZA", "country_b": "LBY", "distance_km": 1020.2}, "geometry": {"type": "LineString", "coordinates": [[3.06, 36.75], [3.520148040521035, 36.60041810617115], [3.978512379394897, 36.4490627049217], [4.435089038562245, 36.29595024384918], [4.889874636691731, 36.14109718355019], [5.342866378636664, 35.984519992358415], [5.79406204472348, 35.82623514122254], [6.243459979891314, 35.666259098724765], [6.691059082701364, 35.504608326240486], [7.136858794234273, 35.341299273239294], [7.580859086892996, 35.176348372727475], [8.023060453128577, 35.00977203683167], [8.463463894104796, 34.84158665252369], [8.902070908318127, 34.67180857748558], [9.338883480187858, 34.500454136114584], [9.773904068631499, 34.32753961566696], [10.207135595639192, 34.15308126253971], [10.63858143486093, 33.97709527868914], [11.068245400219414, 33.79959781818485], [11.496131734560706, 33.620604983897834], [11.922245098354653, 33.44013282432114], [12.346590558455969, 33.25819733052147], [12.769173576936726, 33.074814433219885], [13.19, 32.89]]}}, {"type": "Feature", "properties": {"country_a": "DZA", "country_b": "LKA", "distance_km": 8377.7}, "geometry": {"type": "LineString", "coordinates": [[3.06, 36.75], [7.126791330995335, 36.55520438913799], [11.166062019237824, 36.222566952755336], [15.164426223393294, 35.75487644808235], [19.109828013914164, 35.15594591958518], [22.991850491653626, 34.43048200942254], [26.801917931926873, 33.583934749234494], [30.53339030152331, 32.62233862355487], [34.18155980564301, 31.552154852276264], [37.74356633689836, 30.38012310320243], [41.21825242072798, 29.11312863293488], [44.60597880809488, 27.758088557383083], [47.9084200335344, 26.32185887180487], [51.12835596446309, 24.811162155436996], [54.2694714717078, 23.232534676975423], [57.336172504716174, 21.592290849371665], [60.33342347216239, 19.896502598807093], [63.26660810983979, 18.150991123939924], [66.14141400309416, 16.361328636940943], [68.9637395600604, 14.532847918112845], [71.73962139339406, 12.670657818510469], [74.475179635973, 10.77966316489663], [77.17657857119265, 8.86458782891287], [79.85, 6.93]]}}, {"type": "Feature", "properties": {"country_a": "DZA", "country_b": "MAR", "distance_km": 947.7}, "geometry": {"type": "LineString", "coordinates": [[3.06, 36.75], [2.6164186283768425, 36.648612851428574], [2.1740080679921747, 36.54557651348487], [1.7327795279601688, 36.440901429772396], [1.2927437923667573, 36.33459813223379], [0.8539112215767544, 36.22667723722055], [0.4162917538048716, 36.11714944159363], [-0.020105093057476875, 36.006025518857726], [-0.45527021936775736, 35.89331631533161], [-0.8891949414186806, 35.77903274635704], [-1.3218709888936684, 35.66318579254841], [-1.753290502100144, 35.54578649608536], [-2.1834460289890507, 35.42684595705041], [-2.6123305219693775, 35.30637532981355], [-3.039937334526354, 35.18438581946565], [-3.4662602176518917, 35.06088867830244], [-3.891293316096126, 34.93589520236055], [-4.315031164448595, 34.80941672800738], [-4.737468683057754, 34.681464628585964], [-5.158601173797374, 34.55205031111631], [-5.578424315688421, 34.42118521305428], [-5.996934160384669, 34.288880799109236], [-6.414127127530634, 34.155148558121454], [-6.83, 34.02]]}}, {"type": "Feature", "properties": {"country_a": "DZA", "country_b": "MDV", "distance_km": 7996.4}, "geometry": {"type": "LineString", "coordinates": [[3.06, 36.75], [6.886516728818073, 36.22968219687456], [10.656910127259088, 35.588683290356286], [14.362366495295369, 34.83164589294131], [17.995783887212337, 33.963795756839566], [21.551809765607192, 32.99080393862534], [25.02680140728455, 31.918653591922443], [28.418724969238035, 30.753517277297693], [31.72701087910944, 29.501648841820796], [34.952382715425486, 28.16929213623932], [38.09667466743993, 26.76260729373864], [41.16264972380718, 25.28761409091047], [44.153827539934674, 23.75015107335965], [47.07432791199283, 22.15584862647816], [49.928733200287105, 20.510113947414286], [52.7219710061743, 18.818125857560982], [55.45921691872253, 17.084837518956615], [58.14581614946949, 15.314985325816561], [60.787222275421094, 13.51310248984433], [63.388951014896904, 11.683536093573709], [65.956546878648, 9.830466629290925], [68.49556059488508, 7.957929260161666], [71.01153534267876, 6.069836229298141], [73.51, 4.17]]}}, {"type": "Feature", "properties": {"country_a": "DZA", "country_b": "NPL", "distance_km": 7581.4}, "geometry": {"type": "LineString", "coordinates": [[3.06, 36.75], [6.592930262181551, 37.6652194679562], [10.2083827261332, 38.47198055707518], [13.899448289777736, 39.164679846420114], [17.65724489684981, 39.738232435309506], [21.471002065857817, 40.18822322015423], [25.328256160448053, 40.51105076692946], [29.215156849851496, 40.704053477852604], [33.11687261851599, 40.76560800554048], [37.01807055111358, 40.69519146132588], [40.903435383160385, 40.49340180774821], [44.7581871544911, 40.16193455243299], [48.568557006723545, 39.70351789340286], [52.322186679928265, 39.121812150037414], [56.0084277358997, 38.42128208178117], [59.61852924069975, 37.6070521997696], [63.145715144899434, 36.68475534485781], [66.58516290206913, 35.66038382321279], [69.93390178539302, 34.54015060892286], [73.19065262488596, 33.33036595030211], [76.35563074620012, 32.037332522321314], [79.4303316178259, 30.66726032343837], [82.41731508943998, 29.226200975528148], [85.32, 27.72]]}}, {"type": "Feature", "properties": {"country_a": "DZA", "country_b": "OMN", "distance_km": 5449.9}, "geometry": {"type": "LineString", "coordinates": [[3.06, 36.75], [5.71341669114573, 36.74844955193679], [8.364692369444782, 36.68776964651259], [11.00978941012484, 36.56818129967462], [13.644760255732098, 36.39011731702016], [16.26580309819431, 36.15421539201799], [18.869312844304247, 35.8613081350385], [21.45192590443043, 35.5124104074625], [24.01055770021362, 35.10870441880007], [26.542432184136533, 34.651523099803825], [29.045103069032297, 34.14233228968528], [31.516466848342446, 33.582712271999], [33.954768023428606, 32.974339164948866], [36.358597225195744, 32.318966622736326], [38.72688311456205, 31.618408240883845], [41.058879068446394, 30.874520986165148], [43.3541457098355, 30.08918989639491], [45.61253033164078, 29.264314221606835], [47.834144206671354, 28.401795109771093], [50.019338683334865, 27.50352487974433], [52.16868085140531, 26.57137787311654], [54.282929435740414, 25.60720283559546], [56.36301144756285, 24.612816747388536], [58.41, 23.59]]}}, {"type": "Feature", "properties": {"country_a": "DZA", "country_b": "PAK", "distance_km": 6234.8}, "geometry": {"type": "LineString", "coordinates": [[3.06, 36.75], [5.9540541956355515, 37.523487268842445], [8.905609690705942, 38.22453912471731], [11.911228801005228, 38.84991941357639], [14.966554756729934, 39.39659706158917], [18.066320743183848, 39.86180400208555], [21.204392135899354, 40.243092833852934], [24.373844264437057, 40.538391665910716], [27.567075654909477, 40.74605343516928], [30.775953949105308, 40.864897028984245], [33.99198888478414, 40.894237831617936], [37.20652421312091, 40.83390583760652], [40.41093858553177, 40.684250196280416], [43.59684454483857, 40.44612989850768], [46.75627494662124, 40.120891196066985], [49.881847385278604, 39.71033315719613], [52.96689931026109, 39.21666342154976], [56.0055891744336, 38.64244666254498], [58.99296178826468, 37.990548467368946], [61.924978708661186, 37.264077311999536], [64.79851669463312, 36.4663270764778], [67.61133884800577, 35.600722168925486], [70.36204397505475, 34.670766866917226], [73.05, 33.68]]}}, {"type": "Feature", "properties": {"country_a": "DZA", "country_b": "PSE", "distance_km": 2991.9}, "geometry": {"type": "LineString", "coordinates": [[3.06, 36.75], [4.516107323903297, 36.72465065341653], [5.970922262729931, 36.68150296369376], [7.423779360602589, 36.6206042899234], [8.874021783105366, 36.54202122818525], [10.321004135098146, 36.44583928936408], [11.764095165207948, 36.3321624892725], [13.202680332061089, 36.20111285583605], [14.636164209833131, 36.05282985897044], [16.06397271355131, 35.887469769539834], [17.485555127706863, 35.70520495442039], [18.90038592503739, 35.50622311519366], [20.307966365737155, 35.290726478357755], [21.70782587076211, 35.05893094516887], [23.099523166237447, 34.811065209314414], [24.482647199176565, 34.54736985057896], [25.856817827719837, 34.268096412503226], [27.221686291845213, 33.973506471766655], [28.57693547295147, 33.663870706658805], [29.922279952838654, 33.339467971557376], [31.25746588439029, 33.00058438381768], [32.58227068769326, 32.647512428913615], [33.896502586414236, 32.28055008906954], [35.2, 31.9]]}}, {"type": "Feature", "properties": {"country_a": "DZA", "country_b": "QAT", "distance_km": 4746.3}, "geometry": {"type": "LineString", "coordinates": [[3.06, 36.75], [5.368492193902765, 36.68500898048068], [7.671772353022742, 36.57535734641179], [9.967237362137439, 36.42134613140514], [12.25236950434587, 36.223394227213234], [14.52476213742483, 35.98203340240008], [16.78214270899874, 35.69790212495857], [19.022392666911298, 35.37173835992547], [21.24356395189394, 35.00437153346756], [23.443891895256023, 34.59671386664213], [25.621804476781694, 34.14975128518277], [27.775928020242706, 33.6645341068593], [29.90508951035624, 33.14216769626099], [32.00831580182204, 32.583803259587086], [34.084830056265254, 31.990628930689752], [36.134045786178376, 31.363861275705734], [38.15555890741146, 30.70473731856213], [40.149138205606434, 30.01450716470153], [42.11471461013172, 29.29442727657757], [44.05236964483733, 28.545754432615876], [45.96232339167279, 27.769740381958346], [47.84492226406375, 26.96762719072934], [49.7006268447579, 26.14064326189606], [51.53, 25.29]]}}, {"type": "Feature", "properties": {"country_a": "DZA", "country_b": "SAU", "distance_km": 4344.1}, "geometry": {"type": "LineString", "coordinates": [[3.06, 36.75], [5.1615476801787175, 36.575599428383065], [7.252672504912955, 36.364324530315436], [9.331556389145247, 36.11665204423733], [11.396488796482037, 35.83313188244222], [13.445878550021542, 35.51438195882329], [15.478263454283633, 35.161082582658835], [17.492317672184363, 34.773970535167585], [19.48685686816997, 34.35383294485936], [21.46084118932347, 33.90150107339946], [23.413376208348915, 33.41784411633566], [25.343711994441072, 32.90376311323428], [27.251240509521715, 32.360185050209026], [29.135491548197646, 31.788057225171837], [30.996127450668432, 31.188341933012335], [32.83293681970869, 30.562011514874413], [34.645827467089184, 29.910043803203273], [36.43481880285274, 29.23341798264476], [38.20003386423723, 28.533110876446138], [39.94169116118364, 27.810093658897067], [41.66009649360816, 27.06532898663588], [43.355634873091425, 26.299768535335957], [45.02876265929603, 25.514350923326674], [46.68, 24.71]]}}, {"type": "Feature", "properties": {"country_a": "DZA", "country_b": "SDN", "distance_km": 3734.2}, "geometry": {"type": "LineString", "coordinates": [[3.06, 36.75], [4.602840532721775, 35.9858930010098], [6.115842149970494, 35.20222859306028], [7.599714835148054, 34.39991853708612], [9.055224217756953, 33.579847066537226], [10.483181710941738, 32.742870229174834], [11.884435583596904, 31.889815553586548], [13.259862951576071, 31.021481996828246], [14.610362656978683, 30.138640132541397], [15.936848993048761, 29.24203254217523], [17.240246224303725, 28.33237437539298], [18.52148384653754, 27.410354049228005], [19.781492528770766, 26.476634058975232], [21.021200678555573, 25.53185187708295], [22.24153157285503, 24.576620919397143], [23.443400998629006, 23.611531560973777], [24.627715349960067, 22.637152186295324], [25.795370131784285, 21.65403026110128], [26.94724882384435, 20.662693415170537], [28.08422206219114, 19.663650527285334], [29.207147099298517, 18.657392805276018], [30.316867507527657, 17.64439485550735], [31.414213094213732, 16.625115737439884], [32.5, 15.6]]}}, {"type": "Feature", "properties": {"country_a": "DZA", "country_b": "SOM", "distance_km": 5791.9}, "geometry": {"type": "LineString", "coordinates": [[3.06, 36.75], [5.429125471602841, 35.54219688706509], [7.72697374641653, 34.288993894993425], [9.956487368023703, 32.99371038138559], [12.120853948737889, 31.65949774075706], [14.223429889911321, 30.2893382914851], [16.267676889510884, 28.886047604570642], [18.257110232459052, 27.452279460366366], [20.19525763844437, 25.99053274023702], [22.085627357645976, 24.50315967850218], [23.931684215894734, 22.992375009779032], [25.73683238373908, 21.46026564464822], [27.50440375297165, 19.908800591095204], [29.237650930623534, 18.339840910465465], [30.939743991219235, 16.755149555575112], [32.61377025470461, 15.156400986440797], [34.262736474785456, 13.545190497317494], [35.88957292773717, 11.923043218853483], [37.49713898401113, 10.291422782589345], [39.088229824178256, 8.651739652998982], [40.6655840275656, 7.005359145882328], [42.231891817336354, 5.3536091620913355], [43.78980379084884, 3.697787673057083], [45.34194, 2.03917]]}}, {"type": "Feature", "properties": {"country_a": "DZA", "country_b": "SYR", "distance_km": 3034.7}, "geometry": {"type": "LineString", "coordinates": [[3.06, 36.75], [4.536372728950038, 36.80659059994582], [6.014566941060179, 36.84482958317771], [7.493879476718655, 36.86467351633589], [8.973602055859777, 36.86609981315696], [10.453024516966428, 36.84910684900471], [11.931438075799043, 36.81371396912002], [13.40813856968075, 36.759961390487526], [14.882429653453265, 36.68790999853298], [16.353625914167136, 36.59764104115377], [17.82105587315374, 36.48925572381937], [19.284064846295482, 36.36287471063126], [20.7420176359987, 36.21863753728021], [22.194301031499556, 36.05670194276194], [23.640326097605897, 35.8772431274954], [25.079530235698407, 35.68045294611808], [26.511379004681924, 35.46653904370462], [27.93536769349101, 35.23572394446484], [29.35102264061815, 34.98824410212828], [30.757902299859026, 34.72434892121989], [32.15559805497982, 34.4442997582859], [33.543734789241114, 34.14836891185222], [34.92197121860793, 33.83683860950603], [36.29, 33.51]]}}, {"type": "Feature", "properties": {"country_a": "DZA", "country_b": "TUN", "distance_km": 635.5}, "geometry": {"type": "LineString", "coordinates": [[3.06, 36.75], [3.3690848638258712, 36.76146890748724], [3.678258558063083, 36.77213465335066], [3.987514689034632, 36.781996707971196], [4.296846846588743, 36.79105458127955], [4.606248605363857, 36.79930782286456], [4.915713526060556, 36.80675602207276], [5.22523515671986, 36.813398808099315], [5.534807034007326, 36.819235850070285], [5.844422684502339, 36.82426685711598], [6.154075625992066, 36.82849157843557], [6.463759368769402, 36.831909803352836], [6.773467416934403, 36.834521361363045], [7.08319326969853, 36.83632612217078], [7.392930422691187, 36.83732399571907], [7.702672369267852, 36.83751493220936], [8.012412601819316, 36.836898922112624], [8.322144613081313, 36.83547599617148], [8.631861897444026, 36.83324622539335], [8.941557952260814, 36.830209721034656], [9.251226279155592, 36.826366634576026], [9.560860385328212, 36.82171715768862], [9.870453784857311, 36.81626152219148], [10.18, 36.81]]}}, {"type": "Feature", "properties": {"country_a": "DZA", "country_b": "TUR", "distance_km": 2616.7}, "geometry": {"type": "LineString", "coordinates": [[3.06, 36.75], [4.283478571784641, 37.042205555490845], [5.516164841338575, 37.32168567244761], [6.757800792438268, 37.58821798983055], [8.008102438834362, 37.84158622947022], [9.266759853031038, 38.081580876717666], [10.533437344143959, 38.30799986562466], [11.80777379248322, 38.52064926408646], [13.089383147101227, 38.7193439540896], [14.377855090926062, 38.9039083019641], [15.672755876286502, 39.07417681335299], [16.97362933164776, 39.229994767489266], [18.279998038248653, 39.37121882531841], [19.59136467309639, 39.497717606029184], [20.907213512478485, 39.609372226660554], [22.227012087837263, 39.70607679964106], [23.55021298357337, 39.787738883389245], [24.87625576415114, 39.8542798814586], [26.204569015824855, 39.90563538614419], [27.534572486439746, 39.94175546297541], [28.865679305135743, 39.96260487309204], [30.19729826243549, 39.9681632311304], [31.528836130168663, 39.958425096920145], [32.8597, 39.9334]]}}, {"type": "Feature", "properties": {"country_a": "DZA", "country_b": "YEM", "distance_km": 4697.0}, "geometry": {"type": "LineString", "coordinates": [[3.06, 36.75], [5.202907478934691, 36.12627625267145], [7.311171391467376, 35.464764505108995], [9.38426532109081, 34.766963137099566], [11.421907446837007, 34.03438051332252], [13.424042027915844, 33.26852543091583], [15.390819794992764, 32.47089870442763], [17.322577860542413, 31.64298588895367], [19.219819670157484, 30.786251113264658], [21.083195423374328, 29.90213197211376], [22.913483301712372, 28.992035410325283], [24.711571757002545, 28.05733452010573], [26.478443037177914, 27.099366166553942], [28.215158060877346, 26.119429353786032], [29.922842696923702, 25.118784244649547], [31.60267545976652, 24.098651749944093], [33.2558765966353, 23.06021360773731], [34.88369851545532, 22.00461287920024], [36.48741748340365, 20.93295479391744], [38.06832651315626, 19.846307884479288], [39.62772934626184, 18.745705357047427], [41.1669354396176, 17.632146651283783], [42.68725586077996, 16.50659914939833], [44.19, 15.37]]}}, {"type": "Feature", "properties": {"country_a": "EGY", "country_b": "ERI", "distance_km": 1809.0}, "geometry": {"type": "LineString", "coordinates": [[31.24, 30.04], [31.61436216101874, 29.410157342783766], [31.98413246129906, 28.77921620673956], [32.34947532660857, 28.147215924266177], [32.71055005478382, 27.51419453880408], [33.06751103988866, 26.88018886926701], [33.42050798752253, 26.245234571245348], [33.769686121620744, 25.609366195163258], [34.11518638308607, 24.972617241561608], [34.45714562058659, 24.335020213669292], [34.795696773849535, 23.69660666741642], [35.13096904977393, 23.057407259034562], [35.46308809167781, 22.417451790381104], [35.792176141987746, 21.77676925211725], [36.11835219867015, 21.135387864862178], [36.44173216569512, 20.493335118438974], [36.762428997814766, 19.85063780932189], [37.080552839929084, 19.207322076388422], [37.39621116130347, 18.563413435074125], [37.70950888489317, 17.918936810022974], [38.02054851202106, 17.273916566321017], [38.32943024264697, 16.628376539396598], [38.63625209145778, 15.982340063666102], [38.94111, 15.33583]]}}, {"type": "Feature", "properties": {"country_a": "EGY", "country_b": "ETH", "distance_km": 2453.4}, "geometry": {"type": "LineString", "coordinates": [[31.24, 30.04], [31.617248758383397, 29.135932705452515], [31.987947942139556, 28.230699893274803], [32.35243912740368, 27.324359110472912], [32.71104773637794, 26.416965322100786], [33.06408414940178, 25.50857110433842], [33.41184473942262, 24.599226822739137], [33.754612835289336, 23.688980796963705], [34.092659619754386, 22.777879453194988], [34.42624496758135, 21.865967465315773], [34.75561822870926, 20.953287885832854], [35.081018961018934, 20.03988226744124], [35.40267761687762, 19.125790776042535], [35.72081618730209, 18.211052295959817], [36.035648807275685, 17.295704528026913], [36.347382325477184, 16.37978408117236], [36.65621684142847, 15.463326558066658], [36.962346212839485, 14.546366635354737], [37.265958535722746, 13.628938138954075], [37.56723659966256, 12.711074114861365], [37.86635832045523, 11.79280689587743], [38.16349715218401, 10.874168164629582], [38.45882248065542, 9.955189013244475], [38.7525, 9.0359]]}}, {"type": "Feature", "properties": {"country_a": "EGY", "country_b": "IND", "distance_km": 4437.6}, "geometry": {"type": "LineString", "coordinates": [[31.24, 30.04], [33.21689548376168, 30.32189182205821], [35.2045348276968, 30.573734201681525], [37.20184515846715, 30.795071037839758], [39.20768454929032, 30.985495680080042], [41.220848905711264, 31.144653846062504], [43.240079786519225, 31.272246230955904], [45.26407306782271, 31.368030761315758], [47.29148833414676, 31.431824451296812], [49.32095885887628, 31.463504825650947], [51.35110201844087, 31.46301088175378], [53.38052997118326, 31.43034357164881], [55.40786042353712, 31.365565794509628], [57.43172730338096, 31.268801899670684], [59.45079116336785, 31.14023671012179], [61.46374914551264, 30.98011408575732], [63.46934435191943, 30.78873505439168], [65.46637448458584, 30.566455546311357], [67.45369963885561, 30.313683774693136], [69.43024915930376, 30.0308773094037], [71.39502749255037, 29.718539895401243], [73.34711899763221, 29.377218069148086], [75.28569170009558, 29.007497627144797], [77.21, 28.61]]}}, {"type": "Feature", "properties": {"country_a": "EGY", "country_b": "IRN", "distance_km": 1982.9}, "geometry": {"type": "LineString", "coordinates": [[31.24, 30.04], [32.06102996541845, 30.350146184192855], [32.88721099726258, 30.655089744284563], [33.718549380854896, 30.95473502781181], [34.55504656461831, 31.24898630045106], [35.39669898966829, 31.537747823931884], [36.243497922369265, 31.820923938113488], [37.09542929070359, 32.098419147206734], [37.952473525343436, 32.37013821010412], [38.81460540635435, 32.635986234759635], [39.6817939164943, 32.895868776538066], [40.55400210210318, 33.14969194043037], [41.43118694260322, 33.39736248700714], [42.31329922965096, 33.63878794195692], [43.20028345699565, 33.87387670903025], [44.0920777221051, 34.10253818618283], [44.98861364061965, 34.32468288468482], [45.88981627468529, 34.5402225509346], [46.79560407619914, 34.749070290688685], [47.705888845972396, 34.95114069539077], [48.620575709779175, 35.146349970257056], [49.539563112210935, 35.33461606374739], [50.46274282919927, 35.51585879802712], [51.39, 35.69]]}}, {"type": "Feature", "properties": {"country_a": "EGY", "country_b": "IRQ", "distance_km": 1294.8}, "geometry": {"type": "LineString", "coordinates": [[31.24, 30.04], [31.790686736158385, 30.209497873754422], [32.343251230928, 30.37667047037255], [32.8976862268049, 30.541494436744973], [33.45398359713633, 30.703946515866114], [34.01213433480441, 30.864003556713087], [34.572128541440286, 31.02164252433028], [35.13395541720417, 31.176840510113514], [35.69760325116708, 31.32957474228695], [36.263059412330286, 31.479822596565505], [36.830310341318054, 31.627561606994608], [37.39934154277973, 31.77276947695908], [37.97013757853645, 31.915424090351586], [38.54268206150789, 32.055503522891215], [39.11695765045379, 32.19298605358177], [39.69294604556431, 32.32785017629863], [40.27062798493307, 32.460074611492885], [40.84998324194511, 32.58963831800048], [41.43099062361197, 32.71652050494362], [42.01362796988427, 32.840700643711195], [42.597872153971295, 32.962158480004526], [43.18369908369578, 33.08087404593376], [43.77108370391021, 33.196827672150356], [44.36, 33.31]]}}, {"type": "Feature", "properties": {"country_a": "EGY", "country_b": "ISR", "distance_km": 426.5}, "geometry": {"type": "LineString", "coordinates": [[31.24, 30.04], [31.410064038981538, 30.118168605109087], [31.580395747404996, 30.19611573527467], [31.75099562487978, 30.27384035776197], [31.921864162601018, 30.351341437963402], [32.09300184324501, 30.428617939420853], [32.26440914086425, 30.505668823848524], [32.436086520781835, 30.58249305115616], [32.60803443948548, 30.659089579472845], [32.78025334452103, 30.73545736517127], [32.95274367438555, 30.811595362892504], [33.12550585842, 30.887502525571197], [33.298540316701335, 30.963177804461417], [33.471847459934374, 31.03862014916282], [33.645427689343144, 31.113828507647508], [33.81928139656192, 31.188801826287254], [33.993408963525766, 31.263539049881352], [34.16781076236089, 31.338039121684876], [34.34248715527441, 31.412300983437586], [34.51743849444413, 31.48632357539322], [34.6926651219076, 31.56010583634948], [34.8681673694512, 31.63364670367836], [35.043945558498756, 31.70694511335717], [35.22, 31.78]]}}, {"type": "Feature", "properties": {"country_a": "EGY", "country_b": "JOR", "distance_km": 495.4}, "geometry": {"type": "LineString", "coordinates": [[31.24, 30.04], [31.4400409470676, 30.126536409620833], [31.640430472772564, 30.21276643016091], [31.841169153167645, 30.29868848021317], [32.04225754789188, 30.384300975852366], [32.24369619996365, 30.469602330690638], [32.44548563557299, 30.55459095593417], [32.64762636387334, 30.639265260441054], [32.850118876772655, 30.723623650780294], [33.052963648723825, 30.807664531291984], [33.25616113651481, 30.891386304148647], [33.45971177905797, 30.974787369417786], [33.663615997179186, 31.057866125125557], [33.86787419340646, 31.140620967321777], [34.07248675175818, 31.223050290145952], [34.27745403753108, 31.30515248589467], [34.48277639708788, 31.386925945090077], [34.68845415764476, 31.468369056549722], [34.8944876270586, 31.549480207457474], [35.10087709361418, 31.630257783435752], [35.307622825811166, 31.710700168618995], [35.514725072151265, 31.790805745728317], [35.72218406092523, 31.87057289614747], [35.93, 31.95]]}}, {"type": "Feature", "properties": {"country_a": "EGY", "country_b": "KWT", "distance_km": 1621.0}, "geometry": {"type": "LineString", "coordinates": [[31.24, 30.04], [31.97058906197534, 30.055805848388104], [32.701380414538775, 30.0675517043314], [33.43231451937039, 30.075234712817494], [34.16333169832406, 30.07885300528424], [34.894372191825894, 30.078405701439035], [35.625376217442046, 30.073892910116555], [36.35628402849406, 30.065315729172692], [37.08703597259985, 30.052676244414982], [37.81757255001857, 30.035977527572182], [38.547834471678414, 30.015223633308104], [39.27776271676769, 29.990419595286983], [40.007298589771224, 29.961571421300384], [40.73638377683635, 29.9286860874674], [41.46496040135517, 29.891771531522668], [42.192971078653194, 29.85083664520851], [42.92035896967744, 29.805891265789885], [43.647067833581424, 29.756946166712595], [44.37304207910818, 29.704013047427427], [45.09822681467739, 29.647104522404458], [45.822567897087325, 29.586234109363804], [46.546011978747515, 29.52141621675029], [47.26850655336343, 29.452666130481532], [47.99, 29.38]]}}, {"type": "Feature", "properties": {"country_a": "EGY", "country_b": "LBN", "distance_km": 586.7}, "geometry": {"type": "LineString", "coordinates": [[31.24, 30.04], [31.418035822878075, 30.21030954073428], [31.596685435892258, 30.380372058134746], [31.77595427836178, 30.550185055515744], [31.955847818483605, 30.719746014408724], [32.13637155331629, 30.889052394328022], [32.31753100875429, 31.05810163253505], [32.499331739492625, 31.226891143801343], [32.68177932898136, 31.39541832017018], [32.8648793893698, 31.56368053071692], [33.04863756143986, 31.731675121308143], [33.233059514528485, 31.899399414359472], [33.418150946438566, 32.066850708592284], [33.60391758333819, 32.234026278789194], [33.79036517964768, 32.40092337554849], [33.97749951791431, 32.567539225037486], [34.16532640867392, 32.733871028744716], [34.353851690299564, 32.89991596323136], [34.543081228836286, 33.06567117988152], [34.73302091782198, 33.23113380465173], [34.9236766780938, 33.39630093781957], [35.11505445757961, 33.561169653731504], [35.307160231074256, 33.72573700055001], [35.5, 33.89]]}}, {"type": "Feature", "properties": {"country_a": "EGY", "country_b": "LBY", "distance_km": 1742.0}, "geometry": {"type": "LineString", "coordinates": [[31.24, 30.04], [30.480447250038164, 30.21570673602022], [29.718224364149794, 30.38699242891122], [28.953372650045953, 30.553811555474162], [28.185935969756137, 30.716119324314846], [27.415960738386158, 30.873871717751737], [26.643495918450938, 31.027025533947793], [25.868593009639774, 31.175538429181096], [25.09130603388323, 31.319368960165853], [24.31169151560352, 31.45847662633213], [23.529808457044286, 31.592821911969537], [22.745718308590696, 31.72236632813756], [21.959484934006948, 31.847072454242657], [21.1711745705354, 31.966903979180337], [20.380855783819698, 32.08182574193872], [19.58859941763334, 32.19180377155887], [18.794478538414573, 32.29680532634614], [17.99856837462934, 32.396798932226865], [17.200946251004908, 32.49175442014409], [16.40169151769787, 32.58164296238733], [15.60088547448263, 32.66643710775178], [14.798611290067889, 32.746110815424345], [13.994953916670717, 32.820639487495676], [13.19, 32.89]]}}, {"type": "Feature", "properties": {"country_a": "EGY", "country_b": "LKA", "distance_km": 5678.4}, "geometry": {"type": "LineString", "coordinates": [[31.24, 30.04], [33.67717786393678, 29.380773412694694], [36.08211412260249, 28.677517132036588], [38.454195018911236, 27.932044845344727], [40.79308066260056, 27.146200735511222], [43.09868795990972, 26.321846950422888], [45.371171700395216, 25.460852416492305], [47.61090453055789, 24.56508303979766], [49.81845645691253, 23.636393295406457], [51.99457442429812, 22.676619170408046], [54.14016241569264, 21.68757239897572], [56.256262423110215, 20.671035907957805], [58.34403654931515, 19.62876037830739], [60.40475041967332, 18.56246182017923], [62.439758013849044, 17.47382005676678], [64.45048796866139, 16.364478012945902], [66.43843135593241, 15.236041708628646], [68.40513090179819, 14.09008086259922], [70.35217158561167, 12.928130019812526], [72.28117253599757, 11.75169012310669], [74.1937801275382, 10.562230458555446], [76.0916621727344, 9.361190911905325], [77.97650309915089, 8.14998448144033], [79.85, 6.93]]}}, {"type": "Feature", "properties": {"country_a": "EGY", "country_b": "MAR", "distance_km": 3602.5}, "geometry": {"type": "LineString", "coordinates": [[31.24, 30.04], [29.68146014111062, 30.446560230859856], [28.110233113551597, 30.83433085794558], [26.52663963194399, 31.202871093694686], [24.931051144756534, 31.551752214506713], [23.32389016326991, 31.880559278328956], [21.705630215906048, 32.18889287277735], [20.07679539903392, 32.476370878672384], [18.437959499800883, 32.74263023245914], [16.789744671970062, 32.987328669768395], [15.132819652111863, 33.210146431411424], [13.467897510703537, 33.41078791243697], [11.795732940591481, 33.58898323455431], [10.117119093686384, 33.74448972228137], [8.432883985470696, 33.87709326363568], [6.743886495655659, 33.98660953706372], [5.051012001859977, 34.07288508760329], [3.35516769121978, 34.13579823697891], [1.6572776021024573, 34.17525981441607], [-0.04172254566981337, 34.19121369738284], [-1.740890668706566, 34.183637154171414], [-3.439283719135407, 34.15254098315133], [-5.1359630960270515, 34.09796944658366], [-6.83, 34.02]]}}, {"type": "Feature", "properties": {"country_a": "EGY", "country_b": "MDV", "distance_km": 5282.6}, "geometry": {"type": "LineString", "coordinates": [[31.24, 30.04], [33.39014956969998, 29.16655806536709], [35.50351231926595, 28.259072263728303], [37.58075785901898, 27.319340672845524], [39.622729861452534, 26.34913022858842], [41.630423258984045, 25.350171588459126], [43.604962845201634, 24.324155232639875], [45.54758350200876, 23.272728681524693], [47.45961218569052, 22.197494705833698], [49.34245173084683, 21.100010407128547], [51.197566471847416, 19.981787051694006], [53.02646963577919, 18.84429054830299], [54.83071242720075, 17.688942469479386], [56.61187470163539, 16.517121525812207], [58.37155710985023, 15.330165413106855], [60.11137458689975, 14.12937296226799], [61.83295105712743, 12.916006531498153], [63.537915227480426, 11.691294589462254], [65.2278973454593, 10.456434446387604], [66.90452680385344, 9.212595097574287], [68.56943048133641, 7.960920150461373], [70.22423171540916, 6.702530812237367], [71.87054981160993, 5.438528920029987], [73.51, 4.17]]}}, {"type": "Feature", "properties": {"country_a": "EGY", "country_b": "NPL", "distance_km": 5232.3}, "geometry": {"type": "LineString", "coordinates": [[31.24, 30.04], [33.56225299525176, 30.42075061576116], [35.90161104617525, 30.759870347676397], [38.25638822740712, 31.056506220259347], [40.624746701660754, 31.309897519543146], [43.004711042713296, 31.519383357863532], [45.39418541154947, 31.684409481936154], [47.79097333593439, 31.804534153319434], [50.192799740689225, 31.879432947668608], [52.597334782759255, 31.90890234342342], [55.002218967815864, 31.89286200089459], [57.40508896885159, 31.831355667843617], [59.803603535931074, 31.72455068594729], [62.195468882173216, 31.57273611211868], [64.57846295445246, 31.376319507535403], [66.95045804655349, 31.13582248347416], [69.30944128413806, 30.8518751249432], [71.65353259999408, 30.525209439245145], [73.98099991879135, 30.156651996019505], [76.29027137670884, 29.747115937500887], [78.57994450671018, 29.297592542652218], [80.84879241942662, 28.80914252688596], [83.09576709804556, 28.282887251025855], [85.32, 27.72]]}}, {"type": "Feature", "properties": {"country_a": "EGY", "country_b": "OMN", "distance_km": 2786.6}, "geometry": {"type": "LineString", "coordinates": [[31.24, 30.04], [32.48096858877934, 29.87612827714374], [33.71774320151491, 29.700623164694093], [34.95008508927658, 29.513606181245905], [36.17776727793611, 29.315205431766554], [37.40057495979316, 29.105555282878935], [38.618305824234824, 28.884796030740734], [39.83077032795554, 28.65307356344436], [41.03779190575161, 28.41053901981731], [42.23920712335268, 28.157348446443063], [43.43486577415964, 27.893662454648034], [44.62463092211876, 27.619645879114607], [45.80837889327601, 27.335467439683057], [46.98599921882124, 27.041299407800764], [48.15739453264929, 26.73731727896528], [49.32248042663505, 26.423699452391727], [50.481185266944465, 26.100626919015667], [51.633449974782735, 25.768282958821906], [52.779227775021795, 25.426852848369176], [53.91848391614924, 25.07652357926153], [55.0511953649488, 24.717483588201052], [56.17735047925706, 24.349922499143755], [57.2969486620503, 23.97403087797272], [58.41, 23.59]]}}, {"type": "Feature", "properties": {"country_a": "EGY", "country_b": "PAK", "distance_km": 3950.6}, "geometry": {"type": "LineString", "coordinates": [[31.24, 30.04], [32.95104076619443, 30.481103948210787], [34.67717906058238, 30.899531547375847], [36.417974302056024, 31.29470823549386], [38.172912823496915, 31.666077694116414], [39.941407589609035, 32.01310457327266], [41.72279858253305, 32.335277257457115], [43.51635390562949, 32.632110642803426], [45.32127164554026, 32.903148892871016], [47.13668252018908, 33.14796813829206], [48.961653325967134, 33.36617908398633], [50.79519118129558, 33.55742948686327], [52.63624854649283, 33.721406466986515], [54.483728981934604, 33.85783861614306], [56.3364935884927, 33.966497869673006], [58.19336805683719, 34.04720111027502], [60.05315023607314, 34.09981147626791], [61.914618118020876, 34.124239351378996], [63.776538121848716, 34.120443018428816], [65.63767355524037, 34.088428965135655], [67.49679312321359, 34.028251836494846], [69.35267935433127, 33.940014034597816], [71.20413681642783, 33.82386497313807], [73.05, 33.68]]}}, {"type": "Feature", "properties": {"country_a": "EGY", "country_b": "PSE", "distance_km": 430.8}, "geometry": {"type": "LineString", "coordinates": [[31.24, 30.04], [31.40900333593353, 30.123362291025085], [31.578290449223655, 30.206505676502335], [31.747862018203588, 30.2894290679254], [31.91771871333121, 30.37213137424635], [32.08786119707278, 30.45461150189368], [32.25829012378599, 30.536868354790897], [32.429006139602045, 30.61890083437561], [32.60000988230716, 30.70070783961911], [32.77130198122315, 30.782288267046567], [32.94288305708727, 30.863641010757657], [33.11475372193133, 30.94476496244784], [33.286914578960044, 31.02565901143007], [33.459366222428656, 31.10632204465716], [33.63210923751979, 31.186752946744626], [33.805144200219694, 31.266950599994168], [33.97847167719358, 31.346913884417607], [34.152092225660574, 31.42664167776152], [34.326006393267626, 31.506132855532357], [34.5002147179631, 31.585386291022203], [34.6747177278694, 31.664400855335053], [34.84951594115525, 31.74317541741377], [35.024609865907095, 31.821708844067537], [35.2, 31.9]]}}, {"type": "Feature", "properties": {"country_a": "EGY", "country_b": "QAT", "distance_km": 2066.7}, "geometry": {"type": "LineString", "coordinates": [[31.24, 30.04], [32.15671628025062, 29.89847220092985], [33.07078742400803, 29.750589387123817], [33.98212234841551, 29.596407538108206], [34.89063390038617, 29.43598449663951], [35.796238924005785, 29.26937988965476], [36.698858317312734, 29.09665504846263], [37.598417078620756, 28.917872928419726], [38.49484434259326, 28.7330980283301], [39.38807340631795, 28.54239630979841], [40.278041745667224, 28.345835116758895], [41.16469102226277, 28.143483095393087], [42.04796708139244, 27.935410114639097], [42.927819941253226, 27.721687187485223], [43.8042037739166, 27.50238639322922], [44.67707687843124, 27.27758080087357], [45.54640164649315, 27.04734439381513], [46.41214452112541, 26.811751995976064], [47.274275948817944, 26.570879199510564], [48.13277032558349, 26.324802294210464], [48.987605937388224, 26.073598198720315], [49.838764895415196, 25.817344393661376], [50.68623306661589, 25.556118856751883], [51.53, 25.29]]}}, {"type": "Feature", "properties": {"country_a": "EGY", "country_b": "SAU", "distance_km": 1635.7}, "geometry": {"type": "LineString", "coordinates": [[31.24, 30.04], [31.942108681901885, 29.84577852757651], [32.641479355003575, 29.647833046295627], [33.338093512187626, 29.446207372163595], [34.03193469451616, 29.240945611164086], [34.72298846174957, 29.03209213028168], [35.41124236101002, 28.819691529244306], [36.096685893739185, 28.603788613009336], [36.77931048109743, 28.384428365014923], [37.459109427949436, 28.161655921215413], [38.13607788557839, 27.93551654491696], [38.81021281326759, 27.70605560242642], [39.481512938884705, 27.47331853952448], [40.14997871859991, 27.23735085877106], [40.81561229586514, 26.998198097648924], [41.478417459776686, 26.755905807549063], [42.13839960293966, 26.51051953359914], [42.7955656789466, 26.26208479533459], [43.44992415957913, 26.010647068209668], [44.101484991835, 25.756251765944242], [44.75025955487881, 25.498944223700224], [45.39626061700893, 25.238769682080225], [46.03950229272809, 24.97577327193938], [46.68, 24.71]]}}, {"type": "Feature", "properties": {"country_a": "EGY", "country_b": "SDN", "distance_km": 1604.3}, "geometry": {"type": "LineString", "coordinates": [[31.24, 30.04], [31.30117789555009, 29.41299048659066], [31.361609253301832, 28.785894174861287], [31.421321769750136, 28.158712876642017], [31.480342153187898, 27.531448395784295], [31.538696175253826, 26.90410252969078], [31.596408719561424, 26.276677070722073], [31.65350382760944, 25.649173807487987], [31.71000474215892, 25.021594526030356], [31.76593394824808, 24.393941010904015], [31.82131321200383, 23.766215046162053], [31.876163617396845, 23.138418416251042], [31.93050560107673, 22.51055290682147], [31.98435898541395, 21.882620305458392], [32.03774300986627, 21.254622402336928], [32.09067636077919, 20.626560990806826], [32.14317719972247, 19.998437867910237], [32.195263190457545, 19.370254834836434], [32.24695152462467, 18.7420136973171], [32.29825894623242, 18.1137162659654], [32.34920177502688, 17.485364356562233], [32.39979592881279, 16.85695979029233], [32.4500569447945, 16.228504393933274], [32.5, 15.6]]}}, {"type": "Feature", "properties": {"country_a": "EGY", "country_b": "SOM", "distance_km": 3438.6}, "geometry": {"type": "LineString", "coordinates": [[31.24, 30.04], [31.966796710049287, 28.850644268870145], [32.677212596877354, 27.65724962696618], [33.372341074762744, 26.46008645036878], [34.05321420490042, 25.25940914598035], [34.72080763294485, 24.05545761611599], [35.376045179179414, 22.848458591690754], [36.019803106262856, 21.63862684747519], [36.65291408903746, 20.42616631156759], [37.27617091010943, 19.211271080038188], [37.89032990393866, 17.99412634662837], [38.49611417108478, 16.774909256428714], [39.09421658311067, 15.553789691602942], [39.68530259748798, 14.330930996462909], [40.27001290071427, 13.106490648522994], [40.848965896761534, 11.880620881564148], [41.422760056946956, 10.653469266209486], [41.991976146359605, 9.425179253049908], [42.55717934109824, 8.195890682952614], [43.11892124977952, 6.965740268832545], [43.677741852064614, 5.734862052862676], [44.234171366326166, 4.503387842839272], [44.78873205803639, 3.2714476311984746], [45.34194, 2.03917]]}}, {"type": "Feature", "properties": {"country_a": "EGY", "country_b": "SSD", "distance_km": 2788.3}, "geometry": {"type": "LineString", "coordinates": [[31.24, 30.04], [31.25749721045125, 28.94640599554705], [31.274630639860938, 27.852631934421627], [31.29142356512728, 26.758682309803394], [31.3078978650233, 25.664561862907092], [31.3240741443683, 24.570275577194092], [31.339971846456347, 23.475828672120173], [31.355609355095496, 22.381226596437205], [31.371004087442046, 21.28647502106599], [31.386172578668855, 20.191579831557345], [31.401130559381688, 19.096547120158736], [31.415893026589863, 18.00138317750335], [31.430474308944326, 16.906094483939132], [31.444888126875934, 15.810687700514926], [31.45914764819691, 14.715169659641628], [31.47326553966818, 13.619547355446086], [31.487254014982753, 12.523827933835882], [31.50112487956999, 11.428018682293517], [31.514889572586103, 10.332127019418728], [31.528559206422102, 9.236160484237828], [31.5421446040308, 8.140126725299515], [31.55565633434915, 7.04403348957658], [31.56910474607015, 5.947888611193533], [31.5825, 4.8517]]}}, {"type": "Feature", "properties": {"country_a": "EGY", "country_b": "SYR", "distance_km": 613.7}, "geometry": {"type": "LineString", "coordinates": [[31.24, 30.04], [31.45189905595709, 30.194943318276287], [31.664461956503477, 30.34953952645418], [31.87769342621147, 30.503785420740748], [32.09159819207691, 30.657677774845943], [32.30618098298578, 30.811213339847285], [32.52144652916469, 30.964388844056383], [32.73739956161491, 31.117200992887533], [32.95404481152976, 31.269646468728425], [33.171387009694946, 31.421721930813014], [33.38943088587172, 31.573424015096755], [33.60818116816239, 31.724749334134252], [33.827642582358074, 31.87569447695939], [34.04781985126835, 32.02625600896814], [34.268717694032475, 32.17643047180411], [34.49034082541191, 32.32621438324692], [34.71269395506398, 32.47560423710355], [34.93578178679616, 32.624596503102914], [35.15960901780096, 32.77318762679339], [35.38418033787092, 32.92137402944395], [35.60950042859359, 33.06915210794865], [35.8355739625261, 33.216518234734664], [36.06240560234914, 33.36346875767416], [36.29, 33.51]]}}, {"type": "Feature", "properties": {"country_a": "EGY", "country_b": "TUN", "distance_km": 2092.0}, "geometry": {"type": "LineString", "coordinates": [[31.24, 30.04], [30.39365646758301, 30.40471299947511], [29.541046665288164, 30.763880877140565], [28.682132179193736, 31.11738342176274], [27.816880223067525, 31.465099720128283], [26.94526392411205, 31.806908243623695], [26.067262610557037, 32.14268694171468], [25.182862099933743, 32.4723133424562], [24.292054986760018, 32.79566466013902], [23.39484092825853, 33.11261791014995], [22.491226926626332, 33.42305003109147], [21.58122760627132, 33.7268380141717], [20.66486548433317, 34.02385903983721], [19.74217123271324, 34.313990621580466], [18.813183929752384, 34.59711075680872], [17.87795129961877, 34.87309808461426], [16.93652993740131, 35.14183205023575], [15.988985517851212, 35.403193075947485], [15.035392985674115, 35.6570627380593], [14.07583672525299, 35.90332394965251], [13.110410707676255, 36.141861148619775], [12.139218612961084, 36.37256049051784], [11.16237392539777, 36.595310045683014], [10.18, 36.81]]}}, {"type": "Feature", "properties": {"country_a": "EGY", "country_b": "TUR", "distance_km": 1107.4}, "geometry": {"type": "LineString", "coordinates": [[31.24, 30.04], [31.30299215811366, 30.470885419185404], [31.366541405650942, 30.901711661354657], [31.430662371129586, 31.332477692332198], [31.49537007302427, 31.763182463169002], [31.5606799346881, 32.19382490936455], [31.626607799919313, 32.624403950051196], [31.693169949206776, 33.054918487138785], [31.760383116689965, 33.485367404417836], [31.828264507871182, 33.91574956661885], [31.896831818119953, 34.346063818425726], [31.966103252012104, 34.7763089834407], [32.03609754354844, 35.206483863098356], [32.10683397730086, 35.63658723552596], [32.17833241053646, 36.066617854347335], [32.25061329637369, 36.49657444742709], [32.32369770802751, 36.92645571555203], [32.39760736420456, 37.356260331046336], [32.47236465571303, 37.78598693631672], [32.547992673355914, 38.21563414232384], [32.6245152371811, 38.64520052697563], [32.701956927166265, 39.074684633438125], [32.780343115421715, 39.504084968359194], [32.8597, 39.9334]]}}, {"type": "Feature", "properties": {"country_a": "EGY", "country_b": "YEM", "distance_km": 2096.1}, "geometry": {"type": "LineString", "coordinates": [[31.24, 30.04], [31.868963035915517, 29.42790786215638], [32.490410437489516, 28.81282489122024], [33.10458207475873, 28.194857968890474], [33.711713073724965, 27.57411076609585], [34.3120338637568, 26.95068387034073], [34.90577023705183, 26.324674909664697], [35.49314341865166, 25.696178673181954], [36.07437014564331, 25.065287228188932], [36.649662754311485, 24.432090033848144], [37.219229274127585, 23.79667405147323], [37.78327352757267, 23.1591238514546], [38.34199523489471, 22.519521716877758], [38.8955901229947, 21.877947743896456], [39.444250037722945, 21.23447993893192], [39.988163058945986, 20.589194312776876], [40.52751361781699, 19.94216497168867], [41.06248261574871, 19.29346420556102], [41.59324754464793, 18.643162573267745], [42.11998260802552, 17.99132898527452], [42.64285884264553, 17.338030783617352], [43.162044240422006, 16.683333819347705], [43.67770387031327, 16.027302527545263], [44.19, 15.37]]}}, {"type": "Feature", "properties": {"country_a": "ERI", "country_b": "ETH", "distance_km": 697.2}, "geometry": {"type": "LineString", "coordinates": [[38.94111, 15.33583], [38.932707628756155, 15.061986915400968], [38.92432670975203, 14.78813692141932], [38.91596678188067, 14.514280133513493], [38.90762738822967, 14.240416667688608], [38.899308075975135, 13.966546640487836], [38.89100839627744, 13.692670168983707], [38.882727904178715, 13.418787370769312], [38.87446615850199, 13.144898363949478], [38.86622272175198, 12.871003267131767], [38.8579971600175, 12.597102199417483], [38.84978904287527, 12.323195280392579], [38.84159794329536, 12.049282630118425], [38.83342343754795, 11.775364369122633], [38.825265105111555, 11.50144061838966], [38.817122528582544, 11.227511499351445], [38.80899529358601, 10.95357713387795], [38.800882988687846, 10.679637644267599], [38.792785205308114, 10.405693153237708], [38.784701537635506, 10.131743783914809], [38.77663158254303, 9.857789659824919], [38.768574939504724, 9.583830904883769], [38.76053121051351, 9.309867643386944], [38.7525, 9.0359]]}}, {"type": "Feature", "properties": {"country_a": "ERI", "country_b": "IND", "distance_km": 4194.4}, "geometry": {"type": "LineString", "coordinates": [[38.94111, 15.33583], [40.45845788837621, 16.081363280352697], [41.98707729918823, 16.81600395427124], [43.52742285351749, 17.539142585817245], [45.07992678562555, 18.250163044468437], [46.644996602422985, 18.948442781290016], [48.22301260607456, 19.633353208049186], [49.81432528789127, 20.304260186893686], [51.41925260499797, 20.960524638061063], [53.03807715495, 21.601503272775187], [54.67104326748275, 22.226549457997507], [56.31835403687296, 22.83501421900989], [57.98016832291165, 23.426247384891663], [59.65659775315694, 23.99959888079781], [61.34770376384573, 24.554420169531618], [63.05349472147254, 25.090065843225165], [64.77392317143955, 25.605895363990733], [66.50888326417382, 26.10127495019084], [68.25820841250427, 26.575579602510963], [70.02166923668736, 27.02819526133133], [71.79897185505675, 27.458521084024408], [73.58975657863519, 27.86597182780236], [75.39359706699403, 28.249980320671995], [77.21, 28.61]]}}, {"type": "Feature", "properties": {"country_a": "ERI", "country_b": "ISR", "distance_km": 1860.1}, "geometry": {"type": "LineString", "coordinates": [[38.94111, 15.33583], [38.79594803526821, 16.053031297072675], [38.64974314630931, 16.770085619895188], [38.50243818545058, 17.486985655360794], [38.35397448746053, 18.20372397882791], [38.204291772030544, 18.920293045957287], [38.05332804140782, 19.63668518404817], [37.90101947280538, 20.352892582835263], [37.74730030518707, 21.06890728470579], [37.592102719995964, 21.784721174292635], [37.4353567153615, 22.500325967396417], [37.276989973285225, 23.215713199185636], [37.116927719265725, 23.93087421162], [36.955092573780654, 24.645800140037814], [36.791404394996945, 25.360481898843215], [36.62578011202891, 26.074910166224115], [36.458133548007986, 26.78907536782563], [36.28837523216603, 27.502967659297493], [36.1164122000669, 28.21657690762699], [35.9421477810464, 28.929892671161067], [35.76548137183984, 29.64290417821297], [35.58630819528644, 30.355600304139045], [35.404519042901654, 31.067969546761372], [35.22, 31.78]]}}, {"type": "Feature", "properties": {"country_a": "ERI", "country_b": "JOR", "distance_km": 1865.3}, "geometry": {"type": "LineString", "coordinates": [[38.94111, 15.33583], [38.823818770476166, 16.05989294575751], [38.7056763572552, 16.783842328607104], [38.58663563109636, 17.50767262755648], [38.46664818910606, 18.231378259002735], [38.345664271695505, 18.954953571654897], [38.22363267530533, 19.678392841103406], [38.100500660563426, 20.401690264009552], [37.9762138555163, 21.124839951886056], [37.85071615354728, 21.847835924437774], [37.72394960556405, 22.570672102428958], [37.595854306004995, 23.29334230004124], [37.46636827217738, 24.01584021668318], [37.335427316400256, 24.73815942820958], [37.20296491038118, 25.46029337750473], [37.06891204120735, 26.182235364380382], [36.93319705827891, 26.903978534734836], [36.79574551045363, 27.625515868914803], [36.656479972607826, 28.34684016921674], [36.51531986074754, 29.0679440464585], [36.37218123472586, 29.788819905546152], [36.22697658753595, 30.50945992995351], [36.07961462005385, 31.22985606502449], [35.93, 31.95]]}}, {"type": "Feature", "properties": {"country_a": "ERI", "country_b": "KWT", "distance_km": 1811.3}, "geometry": {"type": "LineString", "coordinates": [[38.94111, 15.33583], [39.301222238307936, 15.95609139255379], [39.66355567912631, 16.575711497793566], [40.0282136667636, 17.194660386516098], [40.395301546244916, 17.812907525702624], [40.76492676181504, 18.430421745786646], [41.13719895808286, 19.047171206684478], [41.51223008391053, 19.663123362518874], [41.89013449914906, 20.278244924962923], [42.2710290843201, 20.8925018251287], [42.655033353340805, 21.50585917392159], [43.04226956938549, 22.11828122077822], [43.4328628639729, 22.72973131070241], [43.82694135936317, 23.340171839509935], [44.22463629434142, 23.949564207189386], [44.62608215345733, 24.557868769282372], [45.0314167997807, 25.165044786182804], [45.440781611221595, 25.77105037025057], [45.85432162045111, 26.375842430631273], [46.272185658443036, 26.979376615669203], [46.69452650163947, 27.581607252796925], [47.12150102272277, 28.18248728578039], [47.553270344952615, 28.781968209194538], [47.99, 29.38]]}}, {"type": "Feature", "properties": {"country_a": "ERI", "country_b": "LBN", "distance_km": 2084.2}, "geometry": {"type": "LineString", "coordinates": [[38.94111, 15.33583], [38.80945575500868, 16.144762026748474], [38.67672766756168, 16.953550805862807], [38.54285942780057, 17.762188580455422], [38.407782703197995, 18.57066749297538], [38.27142699128899, 19.378979576098345], [38.1337194639124, 20.18711674290624], [37.99458480221153, 20.995070776295893], [37.85394502157901, 21.802833317550935], [37.711719285659704, 22.610395854005613], [37.56782370844661, 23.41774970572301], [37.422171143417366, 24.224886011103095], [37.27467095856194, 25.03179571132849], [37.1252287960446, 25.838469533547254], [36.973746315123456, 26.644897972682326], [36.82012091681802, 27.451071271746773], [36.664245448667316, 28.256979400532146], [36.506007887755885, 29.06261203252386], [36.345291000001524, 29.86795851988291], [36.18197197349298, 30.673007866316407], [36.01592202343668, 31.477748697641218], [35.84700596601464, 32.28216922982374], [35.67508175816824, 33.08625723425576], [35.5, 33.89]]}}, {"type": "Feature", "properties": {"country_a": "ERI", "country_b": "LKA", "distance_km": 4556.5}, "geometry": {"type": "LineString", "coordinates": [[38.94111, 15.33583], [40.76983007581241, 15.106478934858863], [42.59450161322344, 14.862378397507529], [44.41495708031526, 14.603809586535906], [46.231047633554326, 14.331067907975402], [48.0426435227797, 14.044462283148224], [49.849634389146615, 13.744314450493388], [51.651929458880325, 13.430958265791155], [53.44945763649027, 13.104739004977644], [55.2421675017816, 12.766012673476094], [57.0300272155752, 12.415145325677766], [58.8130243395089, 12.052512397889116], [60.591165575641945, 11.67849805772933], [62.364476431827754, 11.293494572618902], [64.13300081895878, 10.897901699651015], [65.8968005862333, 10.49212609878823], [67.65595500055046, 10.076580770981654], [69.4105601760204, 9.651684522471912], [71.16072845938648, 9.21786145620484], [72.90658777690908, 8.775540490981749], [74.64828094796368, 8.325154908667377], [76.38596497026867, 7.867141929499066], [78.11981028129233, 7.401942315280262], [79.85, 6.93]]}}, {"type": "Feature", "properties": {"country_a": "ERI", "country_b": "MAR", "distance_km": 5021.9}, "geometry": {"type": "LineString", "coordinates": [[38.94111, 15.33583], [37.22594621648431, 16.40239127704629], [35.492126310522295, 17.454699561950218], [33.73843642801345, 18.491620872963697], [31.963689997634013, 19.511992885163934], [30.166734111522395, 20.514624164524985], [28.346456813486633, 21.49829370706151], [26.501795337456908, 22.461750832987008], [24.631745325057878, 23.403715490140804], [22.735371032738524, 24.322879024706513], [20.811816515264567, 25.217905480166483], [18.860317743045062, 26.087433487152403], [16.880215575392498, 26.930078806953606], [14.870969470330493, 27.744437589479347], [12.832171764255332, 28.52909040196204], [10.763562302386742, 29.282607077156293], [8.665043144857453, 30.003552418787244], [6.536693015506231, 30.69049278716124], [4.378781103710537, 31.342003568931812], [2.191779777413686, 31.956677511963964], [-0.023624277971407537, 32.53313387925842], [-2.2665210102050395, 33.07002834549485], [-4.535770567694527, 33.56606352679148], [-6.83, 34.02]]}}, {"type": "Feature", "properties": {"country_a": "ERI", "country_b": "MDV", "distance_km": 3981.1}, "geometry": {"type": "LineString", "coordinates": [[38.94111, 15.33583], [40.49909662147555, 14.939858320901257], [42.0513081974078, 14.533293287168506], [43.59778460130276, 14.116472888095197], [45.13858210824151, 13.689739060282001], [46.673772869712266, 13.253437257096293], [48.20344435894549, 12.807916043719718], [49.72769879183845, 12.353526718202069], [51.24665252824799, 11.890622958721485], [52.76043545809597, 11.419560497049291], [54.269190376376, 10.940696818032956], [55.77307235078205, 10.454390884742722], [57.27224808530288, 9.961002888776564], [58.76689528274952, 9.4608940250834], [60.25720200880718, 8.95442629054605], [61.74336605983645, 8.441962305461676], [63.22559433629176, 7.923865156968021], [64.7041022232819, 7.400498263387655], [66.17911297947052, 6.872225258397951], [67.65085713520577, 6.339409893881546], [69.11957190047801, 5.802415960268224], [70.58550058303534, 5.261607223144615], [72.04889201673727, 4.717347374880523], [73.51, 4.17]]}}, {"type": "Feature", "properties": {"country_a": "ERI", "country_b": "OMN", "distance_km": 2235.9}, "geometry": {"type": "LineString", "coordinates": [[38.94111, 15.33583], [39.74828749452393, 15.735100363892437], [40.558609097369164, 16.131357848210083], [41.37214612658437, 16.524510803857893], [42.18896826413791, 16.914467022849685], [43.00914346222456, 17.301133745236793], [43.83273784625088, 17.684417668153458], [44.65981561453948, 18.064224957072447], [45.49043893480982, 18.440461259365353], [46.3246678375118, 18.813031720261606], [47.16256010610823, 19.181841001300636], [48.00417116442378, 19.54679330137043], [48.84955396119983, 19.90779238042487], [49.69875885201902, 20.264741585970405], [50.551833478787515, 20.617543882410214], [51.40882264698944, 20.966101883331167], [52.26976820095493, 21.31031788681542], [53.13470889741103, 21.650093913853656], [54.00368027761417, 21.98533174993258], [54.876714538392285, 22.315932989862706], [55.75384040245507, 22.64179908590629], [56.63508298836198, 22.96283139925732], [57.52046368056814, 23.278931254917158], [58.41, 23.59]]}}, {"type": "Feature", "properties": {"country_a": "ERI", "country_b": "PAK", "distance_km": 3981.1}, "geometry": {"type": "LineString", "coordinates": [[38.94111, 15.33583], [40.235402971796454, 16.272037577410853], [41.54197098471634, 17.20017533993826], [42.86156647375276, 18.11967592418747], [44.19494022822781, 19.02995762108205], [45.54283989732297, 19.930423693305876], [46.906008220308074, 20.82046173964064], [48.28518095762211, 21.699443116189386], [49.68108449885284, 22.566722425803455], [51.09443312404043, 23.421637088424156], [52.52592589571852, 24.263507006493946], [53.97624316083999, 25.091634341060242], [55.446042644364525, 25.90530341565594], [56.93595511997236, 26.703780766453416], [58.44657964827468, 27.486315358501276], [59.978478379182235, 28.25213898900477], [61.53217092292082, 29.000466899527453], [63.10812830367508, 29.730498619589014], [64.7067665210967, 30.44141906431744], [66.3284397579681, 31.132399908477193], [67.97343328713742, 31.802601258228215], [69.64195614730863, 32.45117364025835], [71.33413367514015, 33.077260325361145], [73.05, 33.68]]}}, {"type": "Feature", "properties": {"country_a": "ERI", "country_b": "SAU", "distance_km": 1315.5}, "geometry": {"type": "LineString", "coordinates": [[38.94111, 15.33583], [39.2601012499015, 15.749994550119334], [39.58038693862646, 16.163674643466077], [39.90200682986263, 16.576855011781735], [40.22500111268486, 16.98952018796052], [40.54941041367985, 17.40165449917421], [40.875275809108665, 17.813242059859455], [41.2026388371013, 18.224266764563602], [41.53154150987646, 18.634712280645005], [41.86202632597907, 19.044562040823735], [42.19413628252707, 19.453799235578522], [42.52791488745839, 19.862406805386104], [42.86340617176765, 20.270367432798707], [43.20065470172151, 20.6776635343558], [43.539705591040104, 21.08427725232605], [43.880604513031145, 21.490190446275577], [44.223397712661836, 21.895384684458538], [44.56813201855256, 22.299841235026378], [44.91485485487473, 22.70354105705174], [45.26361425313382, 23.10646479136354], [45.614458863817, 23.50859275118966], [45.967437967883164, 23.909904912603604], [46.322601488071086, 24.310380904772042], [46.68, 24.71]]}}, {"type": "Feature", "properties": {"country_a": "ERI", "country_b": "TUN", "distance_km": 3706.7}, "geometry": {"type": "LineString", "coordinates": [[38.94111, 15.33583], [37.88131839554657, 16.369650075125612], [36.81033228866562, 17.39797944618396], [35.7273406368287, 18.420392222104354], [34.631517554198496, 19.436448507100227], [33.52202200404363, 20.44569336010457], [32.39799765100841, 21.447655730052567], [31.25857289972542, 22.44184736921769], [30.102861149678883, 23.4277617277786], [28.929961299900825, 24.404872833929947], [27.73895854098016, 25.37263416516965], [26.52892547594022, 26.3304775179197], [25.29892361572307, 27.277811884385986], [24.048005299210825, 28.21402234755477], [22.775216091781832, 29.13846900747491], [21.479597720168325, 30.05048595449788], [20.16019160462904, 30.949380307947823], [18.816043051894045, 31.834431341768088], [17.44620617363834, 32.70488972202294], [16.049749594983997, 33.55997688469227], [14.625763015235158, 34.398884585930816], [13.173364678166188, 35.22077466079433], [11.691709801092767, 36.024779030255615], [10.18, 36.81]]}}, {"type": "Feature", "properties": {"country_a": "ERI", "country_b": "TUR", "distance_km": 2789.4}, "geometry": {"type": "LineString", "coordinates": [[38.94111, 15.33583], [38.72301577895252, 16.411306482250595], [38.50251180971847, 17.486444187382006], [38.2794014916148, 18.561218165451734], [38.05348005046388, 19.635602860529357], [37.824533751814876, 20.709572043908064], [37.59233905241559, 21.78309874094554], [37.35666168268549, 22.856155150797157], [37.117255652101264, 23.92871255821914], [36.873862168446756, 25.00074123652149], [36.62620846078133, 26.0722103406381], [36.37400649472346, 27.143087789151778], [36.11695156720468, 28.213340133963285], [35.85472076619378, 29.28293241612155], [35.586971278988194, 30.351828006133275], [35.313338530477864, 31.41998842684091], [35.03343413025941, 32.48737315669108], [34.74684360455815, 33.55393941090592], [34.453123885536044, 34.619641897709535], [34.151800526645175, 35.684432546340794], [33.84236460813563, 36.74826020309231], [33.52426929153029, 37.811070291038305], [33.19692597570493, 38.872804428437675], [32.8597, 39.9334]]}}, {"type": "Feature", "properties": {"country_a": "ETH", "country_b": "IND", "distance_km": 4565.2}, "geometry": {"type": "LineString", "coordinates": [[38.7525, 9.0359], [40.260140114570305, 10.026277892004396], [41.776930658564105, 11.00971037611092], [43.303779829968185, 11.985453772332155], [44.84158977598187, 12.952752056665053], [46.39125500382001, 13.910835925820837], [47.953660506958215, 14.858921928297693], [49.52967957950888, 15.796211673839476], [51.12017129174215, 16.721891134867924], [52.72597760062995, 17.635130055100923], [54.34792007083377, 18.53508148225075], [55.986796183935056, 19.420881443399423], [57.64337521708819, 20.29164878333073], [59.318393676838085, 21.146485187705046], [61.012550279765684, 21.984475414427802], [62.7265004790806, 22.80468775780481], [64.46085054542654, 23.606174771005424], [66.21615122113096, 24.387974272860138], [67.9928909799945, 25.14911066498427], [69.79148893949151, 25.888596584515444], [71.6122874888649, 26.605434916243464], [73.45554471485667, 27.29862118546215], [75.32142672639752, 27.967146349352326], [77.21, 28.61]]}}, {"type": "Feature", "properties": {"country_a": "ETH", "country_b": "IRN", "distance_km": 3218.8}, "geometry": {"type": "LineString", "coordinates": [[38.7525, 9.0359], [39.22248123836953, 10.212095111775023], [39.69592808548285, 11.38752362861633], [40.17327733420112, 12.562090055116624], [40.654978414129125, 13.735696460103975], [41.14149497859815, 14.908242158109898], [41.63330658046399, 16.07962336945231], [42.13091044806648, 17.24973285606546], [42.634823373581035, 18.418459529943316], [43.14558372698204, 19.585688030758973], [43.66375360994008, 20.7512982688751], [44.189921165195734, 21.915164929565982], [44.72470305829708, 23.077156933821374], [45.268747150062524, 24.237136850592684], [45.82273537973647, 25.394960254762697], [46.38738688054363, 26.550475024463964], [46.96346135121499, 27.70352057062756], [47.55176270904457, 28.853926990803565], [48.15314305212431, 30.001514138343406], [48.76850696056566, 31.1460905969607], [49.39881616870878, 32.287452549476875], [50.04509464247782, 33.42538252819293], [50.70843409807633, 34.5596480327973], [51.39, 35.69]]}}, {"type": "Feature", "properties": {"country_a": "ETH", "country_b": "IRQ", "distance_km": 2748.9}, "geometry": {"type": "LineString", "coordinates": [[38.7525, 9.0359], [38.965874932824896, 10.095528541733598], [39.18065054714918, 11.154950235830277], [39.39698791160684, 12.214142340814767], [39.61505247790154, 13.27308178820619], [39.83501459604413, 14.331745140650403], [40.057050058999344, 15.390108546851446], [40.281340680478095, 16.44814769290112], [40.50807490995561, 17.505837749569608], [40.73744848938863, 18.56315331507886], [40.969665156553546, 19.620068352832792], [41.204937400437544, 20.676556123524552], [41.44348727469748, 21.732589110979156], [41.68554727586305, 22.788138941018833], [41.931361293716186, 23.843176292557914], [42.181185642138715, 24.8976708000412], [42.43529017970149, 25.95159094623383], [42.69395953038854, 27.004903944249023], [42.957494416129975, 28.05757560756054], [43.22621311428183, 29.109570206585683], [43.50045305486981, 30.160850310240523], [43.78057257433842, 31.21137661065466], [44.06695284475964, 32.261107728987255], [44.36, 33.31]]}}, {"type": "Feature", "properties": {"country_a": "ETH", "country_b": "ISR", "distance_km": 2544.6}, "geometry": {"type": "LineString", "coordinates": [[38.7525, 9.0359], [38.61629300651194, 10.026986169138173], [38.47925570011955, 11.017957089164126], [38.34129827244151, 12.008801135214638], [38.20232863244047, 12.999506609436901], [38.06225215278338, 13.990061730655905], [37.9209714025588, 14.98045462299015], [37.77838586470326, 15.970673303293704], [37.634391636344155, 16.960705667292924], [37.488881110102255, 17.950539474274922], [37.341742634210256, 18.940162330172086], [37.19286014909227, 19.929561668872612], [37.042112797808834, 20.918724731570517], [36.88937450750043, 21.907638543949904], [36.73451353865339, 22.896289890977013], [36.577391998662385, 23.884665289049412], [36.41786531576563, 24.872750955224284], [36.25578166897705, 25.86053277321612], [36.090981369124975, 26.847996255818654], [35.92329618552069, 27.835126503364723], [35.75254861211087, 28.821908157791146], [35.57855106620312, 29.808325351821956], [35.401105011978395, 30.794361652721694], [35.22, 31.78]]}}, {"type": "Feature", "properties": {"country_a": "ETH", "country_b": "JOR", "distance_km": 2553.8}, "geometry": {"type": "LineString", "coordinates": [[38.7525, 9.0359], [38.64382046337823, 10.033971586020472], [38.534473252304544, 11.03194744883607], [38.424385658611925, 12.029818024413672], [38.313483104032365, 13.027573731716034], [38.20168893077084, 14.025204968520915], [38.08892418063562, 15.022702106502066], [37.975107361328014, 16.02005548548774], [37.860154198370005, 17.017255406805585], [37.74397737100572, 18.014292125615636], [37.626486230251054, 19.011155842124218], [37.50758649708162, 20.007836691562183], [37.38717993854045, 21.00432473279966], [37.265164019309594, 22.000609935456826], [37.14143152601968, 22.99668216535605], [37.015870161264964, 23.9925311681441], [36.88836210394189, 24.98814655089452], [36.75878353213098, 25.983517761478875], [36.627004104287764, 26.97863406547099], [36.492886393988904, 27.97348452032036], [36.35628527288571, 28.968057946498664], [36.21704723583572, 29.962342895286284], [36.075009661400856, 30.956327612823284], [35.93, 31.95]]}}, {"type": "Feature", "properties": {"country_a": "ETH", "country_b": "KWT", "distance_km": 2449.9}, "geometry": {"type": "LineString", "coordinates": [[38.7525, 9.0359], [39.11539087379119, 9.929031115059926], [39.480254322875176, 10.821719696016144], [39.84728300740127, 11.713922959595159], [40.21667359816515, 12.605597333635588], [40.58862716975241, 13.496698376879873], [40.96334960928409, 14.387180694927865], [41.34105204231605, 15.276997851953176], [41.72195127752924, 16.16610227775708], [42.10627027194104, 17.054445169705566], [42.49423861846939, 17.94197638906304], [42.88609305779132, 18.828644351200424], [43.28207801655676, 19.714395909116266], [43.682446174146556, 20.599176229665723], [44.08745906030189, 21.48292866184482], [44.497387686099735, 22.365594596424444], [44.91251321090653, 23.24711331617087], [45.333127648110015, 24.127421835825736], [45.7595346126061, 25.006454730948544], [46.192050113204544, 25.88414395464792], [46.631003393312454, 26.76041864114369], [47.076737823458245, 27.635204895009164], [47.52961184942789, 28.50842556484186], [47.99, 29.38]]}}, {"type": "Feature", "properties": {"country_a": "ETH", "country_b": "LBN", "distance_km": 2772.3}, "geometry": {"type": "LineString", "coordinates": [[38.7525, 9.0359], [38.62935686119807, 10.118814747698645], [38.5053855410742, 11.20161201786637], [38.380488772068624, 12.284279142302752], [38.254566531397835, 13.36680341580675], [38.12751570881131, 14.449172088147467], [37.99922975429584, 15.531372354703256], [37.86959830308557, 16.61339134560432], [37.738506775074576, 17.695216113199287], [37.60583594542848, 18.776833617649757], [37.47146148284619, 19.858230710437937], [37.335253451526725, 20.939394115550026], [37.197075772440606, 22.0203104080731], [37.05678563898248, 23.100965989913828], [36.914232881480764, 24.181347062313627], [36.7692592743481, 25.261439594796233], [36.62169777885988, 26.341229290138454], [36.471371713628265, 27.42070154490331], [36.31809384377655, 28.49984140501412], [36.16166537858804, 29.578633515778538], [36.00187486597578, 30.657062065690113], [35.83849697045959, 31.735110723240165], [35.67129111940256, 32.812762565861995], [35.5, 33.89]]}}, {"type": "Feature", "properties": {"country_a": "ETH", "country_b": "LBY", "distance_km": 3725.6}, "geometry": {"type": "LineString", "coordinates": [[38.7525, 9.0359], [37.78035812365858, 10.137674568736445], [36.80156022973181, 11.23647939565485], [35.81533454956949, 12.331962730223825], [34.82089591963803, 13.423764232145816], [33.81744454629475, 14.511514002704475], [32.80416480880914, 15.594831582767478], [31.780224110925467, 16.673324915016078], [30.744771793371903, 17.746589268221246], [29.69693812214834, 18.81420612170346], [28.635833370200416, 19.875742008513047], [27.560547013244083, 20.930747316368254], [26.47014706407663, 21.97875504600702], [25.36367957372611, 23.019279527368738], [24.240168332278245, 24.051815094948378], [23.098614807196387, 25.075834724785214], [21.937998362422224, 26.090788636892803], [20.75727680750428, 27.096102868538868], [19.555387332412977, 28.091177825679864], [18.331247890503704, 29.075386822081402], [17.083759099176405, 30.048074618251682], [15.811806734997276, 31.008555975316092], [14.514264907173054, 31.95611424240091], [13.19, 32.89]]}}, {"type": "Feature", "properties": {"country_a": "ETH", "country_b": "LKA", "distance_km": 4534.7}, "geometry": {"type": "LineString", "coordinates": [[38.7525, 9.0359], [40.545718362183976, 9.036711105218224], [42.338901422707956, 9.028760040461592], [44.13196269207596, 9.012055015151924], [45.92481618421579, 8.986613272695317], [47.717376771447775, 8.952461063299523], [49.509560535199945, 8.909633602697575], [51.301285110747784, 8.85817501697166], [53.09247002430156, 8.798138273734992], [54.8830370208223, 8.729585099990732], [56.672910381016635, 8.652585887045014], [58.46201722604066, 8.567219582905734], [60.25028780853237, 8.47357357264896], [62.03765578869086, 8.371743547280575], [63.82405849422536, 8.261833361661633], [65.60943716310908, 8.143954882101347], [67.39373716818947, 8.018227824251786], [69.17690822282563, 7.884779581962752], [70.95890456684619, 7.743745047774003], [72.7396851322438, 7.595266425734919], [74.51921368814479, 7.439493037248912], [76.29745896471307, 7.276581120641502], [78.07439475576683, 7.1066936251470425], [79.85, 6.93]]}}, {"type": "Feature", "properties": {"country_a": "ETH", "country_b": "MAR", "distance_km": 5409.2}, "geometry": {"type": "LineString", "coordinates": [[38.7525, 9.0359], [37.05582713904144, 10.334910815572737], [35.34520693847433, 11.62481995132867], [33.618833947959246, 12.904376858068836], [31.87489773265444, 14.17229887060749], [30.111585046314108, 15.427267728160736], [28.327082991632473, 16.667926198340332], [26.519583318107955, 17.89287484473946], [24.68728801784317, 19.100668987705586], [22.828416387963927, 20.28981591871386], [20.941213733493683, 21.458772440740045], [19.02396188501903, 22.605942820066872], [17.07499169946291, 23.72967724882074], [15.092697697558929, 24.828270931872847], [13.075554965707052, 25.899963926029464], [11.02213841009166, 26.94294187295915], [8.931144394476014, 27.955337779110845], [6.801414717330353, 28.93523500475988], [4.6319627867394, 29.880671628822142], [2.4220017316097184, 30.789646354497435], [0.17097404521829418, 31.660126111262976], [-2.1214178056897595, 32.49005548927474], [-4.4551805513761735, 33.27736811096834], [-6.83, 34.02]]}}, {"type": "Feature", "properties": {"country_a": "ETH", "country_b": "MDV", "distance_km": 3879.2}, "geometry": {"type": "LineString", "coordinates": [[38.7525, 9.0359], [40.278397198078835, 8.88236104177627], [41.802999591891286, 8.722586152125034], [43.326281862112204, 8.556694342229465], [44.848222532386814, 8.384808775286771], [46.368804011826604, 8.207056639305453], [47.88801262540728, 8.023569018493777], [49.405838632409036, 7.834480763572978], [50.92227623308159, 7.639930361335485], [52.4373235637553, 7.440059803753867], [53.95098268065499, 7.235014456930104], [55.46325953270486, 7.0249429301576125], [56.97416392364123, 6.809996945350264], [58.483709463774346, 6.590331207073517], [59.99191351176185, 6.366103273393091], [61.49879710677415, 6.137473427736289], [63.004384891446506, 5.904604551940482], [64.50870502602382, 5.667662000642349], [66.01178909411266, 5.426813477140603], [67.5136720004604, 5.182228910843952], [69.01439186118459, 4.93408033639545], [70.51398988687606, 4.6825417745439015], [72.01251025899805, 4.427789114813085], [73.51, 4.17]]}}, {"type": "Feature", "properties": {"country_a": "ETH", "country_b": "NPL", "distance_km": 5297.6}, "geometry": {"type": "LineString", "coordinates": [[38.7525, 9.0359], [40.58318326285066, 10.053038393927507], [42.42529179770287, 11.059933229841386], [44.27994486470966, 12.055463376777269], [46.14823735435254, 13.038492265704907], [48.03123554142681, 14.00786711491429], [49.92997233349435, 14.962418369534783], [51.84544198572816, 15.900959385834087], [53.778594261607225, 16.82228639316378], [55.73032802848153, 17.725178768395914], [57.70148428887683, 18.608399659287645], [59.692838662774506, 19.470696994251863], [61.705093353148676, 20.31080491631367], [63.738868646849866, 21.12744567838819], [65.7946940254427, 21.919332035204263], [67.87299898562395, 22.68517016399434], [69.97410369595487, 23.423663141253538], [72.09820964518343, 24.133514996239516], [74.24539046649184, 24.813435353280248], [76.41558315037061, 25.462144664277478], [78.60857988500615, 26.07838002002474], [80.8240207853259, 26.660901514192506], [83.0613877882293, 27.208499117293368], [85.32, 27.72]]}}, {"type": "Feature", "properties": {"country_a": "ETH", "country_b": "OMN", "distance_km": 2640.8}, "geometry": {"type": "LineString", "coordinates": [[38.7525, 9.0359], [39.55470886978181, 9.701436982201727], [40.36008484006147, 10.365062982094845], [41.168852969942066, 11.026636629914574], [41.981239207726944, 11.686014801034464], [42.797470399240076, 12.343052499863136], [43.61777428574481, 12.997602743707265], [44.44237949050095, 13.64951644672017], [45.27151549294421, 14.29864230407978], [46.105412589414115, 14.94482667656655], [46.94430183929681, 15.587913475741276], [47.78841499538809, 16.227744049954143], [48.63798441722032, 16.864157071450883], [49.493242966035154, 17.49698842487861], [50.354423880022374, 18.126071097533984], [51.22176062838633, 18.751235071738687], [52.09548674274388, 19.37230721977298], [52.97583562430525, 19.98911120184669], [53.86304032524096, 20.60146736763839], [54.75733330259771, 21.209192661988205], [55.65894614309313, 21.812100535387156], [56.56810925709817, 22.410000859965724], [57.48505154010692, 23.002699851747725], [58.41, 23.59]]}}, {"type": "Feature", "properties": {"country_a": "ETH", "country_b": "PAK", "distance_km": 4445.4}, "geometry": {"type": "LineString", "coordinates": [[38.7525, 9.0359], [40.042534023489964, 10.225382436626564], [41.34218256016106, 11.409633333255984], [42.65262198855823, 12.587988227131891], [43.97504293357122, 13.759765831982875], [45.31065104159916, 14.924266137462604], [46.66066749384345, 16.08076848014488], [48.02632921067754, 17.228529589263513], [49.40888869373504, 18.366781612434924], [50.80961344549272, 19.494730129022084], [52.229784898773985, 20.611552161639807], [53.670696780878885, 21.716394199611567], [55.13365282913432, 22.808370252015067], [56.619963766798065, 23.88655995234123], [58.13094344078216, 24.950006741774406], [59.66790401602998, 25.99771616370276], [61.23215011616033, 27.02865430828846], [62.82497179690415, 28.041746452740586], [64.44763623878413, 29.035875950272782], [66.10137804948224, 30.00988342847591], [67.78738807562667, 30.962566365809607], [69.50680063968626, 31.892679122854123], [71.26067914177725, 32.7989335125076], [73.05, 33.68]]}}, {"type": "Feature", "properties": {"country_a": "ETH", "country_b": "PSE", "distance_km": 2558.0}, "geometry": {"type": "LineString", "coordinates": [[38.7525, 9.0359], [38.615658864883926, 10.032231771138175], [38.47797867251929, 11.028447081649658], [38.33936822231288, 12.024534128548797], [38.19973398108924, 13.020481034395864], [38.05897982265314, 14.016275836696884], [37.91700675325209, 15.011906476217206], [37.77371262122745, 16.007360784082298], [37.62899180899137, 17.002626467528945], [37.48273490529475, 17.997691094158327], [37.334828355556084, 18.992542074529332], [37.18515408779941, 19.987166642914968], [37.03358911149788, 20.981551836027926], [36.88000508633423, 21.975684469501402], [36.72426785756541, 22.96955111188936], [36.566236954311016, 23.963138055924542], [36.40576504666689, 24.95643128674434], [36.24269735706978, 25.9494164467608], [36.07687102079732, 26.94207879681418], [35.908114389869695, 27.934403173205826], [35.73624627391365, 28.926373940157113], [35.56107511074245, 29.91797493718459], [35.38239805848053, 30.90918942081635], [35.2, 31.9]]}}, {"type": "Feature", "properties": {"country_a": "ETH", "country_b": "QAT", "distance_km": 2251.2}, "geometry": {"type": "LineString", "coordinates": [[38.7525, 9.0359], [39.26889412783634, 9.757100339711736], [39.78751280177489, 10.477484469884303], [40.30853178429593, 11.196987306453304], [40.83212914659244, 11.915542771402073], [41.35848543872869, 12.633083713257218], [41.88778386166271, 13.349541825356278], [42.420210441158005, 14.064847561724516], [42.95595420358734, 14.778930050395022], [43.49520735360535, 15.491717004003146], [44.03816545363729, 16.203134627483525], [44.585027605098105, 16.91310752269497], [45.13599663121869, 17.62155858979607], [45.69127926131365, 18.328408925191887], [46.25108631627803, 19.033577715870198], [46.815632895046605, 19.736982129944266], [47.385138561690255, 20.43853720321817], [47.95982753275655, 21.138155721590437], [48.539928864387576, 21.83574809911269], [49.12567663866406, 22.531222251521314], [49.71731014853255, 23.224483465063557], [50.31507408056854, 23.915434260443657], [50.919218694713976, 24.603974251720945], [51.53, 25.29]]}}, {"type": "Feature", "properties": {"country_a": "ETH", "country_b": "SAU", "distance_km": 1928.0}, "geometry": {"type": "LineString", "coordinates": [[38.7525, 9.0359], [39.07421041487922, 9.723145645695313], [39.397237063198745, 10.410059845212883], [39.72168025364867, 11.096617467927484], [40.04764179499196, 11.782793029691621], [40.37522511058553, 12.468560664841434], [40.70453535596956, 13.153894097263244], [41.035679539755314, 13.838766610445319], [41.368766648049, 14.523151016435998], [41.70390777265676, 15.20701962362576], [42.04121624332406, 15.890344203266746], [42.38080776427097, 16.57309595463915], [42.72280055529383, 17.255245468769267], [43.06731549771275, 17.93676269059908], [43.41447628545384, 18.61761687950196], [43.76440958156474, 19.297776568033612], [44.11724518047194, 19.97720951880103], [44.47311617629813, 20.655882679326123], [44.832159137568276, 21.333762134773547], [45.194514288642765, 22.010813058404935], [45.560325698226094, 22.68699965961399], [45.92974147530893, 23.362285129388354], [46.302913972910964, 24.036631583035472], [46.68, 24.71]]}}, {"type": "Feature", "properties": {"country_a": "ETH", "country_b": "SDN", "distance_km": 994.6}, "geometry": {"type": "LineString", "coordinates": [[38.7525, 9.0359], [38.4865673282573, 9.324069365369704], [38.22019810897333, 9.612035121745498], [37.95337817590099, 9.899790540381996], [37.68609331026047, 10.187328855910454], [37.41832923925911, 10.474643265134935], [37.15007163462308, 10.76172692581997], [36.88130611114164, 11.04857295546941], [36.61201822522454, 11.335174430096354], [36.34219347347354, 11.621524382983855], [36.071817291268765, 11.907615803436306], [35.80087505137069, 12.193441635521202], [35.52935206253882, 12.478994776801173], [35.25723356816788, 12.764268077056068], [34.98450474494243, 13.04925433699491], [34.71115070151117, 13.333946306957579], [34.43715647718175, 13.618336685606002], [34.162507040637315, 13.902418118604785], [33.88718728867604, 14.18618319729101], [33.6111820449747, 14.469624457333184], [33.334476058877684, 14.752734377379147], [33.05705400421277, 15.035505377692754], [32.77890047813497, 15.317929818779385], [32.5, 15.6]]}}, {"type": "Feature", "properties": {"country_a": "ETH", "country_b": "SOM", "distance_km": 1063.5}, "geometry": {"type": "LineString", "coordinates": [[38.7525, 9.0359], [39.04286249419112, 8.733563741347274], [39.3327575180302, 8.431000733489263], [39.622201893753164, 8.128219268620501], [39.91121238905973, 7.825227597568125], [40.199805718954835, 7.522033931372516], [40.487998547606196, 7.218646442858689], [40.77580749021688, 6.915073268198702], [41.06324911491214, 6.611322508465464], [41.35033994463961, 6.307402231178188], [41.63709645908195, 6.00332047183986], [41.9235350965813, 5.699085235467022], [42.20967225607463, 5.394704498112197], [42.495524299039445, 5.090186208379312], [42.781107551448926, 4.785538288932432], [43.06643830573604, 4.48076863799814], [43.35153282276591, 4.175885130861945], [43.63640733381574, 3.870895621359021], [43.92107804256182, 3.565807943359635], [44.20556112707306, 3.2606299122496445], [44.48987274181031, 2.9553693264063794], [44.77402901963117, 2.6500339686702854], [45.05804607379962, 2.344631607812682], [45.34194, 2.03917]]}}, {"type": "Feature", "properties": {"country_a": "ETH", "country_b": "SSD", "distance_km": 917.4}, "geometry": {"type": "LineString", "coordinates": [[38.7525, 9.0359], [38.43788191403255, 8.856468177187624], [38.123568946857745, 8.676770352263613], [37.80955495952189, 8.496812245471185], [37.4958337993887, 8.31659956491577], [37.18239930058973, 8.136138006775466], [36.869245284464384, 7.955433255514769], [36.556365559989956, 7.774490984101436], [36.24375392420176, 7.593316854226494], [35.931404162603584, 7.41191651652715], [35.619310049568796, 7.230295610812659], [35.3074653487322, 7.048459766292935], [34.99586381337293, 6.866414601809898], [34.68449918678858, 6.68416572607141], [34.37336520266083, 6.5017187378877725], [34.06245558541271, 6.3190792264106355], [33.75176405055785, 6.136252771374265], [33.441284305041805, 5.953244943339116], [33.13101004757575, 5.770061303937559], [32.820934968962824, 5.586707406121759], [32.5110527524172, 5.403188794413545], [32.20135707387628, 5.219511005156291], [31.89184160230604, 5.0356795667686285], [31.5825, 4.8517]]}}, {"type": "Feature", "properties": {"country_a": "ETH", "country_b": "SYR", "distance_km": 2721.8}, "geometry": {"type": "LineString", "coordinates": [[38.7525, 9.0359], [38.658947062877346, 10.1018072998033], [38.56477592603668, 11.167619106566457], [38.46991502533312, 12.233325435539241], [38.37429080216539, 13.298916324659055], [38.27782746615, 14.364381834007947], [38.18044674367523, 15.429712044476922], [38.082067610496885, 16.4948970555438], [37.98260600635822, 17.5599269820635], [37.881974529410456, 18.624791949961097], [37.78008210797337, 19.689482090707997], [37.67683364690408, 20.75398753445062], [37.572129645531106, 21.818298401647496], [37.46586578375341, 22.88240479305609], [37.35793247249438, 23.94629677789295], [37.24821436422965, 25.00996437997125], [37.136589818765366, 26.07339756159626], [37.02293031881911, 27.136586204973096], [36.90709982923447, 28.199520090849795], [36.78895409282653, 29.26218887408339], [36.668339854889375, 30.324582055774606], [36.54509400727516, 31.386688951568782], [36.41904264164883, 32.44849865566381], [36.29, 33.51]]}}, {"type": "Feature", "properties": {"country_a": "ETH", "country_b": "TUN", "distance_km": 4214.8}, "geometry": {"type": "LineString", "coordinates": [[38.7525, 9.0359], [37.70735483966202, 10.328041650424218], [36.653650385641605, 11.616668184514152], [35.59023429969217, 12.901298058433097], [34.515927405825714, 14.181435286704797], [33.42952067035814, 15.456567539924942], [32.329772205399514, 16.72616415044722], [31.215404315103502, 17.989674016914254], [30.085100610214027, 19.246523398827566], [28.93750322390136, 20.496113592862663], [27.771210170757154, 21.73781848339318], [26.58477290133304, 22.970981960764092], [25.376694116989327, 24.19491520233312], [24.14542592430788, 25.40889381328622], [22.889368425156306, 26.612154826848], [21.606868857890426, 27.803893566896853], [20.29622142733171, 28.983260380322477], [18.95566798616752, 30.149357251921295], [17.58339975828578, 31.301234321427078], [16.177560325090013, 32.43788633065203], [14.736250128603924, 33.55824903891605], [13.257532779372365, 34.661195657218734], [11.739443491525218, 35.745533366196256], [10.18, 36.81]]}}, {"type": "Feature", "properties": {"country_a": "ETH", "country_b": "TUR", "distance_km": 3472.6}, "geometry": {"type": "LineString", "coordinates": [[38.7525, 9.0359], [38.542628306733626, 10.384974054574402], [38.33094921307688, 11.733796639355102], [38.11720312607969, 13.082334010141086], [37.90112090540106, 14.430551989720412], [37.68242246248695, 15.778415891969178], [37.460815249561975, 17.125890436555807], [37.23599262066056, 18.472939652785445], [37.00763204464386, 19.819526770941252], [36.7753931474446, 21.165614099267522], [36.53891555757714, 22.511162884487344], [36.29781652515218, 23.856133153448273], [36.05168828013053, 25.200483533132072], [35.800095090200465, 26.54417104583979], [35.54256997229796, 27.88715087585504], [35.27861100420005, 29.22937610328018], [35.007677173550256, 30.570797400010584], [34.72918369080368, 31.911362681933273], [34.44249667951102, 33.25101671037614], [34.146927141603065, 34.58970063454874], [33.841724076272676, 35.9273514651547], [33.526066607905925, 37.26390146744953], [33.19905495031119, 38.59927745968383], [32.8597, 39.9334]]}}, {"type": "Feature", "properties": {"country_a": "ETH", "country_b": "YEM", "distance_km": 916.9}, "geometry": {"type": "LineString", "coordinates": [[38.7525, 9.0359], [38.98398846308817, 9.313390523491508], [39.21584243811718, 9.59072615750436], [39.44807340585584, 9.86790197045902], [39.680692893726494, 10.14491300456805], [39.91371247715742, 10.421754274993292], [40.14714378093347, 10.698420768996167], [40.38099848054482, 10.97490744508083], [40.61528830353356, 11.25120923213009], [40.85002503083787, 11.527321028533807], [41.08522049813343, 11.803237701309634], [41.320886597171814, 12.078954085215873], [41.55703527711557, 12.35446498185631], [41.79367854586951, 12.62976515877679], [42.03082847140805, 12.904849348553341], [42.26849718309791, 13.179712247871734], [42.50669687301607, 13.45434851659817], [42.74543979726231, 13.728752776841077], [42.98473827726593, 14.002919612003648], [43.22460470108626, 14.276843565827098], [43.46505152470617, 14.55051914142439], [43.706091273318336, 14.823940800304216], [43.94773654260349, 15.097102961385207], [44.19, 15.37]]}}, {"type": "Feature", "properties": {"country_a": "IND", "country_b": "IRN", "distance_km": 2550.4}, "geometry": {"type": "LineString", "coordinates": [[77.21, 28.61], [76.17455453466357, 29.021519283065565], [75.13094808419417, 29.424971678123423], [74.07914662879247, 29.820160288558807], [73.01912777843206, 30.206887672224127], [71.95088133919161, 30.584956073614443], [70.87440987276129, 30.954167673438285], [69.78972924503503, 31.31432485563246], [68.69686915940204, 31.665230491750922], [67.59587367007344, 32.006688242528234], [66.48680167052595, 32.33850287627708], [65.36972735192289, 32.66048060362772], [64.2447406261912, 32.972429427956406], [63.11194750829572, 33.27415951068009], [61.97147045217162, 33.56548355041839], [60.82344863475345, 33.84621717484174], [59.668038182587125, 34.116179343840074], [58.505412335632215, 34.37519276246001], [57.33576154306285, 34.623084301874854], [56.15929348616085, 34.85968542647168], [54.976233023767485, 35.08483262496804], [53.78682205622115, 35.29836784330941], [52.591319304259386, 35.50013891695124], [51.39, 35.69]]}}, {"type": "Feature", "properties": {"country_a": "IND", "country_b": "IRQ", "distance_km": 3168.3}, "geometry": {"type": "LineString", "coordinates": [[77.21, 28.61], [75.86414995567519, 28.983243565249065], [74.50877990806254, 29.342902586395514], [73.14404510199111, 29.68868156442118], [71.77012794556573, 30.02029046453493], [70.38723839821117, 30.3374455004121], [68.99561422874608, 30.639869939527202], [67.59552113168773, 30.927294925172827], [66.18725269079293, 31.199460310263166], [64.77113017990202, 31.456115497554062], [63.3475021924737, 31.697020280482665], [61.9167440927754, 31.92194567845273], [60.479257283514734, 32.13067476007551], [59.03546828674516, 32.323003447634534], [57.58582763712329, 32.49874129588335], [56.13080858900371, 32.65771223822038], [54.670905641385204, 32.79975529331893], [53.206632887321874, 32.92472522543189], [51.73852219702812, 33.03249315183982], [50.26712124647909, 33.12294709127164], [48.792991405777485, 33.19599244759453], [47.31670550386178, 33.25155242364089], [45.83884548821075, 33.289568360705786], [44.36, 33.31]]}}, {"type": "Feature", "properties": {"country_a": "IND", "country_b": "ISR", "distance_km": 4034.0}, "geometry": {"type": "LineString", "coordinates": [[77.21, 28.61], [75.4764269304287, 29.026406400343657], [73.7292686964587, 29.420243986622534], [71.96898219839917, 29.790974608535166], [70.19609055544083, 30.13808017806626], [68.41118274535113, 30.461065171068125], [66.61491263208872, 30.759459139358878], [64.80799734785542, 31.032819205355253], [62.991215006116946, 31.280732509418826], [61.165401733691915, 31.50281857877278], [59.33144802289269, 31.698731586131633], [57.490294418574166, 31.868162466153258], [55.642926569407834, 32.01084085852703], [53.79036968728562, 32.12653684798633], [51.93368247296421, 32.21506247378069], [50.07395057936378, 32.27627298413886], [48.212279695815965, 32.310067814940005], [46.34978834653563, 32.316391276101236], [44.48760050425389, 32.295232933970794], [42.62683812496721, 32.24662768315193], [40.76861371191398, 32.17065550651807], [38.9140230160896, 32.06744092755461], [37.06413797689092, 31.93715216440986], [35.22, 31.78]]}}, {"type": "Feature", "properties": {"country_a": "IND", "country_b": "JOR", "distance_km": 3965.2}, "geometry": {"type": "LineString", "coordinates": [[77.21, 28.61], [75.50753781215128, 29.024237688182225], [73.79179379014833, 29.41671048393135], [72.0631915826589, 29.786901227757532], [70.32221717551609, 30.134311064905255], [68.5694186869389, 30.458461756379492], [66.80540561217173, 30.758898005464346], [65.03084748537934, 31.035189775065927], [63.24647193512894, 31.28693456947922], [61.45306211968903, 31.513759652874153], [59.65145353948911, 31.715324176000912], [57.84253023615376, 31.891321182395714], [56.02722040022395, 32.04147946577992], [54.206491422624396, 32.165565251421334], [52.3813444377031, 32.26338367597904], [50.552808417810674, 32.334780042768955], [48.72193389045091, 32.379640832427214], [46.889786358594655, 32.39789445254745], [45.057439512421304, 32.38951171393799], [43.22596832622269, 32.35450602557402], [41.39644213724361, 32.29293330498425], [39.569917803713246, 32.20489160557226], [37.74743303722096, 32.09052046708827], [35.93, 31.95]]}}, {"type": "Feature", "properties": {"country_a": "IND", "country_b": "KWT", "distance_km": 2841.2}, "geometry": {"type": "LineString", "coordinates": [[77.21, 28.61], [75.96010970910773, 28.776317522131002], [74.70638738947522, 28.93103135001906], [73.44907792199623, 29.074033428100183], [72.18843604318306, 29.205223014041938], [70.9247257628365, 29.324506945933038], [69.65821972997168, 29.43179989370206], [68.38919854950471, 29.527024593073886], [67.11795005272113, 29.61011206045636], [65.84476852504392, 29.68100178725266], [64.56995389508867, 29.739641912216083], [63.29381088942777, 29.78598937060217], [62.01664815787674, 29.82001001902748], [60.73877737445753, 29.84167873511205], [59.46051231947804, 29.85097949116302], [58.18216794839087, 29.847905401346715], [56.904059453251115, 29.832458741993868], [55.626501322682124, 29.80465094488445], [54.349806406275455, 29.76450256356304], [53.07428498929853, 29.71204321293876], [51.80024388346029, 29.647311482624055], [50.52798553929479, 29.570354824660267], [49.25780718546808, 29.481229416463723], [47.99, 29.38]]}}, {"type": "Feature", "properties": {"country_a": "IND", "country_b": "LBN", "distance_km": 3988.7}, "geometry": {"type": "LineString", "coordinates": [[77.21, 28.61], [75.52732452155846, 29.11419719888514], [73.82851291092919, 29.5970407624183], [72.11381657569727, 30.057905119279862], [70.38355829851844, 30.49617630278232], [68.63813408497693, 30.91125453021353], [66.87801449343118, 31.302556892819926], [65.10374537666209, 31.669520134372895], [63.31594796956848, 32.01160349260332], [61.515318263932784, 32.3282915743174], [59.70262562047912, 32.619097231853814], [57.87871058003827, 32.88356440584503], [56.04448184947971, 33.12127089714218], [54.20091245390729, 33.33183102938056], [52.3490350640583, 33.51489816311752], [50.48993652639364, 33.67016702285593], [48.62475164241799, 33.79737579963611], [46.7546562626428, 33.896307994261996], [44.880859778578994, 33.96679396960755], [43.00459711248844, 34.00871218476899], [41.12712031863924, 34.021990088985234], [39.249689920880996, 34.00660465910343], [37.37356611898218, 33.962582570741866], [35.5, 33.89]]}}, {"type": "Feature", "properties": {"country_a": "IND", "country_b": "LBY", "distance_km": 6054.3}, "geometry": {"type": "LineString", "coordinates": [[77.21, 28.61], [74.68845822852535, 29.464589577537257], [72.12551395930895, 30.270519789731026], [69.52171201466875, 31.025390572784858], [66.87800816698532, 31.72684603128921], [64.1957923213208, 32.372597017226305], [61.47690498197551, 32.960445588734714], [58.72364530965813, 33.48831090140264], [55.938769207155076, 33.95425595195139], [53.12547613710583, 34.35651447109719], [50.287383780364216, 34.69351716085738], [47.428490177205475, 34.96391640364356], [44.55312362908341, 35.166608547091336], [41.665881331809906, 35.300752897903976], [38.771558404467434, 35.36578664395967], [35.87506960723809, 35.36143506507412], [32.98136654172078, 35.287716581778135], [30.095353445390664, 35.14494241545647], [27.221804792186326, 34.93371087518397], [24.365287782427714, 34.65489652735961], [21.530092461943255, 34.30963472469774], [18.72017169054284, 33.89930215470798], [15.939092539396988, 33.42549420230203], [13.19, 32.89]]}}, {"type": "Feature", "properties": {"country_a": "IND", "country_b": "LKA", "distance_km": 2415.7}, "geometry": {"type": "LineString", "coordinates": [[77.21, 28.61], [77.34166118908144, 27.669451763327515], [77.47108646156815, 26.72865283507885], [77.59839973184506, 25.78761294353956], [77.72371873381206, 24.846341617040892], [77.84715548945275, 23.90484820650031], [77.96881674030662, 22.963141905741736], [78.08880434546857, 22.021231769801485], [78.20721564935913, 21.079126731404653], [78.32414382217398, 20.136835615778022], [78.43967817562526, 19.1943671539494], [78.55390445632682, 18.251729994668498], [78.6669051189447, 17.308932715072274], [78.7787595810305, 16.365983830205934], [78.8895444612743, 15.422891801501311], [78.9993338027544, 14.479665044305284], [79.10819928261897, 13.536311934543384], [79.21621040950897, 12.592840814596691], [79.32343470992087, 11.649259998464377], [79.42993790460804, 10.70557777627853], [79.5357840760335, 9.761802418233545], [79.64103582780841, 8.817942177987966], [79.74575443698347, 7.874005295593194], [79.85, 6.93]]}}, {"type": "Feature", "properties": {"country_a": "IND", "country_b": "MAR", "distance_km": 7789.2}, "geometry": {"type": "LineString", "coordinates": [[77.21, 28.61], [74.12777615784111, 30.038604573146547], [70.9582349066382, 31.39264401899095], [67.6992256252669, 32.66584363472115], [64.34975861278205, 33.851804451649635], [60.91021773351294, 34.94407874620396], [57.38256450394495, 35.93626539361406], [53.770516250713754, 36.822124699787494], [50.079677967894185, 37.5957106016954], [46.317606274795594, 38.2515160399851], [42.49378535449752, 38.78462508918995], [38.61949962528609, 39.19086340163612], [34.70759629489715, 39.466937075471385], [30.772142196528748, 39.610549586221445], [26.827991857922093, 39.62048720762499], [22.890295410283223, 39.49666546286654], [18.973983357889246, 39.240132391426975], [15.093268568820157, 38.85302833100372], [11.261203356479399, 38.33850587681251], [7.489321765639275, 37.700617058499724], [3.787385859067413, 36.944177077262545], [0.16324223217799272, 36.07461493104855], [-3.377216576945358, 35.09782095750572], [-6.83, 34.02]]}}, {"type": "Feature", "properties": {"country_a": "IND", "country_b": "MDV", "distance_km": 2733.1}, "geometry": {"type": "LineString", "coordinates": [[77.21, 28.61], [77.02361536013649, 27.55053498294052], [76.84077480309082, 26.49066314536352], [76.66125790608638, 25.430403933047234], [76.48485645640444, 24.36977617065637], [76.31137341950534, 23.308798127660268], [76.14062199732936, 22.24748757755689], [75.97242476703023, 21.185861851105372], [75.80661289151736, 20.123937884189136], [75.64302539415911, 19.061732260862286], [75.4815084908495, 17.99926125207134], [75.32191497337998, 16.936540850492023], [75.16410363870368, 15.873586801875263], [75.00793875924322, 14.81041463325656], [74.85328958988525, 13.747039678348616], [74.70002990773523, 12.683477100406602], [74.54803758108217, 11.619741912829427], [74.39719416435153, 10.555848997737218], [74.24738451611107, 9.491813122745523], [74.0984964374444, 8.427648956139139], [73.95042032822356, 7.363371080633759], [73.80304885899986, 6.298994005900442], [73.65627665639352, 5.23453218001687], [73.51, 4.17]]}}, {"type": "Feature", "properties": {"country_a": "IND", "country_b": "NPL", "distance_km": 802.4}, "geometry": {"type": "LineString", "coordinates": [[77.21, 28.61], [77.56519155961546, 28.581383577732034], [77.92018775620978, 28.551837688775812], [78.27498271170643, 28.521363978517005], [78.62957059251228, 28.489964141087867], [78.98394561068528, 28.457639919010308], [79.33810202508184, 28.424393102830308], [79.69203414248328, 28.39022553074364], [80.0457363187013, 28.355139088213335], [80.39920295966196, 28.319135707578823], [80.75242852246768, 28.28221736765728], [81.10540751643713, 28.244386093337056], [81.45813450412257, 28.20564395516362], [81.8106041023044, 28.16599306891816], [82.16281098296255, 28.125435595189074], [82.51474987422458, 28.08397373893648], [82.86641556128995, 28.041609749050135], [83.21780288733076, 27.99834591790083], [83.56890675436814, 27.954184580885535], [83.91972212412452, 27.90912811596655], [84.27024401885137, 27.863178943204865], [84.62046752213251, 27.816339524287926], [84.97038777966243, 27.7686123620521], [85.32, 27.72]]}}, {"type": "Feature", "properties": {"country_a": "IND", "country_b": "OMN", "distance_km": 1958.6}, "geometry": {"type": "LineString", "coordinates": [[77.21, 28.61], [76.3601670511166, 28.44549723207617], [75.51300201397534, 28.275700272656838], [74.6685607944306, 28.10066276246925], [73.82689613008135, 27.920439457531792], [72.98805758009985, 27.735086171607254], [72.15209152123238, 27.544659718945486], [71.31904114975453, 27.349217857441364], [70.48894648914826, 27.148819232327483], [69.66184440325614, 26.943523320514764], [68.83776861465648, 26.733390375687566], [68.01674972799512, 26.518481374252914], [67.19881525800122, 26.29885796223685], [66.38398966191097, 26.074582403213686], [65.57229437601735, 25.845717527347258], [64.76374785606414, 25.61232668161597], [63.95836562120039, 25.374473681286922], [63.15616030121345, 25.132222762697307], [62.3571416867607, 24.885638537394755], [61.56131678232367, 24.634785947681706], [60.768689861612955, 24.379730223602692], [59.9792625251582, 24.120536841407002], [59.193033759824004, 23.857271483513713], [58.41, 23.59]]}}, {"type": "Feature", "properties": {"country_a": "IND", "country_b": "PAK", "distance_km": 687.8}, "geometry": {"type": "LineString", "coordinates": [[77.21, 28.61], [77.03796446449444, 28.833184561114557], [76.86519370315158, 29.05614144619104], [76.69167849431165, 29.278867656475942], [76.51740952575886, 29.501360158072746], [76.34237739362547, 29.723615881349662], [76.16657260129239, 29.94563172033805], [75.98998555828686, 30.167404532121786], [75.81260657917754, 30.38893113621707], [75.63442588246727, 30.610208313942895], [75.45543358948439, 30.831232807781703], [75.27561972327261, 31.052001320730444], [75.09497420748026, 31.27251051564159], [74.91348686524935, 31.492757014554286], [74.73114741810505, 31.712737398015154], [74.54794548484605, 31.93244820438906], [74.3638705804368, 32.15188592915922], [74.17891211490169, 32.371047024217056], [73.99305939222259, 32.58992789714117], [73.80630160923985, 32.808524910465714], [73.61862785455803, 33.02683438093772], [73.43002710745674, 33.244852578763634], [73.2404882368079, 33.46257572684448], [73.05, 33.68]]}}, {"type": "Feature", "properties": {"country_a": "IND", "country_b": "PSE", "distance_km": 4034.5}, "geometry": {"type": "LineString", "coordinates": [[77.21, 28.61], [75.47787977820019, 29.0319008858687], [73.731997273359, 29.431264947406177], [71.97279925454887, 29.807547182914103], [70.20079936691738, 30.16022224625344], [68.41657789716947, 30.488786970184893], [66.62078092617814, 30.792762906179924], [64.81411883268231, 31.071698852734176], [62.997364121883514, 31.325173342242596], [61.171348564239636, 31.552797055030002], [59.33695964264355, 31.754215128267226], [57.495136320152355, 31.929109327320532], [55.646864155102165, 32.077200047643544], [53.79316980534033, 32.19824811666309], [51.9351149779219, 32.29205636724446], [50.07378989441245, 32.358470957226686], [48.21030635438174, 32.39738241314269], [46.34579049026135, 32.40872638050012], [44.481375315030704, 32.3924840677843], [42.6181931698382, 32.34868237651926], [40.757368181410314, 32.2773937151327], [38.900008838832456, 32.17873549984979], [37.047200796011865, 32.05286935122026], [35.2, 31.9]]}}, {"type": "Feature", "properties": {"country_a": "IND", "country_b": "QAT", "distance_km": 2571.4}, "geometry": {"type": "LineString", "coordinates": [[77.21, 28.61], [76.0681679193358, 28.56698650441337], [74.92736752640668, 28.514375004310484], [73.78780165923837, 28.452195734064823], [72.64967031688224, 28.380484308939973], [71.51317021722689, 28.299281646923507], [70.37849437016658, 28.208633879667115], [69.24583166793317, 28.108592253030693], [68.11536649424961, 27.999213017779336], [66.98727835380147, 27.880557311028277], [65.86174152335379, 27.75269102907136], [64.7389247256616, 27.615684692262903], [63.618990827140884, 27.469613302651705], [62.50209656008032, 27.31455619508808], [61.38839226998883, 27.150596882541073], [60.27802168848886, 26.97782289637346], [59.1711217319844, 26.796325622325956], [58.067822326157156, 26.60620013296105], [56.96824625617565, 26.407545017309616], [55.87250904234202, 26.200462208451665], [54.780718840751064, 25.985056809745586], [53.692976368397055, 25.761436920399202], [52.60937485203648, 25.529713461050857], [51.53, 25.29]]}}, {"type": "Feature", "properties": {"country_a": "IND", "country_b": "SAU", "distance_km": 3061.5}, "geometry": {"type": "LineString", "coordinates": [[77.21, 28.61], [75.8494732329724, 28.584026660028556], [74.48979023812387, 28.544417791308017], [73.13129860455577, 28.491205740313934], [71.77434201676017, 28.424433846921595], [70.41925915134142, 28.344156308504708], [69.0663826073485, 28.2504380112467], [67.71603787698336, 28.143354330017917], [66.36854236294465, 28.022990898405432], [65.02420444809148, 27.889443350694133], [63.68332262247903, 27.742817037784178], [62.34618467213941, 27.58322671919104], [61.01306693326921, 27.41079623340664], [59.68423361475275, 27.225658149004], [58.35993619120949, 27.02795339894289], [57.04041286801761, 26.817830900579573], [55.725888119044534, 26.595447163901806], [54.41657229712052, 26.3609658905008], [53.11266131663117, 26.114557565757366], [51.814336406988524, 25.856399046661043], [50.52176393517375, 25.58667314760154], [49.235095295033744, 25.305568226373055], [47.95446686056146, 25.013277772517032], [46.68, 24.71]]}}, {"type": "Feature", "properties": {"country_a": "IND", "country_b": "SDN", "distance_km": 4802.1}, "geometry": {"type": "LineString", "coordinates": [[77.21, 28.61], [75.09922043476716, 28.344095078463482], [72.99956531522037, 28.04568738506857], [70.91208265671159, 27.715353687851803], [68.83773074329646, 27.353721222370513], [66.77737382885508, 26.96146349043603], [64.73177907193973, 26.539295947864314], [62.70161466396633, 26.087971645836163], [60.68744908707402, 25.608276886430293], [58.68975141885069, 25.101026947718005], [56.708892586398676, 24.567061927779204], [54.74514746190009, 24.007242750407976], [52.79869768574305, 23.42244736839595], [50.86963510104333, 22.813567193363145], [48.957965684573864, 22.18150377436186], [47.063613863170204, 21.527165741086765], [45.186427111045404, 20.85146602161711], [43.32618073156384, 20.155319339292454], [41.48258273635633, 19.43963998863965], [39.655278744724946, 18.705339886253483], [37.84385683666243, 17.953326889185583], [36.04785230314478, 17.18450337069346], [34.26675224736023, 16.39976504110377], [32.5, 15.6]]}}, {"type": "Feature", "properties": {"country_a": "IND", "country_b": "SOM", "distance_km": 4480.8}, "geometry": {"type": "LineString", "coordinates": [[77.21, 28.61], [75.5985194082521, 27.586102971873746], [74.01696217518014, 26.54369806908775], [72.46397541539821, 25.483908071930706], [70.93819082814716, 24.407811847937282], [69.43823245147787, 23.316445816101517], [67.96272311156535, 22.21080562710723], [66.51028969647443, 21.09184800799322], [65.07956738005478, 19.960492727496906], [63.66920291549858, 18.817624645449598], [62.27785711031095, 17.66409581599905], [60.904206585704785, 16.500727620113754], [59.54694491426303, 15.328312907806962], [58.20478322050913, 14.14761813484953], [56.87645032007686, 12.959385482472888], [55.56069246467399, 11.764334951754126], [54.25627275212061, 10.56316642708247], [52.9619702534939, 9.356561705387254], [51.67657890286356, 8.145186489715472], [50.398906189271166, 6.929692347330975], [49.12777168548287, 5.710718633812223], [47.86200544360982, 4.488894385689865], [46.60044628391698, 3.2648401850237607], [45.34194, 2.03917]]}}, {"type": "Feature", "properties": {"country_a": "IND", "country_b": "SSD", "distance_km": 5480.9}, "geometry": {"type": "LineString", "coordinates": [[77.21, 28.61], [74.93432276453736, 27.86026187169748], [72.69050485265792, 27.073422746406486], [70.47849177768204, 26.25119646994374], [68.29802545530677, 25.395296737222353], [66.14866224727211, 24.507429249614336], [64.02979111115648, 23.589285043443432], [61.94065144753224, 22.64253494629726], [59.8803503164783, 21.66882509931308], [57.84787877191923, 20.669773470599917], [55.84212713196051, 19.64696727684358], [53.861899064836024, 18.601961226149044], [51.9059244226154, 17.53627649454285], [49.97287079841235, 16.451400350550855], [48.0613538179299, 15.348786346216139], [46.16994620351561, 14.229854998237965], [44.29718566940081, 13.095994889099266], [42.441581721455506, 11.948564124696006], [40.60162144460227, 10.78889209176391], [38.7757743669439, 9.61828146506431], [36.96249649253455, 8.438010420657294], [35.16023359532958, 7.249335017523511], [33.36742386584483, 6.053491715208646], [31.5825, 4.8517]]}}, {"type": "Feature", "properties": {"country_a": "IND", "country_b": "SYR", "distance_km": 3918.0}, "geometry": {"type": "LineString", "coordinates": [[77.21, 28.61], [75.5505380820858, 29.087202594724257], [73.87604389996146, 29.543662484765193], [72.18679293713276, 29.978805572821727], [70.48312592029554, 30.392069993440934], [68.76545011422344, 30.782908446249554], [67.03424013583464, 31.15079061109276], [65.29003823178952, 31.495205624672412], [63.53345396877107, 31.815664595407085], [61.76516329227738, 32.111703130580466], [59.985906918324446, 32.382883847506896], [58.19648803283964, 32.62879883852851], [56.3977692855662, 32.84907205826976], [54.59066907874353, 33.043361600805405], [52.776157165336585, 33.211361834325366], [50.95524958673957, 33.35280536156433], [49.12900299518462, 33.4674647757379], [47.298508421010986, 33.55515418399817], [45.46488455893717, 33.615730473461994], [43.62927065997937, 33.64909429861881], [41.79281912616212, 33.65519077330173], [39.956687913230176, 33.63400985528866], [38.1220328518445, 33.58558641684815], [36.29, 33.51]]}}, {"type": "Feature", "properties": {"country_a": "IND", "country_b": "TUN", "distance_km": 6223.8}, "geometry": {"type": "LineString", "coordinates": [[77.21, 28.61], [74.71907834670625, 29.696221976490026], [72.17520466152833, 30.734434991242985], [69.57758086348362, 31.72156993798544], [66.92586562417596, 32.65452340865936], [64.22023453942032, 33.53018115448997], [61.46143786432379, 34.34544605988341], [58.65085277809021, 35.097270554327366], [55.790526722643634, 35.78269315099871], [52.883208104394676, 36.39887852421282], [49.93236064054544, 36.94316023575761], [46.94215794203913, 37.4130849148491], [43.917455603669055, 37.80645641713688], [40.86373912828251, 38.12137826857242], [37.787047404768465, 38.35629257412847], [34.69387308872392, 38.51001356849134], [31.591042946891797, 38.58175412442377], [28.48558283176633, 38.571143817401214], [25.384573253075573, 38.47823755686443], [22.295002336045485, 38.303514301510084], [19.223623188722144, 38.04786593084295], [16.176822309465955, 37.712576892822206], [13.160504705946707, 37.29929573404603], [10.18, 36.81]]}}, {"type": "Feature", "properties": {"country_a": "IND", "country_b": "TUR", "distance_km": 4225.4}, "geometry": {"type": "LineString", "coordinates": [[77.21, 28.61], [75.55831930074879, 29.40964682439206], [73.88092380759744, 30.18840901924453], [72.17730440506827, 30.94529311709234], [70.44703354961682, 31.67928808715918], [68.68977535930276, 32.38936770798319], [66.9052960463415, 33.07449342071579], [65.09347454654055, 33.73361769019777], [63.25431316638735, 34.36568789452781], [61.38794803461296, 34.96965075547728], [59.49465911188014, 35.54445731166566], [57.57487948166522, 36.089068423879624], [55.629203619566596, 36.60246078738961], [53.65839431957076, 37.083633409825495], [51.66338794675013, 37.531614495506474], [49.6452976889112, 37.94546865863639], [47.6054144970459, 38.32430436919852], [45.54520543772824, 38.66728151758558], [43.46630923073494, 38.97361896797325], [41.37052881202028, 39.242601957239785], [39.259820844402945, 39.47358918689749], [37.136282193273175, 39.66601945099035], [35.002133488357316, 39.81941764399997], [32.8597, 39.9334]]}}, {"type": "Feature", "properties": {"country_a": "IND", "country_b": "YEM", "distance_km": 3695.0}, "geometry": {"type": "LineString", "coordinates": [[77.21, 28.61], [75.63917187599408, 28.195014965248987], [74.08069040257448, 27.762117867129515], [72.53473725402986, 27.3117681007761], [71.00144959019073, 26.844431902992145], [69.48092146887028, 26.36058098059387], [67.97320542748176, 25.860691216732803], [66.47831420234529, 25.34524145960783], [64.99622255557472, 24.81471239664334], [63.526869181188644, 24.269585515979006], [62.07015866412811, 23.710342156000593], [60.62596346810174, 23.13746264264635], [59.19412593054328, 22.551425513353504], [57.77446024538554, 21.952706825762494], [56.36675441677319, 21.34177954867127], [54.97077216920268, 20.71911303222035], [53.58625480185434, 20.08517255388634], [52.21292297703547, 19.440418936556878], [50.85047843466529, 18.785308234745386], [49.49860562658337, 18.120291484869302], [48.156973266148384, 17.445814515450454], [46.825235790106916, 16.762317813092803], [45.50303473105585, 16.070236440139315], [44.19, 15.37]]}}, {"type": "Feature", "properties": {"country_a": "IRN", "country_b": "IRQ", "distance_km": 697.3}, "geometry": {"type": "LineString", "coordinates": [[51.39, 35.69], [51.07606952094901, 35.59514308130169], [50.7628820991882, 35.499468857996185], [50.45043967032437, 35.40298209241366], [50.13874405029649, 35.30568755559621], [49.82779693648145, 35.20759002655084], [49.5175999088226, 35.108694291513], [49.2081544309797, 35.00900514322095], [48.89946185149912, 34.90852738020121], [48.591523405003485, 34.80726580606477], [48.28434021339934, 34.7052252288146], [47.97791328710203, 34.60241046016426], [47.67224352627654, 34.4988263148678], [47.36733172209341, 34.39447761006096], [47.063178557998604, 34.28936916461381], [46.75978461099639, 34.183505798494664], [46.45715035294416, 34.07689233214566], [46.155276151858274, 33.969533585869655], [45.85416227323002, 33.861434379228754], [45.553808881350584, 33.75259953045428], [45.25421604064429, 33.64303385586834], [44.95538371700918, 33.532742169316904], [44.65731177916384, 33.42172928161444], [44.36, 33.31]]}}, {"type": "Feature", "properties": {"country_a": "IRN", "country_b": "JOR", "distance_km": 1488.3}, "geometry": {"type": "LineString", "coordinates": [[51.39, 35.69], [50.691116564234264, 35.56925612232633], [49.994362048011396, 35.44447049706884], [49.299789380014204, 35.315673832809075], [48.607449482879744, 35.18289754939935], [47.91739125497973, 35.04617374775258], [47.229661555808086, 34.905535179540685], [46.544305194902215, 34.76101521686239], [45.861364924216005, 34.61264782193922], [45.18088143385364, 34.460467516896884], [44.50289335106568, 34.30450935368679], [43.82743724240198, 34.14480888420022], [43.154547618909696, 33.98140213062553], [42.48425694425911, 33.81432555609606], [41.816595645675285, 33.64361603567403], [41.15159212754973, 33.46931082771323], [40.489272787602616, 33.29144754564042], [39.829662035463876, 33.11006413019304], [39.172782313539315, 32.925198822147856], [38.51865412002679, 32.73689013557289], [37.86729603394663, 32.54517683163189], [37.218724742050725, 32.35009789296841], [36.57295506747482, 32.15169249869367], [35.93, 31.95]]}}, {"type": "Feature", "properties": {"country_a": "IRN", "country_b": "KWT", "distance_km": 769.1}, "geometry": {"type": "LineString", "coordinates": [[51.39, 35.69], [51.231696145298805, 35.417810619089764], [51.07445398171784, 35.145402831838155], [50.91825664034877, 34.872780078024945], [50.7630875273468, 34.599945738386225], [50.608930318242756, 34.32690313600724], [50.455768952373354, 34.05365553768033], [50.30358762742681, 33.78020615522845], [50.15237079410179, 33.506558146795506], [50.0021031508774, 33.23271461810444], [49.85276963889175, 32.95867862368377], [49.704355436927145, 32.68445316806367], [49.55684595649945, 32.410041206942225], [49.410226837049635, 32.13544564832287], [49.264483941235184, 31.860669353623617], [49.119603350319416, 31.58571513875905], [48.975571359656506, 31.31058577519566], [48.832374474270225, 31.035283990981313], [48.689999404524336, 30.75981247174967], [48.54843306188263, 30.48417386169995], [48.407662554756804, 30.20837076455313], [48.26767518443996, 29.932405744484807], [48.128458441124174, 29.65628132703567], [47.99, 29.38]]}}, {"type": "Feature", "properties": {"country_a": "IRN", "country_b": "LBN", "distance_km": 1466.3}, "geometry": {"type": "LineString", "coordinates": [[51.39, 35.69], [50.68709944738277, 35.65572505784772], [49.98483514326139, 35.617351146097526], [49.283277120805245, 35.57488788130347], [48.58249470546908, 35.52834587507473], [47.88255644896766, 35.477736722551946], [47.183530064974754, 35.42307298988927], [46.48548236667492, 35.364368200774614], [45.78847920628937, 35.30163682202347], [45.092585416688635, 35.234894248283126], [44.39786475519715, 35.16415678588634], [43.70437984968517, 35.089441635894985], [43.01219214703565, 35.01076687637614], [42.321361864063725, 34.92815144395387], [41.631947940957616, 34.8416151146816], [40.94400799730032, 34.75117848428077], [40.2575982907221, 34.656862947792185], [39.57277367822451, 34.55869067868724], [38.889587580207134, 34.4566846074866], [38.20809194721949, 34.350868399934036], [37.528337229451104, 34.241266434773365], [36.85037234896417, 34.12790378117617], [36.17424467466478, 34.01080617586802], [35.5, 33.89]]}}, {"type": "Feature", "properties": {"country_a": "IRN", "country_b": "LKA", "distance_km": 4309.1}, "geometry": {"type": "LineString", "coordinates": [[51.39, 35.69], [52.93486414933523, 34.57587816207925], [54.4387032879579, 33.44251492014406], [55.903632200675666, 32.291175616628244], [57.331731168800225, 31.12305351700561], [58.7250370861191, 29.939273796862267], [60.08553694488398, 28.740897601649586], [61.41516331759796, 27.52892610705183], [62.715791502857, 26.304304524858665], [63.989238045151254, 25.067926013374564], [65.23726037794434, 23.820635463038485], [66.46155737568041, 22.563233137392707], [67.66377063319585, 21.296478157143213], [68.84548632020532, 20.0210918210865], [70.00823748415817, 18.737760762403223], [71.15350669701812, 17.44713994246665], [72.28272896067105, 16.149855487086615], [73.39729480201902, 14.84650737217599], [74.49855350268317, 13.537671967331793], [75.5878164199207, 12.223904446886733], [76.66636036514548, 10.905741078708415], [77.73543101459104, 9.583701401483967], [78.79624633340308, 8.258290301493387], [79.85, 6.93]]}}, {"type": "Feature", "properties": {"country_a": "IRN", "country_b": "MAR", "distance_km": 5247.0}, "geometry": {"type": "LineString", "coordinates": [[51.39, 35.69], [48.94869890193435, 36.22651668070078], [46.47542000124487, 36.71252079058719], [43.97248707266693, 37.14647847631248], [41.44257926595032, 37.526974717063226], [38.888715064352844, 37.8527320570123], [36.314227378218874, 38.12262850969462], [33.722729800793445, 38.33571407238986], [31.118074483548906, 38.491225293382534], [28.504302533761486, 38.588597371051414], [25.885588262356567, 38.62747333166145], [23.266178977901628, 38.607709930150314], [20.650332298649523, 38.529380039855184], [18.0422531117121, 38.39277143521406], [15.446032330982973, 38.19838201640977], [12.865589491036218, 37.94691166635821], [10.304620974463539, 37.63925105841706], [7.766555328681584, 37.27646783922263], [5.254516717630338, 36.859790689005], [2.7712971108289253, 36.39059180826769], [0.31933737350213676, 35.87036839448263], [-2.099282980928926, 35.300723657745856], [-4.482847956054854, 34.68334788457515], [-6.83, 34.02]]}}, {"type": "Feature", "properties": {"country_a": "IRN", "country_b": "MDV", "distance_km": 4164.7}, "geometry": {"type": "LineString", "coordinates": [[51.39, 35.69], [52.60755569858009, 34.40103421489546], [53.78816281231906, 33.10004446338069], [54.934340260097976, 31.787924550948574], [56.04846516492071, 30.465503523904694], [57.13278051415812, 29.133551627799736], [58.18940313772934, 27.792785776425365], [59.22033179966935, 26.443874561926684], [60.22745525216333, 25.0874428385916], [61.212560143522204, 23.724075913487095], [62.17733870480532, 22.354323376745473], [63.12339616562501, 20.978702603279952], [64.05225786956453, 19.597701956266665], [64.96537607482102, 18.2117837210451], [65.86413643714202, 16.82138679628847], [66.74986418066155, 15.426929167471558], [67.6238299685105, 14.02881018587935], [68.48725548959365, 12.627412674698093], [69.34131878110506, 11.223104882140436], [70.1871593085251, 9.8162423000946], [71.02588282626056, 8.407169365463629], [71.85856604296026, 6.9962210601794865], [72.68626111601947, 5.583724424837575], [73.51, 4.17]]}}, {"type": "Feature", "properties": {"country_a": "IRN", "country_b": "OMN", "distance_km": 1502.5}, "geometry": {"type": "LineString", "coordinates": [[51.39, 35.69], [51.73431691901937, 35.17301570179746], [52.07429776184067, 34.6550207357901], [52.410070522045565, 34.136045394960576], [52.74175946211716, 33.616119008475195], [53.06948524758978, 33.0952699829957], [53.393365076859034, 32.57352584214653], [53.713512806742614, 32.05091326422516], [54.03003907388901, 31.52745811823904], [54.34305141213642, 31.003185498348596], [54.6526543659282, 30.478119756792726], [54.95894959989402, 29.95228453536906], [55.26203600470788, 29.425702795538513], [55.562009799335506, 28.898396847219786], [55.858964629783884, 28.370388376336976], [56.15299166446597, 27.841698471180027], [56.4441796862927, 27.31234764763524], [56.73261518160383, 26.782355873339977], [57.01838242604738, 26.251742590813652], [57.30156356751621, 25.720526739613987], [57.58223870624819, 25.18872677756573], [57.86048597219439, 24.656360701106312], [58.13638159975742, 24.123446064791317], [58.41, 23.59]]}}, {"type": "Feature", "properties": {"country_a": "IRN", "country_b": "PAK", "distance_km": 1993.2}, "geometry": {"type": "LineString", "coordinates": [[51.39, 35.69], [52.34738910803458, 35.68456820077692], [53.30455752453111, 35.671524629072536], [54.26132379894287, 35.65087536150454], [55.217507235098964, 35.62263000673252], [56.17292822782286, 35.586801685833386], [57.12740859493761, 35.54340700558885], [58.080771903282084, 35.49246602481822], [59.032843787409696, 35.43400221392357], [59.98345225969879, 35.36804240784653], [60.93242801067022, 35.29461675266683], [61.87960469838336, 35.21375864610089], [62.82481922586418, 35.12550467218521], [63.767912005609105, 35.02989453045356], [64.70872721030253, 34.92697095993783], [65.64711300898622, 34.81677965834161], [66.58292178802117, 34.69936919675105], [67.51601035628721, 34.57479093026117], [68.44624013417284, 34.44309890490557], [69.3734773260125, 34.304349761284975], [70.2975930757349, 34.15860263529498], [71.21846360558838, 34.00591905635463], [72.13597033790982, 33.84636284353708], [73.05, 33.68]]}}, {"type": "Feature", "properties": {"country_a": "IRN", "country_b": "QAT", "distance_km": 1153.0}, "geometry": {"type": "LineString", "coordinates": [[51.39, 35.69], [51.39677175623539, 35.23818350336223], [51.403468814366754, 34.786332834975966], [51.41009321929307, 34.33444819488689], [51.416646954066344, 33.882529791268354], [51.42313194241358, 33.430577840388544], [51.42955005114073, 32.97859256657488], [51.43590309242508, 32.52657420217559], [51.442192826002334, 32.074522987518634], [51.44842096125393, 31.622439170868017], [51.4545891592001, 31.170323008377352], [51.460699034403625, 30.718174764041034], [51.46675215678915, 30.2659947096427], [51.47275005338235, 29.813783124701246], [51.478694209973376, 29.361540296414383], [51.48458607270828, 28.9092665195997], [51.49042704961238, 28.4569620966333], [51.49621851204887, 28.004627337386164], [51.50196179611616, 27.552262559158024], [51.507658203986935, 27.099868086609014], [51.51330900519191, 26.647444251688967], [51.518915437851135, 26.19499139356454], [51.52447870985536, 25.74250985854402], [51.53, 25.29]]}}, {"type": "Feature", "properties": {"country_a": "IRN", "country_b": "SAU", "distance_km": 1298.5}, "geometry": {"type": "LineString", "coordinates": [[51.39, 35.69], [51.1610888540949, 35.21688909879541], [50.934820220881775, 34.74331330028685], [50.7111206341653, 34.26928498959346], [50.48991876713366, 33.79481618901654], [50.27114535107956, 33.31991857319682], [50.05473309742052, 32.84460348358548], [49.840616622871536, 32.3688819422638], [49.62873237762986, 31.89276466514448], [49.41901857643721, 31.41626207458565], [49.21141513239148, 30.93938431144727], [49.00586359338483, 30.462141246617467], [48.80230708105107, 29.98454249203564], [48.600690232110374, 29.506597411236896], [48.400959142004155, 29.028315129441594], [48.203061310718034, 28.549704543212528], [48.00694559069514, 28.070774329700573], [47.812562136746664, 27.591532955499318], [47.61986235787053, 27.111988685127272], [47.42879887089316, 26.63214958915601], [47.23932545585323, 26.15202355200114], [47.05139701304975, 25.67161827939244], [46.8649695216805, 25.190941305538406], [46.68, 24.71]]}}, {"type": "Feature", "properties": {"country_a": "IRN", "country_b": "TUN", "distance_km": 3677.0}, "geometry": {"type": "LineString", "coordinates": [[51.39, 35.69], [49.67155006230967, 36.03544481654564], [47.93857243006581, 36.356033867989616], [46.19189196687992, 36.65127274749097], [44.43241393630805, 36.920696161620306], [42.66112118486975, 37.16387091184465], [40.879070349381585, 37.38039878199304], [39.08738708680492, 37.56991928854256], [37.28726034707455, 37.732112250375096], [35.47993573272548, 37.86670013558885], [33.66670801273342, 37.97345014506066], [31.848912880909936, 38.05217599575174], [30.0279180704886, 38.10273937118709], [28.205113955268434, 38.12505101201817], [26.381903782986342, 38.11907142595155], [24.559693697748777, 38.084811203397656], [22.739882714825097, 38.022330932732054], [20.92385281257371, 37.9317407168114], [19.112959302665423, 37.81319930007862], [17.30852163126341, 37.66691282296323], [15.511814750830133, 37.493133227084996], [13.724061185381913, 37.292156340786164], [11.946423892086756, 37.06431967957152], [10.18, 36.81]]}}, {"type": "Feature", "properties": {"country_a": "IRN", "country_b": "TUR", "distance_km": 1694.7}, "geometry": {"type": "LineString", "coordinates": [[51.39, 35.69], [50.63121240024954, 35.932926301589106], [49.867814360164004, 36.17101775217199], [49.099831976427, 36.4042032463925], [48.32729580166393, 36.63241198344337], [47.5502409439021, 36.855573536597575], [46.76870716005165, 37.073617925053256], [45.98273894274875, 37.28647568799947], [45.19238559989486, 37.494077960795266], [44.39770132622235, 37.69635655313985], [43.598745266217804, 37.893244029096536], [42.79558156773935, 38.084673788818044], [41.98827942567491, 38.270580151805426], [41.176913115003735, 38.45089844151737], [40.36156201264441, 38.6255650711324], [39.54231060749912, 38.79451763025089], [38.71924849813616, 38.957694972310335], [37.89247037759102, 39.11503730247341], [37.06207600481004, 39.266486265735395], [36.228170162310725, 39.41198503498576], [35.39086259968834, 39.55147839874792], [34.55026796265932, 39.68491284831096], [33.70650570739873, 39.81223666395946], [32.8597, 39.9334]]}}, {"type": "Feature", "properties": {"country_a": "IRN", "country_b": "YEM", "distance_km": 2362.7}, "geometry": {"type": "LineString", "coordinates": [[51.39, 35.69], [51.015081778010085, 34.816651439996015], [50.64799981661926, 33.94204606938506], [50.28835520080798, 33.066243810297536], [49.9357702189136, 32.189301477655754], [49.589886872290684, 31.311273016518655], [49.250365498263584, 30.43220971987551], [48.91688349661893, 29.552160428704827], [48.589134150761126, 28.67117171593126], [48.266825535449286, 27.789288055749562], [47.949679503755426, 26.90655197963947], [47.63743074653742, 26.023004220264927], [47.32982591831307, 25.138683844336082], [47.02662282395838, 24.25362837540833], [46.72758966113921, 23.367873907500975], [46.43250431382614, 22.481455210335014], [46.14115369264067, 21.594405826915956], [45.85333311814223, 20.706758164121236], [45.568845743492155, 19.818543576892672], [45.2875020132267, 18.929792446581203], [45.0091191551392, 18.040534253943314], [44.733520702513886, 17.1507976472462], [44.460536044173274, 16.26061050589983], [44.19, 15.37]]}}, {"type": "Feature", "properties": {"country_a": "IRQ", "country_b": "JOR", "distance_km": 805.1}, "geometry": {"type": "LineString", "coordinates": [[44.36, 33.31], [43.988447749524816, 33.26280134556477], [43.61729962785551, 33.214493303499886], [43.24656379429648, 33.1650790999468], [42.876248301234234, 33.11456202442741], [42.50636109258937, 33.062945428962934], [42.13691000232634, 33.01023272718177], [41.76790275302169, 32.95642739341723], [41.399346954490674, 32.90153296179542], [41.03125010247254, 32.84555302531417], [40.66361957737459, 32.788491234913195], [40.29646264307502, 32.730351298536334], [39.92978644578463, 32.67113698018626], [39.56359801296723, 32.61085209897234], [39.197904252318864, 32.54950052815201], [38.83271195080538, 32.48708619416647], [38.468027773758536, 32.423613075670985], [38.10385826403006, 32.359085202560536], [37.74020984120365, 32.293506654991255], [37.37708880086438, 32.226881562398134], [37.01450131392526, 32.15921410250975], [36.65245342601052, 32.090508500360215], [36.29095105689512, 32.02076902729915], [35.93, 31.95]]}}, {"type": "Feature", "properties": {"country_a": "IRQ", "country_b": "KWT", "distance_km": 555.9}, "geometry": {"type": "LineString", "coordinates": [[44.36, 33.31], [44.52431241231564, 33.14139418794548], [44.68799717338633, 32.97256789982666], [44.85105989499561, 32.80352333239282], [45.01350615120122, 32.634262661580564], [45.17534147849365, 32.46478804275748], [45.33657137596079, 32.295101610963485], [45.497201305457985, 32.12520548115], [45.65723669178378, 31.955101748416947], [45.816682922860565, 31.784792488247554], [45.97554534992039, 31.614279756740835], [46.13382928769529, 31.443565590842052], [46.291540014612266, 31.272652008570926], [46.4486827729924, 31.101541009247562], [46.60526276925411, 30.930234573716355], [46.76128517412023, 30.758734664567594], [46.91675512282878, 30.58704322635702], [47.07167771534722, 30.41516218582313], [47.22605801658991, 30.243093452102432], [47.37990105663886, 30.0708389169424], [47.5332118309672, 29.898400454912586], [47.685995300665674, 29.725779923613292], [47.83825639267152, 29.552979163882423], [47.99, 29.38]]}}, {"type": "Feature", "properties": {"country_a": "IRQ", "country_b": "LBN", "distance_km": 824.6}, "geometry": {"type": "LineString", "coordinates": [[44.36, 33.31], [43.977646026294664, 33.34835333469472], [43.5949617732538, 33.38552819446105], [43.211956833038045, 33.42152193333551], [42.82864088823105, 33.45633198327919], [42.445023709424774, 33.48995585493759], [42.06111515275108, 33.52239113838067], [41.67692515736088, 33.553635503822484], [41.29246374285222, 33.58368670231987], [40.907741006648436, 33.61254256644964], [40.522767121327824, 33.64020101096391], [40.13755233190632, 33.66666003342289], [39.75210695307458, 33.6919177148049], [39.366441366391065, 33.7159722200929], [38.980566017432615, 33.738821798837286], [38.594491412904354, 33.76046478569448], [38.20822811771033, 33.78089960094085], [37.821786751986906, 33.800124750961636], [37.43517798810049, 33.818138828714446], [37.04841254761153, 33.834940514167066], [36.66150119820651, 33.85052857470913], [36.274454750600086, 33.864901865537426], [35.887284055409, 33.87805933001443], [35.5, 33.89]]}}, {"type": "Feature", "properties": {"country_a": "IRQ", "country_b": "LBY", "distance_km": 2899.1}, "geometry": {"type": "LineString", "coordinates": [[44.36, 33.31], [43.01660521254114, 33.45633165826134], [41.668916046072354, 33.58805745104877], [40.31735445581012, 33.70506078010168], [38.96235602770713, 33.80723722845628], [37.60436858758115, 33.894494949592385], [36.243850715571234, 33.96675501463287], [34.88127017599254, 34.02395171439092], [33.51710227389832, 34.066032813431114], [32.15182815074957, 34.092959753727115], [30.785933032515462, 34.10470780595718], [29.41990444425508, 34.101266166969545], [28.054230405750477, 34.08263800246674], [26.68939762305425, 34.048840434490934], [25.32588969087954, 33.99990447383285], [23.964185320590765, 33.93587489802528], [22.6047566081569, 33.856810076108914], [21.248067355813408, 33.76278174186454], [19.894571460360403, 33.65387471768269], [18.544711380022576, 33.53018659168226], [17.198916690635098, 33.39182735108623], [15.857602740625527, 33.238918975210176], [14.52116941286593, 33.071594991713496], [13.19, 32.89]]}}, {"type": "Feature", "properties": {"country_a": "IRQ", "country_b": "LKA", "distance_km": 4680.1}, "geometry": {"type": "LineString", "coordinates": [[44.36, 33.31], [46.2209157222396, 32.36204972087928], [48.04285923170598, 31.387067477631668], [49.82706301373138, 30.386582765284533], [51.57485229940152, 29.362072073807017], [53.28762556165445, 28.3149579889515], [54.96683731396179, 27.246609064607334], [56.61398312776195, 26.158340340869664], [58.23058674554872, 25.05141439371963], [59.81818914098577, 23.927042814604928], [61.37833936299309, 22.7863880306709], [62.91258699502376, 21.630565388463832], [64.4224760615862, 20.460645435300357], [65.90954021966006, 19.27765634297557], [67.37529908150529, 18.082586427967282], [68.82125552627559, 16.87638673074996], [70.24889386988188, 15.659973624275562], [71.65967877499962, 14.434231428157421], [73.05505479545133, 13.200015010676877], [74.43644646105571, 11.95815236550093], [75.8052588201655, 10.709447154038156], [77.16287836736323, 9.454681207753433], [78.51067429305877, 8.194616987591631], [79.85, 6.93]]}}, {"type": "Feature", "properties": {"country_a": "IRQ", "country_b": "MAR", "distance_km": 4697.1}, "geometry": {"type": "LineString", "coordinates": [[44.36, 33.31], [42.23759604155484, 33.79200388694071], [40.09219705348771, 34.23706474988662], [37.92507755188264, 34.64417482606007], [35.73769689364301, 35.01238569227614], [33.53169446897136, 35.34081682581809], [31.308881718377485, 35.62866398887346], [29.07123089159594, 35.87520725923308], [26.82086056961034, 36.07981852479358], [24.560018084353057, 36.2419682609053], [22.29105908787515, 36.36123141836906], [20.016424637240128, 36.437292266090374], [17.7386162660401, 36.469948055752354], [15.460169601394409, 36.45911140558044], [13.183627150517417, 36.40481133508412], [10.91151091879501, 36.3071929209259], [8.64629552904347, 36.1665155838637], [6.39038248867282, 35.98315005599766], [4.146076199514155, 35.75757411432356], [1.9155622278359843, 35.49036719904941], [-0.2991117450218823, 35.18220406180512], [-2.4960519813878292, 34.83384760873399], [-4.673531562066948, 34.446141115957715], [-6.83, 34.02]]}}, {"type": "Feature", "properties": {"country_a": "IRQ", "country_b": "MDV", "distance_km": 4422.4}, "geometry": {"type": "LineString", "coordinates": [[44.36, 33.31], [45.9099224631679, 32.17400389599337], [47.42152801492325, 31.019280131745006], [48.89684045015749, 29.84707147814904], [50.33785207983532, 28.658553043613626], [51.7465161540032, 27.454836075880447], [53.12474134162944, 26.236971824224195], [54.47438794796848, 25.005955399373946], [55.79726558623972, 23.762729583220203], [57.0951320556711, 22.508188552683745], [58.36969321127672, 21.24318149229644], [59.62260364145824, 19.968516078354785], [60.8554679973125, 18.684961824218345], [62.06984284229155, 17.393253281687095], [63.26723891265499, 16.094093097622782], [64.44912369813254, 14.788154928280422], [65.61692426859683, 13.476086216353968], [66.7720302865708, 12.158510837664616], [67.91579715731967, 10.836031625851593], [69.049549278344, 9.509232784470143], [70.17458335853267, 8.178682196643152], [71.29217178426362, 6.8449336429240075], [72.40356601554112, 5.508528938365515], [73.51, 4.17]]}}, {"type": "Feature", "properties": {"country_a": "IRQ", "country_b": "NPL", "distance_km": 3954.7}, "geometry": {"type": "LineString", "coordinates": [[44.36, 33.31], [46.20610661237361, 33.35521501009528], [48.053542604666994, 33.372961695528254], [49.90114760024965, 33.363210640749905], [51.74776009384201, 33.32597801258664], [53.59222520202137, 33.26132544644453], [55.43340231624492, 33.169359613764094], [57.27017254697081, 33.05023147826813], [59.10144585321057, 32.904135253862194], [60.926167760393945, 32.73130708196961], [62.743325580400125, 32.532023450469765], [64.55195406054561, 32.306599380143176], [66.3511404026896, 32.0553864075219], [68.14002860886163, 31.778770395246212], [69.91782312536583, 31.477169202414537], [71.68379177263279, 31.151030247995568], [73.43726796268419, 30.800828000186396], [75.17765221952929, 30.42706142371358], [76.90441302979116, 30.03025141556786], [78.61708706112476, 29.61093825763498], [80.31527879438772, 29.16967911224026], [81.9986596219987, 28.707045583872002], [83.6669664694881, 28.22362136739389], [85.32, 27.72]]}}, {"type": "Feature", "properties": {"country_a": "IRQ", "country_b": "OMN", "distance_km": 1744.6}, "geometry": {"type": "LineString", "coordinates": [[44.36, 33.31], [45.02825328675208, 32.920738767878994], [45.69065451062628, 32.527911724614], [46.34729029686455, 32.13160173497959], [46.99824861124858, 31.731890321350512], [47.64361860051786, 31.328857666779754], [48.28349044161289, 30.922582620326935], [48.91795519952968, 30.51314270446386], [49.54710469355485, 30.10061412439126], [50.17103137163647, 29.685071779108966], [50.789828192633856, 29.266589274088986], [51.40358851618198, 28.84523893540913], [52.01240599989867, 28.421091825212105], [52.61637450365987, 27.994217758362613], [53.215588000665065, 27.564685320182463], [53.81014049501528, 27.132561885150594], [54.40012594552658, 26.697913636462165], [54.985638195504606, 26.260805586347356], [55.56677090820929, 25.82130159705727], [56.14361750774323, 25.379464402430546], [56.716271125102566, 24.935355629960053], [57.284824549135536, 24.4890358232853], [57.84937018216016, 24.04056446504128], [58.41, 23.59]]}}, {"type": "Feature", "properties": {"country_a": "IRQ", "country_b": "PAK", "distance_km": 2657.8}, "geometry": {"type": "LineString", "coordinates": [[44.36, 33.31], [45.58814172533178, 33.46506771988767], [46.82049183708821, 33.60792294312831], [48.05673763124347, 33.73845989934772], [49.296555018238855, 33.85658106544485], [50.5396093321489, 33.962197466751824], [51.785556207087495, 34.05522895629876], [53.03404251652564, 34.135604470066966], [54.284707370442625, 34.20326225625667], [55.53718316452614, 34.258150076765325], [56.79109667498786, 34.300225379267], [58.04607019198292, 34.329455438500425], [59.301722684124016, 34.345817465610224], [60.55767098617697, 34.34929868463976], [61.81353100171916, 34.33989637554104], [63.06891891234499, 34.31761788334333], [64.32345238491564, 34.282480593404216], [65.57675176837611, 34.23451187294921], [66.82844127180095, 34.1737489793863], [68.07815011557753, 34.10023893615398], [69.32551364798718, 34.014038377122986], [70.57017441989323, 33.915213360818356], [71.81178321077998, 33.80383915595661], [73.05, 33.68]]}}, {"type": "Feature", "properties": {"country_a": "IRQ", "country_b": "PSE", "distance_km": 873.6}, "geometry": {"type": "LineString", "coordinates": [[44.36, 33.31], [43.9561278961303, 33.262785761310354], [43.552696142581624, 33.21426080628326], [43.14971544308102, 33.16442896374912], [42.747196362433236, 33.11329415307521], [42.34514932397457, 33.060860382915834], [41.94358460711741, 33.00713174994245], [41.54251234498628, 32.95211243755489], [41.14194252214587, 32.89580671457428], [40.741884972421786, 32.83821893391904], [40.342349376814326, 32.77935353126459], [39.943345261505726, 32.71921502368792], [39.54488199596102, 32.657808008297955], [39.14696879112275, 32.5951371608525], [38.74961469769951, 32.53120723436314], [38.35282860454829, 32.46602305768853], [37.956619237150534, 32.399589534117545], [37.560995156181576, 32.33191163994274], [37.16596475617327, 32.26299442302555], [36.7715362642692, 32.192843001353786], [36.37771773907226, 32.12146256159257], [35.98451706958373, 32.04885835762957], [35.59194197423342, 31.975035709115346], [35.2, 31.9]]}}, {"type": "Feature", "properties": {"country_a": "IRQ", "country_b": "QAT", "distance_km": 1128.6}, "geometry": {"type": "LineString", "coordinates": [[44.36, 33.31], [44.69671918082881, 32.970123950962986], [45.03086566077886, 32.62932851227439], [45.36248548181133, 32.28763207060455], [45.69162407802041, 31.945052666493762], [46.01832628042571, 31.60160800241365], [46.342636322167536, 31.2573154506853], [46.66459784407102, 30.91219206125396], [46.98425390054726, 30.566254569320876], [47.30164696580135, 30.219519402832315], [47.61681894031922, 29.87200268982694], [47.92981115760669, 29.523720265641895], [48.24066439115592, 29.17468767997912], [48.54941886161588, 28.824920203832807], [48.856114244145026, 28.474432836279554], [49.16078967592576, 28.123240311132516], [49.46348376382146, 27.77135710346136], [49.76423459215823, 27.418797435979666], [50.06307973061487, 27.065575285301502], [50.360056242205175, 26.711704388069183], [50.655200691338464, 26.35719824695409], [50.94854915194455, 26.002070136532677], [51.240137215650854, 25.64633310903956], [51.53, 25.29]]}}, {"type": "Feature", "properties": {"country_a": "IRQ", "country_b": "SAU", "distance_km": 979.5}, "geometry": {"type": "LineString", "coordinates": [[44.36, 33.31], [44.46953945927601, 32.937222120487085], [44.57816353676533, 32.56432674786882], [44.68589247826698, 32.19131612481812], [44.79274606459105, 31.818192448563003], [44.89874362621658, 31.444957872460407], [45.003904057436664, 31.071614507511914], [45.10824583001202, 30.698164423823496], [45.211787006352885, 30.32460965201184], [45.31454525224859, 29.95095218455946], [45.4165378491631, 29.577193977120466], [45.51778170611392, 29.203336949779388], [45.618293371151346, 28.829382988264697], [45.71808904245379, 28.4553339451189], [45.81718457905476, 28.081191640827093], [45.91559551121592, 27.70695786490555], [46.01333705046033, 27.33263437695195], [46.110424099279335, 26.9582229076588], [46.20687126052582, 26.58372515979149], [46.3026928465062, 26.209142809132445], [46.397902887782834, 25.834477505392613], [46.49251514169828, 25.459730873091672], [46.58654310063199, 25.084904512408023], [46.68, 24.71]]}}, {"type": "Feature", "properties": {"country_a": "IRQ", "country_b": "SDN", "distance_km": 2296.7}, "geometry": {"type": "LineString", "coordinates": [[44.36, 33.31], [43.762473455465276, 32.56378618543367], [43.174777396076486, 31.81468975518188], [42.59651034984344, 31.062834688593377], [42.02728500467408, 30.308339800116105], [41.46672762291109, 29.551319029877334], [40.91447746655215, 28.791881718657816], [40.370186234714176, 28.030132868061937], [39.83351751453695, 27.266173386666143], [39.30414624641051, 26.50010032290393], [38.78175820414559, 25.732007085419866], [38.266049490483354, 24.96198365159786], [37.75672604815165, 24.19011676493994], [37.25350318651745, 23.41649012194363], [36.75610512375383, 22.641184549096458], [36.264264544330565, 21.86427817057778], [35.777722171548895, 21.085846567230035], [35.296226354767704, 20.305962927333756], [34.81953267091072, 19.524698189694575], [34.34740353979759, 18.742121179524545], [33.879607852806274, 17.958298737575902], [33.41592061434632, 17.173295842961522], [32.95612259560329, 16.38717573007481], [32.5, 15.6]]}}, {"type": "Feature", "properties": {"country_a": "IRQ", "country_b": "SOM", "distance_km": 3463.2}, "geometry": {"type": "LineString", "coordinates": [[44.36, 33.31], [44.4128008999771, 31.952978895111855], [44.46407134862563, 30.595646070648925], [44.5139317996978, 29.238010174425963], [44.56249312121081, 27.88008036655647], [44.609857662867164, 26.521866317777892], [44.656120193390386, 25.16337820446829], [44.701368726625184, 23.804626700651088], [44.745685252262376, 22.445622967247193], [44.78914638458942, 21.08637863880396], [44.83182394063658, 19.726905807906274], [44.87378545740618, 18.36721700745617], [44.915094656473514, 17.00732519099145], [44.9558118630823, 15.647243711201925], [44.99599438588347, 14.286986296791655], [45.03569686265091, 12.926567027828138], [45.07497157662478, 11.56600030971304], [45.11386874756022, 10.205300845904295], [45.15243680107951, 8.844483609515905], [45.19072261952482, 7.483563813918439], [45.22877177717427, 6.12255688246164], [45.266628762407905, 4.76147841743843], [45.30433718918351, 3.400344168408656], [45.34194, 2.03917]]}}, {"type": "Feature", "properties": {"country_a": "IRQ", "country_b": "SSD", "distance_km": 3418.1}, "geometry": {"type": "LineString", "coordinates": [[44.36, 33.31], [43.68039614455262, 32.09936978344185], [43.01851683528328, 30.884956013222872], [42.373154552288725, 29.66701294597234], [41.74317943132052, 28.445778019711423], [41.12753252168798, 27.221473486819885], [40.52521961759045, 25.99430788323902], [39.93530561063524, 24.764477352359986], [39.35690931504212, 23.532166839914993], [38.78919872075271, 22.297551174313735], [38.23138663326053, 21.060796045220595], [37.68272666239457, 19.822058891722886], [37.14250952549164, 18.581489710174026], [36.61005963335992, 17.339231790685947], [36.08473193016335, 16.095422390275093], [35.5659089608429, 14.850193349817078], [35.05299814194485, 13.60367166122499], [34.54542921375685, 12.35597999061951], [34.04265185347171, 11.107237162696872], [33.54413343071985, 9.857558611012065], [33.04935688824608, 8.607056798471737], [32.55781873176797, 7.355841611966904], [32.06902711415296, 6.104020734763045], [31.5825, 4.8517]]}}, {"type": "Feature", "properties": {"country_a": "IRQ", "country_b": "SYR", "distance_km": 750.8}, "geometry": {"type": "LineString", "coordinates": [[44.36, 33.31], [44.01020554897708, 33.32959877266573], [43.66025837041173, 33.348212063079636], [43.31016618187759, 33.36583876403533], [42.95993673555776, 33.382477825769996], [42.60957781645163, 33.39812825622831], [42.25909724056453, 33.412789121312436], [41.90850285308095, 33.42645954511787], [41.5578025265225, 33.4391387101551], [41.20700415889132, 33.45082585755674], [40.85611567179996, 33.46152028727023], [40.50514500858875, 33.47122135823587], [40.15410013243163, 33.47992848855002], [39.80298902443133, 33.48764115561353], [39.45181968170502, 33.49435889626505], [39.10060011546142, 33.50008130689955], [38.74933834907027, 33.50480804357142], [38.3980424161254, 33.508538822082585], [38.046720358502185, 33.511273418055275], [37.6953802244107, 33.51301166698956], [37.34403006644531, 33.51375346430552], [36.99267793963205, 33.51349876537006], [36.641331899474594, 33.512247585508376], [36.29, 33.51]]}}, {"type": "Feature", "properties": {"country_a": "IRQ", "country_b": "TUN", "distance_km": 3125.3}, "geometry": {"type": "LineString", "coordinates": [[44.36, 33.31], [42.958281194186426, 33.658429835272656], [41.54548057078789, 33.99082067222221], [40.12190898224535, 34.30684716461046], [38.68791562959712, 34.60619325242056], [37.24388810759009, 34.888553327983495], [35.790252189618755, 35.15363341412707], [34.3274713366128, 35.40115234500614], [32.85604591690357, 35.630842939575714], [31.37651212752266, 35.842453157087924], [29.889440611281373, 36.03574722355252], [28.395434768287195, 36.210506717821154], [26.895128765194066, 36.36653160585673], [25.389185250357915, 36.50364121184624], [23.878292788065657, 36.62167511511999], [22.363163029996464, 36.720493962356166], [20.844527646925698, 36.79998018527832], [19.323135048255327, 36.860038614986216], [17.79974692111367, 36.900596985184805], [16.27513462438506, 36.92160631787241], [14.75007547598981, 36.92304118649063], [13.225348973942456, 36.904899853095806], [11.701732993097316, 36.86720427774891], [10.18, 36.81]]}}, {"type": "Feature", "properties": {"country_a": "IRQ", "country_b": "TUR", "distance_km": 1262.6}, "geometry": {"type": "LineString", "coordinates": [[44.36, 33.31], [43.899505228419514, 33.61982971951027], [43.43571197453522, 33.9279172841113], [42.96857667522343, 34.23423015758952], [42.498055922208955, 34.538735327815914], [42.024106497064096, 34.84139930309401], [41.54668540804939, 35.1421881088409], [41.06574992884578, 35.441067284626904], [40.58125763922689, 35.73800188160035], [40.09316646771824, 36.03295646032505], [39.60143473628825, 36.32589508905945], [39.10602120711359, 36.61678134250684], [38.60688513145876, 36.90557830106781], [38.10398630070648, 37.192248550626665], [37.59728509957202, 37.47675418290456], [37.086742561530464, 37.75905679641373], [36.572320426481525, 38.03911749804694], [36.05398120067129, 38.316896905338574], [35.53168821888467, 38.59235514943358], [35.00540570891639, 38.86545187880185], [34.47509885832133, 39.1361462637361], [33.940733883437694, 39.40439700167208], [33.402278100668795, 39.67016232337043], [32.8597, 39.9334]]}}, {"type": "Feature", "properties": {"country_a": "IRQ", "country_b": "YEM", "distance_km": 1987.3}, "geometry": {"type": "LineString", "coordinates": [[44.36, 33.31], [44.351414367219995, 32.5309462460238], [44.34297569379066, 31.751795271541408], [44.3346772102551, 30.972548345030546], [44.32651247129218, 30.19320680507851], [44.31847533415316, 29.413772059542897], [44.31055993870188, 28.634245584650884], [44.302760688917, 27.854628924038163], [44.29507223572852, 27.0749236877286], [44.28748946107326, 26.295131551055896], [44.28000746306502, 25.51525425352828], [44.27262154218488, 24.735293597637458], [44.26532718840601, 23.95525144761298], [44.258120069175085, 23.17512972812326], [44.250996018179606, 22.394930422924386], [44.243951024836626, 21.61465557345809], [44.236981224444094, 20.8343072774], [44.23008288894117, 20.053887687159598], [44.22325241822838, 19.27339900833317], [44.21648633200267, 18.492843498110997], [44.20978126206615, 17.712223463640388], [44.203133945070626, 16.931541260345764], [44.19654121566307, 16.150799290207367], [44.19, 15.37]]}}, {"type": "Feature", "properties": {"country_a": "ISR", "country_b": "JOR", "distance_km": 69.8}, "geometry": {"type": "LineString", "coordinates": [[35.22, 31.78], [35.25081526326115, 31.787473697425977], [35.28163548233752, 31.79493992790323], [35.31246065451516, 31.802398688089745], [35.34329077707227, 31.809849974645303], [35.374125847279146, 31.817293784231442], [35.4049658623982, 31.82473011351151], [35.43581081968395, 31.832158959150647], [35.46666071638302, 31.83958031781579], [35.49751554973412, 31.84699418617569], [35.52837531696811, 31.854400560900885], [35.559240015307914, 31.861799438663766], [35.590109641968574, 31.8691908161385], [35.62098419415721, 31.87657469000112], [35.651863669073066, 31.88395105692946], [35.68274806390746, 31.891319913603212], [35.71363737584384, 31.8986812567039], [35.744531602057684, 31.906035082914887], [35.77543073971662, 31.913381388921405], [35.80633478598033, 31.920720171410533], [35.837243738000616, 31.928051427071207], [35.868157592921335, 31.935375152594247], [35.89907634787845, 31.942691344672323], [35.93, 31.95]]}}, {"type": "Feature", "properties": {"country_a": "ISR", "country_b": "LKA", "distance_km": 5380.3}, "geometry": {"type": "LineString", "coordinates": [[35.22, 31.78], [37.50720186507703, 31.004095605251326], [39.75672663769539, 30.188246615192735], [41.96862982626098, 29.334352812386573], [44.14321569003252, 28.4443055208854], [46.28101206809941, 27.519978073814148], [48.38274536949225, 26.563217853026615], [50.44931629405746, 25.575839820875327], [52.48177672340488, 24.559621440228874], [54.481308101397126, 23.516298863541895], [56.449201517752755, 22.447564263742475], [58.38683961806826, 21.355064177595203], [60.29568038924026, 20.2403987347117], [62.17724281020478, 19.10512165130799], [64.0330943127716, 17.95074087609907], [65.86483996441247, 16.778719785489937], [67.67411326230521, 15.590478835757414], [69.46256841388724, 14.387397590661957], [71.23187397189169, 13.1708170534693], [72.9837076897567, 11.942042242403167], [74.7197524650474, 10.702344957895383], [76.44169324295805, 9.452966698529682], [78.1512147581137, 8.1951216902293], [79.85, 6.93]]}}, {"type": "Feature", "properties": {"country_a": "ISR", "country_b": "MAR", "distance_km": 3914.4}, "geometry": {"type": "LineString", "coordinates": [[35.22, 31.78], [33.47896168849599, 32.171708055488935], [31.723422556334157, 32.53923300767599], [29.954010654786515, 32.88203542618482], [28.171430202893482, 33.19960060911832], [26.376460295000648, 33.49144148049759], [24.569952789800546, 33.75710145870578], [22.752829353569275, 33.99615725851293], [20.926077646447677, 34.20822158773737], [19.09074665851511, 34.392945698919846], [17.24794122152893, 34.55002175664602], [15.398815741938563, 34.67918498241872], [13.544567220426128, 34.7802155412834], [11.686427642021208, 34.852940137739154], [9.825655838020761, 34.897233292766195], [7.963528935779461, 34.91301827897225], [6.101333524266352, 34.90026769676221], [4.240356671568282, 34.8590036808915], [2.3818769348770488, 34.78929773356923], [0.5271555037187241, 34.69127018720982], [-1.3225723867389831, 34.56508930676164], [-3.1661056433479047, 34.41097004804454], [-5.002284986132203, 34.229172494498286], [-6.83, 34.02]]}}, {"type": "Feature", "properties": {"country_a": "ISR", "country_b": "NPL", "distance_km": 4824.8}, "geometry": {"type": "LineString", "coordinates": [[35.22, 31.78], [37.41861373022071, 32.02776312613579], [39.628173900056616, 32.23720878757445], [41.84695041085939, 32.407852437144705], [44.07312806521425, 32.53929450854548], [46.30482219656803, 32.631224251430474], [48.54009570019403, 32.68342277192568], [50.77697714441953, 32.69576520494903], [53.01347959939831, 32.66822196473798], [55.247619792523956, 32.60085904236321], [57.47743718661297, 32.49383734276119], [59.70101258006031, 32.34741107790482], [61.91648584708828, 32.161925256079485], [64.12207246978045, 31.937812328818712], [66.31607855973246, 31.675588075980954], [68.49691412307902, 31.375846824994053], [70.66310438512625, 31.039256111954703], [72.81329905639772, 30.666550899782887], [74.94627948722777, 30.25852747197304], [77.06096372005544, 29.81603711985053], [79.1564095047272, 29.339979737018297], [81.23181539045756, 28.83129742738952], [83.28652004735739, 28.29096822346592], [85.32, 27.72]]}}, {"type": "Feature", "properties": {"country_a": "ISR", "country_b": "PAK", "distance_km": 3532.6}, "geometry": {"type": "LineString", "coordinates": [[35.22, 31.78], [36.800433542973046, 32.100009551953534], [38.39158097461188, 32.40015003490961], [39.99293369095269, 32.68006030309801], [41.603936476662405, 32.93939726930621], [43.22398878269002, 33.17783751266164], [44.85244642447364, 33.39507885022274], [46.488623704872246, 33.59084185497032], [48.131795958940465, 33.76487130253646], [49.781202510180655, 33.916937529085466], [51.43605002018178, 34.046837683191576], [53.09551620580193, 34.15439685535318], [54.758753890502966, 34.23946906994368], [56.42489534934073, 34.30193812591391], [58.0930569006864, 34.341718274404016], [59.76234369222769, 34.35875472356082], [61.43185462436577, 34.35302396323835], [63.10068735094829, 34.32453390483132], [64.76794329547621, 34.27332383418554], [66.43273262056006, 34.19946417827831], [68.09417908949416, 34.10305608909237], [69.75142476132146, 33.98423085074765], [71.4036344645892, 33.84314911843993], [73.05, 33.68]]}}, {"type": "Feature", "properties": {"country_a": "ISR", "country_b": "PSE", "distance_km": 13.4}, "geometry": {"type": "LineString", "coordinates": [[35.22, 31.78], [35.21913151015227, 31.785217503719984], [35.218262922758655, 31.790434997236037], [35.21739423778848, 31.795652480545925], [35.21652545521108, 31.800869953647414], [35.21565657499576, 31.80608741653825], [35.214787597111844, 31.811304869216215], [35.21391852152862, 31.81652231167906], [35.213049348215385, 31.821739743924557], [35.212180077141404, 31.826957165950446], [35.21131070827596, 31.832174577754508], [35.2104412415883, 31.837391979334484], [35.20957167704768, 31.842609370688155], [35.20870201462332, 31.84782675181325], [35.207832254284476, 31.853044122707548], [35.20696239600034, 31.8582614833688], [35.20609243974014, 31.863478833794765], [35.20522238547306, 31.868696173983196], [35.20435223316829, 31.873913503931863], [35.20348198279501, 31.879130823638505], [35.202611634322395, 31.88434813310089], [35.201741187719584, 31.88956543231676], [35.20087064295574, 31.89478272128387], [35.2, 31.9]]}}, {"type": "Feature", "properties": {"country_a": "ISR", "country_b": "SOM", "distance_km": 3459.2}, "geometry": {"type": "LineString", "coordinates": [[35.22, 31.78], [35.75320823661032, 30.503345076310023], [36.272652485676396, 29.224314747295136], [36.77933443293025, 27.943072014121732], [37.27418746595105, 26.65976931830859], [37.75808328113292, 25.374549649826065], [38.23183783500142, 24.08754753494174], [38.69621671641677, 22.798889918781], [39.15194000709913, 21.508696955592207], [39.59968668995988, 20.217082718017682], [40.0400986577846, 18.924155835228994], [40.47378436876552, 17.630020068551346], [40.90132219011423, 16.334774832146007], [41.323263466402295, 15.038515665415323], [41.74013534529437, 13.741334663019671], [42.15244338988033, 12.443320867732297], [42.56067400381713, 11.144560630789027], [42.96529669290105, 9.845137943904197], [43.36676618445976, 8.545134746709012], [43.76552442403947, 7.244631213016485], [44.16200246723171, 5.943706019018328], [44.55662228310602, 4.642436596269734], [44.94979848456544, 3.3408993721102584], [45.34194, 2.03917]]}}, {"type": "Feature", "properties": {"country_a": "ISR", "country_b": "SSD", "distance_km": 3005.1}, "geometry": {"type": "LineString", "coordinates": [[35.22, 31.78], [35.03020450890779, 30.612925545454267], [34.84490891038976, 29.44537108387966], [34.66380811100858, 28.277359681771784], [34.48661722187678, 27.10891354407524], [34.31306964567789, 25.940054121499497], [34.14291535906663, 24.77080220529439], [33.9759193665183, 23.601178010969175], [33.81186030488498, 22.431201252243216], [33.650529180627444, 21.260891206349335], [33.491728224003026, 20.09026677166971], [33.33526984646546, 18.9193465185631], [33.18097568922354, 17.748148734139647], [33.028675752356385, 16.57669146165101], [32.87820759512925, 15.404992535088478], [32.72941559922574, 14.233069609516747], [32.58215028753519, 13.060940187615827], [32.436267691928535, 11.888621642855536], [32.29162876414065, 10.716131239686597], [32.14809882446584, 9.54348615109668], [32.005547043479204, 8.37070347385022], [31.863845952429557, 7.197800241704871], [31.722870978319413, 6.02479343687572], [31.5825, 4.8517]]}}, {"type": "Feature", "properties": {"country_a": "ISR", "country_b": "TUN", "distance_km": 2364.4}, "geometry": {"type": "LineString", "coordinates": [[35.22, 31.78], [34.20006805263569, 32.10105729276186], [33.173068037181125, 32.41382888125611], [32.13905462301347, 32.718157862524556], [31.098094207736512, 33.01388853583997], [30.050265203919682, 33.30086665375517], [28.99565829748239, 33.57893968264159], [27.934376674310347, 33.84795707206518], [26.86653621169151, 34.10777053224356], [25.792265631197175, 34.3582343187218], [24.711706609712486, 34.599205523298906], [23.625013845442105, 34.830544370131804], [22.53235507588392, 35.05211451584169], [21.433911044977172, 35.26378335234903], [20.329875416892506, 35.465422311071755], [19.220454634240483, 35.656907167035136], [18.10586771883013, 35.8381183413664], [16.986346013509564, 36.00894120058118], [15.862132864063145, 36.16926635101517], [14.73348324061936, 36.31898992671546], [13.60066329853814, 36.45801386908017], [12.46394987928677, 36.586246196527355], [11.323629952375647, 36.70360126248238], [10.18, 36.81]]}}, {"type": "Feature", "properties": {"country_a": "ISR", "country_b": "TUR", "distance_km": 929.4}, "geometry": {"type": "LineString", "coordinates": [[35.22, 31.78], [35.12672972859435, 32.13561520508989], [35.03273293277309, 32.491141155820245], [34.93799394795112, 32.846576240408794], [34.84249675758041, 33.20191881621596], [34.74622498213034, 33.55716720867061], [34.649161867679055, 33.91231971015578], [34.551290274099465, 34.26737457885245], [34.45259266282296, 34.62233003753996], [34.35305108416288, 34.97718427235077], [34.2526471641792, 35.331935431477895], [34.151362091064776, 35.686581623832886], [34.049176601032705, 36.041120917652044], [33.94607096368332, 36.39555133904887], [33.84202496682837, 36.74987087051009], [33.737017900748704, 37.1040774493329], [33.63102854186084, 37.45816896600085], [33.524035135766376, 37.81214326249537], [33.41601537965712, 38.16599813054034], [33.30694640404739, 38.51973130977628], [33.196804753803406, 38.87334048586145], [33.08556636843849, 39.22682328849584], [32.973206561640964, 39.58017728936505], [32.8597, 39.9334]]}}, {"type": "Feature", "properties": {"country_a": "JOR", "country_b": "KWT", "distance_km": 1189.7}, "geometry": {"type": "LineString", "coordinates": [[35.93, 31.95], [36.467044253154285, 31.86215254010714], [37.003057785258015, 31.77204035562891], [37.53802018998261, 31.67967565038346], [38.0719115998094, 31.58507086183037], [38.60471269123924, 31.48823865473756], [39.13640468946872, 31.38919191481288], [39.66696937253785, 31.287943742307718], [40.19638907495519, 31.184507445599735], [40.724646690807035, 31.078896534761466], [41.25172567635789, 30.97112471512188], [41.777610052150564, 30.861205880827406], [42.302284404614355, 30.749154108408973], [42.82573388719084, 30.634983650361466], [43.34794422098731, 30.51870892874181], [43.868901694968095, 30.400344528791557], [44.38859316569507, 30.27990519259], [44.907006056628674, 30.157405812743345], [45.4241283570013, 30.032861426115385], [45.93994862027556, 29.906287207604883], [46.45445596219972, 29.777698463974914], [46.967640058473584, 29.647110627738694], [47.47949114203778, 29.514539251106815], [47.99, 29.38]]}}, {"type": "Feature", "properties": {"country_a": "JOR", "country_b": "LBN", "distance_km": 218.9}, "geometry": {"type": "LineString", "coordinates": [[35.93, 31.95], [35.9116877007952, 32.03439052188524], [35.893341781122054, 32.11877726985154], [35.87496206994301, 32.20316022885755], [35.85654839531684, 32.287539383800265], [35.83810058439198, 32.371914719514635], [35.81961846339978, 32.45628622077289], [35.801101857647744, 32.540653872284096], [35.78255059151268, 32.625017658693594], [35.76396448843379, 32.70937756458246], [35.74534337090573, 32.79373357446692], [35.726687060471576, 32.87808567279786], [35.70799537771579, 32.96243384396021], [35.68926814225703, 33.046778072272424], [35.670505172740995, 33.1311183419859], [35.651706286833175, 33.21545463728438], [35.63287130121151, 33.2997869422834], [35.61400003155904, 33.3841152410297], [35.59509229255644, 33.46843951750063], [35.57614789787453, 33.55275975560358], [35.55716666016673, 33.63707593917533], [35.538148391061384, 33.721388051981506], [35.51909290115411, 33.80569607771592], [35.5, 33.89]]}}, {"type": "Feature", "properties": {"country_a": "JOR", "country_b": "LBY", "distance_km": 2137.3}, "geometry": {"type": "LineString", "coordinates": [[35.93, 31.95], [34.95761230250622, 32.07603210766563], [33.98263239538401, 32.19458004141516], [33.005201928131726, 32.30559035728155], [32.02546689486418, 32.409012643620315], [31.043577419874012, 32.50479961310629], [30.059687527663083, 32.59290719023689], [29.07395489805147, 32.67329459394937], [28.086540607075953, 32.7459244149749], [27.097608854491355, 32.810762687570644], [26.107326678785846, 32.86777895529218], [25.115863660713963, 32.91694633049252], [24.123391616437615, 32.95824154726058], [23.130084281444812, 32.99164500754083], [22.13611698648718, 33.0171408202074], [21.14166632683973, 33.03471683289862], [20.146909826238897, 33.04436465645336], [19.15202559689741, 33.04607968182657], [18.15719199702537, 33.03986108939884], [17.16258728730747, 33.025711850633165], [16.168389287794103, 33.00363872207034], [15.174775036661245, 32.973652231693514], [14.181920452278685, 32.935766657730454], [13.19, 32.89]]}}, {"type": "Feature", "properties": {"country_a": "JOR", "country_b": "LKA", "distance_km": 5324.6}, "geometry": {"type": "LineString", "coordinates": [[35.93, 31.95], [38.186166660720964, 31.158225842409085], [40.404225038831704, 30.327483818719777], [42.58434285574939, 29.459660288794222], [44.72692616599144, 28.556627653848675], [46.832593800456635, 27.6202355687624], [48.902152280498754, 26.65230369820783], [50.936571715681694, 25.65461592247916], [52.93696306973318, 24.62891587923079], [54.90455706364155, 23.57690371573007], [56.84068488464575, 22.50023392132137], [58.746760786020246, 21.400514110220143], [60.62426659480279, 20.27930462922102], [62.47473809186884, 19.138118872262528], [64.29975318942121, 17.978424193060224], [66.1009218031806, 16.801643317393914], [67.87987729841075, 15.609156167471323], [69.63826937853685, 14.402302021606708], [71.37775828081904, 13.182381942892041], [73.10001014382188, 11.950661420359424], [74.80669341499134, 10.708373175180487], [76.49947617244348, 9.456720092637013], [78.18002424221154, 8.196878247892458], [79.85, 6.93]]}}, {"type": "Feature", "properties": {"country_a": "JOR", "country_b": "MAR", "distance_km": 3974.3}, "geometry": {"type": "LineString", "coordinates": [[35.93, 31.95], [34.15830288144495, 32.345389446314734], [32.37162321791773, 32.71566174290886], [30.57063694073733, 33.06025203773258], [28.75610178322254, 33.378622447457204], [26.928855729303184, 33.67026522377313], [25.08981454232367, 33.93470588067452], [23.239968346020483, 34.17150623992423], [21.380377248770188, 34.380267350304415], [19.512166023263898, 34.56063223568405], [17.63651787612621, 34.71228842748419], [15.754667364895859, 34.834970238867655], [13.86789254235925, 34.928460740946626], [11.97750642956127, 34.992593405462706], [10.084847937997768, 35.0272533836698], [8.191272377658365, 35.03237839740551], [6.298141699988371, 35.00795922538954], [4.4068146328839255, 34.95403977541384], [2.5186368681343936, 34.87071674103356], [0.6349314601216633, 34.75813884936134], [-1.2430104118467256, 34.61650571433319], [-3.113938176139939, 34.446066317093674], [-4.976649969847919, 34.247117141702724], [-6.83, 34.02]]}}, {"type": "Feature", "properties": {"country_a": "JOR", "country_b": "MDV", "distance_km": 4981.4}, "geometry": {"type": "LineString", "coordinates": [[35.93, 31.95], [37.88874650129938, 30.95191308150853], [39.80660738041793, 29.924603005604126], [41.68496848825001, 28.869805692534456], [43.52532152372416, 27.789196602211042], [45.32924148537714, 26.684389729682298], [47.0983668881075, 25.556937548065132], [48.83438263832457, 24.40833174029328], [50.53900541193996, 23.240004576462745], [52.21397134862775, 22.053330809841654], [53.86102585897105, 20.849629980909917], [55.48191533529172, 19.630169034495996], [57.07838055930611, 18.39616516978051], [58.652151607890545, 17.14878885639719], [60.204944070237374, 15.889166961962864], [61.73845640400275, 14.618385947081634], [63.25436827350928, 13.337495093229299], [64.75433972878909, 12.04750973701021], [66.2400110995988, 10.7494144911909], [67.71300349306719, 9.44416643876713], [69.17491979705832, 8.132698291230883], [70.62734610347326, 6.815921506284315], [72.07185347647788, 5.4947293636052], [73.51, 4.17]]}}, {"type": "Feature", "properties": {"country_a": "JOR", "country_b": "NPL", "distance_km": 4755.6}, "geometry": {"type": "LineString", "coordinates": [[35.93, 31.95], [38.10313098791755, 32.17929854611838], [40.28628371922309, 32.37108227270366], [42.47775839894166, 32.52491680525013], [44.675779869908666, 32.64044986802115], [46.878512802825455, 32.71741460762212], [49.0840780799522, 32.75563215415585], [51.290570063596576, 32.75501335903473], [53.496074407041604, 32.71555966744352], [55.69868604468509, 32.63736310416227], [57.89652699121382, 32.520605373096174], [60.08776358703964, 32.365556092482244], [62.27062284852265, 32.17257020841341], [64.4434076153943, 31.942084648170237], [66.60451023223638, 31.67461429112545], [68.75242455327874, 31.37074734810642], [70.88575611722754, 31.031140249676], [73.00323039829047, 30.656512149648602], [75.10369909811931, 30.247639152322677], [77.18614449843645, 29.805348370597887], [79.24968194351106, 29.330511917724085], [81.29356056380618, 28.82404092838148], [83.31716238602431, 28.286879695672507], [85.32, 27.72]]}}, {"type": "Feature", "properties": {"country_a": "JOR", "country_b": "OMN", "distance_km": 2395.5}, "geometry": {"type": "LineString", "coordinates": [[35.93, 31.95], [36.97973835588802, 31.66941398079703], [38.0230882747078, 31.380231788746293], [39.059972870270926, 31.082600978264125], [40.09032633235046, 30.776670675065926], [41.114093692158676, 30.462591342490413], [42.13123056425822, 30.140514556408277], [43.141702867733365, 29.81059278916735], [44.14548652939019, 29.47297920294447], [45.14256717167458, 29.127827452795085], [46.13293978790041, 28.77529149961696], [47.116608407268124, 28.415525433174032], [48.09358575202948, 28.048683305260727], [49.06389288902021, 27.674918973026546], [50.027558877641546, 27.29438595242498], [50.984620416225205, 26.90723728170043], [51.93512148856765, 26.513625394781393], [52.8791130122699, 26.11370200440783], [53.81665249037013, 25.707617994785164], [54.74780366760962, 25.29552332352674], [55.672636192529424, 24.877566932620176], [56.5912252864568, 24.45389666813133], [57.503651420307065, 24.024659208341564], [58.41, 23.59]]}}, {"type": "Feature", "properties": {"country_a": "JOR", "country_b": "PAK", "distance_km": 3462.9}, "geometry": {"type": "LineString", "coordinates": [[35.93, 31.95], [37.48454708894263, 32.254279992402104], [39.04916692139574, 32.539293742617104], [40.62335938120458, 32.804708682575885], [42.206581767420644, 33.05020961239981], [43.798250121749, 33.275500144346346], [45.397740932040655, 33.480304107878894], [47.0043932128907, 33.664366900567565], [48.61751095820608, 33.82745676942633], [50.23636595411032, 33.96936600747608], [51.86020093392091, 34.08991205080805], [53.48823305035124, 34.1889384622138], [55.11965763374539, 34.26631578854384], [56.75365219924777, 34.321942280343315], [58.38938066053083, 34.35574446396724], [60.0259977032288, 34.36767755826723], [61.66265326770885, 34.357725730023574], [63.29849708837413, 34.325902184524494], [64.93268323542544, 34.27224909001121], [66.56437460495236, 34.19683733705785], [68.1927473043848, 34.099766136277516], [69.8169948826695, 33.981162459984006], [71.43633235795969, 33.8411803355361], [73.05, 33.68]]}}, {"type": "Feature", "properties": {"country_a": "JOR", "country_b": "PSE", "distance_km": 69.3}, "geometry": {"type": "LineString", "coordinates": [[35.93, 31.95], [35.89824464482279, 31.947913359833628], [35.866490727767314, 31.945818778655788], [35.83473825411247, 31.943716257464498], [35.8029872291344, 31.9416057972614], [35.771237658106514, 31.939487399051796], [35.739489546299424, 31.937361063844648], [35.70774289898099, 31.935226792652553], [35.67599772141626, 31.933084586491738], [35.644254018867514, 31.930934446382093], [35.61251179659422, 31.928776373347134], [35.58077105985302, 31.926610368414007], [35.549031813897734, 31.924436432613515], [35.51729406397938, 31.92225456698008], [35.48555781534608, 31.920064772551747], [35.453823073243136, 31.9178670503702], [35.422089842913, 31.91566140148076], [35.39035812959523, 31.91344782693235], [35.35862793852652, 31.91122632777752], [35.32689927494065, 31.908996905072456], [35.29517214406853, 31.90675955987696], [35.26344655113816, 31.904514293254422], [35.2317225013746, 31.902261106271894], [35.2, 31.9]]}}, {"type": "Feature", "properties": {"country_a": "JOR", "country_b": "QAT", "distance_km": 1692.3}, "geometry": {"type": "LineString", "coordinates": [[35.93, 31.95], [36.65011276660077, 31.700380763598904], [37.36634824613142, 31.446707350479972], [38.078704511744554, 31.18904083961628], [38.78718241287073, 30.927442293687065], [39.49178549252517, 30.661972721998627], [40.19251990373344, 30.392693045127057], [40.889394325350054, 30.11966406127674], [41.582419877530135, 29.842946414343526], [42.271610037098654, 29.562600563667132], [42.956980553047146, 29.278686755453478], [43.6385493623726, 28.991264995843522], [44.31633650645854, 28.700395025602237], [44.99036404818306, 28.406136296398063], [45.66065598992471, 28.108547948640563], [46.327238192622325, 27.807688790841684], [46.99013829603154, 27.503617280463903], [47.649385640306704, 27.196391506216745], [48.305011189024675, 26.886069171761754], [48.95704745375386, 26.572707580784616], [49.60552842025993, 26.2563636233923], [50.25048947642878, 25.937093763792166], [50.891967341975764, 25.614954029209542], [51.53, 25.29]]}}, {"type": "Feature", "properties": {"country_a": "JOR", "country_b": "SAU", "distance_km": 1323.5}, "geometry": {"type": "LineString", "coordinates": [[35.93, 31.95], [36.42928853835156, 31.654224585075774], [36.9254140838078, 31.356494594144273], [37.41841288117123, 31.05684442656522], [37.90832156551902, 30.755308070280872], [38.39517712695436, 30.451919102733914], [38.879016876830434, 30.14671069216411], [39.35987841542011, 29.839715599261755], [39.83779960100335, 29.530966179156756], [40.31281852034215, 29.22049438372303], [40.78497346051264, 28.90833176417838], [41.25430288206195, 28.59450947396109], [41.72084539345746, 28.2790582718648], [42.184639726794884, 27.962008525414202], [42.64572471473134, 27.643390214464922], [43.104139268609245, 27.32323293501121], [43.55992235773658, 27.00156590318625], [44.0131129897889, 26.67841795944027], [44.46375019229871, 26.353817572882377], [44.91187299519762, 26.027792845772794], [45.3575204143773, 25.70037151815264], [45.80073143623498, 25.371580972599194], [46.24154500317029, 25.041448239095004], [46.68, 24.71]]}}, {"type": "Feature", "properties": {"country_a": "JOR", "country_b": "SDN", "distance_km": 1844.0}, "geometry": {"type": "LineString", "coordinates": [[35.93, 31.95], [35.75984548547702, 31.241744767261416], [35.59221215941158, 30.53318955099461], [35.42699522693106, 29.82434458621658], [35.264094235117426, 29.115219771385515], [35.103412819208465, 28.405824690685503], [34.94485846499647, 27.69616863478689], [34.788342286194805, 26.98626062019754], [34.63377881564488, 26.27610940731121], [34.48108580932881, 25.5657235172501], [34.33018406223706, 24.855111247590678], [34.1809972352168, 24.14428068705469], [34.0334516919963, 23.433239729240466], [33.88747634564405, 22.721996085463907], [33.74300251377885, 22.010557296772895], [33.59996378189959, 21.298930745194085], [33.458295874251775, 20.5871236642664], [33.317936531691046, 19.875143148911533], [33.17882539604431, 19.162996164688106], [33.04090390050544, 18.45068955647249], [32.9041151656359, 17.738230056606568], [32.76840390057106, 17.025624292549562], [32.63371630906098, 16.312878794068514], [32.5, 15.6]]}}, {"type": "Feature", "properties": {"country_a": "JOR", "country_b": "SOM", "distance_km": 3454.9}, "geometry": {"type": "LineString", "coordinates": [[35.93, 31.95], [36.4269147788818, 30.664115681273476], [36.91083013374237, 29.37612596328438], [37.38270121978293, 28.086174610950696], [37.843416731002726, 26.794396074232218], [38.293805455311045, 25.500916483831723], [38.73464215869133, 24.20585453647915], [39.166652879546206, 22.90932228380688], [39.59051970417499, 21.611425836922635], [40.00688508554144, 20.312265997173057], [40.4163557598925, 19.011938822218838], [40.81950630922475, 17.71053613537456], [41.21688241192526, 16.408145985170897], [41.60900381901503, 15.104853061247782], [41.99636708919455, 13.800739071961951], [42.37944811224155, 12.495883088473665], [42.75870444716688, 11.190361859548494], [43.13457749882905, 9.88425010086007], [43.50749455438825, 8.577620762196021], [43.87787069899831, 7.270545275644218], [44.2461106284524, 5.963093787562158], [44.612610375080486, 4.655335376902786], [44.977758962017816, 3.3473382622796697], [45.34194, 2.03917]]}}, {"type": "Feature", "properties": {"country_a": "JOR", "country_b": "SSD", "distance_km": 3033.9}, "geometry": {"type": "LineString", "coordinates": [[35.93, 31.95], [35.70267631804841, 30.77639200098213], [35.4808073870205, 29.60218238525757], [35.26402181412091, 28.42740240165982], [35.051972946067124, 27.25208189298285], [34.84433652127003, 26.076249456977333], [34.64080856213748, 24.89993258913942], [34.441103478112815, 23.72315780947788], [34.24495235396462, 22.545950775154243], [34.052101401167974, 21.368336380643683], [33.86231055305325, 20.190338846854335], [33.67535218682313, 19.01198180046405], [33.491009957615645, 17.83328834458039], [33.30907773157332, 16.65428112169938], [33.12935860641047, 15.47498236982625], [32.95166400928844, 14.295413972525447], [32.77581286294344, 13.115597503584983], [32.60163081198946, 11.935554266908932], [32.428949502160464, 10.755305332191545], [32.257605905980924, 9.57487156687401], [32.08744168897579, 8.39427366484027], [31.918302611064448, 7.213532172270193], [31.7500379582375, 6.032667511035973], [31.5825, 4.8517]]}}, {"type": "Feature", "properties": {"country_a": "JOR", "country_b": "SYR", "distance_km": 176.3}, "geometry": {"type": "LineString", "coordinates": [[35.93, 31.95], [35.945395088208144, 32.01785532941173], [35.96081288430745, 32.08570806068273], [35.97625348107894, 32.153558185349716], [35.991716971696604, 32.221405694920946], [36.00720344972973, 32.28925058087607], [36.022713009145214, 32.35709283466594], [36.038245744309975, 32.42493244771236], [36.05380174999326, 32.49276941140793], [36.069381121369105, 32.560603717115875], [36.08498395401866, 32.62843535616976], [36.10061034393267, 32.69626431987341], [36.11626038751388, 32.76409059950059], [36.13193418157951, 32.83191418629488], [36.1476318233637, 32.899735071469436], [36.16335341052002, 32.9675532462068], [36.17909904112394, 33.03536870165868], [36.19486881367539, 33.103181428945724], [36.21066282710127, 33.17099141915737], [36.22648118075799, 33.23879866335158], [36.2423239744341, 33.30660315255462], [36.258191308352814, 33.37440487776091], [36.27408328317464, 33.44220382993271], [36.29, 33.51]]}}, {"type": "Feature", "properties": {"country_a": "JOR", "country_b": "TUN", "distance_km": 2420.9}, "geometry": {"type": "LineString", "coordinates": [[35.93, 31.95], [34.8799868949218, 32.269873708964056], [33.82268275043032, 32.58094201915839], [32.75815787206803, 32.88303899458975], [31.68649559567414, 33.17600028979656], [30.60779257180774, 33.45966343895175], [29.52215901417326, 33.7338681549291], [28.42971890812215, 33.99845663745424], [27.33061017535266, 34.253273889335894], [26.224984791025754, 34.49816803964872], [25.11300884966356, 34.732990672615806], [23.994862576399477, 34.95759716081914], [22.870740280407926, 35.171847001251365], [21.74085024765765, 35.375604152615], [20.60541457050511, 35.56873737217652], [19.464668912073048, 35.75112055039546], [18.318862203840443, 35.92263304147474], [17.168256275400857, 36.083159987919004], [16.0131254159213, 36.23259263714569], [14.853755867446633, 36.37082864816974], [13.690445250838103, 36.49777238637886], [12.523501925800666, 36.61333520443337], [11.353244287131155, 36.71743570736373], [10.18, 36.81]]}}, {"type": "Feature", "properties": {"country_a": "JOR", "country_b": "TUR", "distance_km": 928.0}, "geometry": {"type": "LineString", "coordinates": [[35.93, 31.95], [35.808481344310415, 32.29883676525232], [35.686028382377, 32.647536371219005], [35.56262149060072, 32.99609621247936], [35.43824062032145, 33.344513631020774], [35.31286528511766, 33.692785914526546], [35.186474547685556, 34.04091029460319], [35.05904700628169, 34.38888394494441], [34.93056078071184, 34.73670397942955], [34.800993497848964, 35.08436745015352], [34.67032227666142, 35.43187134538558], [34.53852371273291, 35.77921258745379], [34.40557386225363, 36.1263880305524], [34.27144822546244, 36.47339445846856], [34.13612172951799, 36.820228582225255], [33.99956871077651, 37.16688703763676], [33.861762896452646, 37.51336638277302], [33.72267738563887, 37.859663095328976], [33.582284629657856, 38.2057735698948], [33.44055641172127, 38.551694115122835], [33.29746382586703, 38.897420950786696], [33.15297725514621, 39.242950204727855], [33.007066349029266, 39.588277909684855], [32.8597, 39.9334]]}}, {"type": "Feature", "properties": {"country_a": "JOR", "country_b": "YEM", "distance_km": 2018.5}, "geometry": {"type": "LineString", "coordinates": [[35.93, 31.95], [36.34017149421954, 31.240625969425412], [36.744251691446614, 30.529884384670375], [37.14248596242253, 29.817829982782357], [37.53511053668685, 29.1045153751723], [37.922352964487814, 28.389991169455772], [38.304432556452205, 27.674306084113525], [38.68156080209724, 26.957507056444335], [39.05394176823909, 26.23963934425174], [39.42177247832121, 25.520746621677066], [39.785243273651815, 24.800871069563733], [40.14453815750449, 24.080053460712158], [40.49983512299951, 23.358333240361226], [40.85130646564684, 22.635748602209862], [41.19911908139517, 21.91233656027182], [41.54343475099473, 21.188133016837735], [41.88441041144673, 20.463172826800633], [42.22219841527663, 19.737489858584752], [42.55694677833549, 19.01111705190211], [42.88879941680079, 18.28408647254721], [43.217896374017066, 17.556429364426876], [43.544374037786355, 16.828176199010407], [43.86836534869056, 16.099356722373624], [44.19, 15.37]]}}, {"type": "Feature", "properties": {"country_a": "KWT", "country_b": "LBN", "distance_km": 1284.9}, "geometry": {"type": "LineString", "coordinates": [[47.99, 29.38], [47.47203981437498, 29.60058248002406], [46.95183101861713, 29.819127634356732], [46.42936498420771, 30.03560869871846], [45.90463381749498, 30.2499988168377], [45.37763038208359, 30.462271047180842], [44.84834832133876, 30.672398370011067], [44.3167820809746, 30.88035369478038], [43.78292693169347, 31.08610986785875], [43.24677899184186, 31.289639680603752], [42.7083352500462, 31.490915877773766], [42.167593587790556, 31.689911166287178], [41.624552801895696, 31.886598224329614], [41.07921262685819, 32.08094971081065], [40.53157375700518, 32.272938275170745], [39.9816378684201, 32.462536567538805], [39.429407640591876, 32.649717249239714], [38.874886777738695, 32.8344530036509], [38.318080029756544, 33.016716547405935], [37.75899321274008, 33.196480641942664], [37.19763322902297, 33.37371810539242], [36.63400808668293, 33.54840182480612], [36.06812691845554, 33.720504768712125], [35.5, 33.89]]}}, {"type": "Feature", "properties": {"country_a": "KWT", "country_b": "LBY", "distance_km": 3326.6}, "geometry": {"type": "LineString", "coordinates": [[47.99, 29.38], [46.55075966068436, 29.72510798836159], [45.101863628221004, 30.05444704516771], [43.64358293832758, 30.36770353178994], [42.17622146063612, 30.664573333499074], [40.70011581480381, 30.944762887143302], [39.21563507698005, 31.207990215516297], [37.723180265682686, 31.453985960558274], [36.223183598400624, 31.68249440702967], [34.71610751284805, 31.89327448788796], [33.20244344971745, 32.08610076230004], [31.682710396966325, 32.26076435705027], [30.157453199072442, 32.417073862070865], [28.627240638233964, 32.554856170936894], [27.092663298097335, 32.6739572574397], [25.554331224181674, 32.7742428797825], [24.012871398643643, 32.85559920453034], [22.468925050299656, 32.917933343186405], [20.923144823802723, 32.961173795148945], [19.376191834474206, 32.98527079181296], [17.828732637440687, 32.99019653769994], [16.281436141357712, 32.97594534570518], [14.734970498067213, 32.94253366482122], [13.19, 32.89]]}}, {"type": "Feature", "properties": {"country_a": "KWT", "country_b": "LKA", "distance_km": 4161.4}, "geometry": {"type": "LineString", "coordinates": [[47.99, 29.38], [49.585893733283946, 28.546281640530957], [51.15657483343952, 27.693997871066355], [52.702798829616924, 26.82407171405374], [54.22536336798109, 25.937401153289247], [55.725100988984515, 25.034858859106095], [57.202872629907674, 24.1172921711343], [58.65956183111428, 23.185523304078576], [60.096069615732766, 22.24034974460814], [61.5133100062492, 21.282544810254855], [62.9122061373915, 20.312858344070733], [64.29368692233342, 19.332017521617818], [65.65868422830822, 18.340727749593704], [67.00813051789814, 17.339673637988614], [68.34295691328977, 16.32952003009631], [69.6640916424349, 15.310913076943837], [70.97245882814012, 14.284481344755148], [72.2689775834719, 13.250836945920307], [73.55456137938062, 12.210576685608975], [74.83011765301625, 11.164283217652082], [76.09654762775278, 10.112526204629294], [77.35474631839827, 9.055863478253523], [78.60560269739693, 7.994842197150179], [79.85, 6.93]]}}, {"type": "Feature", "properties": {"country_a": "KWT", "country_b": "MAR", "distance_km": 5161.1}, "geometry": {"type": "LineString", "coordinates": [[47.99, 29.38], [45.809627386846316, 30.07026130867281], [43.599601035903675, 30.72379891861035], [41.360446082805396, 31.339150311522623], [39.09291204416029, 31.914884210695806], [36.79798145532572, 32.449611214336116], [34.47687560619477, 32.941995061969315], [32.13105683905062, 33.3907643689367], [29.762226922353957, 33.794724627847835], [27.372321096593094, 34.15277024278436], [24.963497503392162, 34.46389633450219], [22.538121854643315, 34.727210035280045], [20.09874736927871, 34.94194098264823], [17.648090193270576, 35.10745072381401], [15.18900071282905, 35.22324075832315], [12.724431359033204, 35.28895897565276], [10.257401671023722, 35.30440428632468], [7.790961521717541, 35.26952929805595], [5.3281535040062735, 35.18444094979274], [2.8719755189429463, 35.04939908283528], [0.4253445969112306, 34.864812995834264], [-2.0089370809196936, 34.631236095292515], [-4.428213105195958, 34.34935881165494], [-6.83, 34.02]]}}, {"type": "Feature", "properties": {"country_a": "KWT", "country_b": "MDV", "distance_km": 3876.2}, "geometry": {"type": "LineString", "coordinates": [[47.99, 29.38], [49.283987567395265, 28.372549452575484], [50.55360933537471, 27.352896443612888], [51.80005990114134, 26.321761062520455], [53.024515196230865, 25.27983165952947], [54.22813035192917, 24.227766528486857], [55.412038165899396, 23.166195590119283], [56.5773480875595, 22.0957220612696], [57.72514564837203, 21.016924098799517], [58.85649227146796, 19.93035640958213], [59.972425402792666, 18.836551820322445], [61.07395891315858, 17.73602280289114], [62.16208372717399, 16.629262952483938], [63.237768640984406, 15.516748417267472], [64.3019612961188, 14.398939279282683], [65.35558928150792, 13.276280887283377], [66.39956133996542, 12.149205142922144], [67.43476865913755, 11.018131742286247], [68.46208623017407, 9.883469375256034], [69.48237426019355, 8.745616885529289], [70.49647962705114, 7.604964394444419], [71.50523736700488, 6.461894391958623], [72.50947218765182, 5.3167827983074405], [73.51, 4.17]]}}, {"type": "Feature", "properties": {"country_a": "KWT", "country_b": "NPL", "distance_km": 3642.2}, "geometry": {"type": "LineString", "coordinates": [[47.99, 29.38], [49.61347085147379, 29.529195775528546], [51.241394580496646, 29.658505675070362], [52.87316275932889, 29.767775219930755], [54.50814859245076, 29.85687294708098], [56.14570975963814, 29.925691029013834], [57.78519141519054, 29.9741457885002], [59.42592931489905, 30.0021781020087], [61.067253039887596, 30.009753686837318], [62.70848928457413, 29.996863268400183], [64.34896517473737, 29.96352262558426], [65.98801158107966, 29.909772513609287], [67.62496639376566, 29.835678465354466], [69.25917772418708, 29.741330473625194], [70.89000700163233, 29.62684255828752], [72.51683193457951, 29.492352223566986], [74.13904930892244, 29.33801981206309], [75.75607759849817, 29.164027763146297], [77.36735936672665, 28.97057978436156], [78.97236344189335, 28.757899945245534], [80.57058685250591, 28.526231703564683], [82.16155651312987, 28.275836874394127], [83.74483065505788, 28.006994552683242], [85.32, 27.72]]}}, {"type": "Feature", "properties": {"country_a": "KWT", "country_b": "OMN", "distance_km": 1220.1}, "geometry": {"type": "LineString", "coordinates": [[47.99, 29.38], [48.46552799615655, 29.145068777324173], [48.938889770750954, 28.908449553738812], [49.41010093538725, 28.670166014518568], [49.87917753471334, 28.43024168624644], [50.346136028172886, 28.1886999344492], [50.810993272158804, 27.945563961452205], [51.27376650257387, 27.700856804446644], [51.734473317802745, 27.45460133376285], [52.19313166209907, 27.20682025134255], [52.64975980938991, 26.95753608940394], [53.104376347499645, 26.70677120929258], [53.557000162793685, 26.45454780051191], [54.007650425242524, 26.200887879926906], [54.45634657390521, 25.945813291134506], [54.903108302831065, 25.68934570399475], [55.34795554737777, 25.431506614316305], [55.7909084709432, 25.17231734369062], [56.23198745210793, 24.911799039468605], [56.671213072184955, 24.64997267487428], [57.108606103172676, 24.386859049249587], [57.54418749610642, 24.12247878842492], [57.97797836980401, 23.856852345210026], [58.41, 23.59]]}}, {"type": "Feature", "properties": {"country_a": "KWT", "country_b": "PAK", "distance_km": 2421.0}, "geometry": {"type": "LineString", "coordinates": [[47.99, 29.38], [49.025359863054014, 29.665995538966556], [50.06650987888931, 29.943846472409174], [51.11337659287502, 30.21341635834338], [52.16587669896521, 30.474570641381774], [53.22391691837954, 30.727176870341392], [54.287393905757305, 30.971104920801555], [55.35619418486124, 31.206227221913664], [56.430194115822445, 31.432418986697886], [57.50925989580644, 31.649558444997226], [58.593247594842545, 31.857527078197457], [59.68200322839385, 32.05620985476327], [60.775362868053875, 32.24549546558769], [61.873152791538, 32.4252765581038], [62.97518967289539, 32.595449968066326], [64.0812808136002, 32.75591694787686], [65.1912244148933, 32.9065833903004], [66.30480989143882, 33.04736004640424], [67.42181822603683, 33.17816273654331], [68.5420223647981, 33.29891255321854], [69.6651876518434, 33.40953605464987], [70.79107230224146, 33.50996544792904], [71.91942791155238, 33.60013876065487], [73.05, 33.68]]}}, {"type": "Feature", "properties": {"country_a": "KWT", "country_b": "PSE", "distance_km": 1256.6}, "geometry": {"type": "LineString", "coordinates": [[47.99, 29.38], [47.44842939312781, 29.515211770207667], [46.9054289927125, 29.648209169911375], [46.36101114902115, 29.778974512432836], [45.815188886145904, 29.90749027159595], [45.26797590438233, 30.033739089510004], [44.719386582078585, 30.157703784420768], [44.16943597693817, 30.279367358622178], [43.61813982675953, 30.398713006421538], [43.06551454959643, 30.515724122150516], [42.511577243323316, 30.630384308214197], [41.956345684591106, 30.742677383169998], [41.399838327159, 30.852587389828038], [40.842074299589186, 30.960098603364386], [40.28307340229189, 31.065195539438214], [39.722856103909294, 31.167862962303943], [39.16144353702779, 31.268085892908665], [38.598857493208975, 31.365849616965814], [38.035120417331214, 31.461139692995], [37.47025540123424, 31.553941960318266], [36.90428617666102, 31.644242547002758], [36.33723710749194, 31.732027877739633], [35.769133181267854, 31.817284681648907], [35.2, 31.9]]}}, {"type": "Feature", "properties": {"country_a": "KWT", "country_b": "QAT", "distance_km": 572.7}, "geometry": {"type": "LineString", "coordinates": [[47.99, 29.38], [48.149510257034606, 29.204161060005756], [48.308476663583754, 29.0281280371947], [48.46690439032056, 28.851902936210795], [48.62479857326885, 28.675487743759316], [48.782164314027625, 28.498884428827097], [48.93900667999862, 28.322094942900602], [49.09533070461653, 28.14512122018187], [49.25114138758207, 27.967965177802295], [49.40644369509745, 27.79062871603423], [49.56124256010429, 27.613113718500582], [49.715542882523636, 27.435422052382158], [49.86934952949826, 27.25755556862298], [50.02266733563669, 27.079516102133542], [50.175501103259236, 26.901305471991943], [50.32785560264552, 26.72292548164302], [50.47973557228381, 26.544377919095357], [50.63114571912153, 26.365664557116403], [50.782090718817365, 26.186787153425417], [50.93257521599436, 26.00774745088459], [51.082603824494356, 25.828547177688026], [51.23218112763323, 25.649188047548915], [51.38131167845722, 25.469671759884637], [51.53, 25.29]]}}, {"type": "Feature", "properties": {"country_a": "KWT", "country_b": "SAU", "distance_km": 533.5}, "geometry": {"type": "LineString", "coordinates": [[47.99, 29.38], [47.93068782214007, 29.177286732440706], [47.871608349667525, 28.97454115688595], [47.812758781917864, 28.771763615913564], [47.75413635013465, 28.568954448761744], [47.695738316939085, 28.366113991390172], [47.63756197580907, 28.163242576539925], [47.57960465056747, 27.960340533792262], [47.52186369487945, 27.757408189626272], [47.46433649175871, 27.554445867475458], [47.407020453082296, 27.351453887783233], [47.349913019113984, 27.148432568057377], [47.29301165803588, 26.94538222292344], [47.23631386548825, 26.742303164177205], [47.17981716411721, 26.53919570083613], [47.123519103130256, 26.3360601391898], [47.06741725785942, 26.13289678284951], [47.01150922933184, 25.929705932796885], [46.95579264384773, 25.726487887431606], [46.900265152565375, 25.523242942618264], [46.84492443109325, 25.31997139173236], [46.78976817908894, 25.116673525705437], [46.734794119864766, 24.91334963306938], [46.68, 24.71]]}}, {"type": "Feature", "properties": {"country_a": "KWT", "country_b": "SDN", "distance_km": 2202.0}, "geometry": {"type": "LineString", "coordinates": [[47.99, 29.38], [47.24428325093595, 28.8168531281919], [46.50657559827507, 28.24958300867545], [45.77666205161854, 27.678326581739455], [45.05432893662511, 27.103217389632245], [44.33936408409635, 26.524385667991638], [43.6315569945468, 25.941958438592128], [42.93069898001822, 25.356059602998684], [42.23658328481468, 24.766810036760948], [41.54900518675069, 24.17432768382295], [40.86776208041956, 23.57872765086095], [40.192653543904, 22.980122301297946], [39.523481390267015, 22.378621348774775], [38.86004970507858, 21.77433194988824], [38.20216487115342, 21.16735879603312], [37.54963558159708, 20.557804204210274], [36.90227284218277, 19.945768206685088], [36.25988996400942, 19.33134863940155], [35.62230254732255, 18.71464122907537], [34.9893284573143, 18.095739678906714], [34.36078779265693, 17.47473575286811], [33.73650284746528, 16.8517193585369], [33.11629806732862, 16.226778628453776], [32.5, 15.6]]}}, {"type": "Feature", "properties": {"country_a": "KWT", "country_b": "SOM", "distance_km": 3038.9}, "geometry": {"type": "LineString", "coordinates": [[47.99, 29.38], [47.854507074611455, 28.19387243834601], [47.72197388341711, 27.007408006584207], [47.592195287300115, 25.82062153836563], [47.46497910439572, 24.633527647893146], [47.34014487913752, 23.446140774032866], [47.2175227736098, 22.25847521834605], [47.09695256626735, 21.07054517772659], [46.97828274504202, 19.88236477224233], [46.86136968352197, 18.69394806870556], [46.74607689031009, 17.505309100435692], [46.63227432288337, 16.316461883623965], [46.51983775831386, 15.127420430665023], [46.408648214103465, 13.938198760781646], [46.29859141314873, 12.748810908235717], [46.18955728750834, 11.559270928390736], [46.0814395162087, 10.369592901866778], [45.974135092805774, 9.179790937008551], [45.86754391883449, 7.9898791708695445], [45.761568419629015, 6.799871768900583], [45.6561131792962, 5.609782923518383], [45.55108459187637, 4.419626851719401], [45.44639052593489, 3.229417791895381], [45.34194, 2.03917]]}}, {"type": "Feature", "properties": {"country_a": "KWT", "country_b": "SSD", "distance_km": 3218.3}, "geometry": {"type": "LineString", "coordinates": [[47.99, 29.38], [47.15897425970789, 28.351025704968308], [46.34385837830697, 27.31692870829479], [45.54375626995274, 26.278012176388412], [44.75780940901257, 25.234564105423544], [43.985194753459425, 24.18685844937197], [43.22512270683358, 23.13515617360275], [42.47683512793723, 22.079706239023082], [41.73960339473971, 21.02074652159157], [41.01272652677424, 19.95850467186056], [40.29552936851928, 18.89319891900978], [39.58736083481378, 17.825038823626816], [38.88759221819508, 16.754225983278342], [38.19561555712488, 15.68095469470538], [37.510842063337904, 14.605412576268401], [36.832700605978125, 13.52778115406933], [36.16063624974585, 12.448236414986713], [35.494108843943636, 11.366949329681674], [34.83259165905768, 10.284086348464612], [34.17557006732754, 9.199809872758157], [33.52254026362651, 8.114278704749934], [32.87300802288521, 7.027648477700157], [32.22648749023334, 5.940072069253203], [31.5825, 4.8517]]}}, {"type": "Feature", "properties": {"country_a": "KWT", "country_b": "SYR", "distance_km": 1201.8}, "geometry": {"type": "LineString", "coordinates": [[47.99, 29.38], [47.50269289612104, 29.581055642982573], [47.013459169219054, 29.78030978116707], [46.522293123705566, 29.977740846151747], [46.02918963714805, 30.17332721382836], [45.534144175512495, 30.36704720943484], [45.03715280843651, 30.558879112820623], [44.538212224513124, 30.748801163926736], [44.03731974656416, 30.936791568482317], [43.53447334688124, 31.12282850391911], [43.029671662411445, 31.306890125505124], [42.52291400986376, 31.488954572698447], [42.01420040071149, 31.668999975721654], [41.503531556064736, 31.84700446235736], [40.99090892138633, 32.02294616496456], [40.47633468102357, 32.19680322771554], [39.95981177252736, 32.368553814052525], [39.44134390072928, 32.53817611436275], [38.92093555154676, 32.70564835387042], [38.39859200548527, 32.87094880074365], [37.87431935080596, 33.03405577441355], [37.34812449632675, 33.19494765410295], [36.820015183823784, 33.353602887561], [36.29, 33.51]]}}, {"type": "Feature", "properties": {"country_a": "KWT", "country_b": "TUN", "distance_km": 3599.9}, "geometry": {"type": "LineString", "coordinates": [[47.99, 29.38], [46.50094725711218, 29.929782637827657], [44.99569288638321, 30.462519328048288], [43.474242147925324, 30.977658858625468], [41.93665256869522, 31.47465106898769], [40.38303681500835, 31.952948448961163], [38.81356538866757, 32.41200786859756], [37.22846909172914, 32.85129243386459], [35.62804120219742, 33.270273460719324], [34.01263930123161, 33.6684325574622], [32.382686691982435, 34.04526380252305], [30.7386733511582, 34.40027600201754], [29.081156357031045, 34.73299500860537], [27.410759741975497, 35.042966080463074], [25.72817372387658, 35.32975625664354], [24.03415327887234, 35.59295672283054], [22.329516027858585, 35.83218513960652], [20.615139420836933, 36.04708790393293], [18.891957216304526, 36.23734231368456], [17.160955267143766, 36.40265860485839], [15.423166639469926, 36.54278183155451], [13.679666106161662, 36.657493560037786], [11.931564071807315, 36.746613350146404], [10.18, 36.81]]}}, {"type": "Feature", "properties": {"country_a": "KWT", "country_b": "TUR", "distance_km": 1810.4}, "geometry": {"type": "LineString", "coordinates": [[47.99, 29.38], [47.40690338211971, 29.87467660869403], [46.81803906279587, 30.366714781651766], [46.22326512896832, 30.8560364019981], [45.6224382800977, 31.34256146683543], [45.015413901514044, 31.826208037911645], [44.40204614856561, 32.30689219248649], [43.78218804234723, 32.784527974554095], [43.15569157782201, 33.25902734659625], [42.522407845183906, 33.730300142059185], [41.88218716534054, 34.19825401876577], [41.23487924042585, 34.662794413495405], [40.58033332027888, 35.123824497985325], [39.918398385848704, 35.58124513663007], [39.24892335050474, 36.034954846179254], [38.57175728024542, 36.48484975775919], [37.88674963380592, 36.93082358156965], [37.193750523665955, 37.37276757463396], [36.49261099895009, 37.810570512008745], [35.783183351194886, 38.24411866188774], [35.06532144392745, 38.673295765063436], [34.33888106695754, 39.09798301923943], [33.603720316228646, 39.51805906871595], [32.8597, 39.9334]]}}, {"type": "Feature", "properties": {"country_a": "KWT", "country_b": "YEM", "distance_km": 1599.7}, "geometry": {"type": "LineString", "coordinates": [[47.99, 29.38], [47.80656012937065, 28.773528551467844], [47.625230247427375, 28.166756386699088], [47.445935191593684, 27.559693046775887], [47.26860227292671, 26.952347803308516], [47.093161156146934, 26.34472967276698], [46.919543745780985, 25.736847430025694], [46.74768407804127, 25.128709621170273], [46.57751821809113, 24.5203245756128], [46.40898416236692, 23.91170041755832], [46.242021745649716, 23.302845076862724], [46.07657255259912, 22.69376629931938], [45.91257983347975, 22.084471656409363], [45.74998842382819, 21.47496855454815], [45.5887446678236, 20.865264243859006], [45.4287963451401, 20.255365826502082], [45.27009260107248, 19.64528026458559], [45.11258387973934, 19.0350143876846], [44.956221860179625, 18.424574899990798], [44.800959395169244, 17.8139683871155], [44.646750452594766, 17.20320132256673], [44.49355005923037, 16.592280073920016], [44.34131424677317, 15.981210908701385], [44.19, 15.37]]}}, {"type": "Feature", "properties": {"country_a": "LBN", "country_b": "LBY", "distance_km": 2074.6}, "geometry": {"type": "LineString", "coordinates": [[35.5, 33.89], [34.525910369203004, 33.931179358633614], [33.55097057324364, 33.96464614546897], [32.57535508964698, 33.99038472494611], [31.599239667368334, 34.00838304842766], [30.622800998511998, 34.01863267835783], [29.64621638609424, 34.02112880522838], [28.669663409236446, 34.015870257267], [27.693319587194953, 34.00285950279965], [26.7173620436432, 33.982102645275226], [25.741967172619894, 33.953609410977045], [24.767310307543653, 33.917393129483], [23.79356539467026, 33.87347070697126], [22.820904672333427, 33.821862592504225], [21.849498357264917, 33.76259273745673], [20.879514339234348, 33.695688548287364], [19.91111788518495, 33.62118083288234], [18.944471353969146, 33.539103740729985], [17.979733922707798, 33.449494697210746], [17.017061325710703, 33.35239433231138], [16.056605606804055, 33.24784640409407], [15.098514885814684, 33.13589771726995], [14.1429331398611, 33.016598037242446], [13.19, 32.89]]}}, {"type": "Feature", "properties": {"country_a": "LBN", "country_b": "LKA", "distance_km": 5443.4}, "geometry": {"type": "LineString", "coordinates": [[35.5, 33.89], [37.83358331360053, 33.03669576195292], [40.121506279746185, 32.14047422800199], [42.36412165456096, 31.20358120666379], [44.56208043977753, 30.228232390131616], [46.71629408158695, 29.216602511434548], [48.82789813394256, 28.17081675289151], [50.898218083278124, 27.092944218184446], [52.92873781119553, 25.98499325828101], [54.92107098259193, 24.848908432555163], [56.87693549108573, 23.686568887889234], [58.798130970753945, 22.49978794758918], [60.686519290489045, 21.290313716231342], [62.544007881009236, 20.059830524095347], [64.37253570052746, 18.80996105403821], [66.17406161909543, 17.54226901331573], [67.95055498975243, 16.25826223207909], [69.70398817332438, 14.959396088463635], [71.4363307900451, 13.647077176964096], [73.1495454826452, 12.322667151949275], [74.84558499019207, 10.987486691631435], [76.52639034823432, 9.642819539582215], [78.19389004753316, 8.289916591050984], [79.85, 6.93]]}}, {"type": "Feature", "properties": {"country_a": "LBN", "country_b": "MAR", "distance_km": 3884.0}, "geometry": {"type": "LineString", "coordinates": [[35.5, 33.89], [33.710432664866566, 34.20407142889201], [31.9081038429653, 34.49183374785083], [30.09393205601598, 34.75282401472476], [28.268909627647652, 34.98661454053655], [26.434098366292858, 35.19281574103819], [24.59062431303945, 35.37107882193208], [22.739671588225, 35.521098254563846], [20.882475393137376, 35.64261400056715], [19.02031424545705, 35.735413446799974], [17.15450154814435, 35.79933301592825], [15.286376610439113, 35.83425942311179], [13.417295255653773, 35.84013055529827], [11.548620162764102, 35.816935956459545], [9.681711096850119, 35.764716909493735], [7.817915186825328, 35.68356611322199], [5.95855740744992, 35.57362696066718], [4.104931416424758, 35.435092432350125], [2.258290886705744, 35.26820362542117], [0.4198414595746769, 35.07324794583419], [-1.4092665738676615, 34.850556996271166], [-3.2279447754440227, 34.60050419699206], [-5.035172181432294, 34.323502180116904], [-6.83, 34.02]]}}, {"type": "Feature", "properties": {"country_a": "LBN", "country_b": "MDV", "distance_km": 5126.2}, "geometry": {"type": "LineString", "coordinates": [[35.5, 33.89], [37.53097177768653, 32.825270859127336], [39.51333826924788, 31.728190702295358], [41.44891193574131, 30.60081346638445], [43.33962625237839, 29.445108311659006], [45.187504321028655, 28.262959176517896], [46.994631940629866, 27.0561656159922], [48.76313486072287, 25.82644467147997], [50.49515987977563, 24.5754335498301], [52.1928594172509, 23.304692920572652], [53.85837917896659, 22.015710669489927], [55.493848542704086, 20.70990597396887], [57.101373309883655, 19.388633590188583], [58.683030495189065, 18.05318826397755], [60.24086485602403, 16.704809196120742], [61.77688689520093, 15.344684509137306], [63.29307210157771, 13.973955676294691], [64.79136122330543, 12.593721885126948], [66.27366139618152, 11.205044317250124], [67.74184797489733, 9.808950334080306], [69.19776693752264, 8.406437564407877], [70.64323775334202, 6.9984778948914785], [72.0800566212055, 5.586021368607443], [73.51, 4.17]]}}, {"type": "Feature", "properties": {"country_a": "LBN", "country_b": "NPL", "distance_km": 4770.5}, "geometry": {"type": "LineString", "coordinates": [[35.5, 33.89], [37.735462225164625, 34.057234868490866], [39.97864515185258, 34.18366732752787], [42.227438323898504, 34.26898387068841], [44.47967532155652, 34.31297144555172], [46.73315507701296, 34.31551973087594], [48.98566396390513, 34.276622325584036], [51.23499816938004, 34.19637681795772], [53.47898584528009, 34.07498373319284], [55.71550854438719, 33.91274438731263], [57.942521477660755, 33.7100577039548], [60.15807217706599, 33.467416076433025], [62.360317212720304, 33.185400379600075], [64.54753668862736, 32.864674253554064], [66.71814632364678, 32.505977793584314], [68.87070700887526, 32.11012078773802], [71.00393181485876, 31.67797564510605], [73.11669049814324, 31.210470154762596], [75.20801162352899, 30.708580207860997], [77.27708247385655, 30.173322604457844], [79.32324696201414, 29.60574805306788], [81.34600178979491, 29.006934455623398], [83.34499111571557, 28.377980554266266], [85.32, 27.72]]}}, {"type": "Feature", "properties": {"country_a": "LBN", "country_b": "OMN", "distance_km": 2504.0}, "geometry": {"type": "LineString", "coordinates": [[35.5, 33.89], [36.59349919758787, 33.53184403001451], [37.677898759380334, 33.1640920409435], [38.75316776598428, 32.78695421480851], [39.81929105223411, 32.40064094340179], [40.87626853544807, 32.00536250778515], [41.924114528199055, 31.601328778987828], [42.96285704114004, 31.188748939875325], [43.992537080999746, 30.76783122801666], [45.01320794842667, 30.33878269924878], [46.02493453991883, 29.901809011523735], [47.02779265763778, 29.45711422852712], [48.0218683304744, 29.004900642473803], [49.00725714931697, 28.54536861541799], [49.98406361907029, 28.078716438360114], [50.9524005295938, 27.60514020738948], [51.91238834736755, 27.1248337160701], [52.86415462936017, 26.637988363255708], [53.80783346026227, 26.1447930755075], [54.743564913964484, 25.64543424328439], [55.671494539899925, 25.14009567007847], [56.59177287463703, 24.62895853367816], [57.50455497889889, 24.112201358756284], [58.41, 23.59]]}}, {"type": "Feature", "properties": {"country_a": "LBN", "country_b": "PAK", "distance_km": 3458.0}, "geometry": {"type": "LineString", "coordinates": [[35.5, 33.89], [37.103389544758194, 34.12276716675251], [38.71519001953086, 34.33448182293638], [40.334698837242215, 34.52487219179822], [41.96117454588605, 34.693690556593175], [43.593839872299895, 34.84071459639074], [45.23188516130023, 34.96574861375143], [46.874472182768535, 35.06862463809568], [48.52073827164576, 35.14920338980088], [50.16980075864862, 35.207375091628805], [51.82076164310476, 35.243060115977755], [53.47271245383866, 35.256209458633094], [55.12473923972021, 35.24680503210695], [56.775927628473084, 35.214859774254336], [58.42536789074026, 35.16041757056187], [60.07215994628076, 35.08355299125698], [61.71541825052847, 34.98437084710646], [63.35427650253074, 34.863005570393], [64.98789211939678, 34.71962043000981], [66.6154504276743, 34.55440659183563], [68.23616852834505, 34.36758203749545], [69.84929879917053, 34.15939035623461], [71.4541320056868, 33.93009942590847], [73.05, 33.68]]}}, {"type": "Feature", "properties": {"country_a": "LBN", "country_b": "PSE", "distance_km": 222.5}, "geometry": {"type": "LineString", "coordinates": [[35.5, 33.89], [35.486672350075395, 33.80350674983394], [35.47337148982125, 33.71701084789076], [35.46009727882289, 33.630512303159634], [35.44684957746047, 33.544011124598484], [35.433628246902735, 33.45750732113429], [35.420433149101015, 33.37100090166335], [35.40726414678309, 33.284491875051714], [35.39412110344725, 33.19798025013538], [35.38100388335628, 33.11146603572068], [35.36791235153164, 33.02494924058451], [35.35484637374758, 32.938429873474725], [35.34180581652534, 32.85190794311035], [35.32879054712744, 32.76538345818193], [35.31580043355198, 32.678856427351825], [35.30283534452697, 32.592326859254435], [35.28989514950479, 32.50579476249659], [35.27697971865659, 32.41926014565775], [35.26408892286684, 32.332723017290334], [35.25122263372787, 32.246183385919956], [35.23838072353445, 32.15964126004578], [35.22556306527846, 32.0730966481407], [35.21276953264358, 31.98654955865169], [35.2, 31.9]]}}, {"type": "Feature", "properties": {"country_a": "LBN", "country_b": "QAT", "distance_km": 1818.7}, "geometry": {"type": "LineString", "coordinates": [[35.5, 33.89], [36.25628594890875, 33.55999979373703], [37.00680156441989, 33.225396744557216], [37.75158587373187, 32.88628258419719], [38.49068158092223, 32.54274826620643], [39.2241348619754, 32.19488392424547], [39.95199516449068, 31.84277883432637], [40.67431501243736, 31.48652138084896], [41.39114981627007, 31.12619902628313], [42.10255768866748, 30.761898284344895], [42.808599266109745, 30.393704696512774], [43.5093375364664, 30.021702811730137], [44.20483767272523, 29.6459761691404], [44.895166872955166, 29.266607283702022], [45.58039420656116, 28.883677634533115], [46.26059046685812, 28.497267655837017], [46.935828029961364, 28.10745673026372], [47.60618071996591, 27.71432318456501], [48.271723680363216, 27.317944287405084], [48.932533251623695, 26.91839624919232], [49.58868685485483, 26.515754223802364], [50.24026288142879, 26.110092312066982], [50.887340588459885, 25.70148356690797], [51.53, 25.29]]}}, {"type": "Feature", "properties": {"country_a": "LBN", "country_b": "SAU", "distance_km": 1486.4}, "geometry": {"type": "LineString", "coordinates": [[35.5, 33.89], [36.03082883395815, 33.51232753682178], [36.55705136421684, 33.13237706677552], [37.07874630983824, 32.75019981217637], [37.59599220978911, 32.365846041551514], [38.10886736723713, 31.979365084649142], [38.617449798172096, 31.59080534784965], [39.121817184148775, 31.200214329922307], [39.622046828953465, 30.80763863807427], [40.11821561900053, 30.41312400424272], [40.61039998727084, 30.01671530158427], [41.09867588060953, 29.618456561119263], [41.5831187302062, 29.218390988491805], [42.063803425086775, 28.81656098080938], [42.540804288451945, 28.413008143528682], [43.014195056703834, 28.007773307357322], [43.484048861008056, 27.600896545143318], [43.95043821124501, 27.192417188726985], [44.41343498220992, 26.78237384573189], [44.87311040192768, 26.370804416274012], [45.32953504195413, 25.957746109569857], [45.78277880954127, 25.54323546042671], [46.232910941550124, 25.127308345599356], [46.68, 24.71]]}}, {"type": "Feature", "properties": {"country_a": "LBN", "country_b": "SDN", "distance_km": 2048.4}, "geometry": {"type": "LineString", "coordinates": [[35.5, 33.89], [35.347607556468205, 33.09725194795416], [35.19792723745573, 32.304219912353126], [35.050832268241386, 31.51091367390215], [34.90620205865372, 30.717342673775562], [34.763921788331665, 29.923516041007165], [34.62388202296207, 29.12944261767224], [34.48597835876544, 28.335130982053105], [34.35011109276668, 27.540589469960665], [34.21618491662441, 26.74582619436833], [34.08410863200402, 25.950849063499405], [33.953794885668174, 25.15566579749591], [33.8251599226279, 24.36028394378503], [33.69812335584853, 23.564710891248563], [33.572607951141, 22.768953883291566], [33.44853942599054, 21.97302002989767], [33.325846261184715, 21.17691631875089], [33.20445952420132, 20.38064962549734], [33.084312703405274, 19.58422672321335], [32.96534155218388, 18.787654291141905], [32.84748394222174, 17.990938922753354], [32.73067972518195, 17.194087133182865], [32.614870602118714, 16.397105366092134], [32.5, 15.6]]}}, {"type": "Feature", "properties": {"country_a": "LBN", "country_b": "SOM", "distance_km": 3671.8}, "geometry": {"type": "LineString", "coordinates": [[35.5, 33.89], [36.033257955659586, 32.52216304065517], [36.55058298727219, 31.151834635606615], [37.0532198578053, 29.77919479206734], [37.542316944102005, 28.40441040839889], [38.018936474562565, 27.02763678280905], [38.48406361478728, 25.64901893924827], [38.93861455192996, 24.268692795605176], [39.38344370781786, 22.8867861955821], [39.81935019325675, 21.503419822520822], [40.247083600903885, 20.118708010842067], [40.66734922126965, 18.7327594685736], [41.08081275547063, 17.345677922600792], [41.48810458902277, 15.957562696723132], [41.88982368299879, 14.568509231292364], [42.28654113207822, 13.178609552104184], [42.67880343322459, 11.78795269528394], [43.06713550379157, 10.396625094120555], [43.45204348366913, 9.00471093314063], [43.83401735253364, 7.612292474158237], [44.21353339027937, 6.219450358570401], [44.591056506214336, 4.82626388978228], [44.967042460544405, 3.432811299328329], [45.34194, 2.03917]]}}, {"type": "Feature", "properties": {"country_a": "LBN", "country_b": "SYR", "distance_km": 84.5}, "geometry": {"type": "LineString", "coordinates": [[35.5, 33.89], [35.53449269008111, 33.87358415788771], [35.56897217182081, 33.85715862178048], [35.60343845069234, 33.840723401272754], [35.637891532185556, 33.82427850595423], [35.67233142180687, 33.807823945409815], [35.70675812507921, 33.79135972921963], [35.741171647541954, 33.77488586695902], [35.77557199475089, 33.75840236819852], [35.80995917227818, 33.74190924250388], [35.84433318571228, 33.725406499436005], [35.87869404065792, 33.70889414855101], [35.91304174273602, 33.69237219940017], [35.94737629758368, 33.67584066152989], [35.9816977108541, 33.65929954448179], [36.01600598821652, 33.6427488577926], [36.05030113535624, 33.62618861099417], [36.08458315797447, 33.609618813613515], [36.11885206178836, 33.59303947517279], [36.1531078525309, 33.576450605189216], [36.18735053595091, 33.55985221317514], [36.22158011781296, 33.54324430863804], [36.255796603897345, 33.52662690108044], [36.29, 33.51]]}}, {"type": "Feature", "properties": {"country_a": "LBN", "country_b": "TUN", "distance_km": 2317.3}, "geometry": {"type": "LineString", "coordinates": [[35.5, 33.89], [34.44646134173515, 34.12501881968754], [33.387189979235025, 34.35094148313642], [32.32233700085366, 34.56764265199535], [31.25206494620747, 34.77500030682895], [30.176547734917207, 34.97289600851088], [29.0959705496132, 35.16121515963724], [28.01052967168446, 35.339847264733805], [26.920432268558738, 35.50868618797795], [25.825896131638125, 35.66763040711357], [24.727149364382733, 35.81658326220416], [23.62443002042688, 35.95545319784741], [22.51798569202751, 36.084153997465194], [21.408073049575012, 36.20260500828609], [20.294957333339667, 36.31073135565404], [19.178911799075234, 36.4084641453277], [18.060217119548245, 36.49574065247942], [16.939160744502395, 36.572504496161876], [15.816036221993144, 36.638705798082846], [14.691142484433193, 36.69430132461495], [13.564783103067338, 36.7392546110658], [12.437265514939128, 36.77353606734485], [11.308900226716176, 36.79712306428397], [10.18, 36.81]]}}, {"type": "Feature", "properties": {"country_a": "LBN", "country_b": "TUR", "distance_km": 710.6}, "geometry": {"type": "LineString", "coordinates": [[35.5, 33.89], [35.39341299125961, 34.15403552204827], [35.2861606362799, 34.417966548076166], [35.17823235278925, 34.681791534964354], [35.06961738021302, 34.945508914308], [34.960304775652965, 35.209117091795044], [34.85028340976663, 35.47261444656794], [34.739541962543804, 35.7359993305679], [34.62806891897728, 35.99927006786144], [34.515852564624744, 36.26242495394844], [34.40288098105887, 36.52546225505134], [34.289142041202346, 36.78838020738469], [34.174623404544555, 37.051177016404644], [34.05931251223662, 37.313850856037575], [33.943196582061304, 37.576399867887275], [33.82626260327413, 37.838822160420065], [33.70849733131215, 38.10111580812705], [33.58988728236658, 38.36327885066276], [33.47041872781526, 38.62530929195967], [33.35007768851109, 38.88720509931742], [33.22884992892229, 39.1489642024663], [33.10672095112009, 39.410584492604], [32.983675988609725, 39.672063821404755], [32.8597, 39.9334]]}}, {"type": "Feature", "properties": {"country_a": "LBN", "country_b": "YEM", "distance_km": 2229.7}, "geometry": {"type": "LineString", "coordinates": [[35.5, 33.89], [35.94184553539703, 33.098211747358576], [36.37583011270506, 32.30478429323009], [36.80230884302347, 31.50979059743056], [37.22162118767754, 30.713300298250928], [37.63409187026982, 29.91537992984465], [38.040031735696374, 29.116093124672982], [38.43973855934226, 28.315500802152332], [38.83349780952329, 27.513661344557722], [39.221583366092, 26.710630761152952], [39.60425819797687, 25.906462841441456], [39.98177500227612, 25.10120929836187], [40.35437680738435, 24.29491990218774], [40.72229754249057, 23.487642605831752], [41.085762575652424, 22.67942366220094], [41.44498922252314, 21.870307734199415], [41.80018722768558, 21.060337997930166], [42.151559220431984, 20.249556239605507], [42.49930114671847, 19.438002946637955], [42.843602678920035, 18.625717393348406], [43.18464760491506, 17.81273772169653], [43.522614197937166, 16.99910101740929], [43.85767556854737, 16.18484338185675], [44.19, 15.37]]}}, {"type": "Feature", "properties": {"country_a": "LBY", "country_b": "LKA", "distance_km": 7419.9}, "geometry": {"type": "LineString", "coordinates": [[13.19, 32.89], [16.59834766940208, 32.49427878066726], [19.973583270597842, 32.007093851838974], [23.310104865898985, 31.431078519526448], [26.60309653535408, 30.769243923175193], [29.848577865277626, 30.024919773819356], [33.04342331093878, 29.201694042795733], [36.18535454442653, 28.303353949513074], [39.27291006889398, 27.33383019673871], [42.30539700029054, 26.297145938974175], [45.28283004249095, 25.19737149628642], [48.20586241169085, 24.038585384065424], [51.07571292048685, 22.824841846871564], [53.894092728417625, 21.560144776955312], [56.663134504540785, 20.248427669184892], [59.38532600564162, 18.89353910975506], [62.06344940242757, 17.4992332066803], [64.70052711431144, 16.069164333610807], [67.29977445170897, 14.606885562299952], [69.86455901073792, 13.115850191266357], [72.39836650817033, 11.599415828599838], [74.90477256951972, 10.060850547152835], [77.38741987390685, 8.503340694159652], [79.85, 6.93]]}}, {"type": "Feature", "properties": {"country_a": "LBY", "country_b": "MAR", "distance_km": 1862.5}, "geometry": {"type": "LineString", "coordinates": [[13.19, 32.89], [12.334976243641483, 33.00597081991493], [11.477768770797796, 33.11606818694162], [10.618477506606217, 33.22025302213289], [9.75720527341298, 33.31848808678395], [8.89405767664445, 33.410738036460145], [8.029142982439678, 33.496969472962064], [7.162571987272383, 33.57715099404538], [6.294457879833978, 33.65125324071729], [5.424916095492464, 33.71924894193771], [4.554064163684162, 33.781112956560065], [3.6820215486363495, 33.836822312354904], [2.8089094838579776, 33.886356241968215], [1.9348508008730292, 33.9296962156767], [1.0599697527059497, 33.966825970813396], [0.18439183266079162, 33.99773153774832], [-0.6917564110351169, 34.02240126232194], [-1.5683475641262348, 34.040825824642624], [-2.4452535381436213, 34.05299825417284], [-3.3223457645018417, 34.05891394104382], [-4.1994953902259216, 34.0585706435531], [-5.076573474645604, 34.05196849181467], [-5.953451186388344, 34.039109987547015], [-6.83, 34.02]]}}, {"type": "Feature", "properties": {"country_a": "LBY", "country_b": "MDV", "distance_km": 7005.8}, "geometry": {"type": "LineString", "coordinates": [[13.19, 32.89], [16.33492912701734, 32.218462548116534], [19.43136761022945, 31.469799822207534], [22.476540923540284, 30.647392859349274], [25.46846519285817, 29.75477920023877], [28.40591110494752, 28.795603835358463], [31.28835319784553, 27.773574768896438], [34.11590905475934, 26.6924239343398], [36.88927257271786, 25.555873828584797], [39.609644922737104, 24.367609921748283], [42.27866615832985, 23.13125865668844], [44.898349744978795, 21.850370676130485], [47.47102163426608, 20.5284088008288], [49.99926493087306, 19.16874022038013], [52.48587071828668, 17.774632338586805], [54.93379522511789, 16.34925172706523], [57.346123223863295, 14.895665674448793], [59.72603734711217, 13.416845865854253], [62.076792869075646, 11.915673781713098], [64.40169741864926, 10.394947461661639], [66.7040950505128, 8.857389334389127], [68.98735409106276, 7.305654865789767], [71.25485818619757, 5.742341823986422], [73.51, 4.17]]}}, {"type": "Feature", "properties": {"country_a": "LBY", "country_b": "OMN", "distance_km": 4520.8}, "geometry": {"type": "LineString", "coordinates": [[13.19, 32.89], [15.289020415319271, 32.834995881367526], [17.384628977910566, 32.74484450856786], [19.47520554278985, 32.619735949528774], [21.559172317461112, 32.459932154620304], [23.635006471946753, 32.265764678643855], [25.701251763862885, 32.03763184945585], [27.756529000789612, 31.775995442629988], [29.799545199617917, 31.481376929833434], [31.829101342720755, 31.154353374490015], [33.84409867179891, 30.79555305175402], [35.843543500295446, 30.40565087086546], [37.826550562767345, 29.9853636767557], [39.79234495324609, 29.535445504563], [41.74026273344033, 29.056682855808166], [43.669750315018895, 28.54989005871964], [45.58036273788432, 28.015904767951902], [47.47176097834463, 27.455583651071173], [49.34370842771007, 26.869798301028037], [51.196066683584824, 26.259431405698905], [53.02879079363243, 25.62537319771528], [54.84192408559564, 24.96851820041564], [56.63559270859944, 24.289762279005537], [58.41, 23.59]]}}, {"type": "Feature", "properties": {"country_a": "LBY", "country_b": "PAK", "distance_km": 5494.4}, "geometry": {"type": "LineString", "coordinates": [[13.19, 32.89], [15.631417499704432, 33.54453612900829], [18.10851934365399, 34.15016197368752], [20.619722276964545, 34.70505561044354], [23.163068570198387, 35.2074820145396], [25.736225664489375, 35.65581315549924], [28.33649399656616, 36.04854832022114], [30.960823718478906, 36.384334130404056], [33.605840690090936, 36.6619836696665], [36.26788171370832, 36.88049411017381], [38.94303852320716, 37.039062234139834], [41.62720956706038, 37.137097285629416], [44.316158174098994, 37.17423066320703], [47.00557530278287, 37.150322071474925], [49.69114478611293, 37.06546188348349], [52.368608823786765, 36.9199696176234], [55.03383145716971, 36.714388591217244], [57.682857892774265, 36.44947696712363], [60.31196780288556, 36.126195548264874], [62.91772110140881, 35.74569278882875], [65.49699513340911, 35.30928757337309], [68.04701268830622, 34.81845036277972], [70.56536071016262, 34.27478331883719], [73.05, 33.68]]}}, {"type": "Feature", "properties": {"country_a": "LBY", "country_b": "QAT", "distance_km": 3804.6}, "geometry": {"type": "LineString", "coordinates": [[13.19, 32.89], [14.95449639113863, 32.80915875920475], [16.715312057963935, 32.70350185090299], [18.471500392662122, 32.57318648115246], [20.22214216872953, 32.41840508099728], [21.966350567709615, 32.23938413289763], [23.703275800345203, 32.03638281451032], [25.432109275965132, 31.80969147967469], [27.1520872840273, 31.559629998202727], [28.86249416221002, 31.28654597729028], [30.562664935937946, 30.990812888056226], [32.25198742442946, 30.672828120891854], [33.929903817975884, 30.333010992995348], [35.595911739969544, 29.971800730720005], [37.24956481500235, 29.589654448234285], [38.890472771024776, 29.187045142539215], [40.51830110900878, 28.764459723179407], [42.13277037777056, 28.322397093085787], [43.733655094596394, 27.861366294965652], [45.320782354137414, 27.38188473557081], [46.8940301687832, 26.884476498083163], [48.453325583504125, 26.369670750808066], [49.99864260709564, 25.838000258400374], [51.53, 25.29]]}}, {"type": "Feature", "properties": {"country_a": "LBY", "country_b": "SAU", "distance_km": 3377.0}, "geometry": {"type": "LineString", "coordinates": [[13.19, 32.89], [14.745329720875008, 32.72373706729098], [16.294565686655176, 32.53825086892092], [17.83712125076807, 32.33375456421394], [19.372439520279077, 32.11048024514003], [20.89999519432503, 31.868677889892723], [22.419296121214764, 31.608614267091433], [23.929884571845136, 31.330571801829713], [25.431338231245128, 31.03484741466908], [26.923270913915267, 30.72175134438588], [28.405333012108525, 30.3916059648344], [29.87721168924849, 30.04474460571428], [31.33863083326952, 29.681510386346005], [32.78935078677238, 29.302255070789293], [34.22916787251653, 28.90733795180673], [35.65791373392822, 28.497124770303383], [37.07545451101509, 28.071986675981222], [38.48168987237493, 27.63229923405549], [39.876551923910306, 27.178441482004494], [41.260004014453386, 26.710795039479635], [42.63203945781779, 26.229743273700624], [43.99268018987122, 25.73567052191093], [45.34197537811411, 25.228961371778503], [46.68, 24.71]]}}, {"type": "Feature", "properties": {"country_a": "LBY", "country_b": "TUN", "distance_km": 514.6}, "geometry": {"type": "LineString", "coordinates": [[13.19, 32.89], [13.064875109530144, 33.06198065272518], [12.939262796095738, 33.23383054470343], [12.81315830654966, 33.40554835144767], [12.686556845257195, 33.577132734888075], [12.559453573645253, 33.74858234318372], [12.43184360974843, 33.919895810532005], [12.303722027752318, 34.0910717569752], [12.175083857533814, 34.26210878820444], [12.045924084198681, 34.43300549536108], [11.916237647616313, 34.603760454835154], [11.786019441951801, 34.77437222806122], [11.65526431519533, 34.94483936131134], [11.523967068689023, 35.11516038548523], [11.392122456651288, 35.28533381589753], [11.259725185698695, 35.4553581520622], [11.126769914365553, 35.62523187747388], [10.993251252621164, 35.79495345938637], [10.859163761385002, 35.96452134858803], [10.724501952039684, 36.13393397917414], [10.589260285942117, 36.303189768316095], [10.453433173932666, 36.472287116027616], [10.31701497584261, 36.64122440492761], [10.18, 36.81]]}}, {"type": "Feature", "properties": {"country_a": "LBY", "country_b": "TUR", "distance_km": 1924.1}, "geometry": {"type": "LineString", "coordinates": [[13.19, 32.89], [13.970971321151577, 33.25966523768527], [14.758504273240145, 33.62436269460249], [15.552654691707694, 33.98398216725196], [16.353473749503603, 34.338412369453906], [17.16100766151366, 34.687540992657055], [17.975297382598537, 35.03125477250639], [18.796378300067992, 35.36943956188942], [19.62427992152885, 35.70198041066577], [20.45902555915991, 36.02876165226873], [21.300632011586266, 36.349666997347704], [22.149109244646773, 36.66457963459722], [23.00446007247163, 36.97338233889259], [23.866679840410185, 37.27595758682236], [24.735756111471435, 37.572187679674585], [25.611668358059127, 37.861954873897744], [26.494387660899108, 38.14514151901643], [27.383876417165204, 38.42163020293869], [28.28008805991182, 38.69130390454479], [29.18296679101152, 38.954046153396604], [30.09244732987566, 39.209741196353875], [31.00845468029913, 39.458274170826996], [31.930903917818434, 39.699531284337944], [32.8597, 39.9334]]}}, {"type": "Feature", "properties": {"country_a": "LKA", "country_b": "MAR", "distance_km": 9280.9}, "geometry": {"type": "LineString", "coordinates": [[79.85, 6.93], [76.79166426010588, 8.934039625863614], [73.69995118082784, 10.912387494886282], [70.56740714093495, 12.85886607230178], [67.38669947412076, 14.7670969316483], [64.15067883807589, 16.630472083899953], [60.85246268268892, 18.4421311060612], [57.485543174591456, 20.194946102070617], [54.043922351970494, 21.881516964270354], [50.52227616298235, 23.494179819326376], [46.91614720432975, 25.025031871383543], [43.22216326647027, 26.465976003921185], [39.43827512741425, 27.808788351328015], [35.56400248933316, 29.045211466496585], [31.600671833818105, 30.16707456142327], [27.551624914665943, 31.16644049361371], [23.422372588999394, 32.03577670947477], [19.22066695286864, 32.76814437326089], [14.956466581624795, 33.357396719421786], [10.641776028960209, 33.79837475637327], [6.2903517768277055, 34.08708642576339], [1.9172815656526438, 34.220854777452026], [-2.461539743694601, 34.19842206848187], [-6.83, 34.02]]}}, {"type": "Feature", "properties": {"country_a": "LKA", "country_b": "MDV", "distance_km": 765.9}, "geometry": {"type": "LineString", "coordinates": [[79.85, 6.93], [79.57303051618396, 6.81153091137016], [79.29619699734728, 6.692902597803346], [79.0194971659103, 6.574117931026031], [78.74292873603365, 6.455179781257458], [78.46648941379168, 6.336091017220929], [78.19017689734497, 6.216854506156002], [77.91398887711135, 6.097473113831567], [77.63792303593593, 5.9779497045597845], [77.36197704925992, 5.858287141210878], [77.08614858528829, 5.738488285228736], [76.81043530515623, 5.618555996647345], [76.53483486309469, 5.498493134108013], [76.25934490659454, 5.378302554877346], [75.98396307656986, 5.2579871148660144], [75.70868700752017, 5.13754966864824], [75.43351432769141, 5.016993069482004], [75.15844265923613, 4.896320169329975], [74.8834696183725, 4.775533818881117], [74.60859281554247, 4.654636867572961], [74.33380985556882, 4.533632163614545], [74.05911833781136, 4.412522554009985], [73.7845158563222, 4.291310884582659], [73.51, 4.17]]}}, {"type": "Feature", "properties": {"country_a": "LKA", "country_b": "NPL", "distance_km": 2372.4}, "geometry": {"type": "LineString", "coordinates": [[79.85, 6.93], [80.06732724587376, 7.837102562979517], [80.28559748413562, 8.744053593425715], [80.50492615266309, 9.650834938303051], [80.7254308002105, 10.557428237459911], [80.9472313369522, 11.463814897986728], [81.17045029487986, 12.369976067277198], [81.39521309924248, 13.27589260463677], [81.62164835229501, 14.18154505127232], [81.84988813070933, 15.086913598485607], [82.08006829809919, 15.99197805388015], [82.31232883422105, 16.896717805376593], [82.54681418253534, 17.80111178281551], [82.78367361795063, 18.705138416908312], [83.02306163672553, 19.60877559527637], [83.26513837067455, 20.512000615295868], [83.51007002801373, 21.41479013344015], [83.75802936339375, 22.317120110782803], [84.00919617990398, 23.218965754292707], [84.26375786609353, 24.120301453516415], [84.52190997134782, 25.02110071220316], [84.78385682328529, 25.921336074382666], [85.0498121912023, 26.82097904435566], [85.32, 27.72]]}}, {"type": "Feature", "properties": {"country_a": "LKA", "country_b": "OMN", "distance_km": 2941.6}, "geometry": {"type": "LineString", "coordinates": [[79.85, 6.93], [78.97688922833895, 7.689876471392306], [78.10067008090672, 8.447943849855486], [77.22102760634638, 9.204014335585743], [76.33764533862991, 9.95789789100967], [75.4502052123707, 10.709402032920485], [74.55838749302443, 11.458331623598655], [73.66187072375139, 12.204488661000472], [72.76033169084222, 12.947672068143408], [71.85344540974741, 13.687677481867503], [70.94088513389859, 14.424297041208316], [70.02232238866509, 15.157319175679568], [69.09742703295251, 15.886528393832657], [68.16586735111963, 16.61170507253645], [67.22731017806446, 17.332625247504414], [66.28142106050754, 18.049060405688117], [65.32786445767957, 18.760777280255798], [64.36630398479682, 19.467537648983747], [63.39640270288008, 20.169098137006042], [62.41782345863574, 20.86521002499524], [61.430229278267916, 21.555619063983162], [60.433283819221884, 22.240065298177054], [59.426651883966684, 22.918282897281355], [58.41, 23.59]]}}, {"type": "Feature", "properties": {"country_a": "LKA", "country_b": "PAK", "distance_km": 3043.7}, "geometry": {"type": "LineString", "coordinates": [[79.85, 6.93], [79.59213534068931, 8.098575893862597], [79.33277940483927, 9.266921169233084], [79.0717031726599, 10.435001358690775], [78.80867187859485, 11.602781495981928], [78.5434441643023, 12.77022603829463], [78.27577118505864, 13.937298782907165], [78.00539566256305, 15.103962777368022], [77.73205087647345, 16.270180222289323], [77.455459586254, 17.43591236574624], [77.17533287404308, 18.60111938817162], [76.89136889824722, 19.765760276514662], [76.60325154640779, 20.929792686293705], [76.31064897455316, 22.09317279001209], [76.0132120187129, 23.25585511021986], [75.71057246250123, 24.417792335288215], [75.40234114263792, 25.578935115713943], [75.08810587192428, 26.739231838480922], [74.76742915647812, 27.898628376669052], [74.4398456808965, 29.057067811109295], [74.1048595313878, 30.214490120426902], [73.76194112271187, 31.37083183528197], [73.41052378989232, 32.52602565199317], [73.05, 33.68]]}}, {"type": "Feature", "properties": {"country_a": "LKA", "country_b": "PSE", "distance_km": 5386.8}, "geometry": {"type": "LineString", "coordinates": [[79.85, 6.93], [78.15227312882267, 8.200839863538759], [76.44376020124497, 9.464406127080297], [74.72276304243807, 10.719504498804998], [72.9875812193429, 11.964916223601296], [71.23651351688332, 13.199394910231474], [69.46786014611278, 14.421663440705704], [67.67992580139196, 15.630410990573743], [65.8710236912445, 16.824290195745043], [64.03948067416908, 18.001914509275558], [62.18364363561875, 19.16185580030127], [60.30188724461759, 20.30264225689805], [58.39262322688509, 21.42275666498839], [56.45431128447353, 22.520635146303373], [54.4854717781666, 23.594666449545297], [52.48470026643065, 24.643191899864817], [50.45068396161244, 25.664506121999164], [48.38222011838627, 26.65685866118583], [46.278236309356174, 27.618456632359624], [44.137812466770534, 28.547468531073623], [41.96020447672503, 29.44202933780672], [39.744869003250486, 30.300247039462764], [37.49148909596395, 31.12021067651], [35.2, 31.9]]}}, {"type": "Feature", "properties": {"country_a": "LKA", "country_b": "QAT", "distance_km": 3632.3}, "geometry": {"type": "LineString", "coordinates": [[79.85, 6.93], [78.71027861743974, 7.79285732994608], [77.56588899588715, 8.652601472589158], [76.4163059821374, 9.50886983383545], [75.26100363943101, 10.36129513759653], [74.09945536106912, 11.209504966495608], [72.93113404290897, 12.05312130765116], [71.75551232171156, 12.891760104882154], [70.57206288667588, 13.725030818926678], [69.38025887185879, 14.552535997540257], [68.17957433753642, 15.373870857641943], [66.96948484889874, 16.188622882006396], [65.74946816077161, 16.996371433358355], [64.51900501731151, 17.796687389112233], [63.277580075798994, 18.589132800412944], [62.0246829637458, 19.373260579572715], [60.75980947849987, 20.148614220460708], [59.482462938357294, 20.914727556882823], [58.19215569383482, 21.67112456448448], [56.88841080718895, 22.417319212211922], [55.57076390744908, 23.152815369870012], [54.23876522712296, 23.877106778805707], [52.89198182529205, 24.589677093214863], [51.53, 25.29]]}}, {"type": "Feature", "properties": {"country_a": "LKA", "country_b": "SAU", "distance_km": 4042.9}, "geometry": {"type": "LineString", "coordinates": [[79.85, 6.93], [78.51178636692026, 7.791091197865246], [77.16810785364686, 8.647904867626906], [75.81836056086193, 9.49994429194686], [74.46194364335928, 10.346707115869334], [73.09825995386973, 11.187684848301835], [71.72671678607733, 12.022362386819948], [70.34672672670482, 12.850217569553896], [68.95770862655137, 13.670720758335626], [67.5590887002761, 14.483334457734532], [66.15030176450986, 15.287512975084317], [64.73079262351622, 16.082702127098216], [63.300017611078715, 16.86833899917736], [61.857446296526916, 17.643851764030433], [60.40256336179576, 18.408659566730957], [58.934870655097455, 19.1621724838295], [57.45388942513604, 19.903791564597725], [55.959162737770704, 20.632908962891573], [54.45025807459927, 21.3489081684632], [52.92677011005381, 22.0511643468025], [51.38832366025144, 22.739044796724855], [49.83457679300728, 23.41190953491481], [48.265224084090406, 24.069112016456405], [46.68, 24.71]]}}, {"type": "Feature", "properties": {"country_a": "LKA", "country_b": "SDN", "distance_km": 5246.9}, "geometry": {"type": "LineString", "coordinates": [[79.85, 6.93], [77.85208707305698, 7.453142193320019], [75.84946901512369, 7.967231886458162], [73.84189623763872, 8.471614272812833], [71.82914132097974, 8.96564085801709], [69.81100040965256, 9.44867023848362], [67.78729455058507, 9.92006893847183], [65.75787096327947, 10.379212306002616], [63.72260422963366, 10.825485467195092], [61.681397390408236, 11.258284337792453], [59.634182934624334, 11.677016689786916], [57.58092366766215, 12.081103270153141], [55.521613443526604, 12.469978967765702], [53.45627774668533, 12.84309402362056], [51.38497410909874, 13.199915278517262], [49.30779234857722, 13.539927451403653], [47.224854615438915, 13.862634440656715], [45.13631523561987, 14.16756063969075], [43.04236033991081, 14.45425225746916], [40.943207270864406, 14.722278633769335], [38.83910376111597, 14.971233538433907], [36.73032687937159, 15.200736443356353], [34.617181743102755, 15.410433755614575], [32.5, 15.6]]}}, {"type": "Feature", "properties": {"country_a": "LKA", "country_b": "SOM", "distance_km": 3866.2}, "geometry": {"type": "LineString", "coordinates": [[79.85, 6.93], [78.33895178692222, 6.758181958768968], [76.82898446639399, 6.581678335006024], [75.32009670931275, 6.4006157515982895], [73.81228417676878, 6.215123746449817], [72.30553954493466, 6.02533466401587], [70.79985253801561, 5.831383546755527], [69.29520996903216, 5.633408026667239], [67.79159578818944, 5.431548217058712], [66.28899113857425, 5.225946604689079], [64.7873744189083, 5.016747942407632], [63.28672135307632, 4.804099142399379], [61.78700506613883, 4.588149170133822], [60.28819616653314, 4.369048939099366], [58.79026283416104, 4.146951206391931], [57.29317091405764, 3.9220104692126845], [55.79688401533414, 3.694382862316395], [54.301363615085975, 3.46422605643889], [52.80656916695754, 3.2316991577193512], [51.312458214056335, 2.996962608121032], [49.81898650591022, 2.7601780868422257], [48.32610811916446, 2.5215084126981924], [46.8337755817178, 2.2811174474442093], [45.34194, 2.03917]]}}, {"type": "Feature", "properties": {"country_a": "LKA", "country_b": "SYR", "distance_km": 5359.5}, "geometry": {"type": "LineString", "coordinates": [[79.85, 6.93], [78.21668659972198, 8.265581375140075], [76.57237454680872, 9.594362010052075], [74.9152424238426, 10.915175225755936], [73.24345746675448, 12.226827579389301], [71.55517564356299, 13.528095095900024], [69.84854246249097, 14.817719520869671], [68.12169464357372, 16.09440461605892], [66.37276280191085, 17.356812526800628], [64.59987530507016, 18.603560259183798], [62.801163481104, 19.83321631516029], [60.97476836621705, 21.044297545325485], [59.11884919104934, 22.23526629218283], [57.23159381017807, 23.404527911138292], [55.311231278764865, 24.550428772115936], [53.35604677082412, 25.671254861234893], [51.36439901248893, 26.76523111895544], [49.33474036766397, 27.830521667778026], [47.265639659102256, 28.865231097990556], [45.15580773172904, 29.867406992827036], [43.004125663784805, 30.835043883122566], [40.80967540269865, 31.766088824200974], [38.57177244557395, 32.658448782106476], [36.29, 33.51]]}}, {"type": "Feature", "properties": {"country_a": "LKA", "country_b": "TUN", "distance_km": 7744.6}, "geometry": {"type": "LineString", "coordinates": [[79.85, 6.93], [77.39590759588164, 8.741438018790856], [74.91810293951434, 10.536660497704895], [72.41159742676561, 12.312070348571659], [69.87140409448195, 14.063956193879799], [67.29255270463902, 15.788474077523542], [64.670112588207, 17.481630328848055], [61.99922481549548, 19.139266090536942], [59.27514533434977, 20.757044171300304], [56.49330071841918, 22.330439054714212], [53.64935804985026, 23.854731080310142], [50.73931016878569, 25.325006001786623], [47.75957699236153, 26.736161303422403], [44.707122772385965, 28.082920795117378], [41.57958796566634, 29.359859076103653], [38.375432801211886, 30.56143741614882], [35.09408765963513, 31.68205240411318], [31.736103122863497, 32.71609830976581], [28.303290199406078, 33.65804345733671], [24.79883909218639, 34.50252000145968], [21.227403372927938, 35.24442534757014], [17.59513604630842, 35.879032139619085], [13.909665193988133, 36.402102376733325], [10.18, 36.81]]}}, {"type": "Feature", "properties": {"country_a": "LKA", "country_b": "TUR", "distance_km": 5931.8}, "geometry": {"type": "LineString", "coordinates": [[79.85, 6.93], [78.20896100050628, 8.591105019344324], [76.55360741402163, 10.245019164372453], [74.8810467191384, 11.890254232920574], [73.18833005586697, 13.525272982265339], [71.47244500983368, 15.14848038357837], [69.73030951317801, 16.758214571175426], [67.9587671923881, 18.352737476813896], [66.15458456951211, 19.93022515708477], [64.31445061246902, 21.488757845120467], [62.434979232615326, 23.02630978764243], [60.51271544237757, 24.54073896619725], [58.54414601015649, 26.029776848776482], [56.52571557908639, 27.491018376387956], [54.453849342619755, 28.92191245989365], [52.3249834810073, 30.3197533464909], [50.13560464072479, 31.68167331275232], [47.882299759198716, 33.004637251027255], [45.56181746764538, 34.28543983516644], [43.17114210560124, 35.520706074118905], [40.707581005538756, 36.70689617847022], [38.16886510579203, 37.840315761430624], [35.55326207986292, 38.9171324530182], [32.8597, 39.9334]]}}, {"type": "Feature", "properties": {"country_a": "LKA", "country_b": "YEM", "distance_km": 3999.3}, "geometry": {"type": "LineString", "coordinates": [[79.85, 6.93], [78.34077174162802, 7.377044823988796], [76.82852899766266, 7.818975199388529], [75.31312042510747, 8.255470322935647], [73.79440239081696, 8.686210810375172], [72.27223943646487, 9.11087887328134], [70.74650473875855, 9.529158510665832], [69.21708056325595, 9.940735715809927], [67.68385870994922, 10.345298698672762], [66.14674094858586, 10.742538124136004], [64.60563944151077, 11.132147366244721], [63.06047715163058, 11.513822778495964], [61.51118823293028, 11.887263980109884], [59.957718400814244, 12.25217415809371], [58.400025279401035, 12.608260384777262], [56.83807872278153, 12.955233950359746], [55.27186110715156, 13.29281070986301], [53.70136759066152, 13.620711443736402], [52.12660633778739, 13.938662231204596], [50.54759870502461, 14.246394835293186], [48.9643793847419, 14.543647098309386], [47.376996504108895, 14.830163346397994], [45.785511676132046, 15.105694801638611], [44.19, 15.37]]}}, {"type": "Feature", "properties": {"country_a": "MAR", "country_b": "MDV", "distance_km": 8864.5}, "geometry": {"type": "LineString", "coordinates": [[-6.83, 34.02], [-2.666961715114353, 33.8395004706762], [1.4718855378650808, 33.51919573293375], [5.573890226162998, 33.06175980306861], [9.627598291250516, 32.47091591076811], [13.623056355423147, 31.751313399095782], [17.55201874523611, 30.908384106359136], [21.40805582791115, 29.948188476261326], [25.18657068359282, 28.877261057552072], [28.884738126510094, 27.70246357772574], [32.50138405200002, 26.430851778472565], [36.0368241854887, 25.069560049885684], [39.4926801426506, 23.625705890169737], [42.87168806265538, 22.10631453874381], [46.1775117130459, 20.51826287093156], [49.41456849976416, 18.86824080677181], [52.58787366400479, 17.162728025224993], [55.702905332781754, 15.407983611195787], [58.76549108530858, 13.610046312958422], [61.78171527411892, 11.774743275431332], [64.75784541353435, 9.907705377741948], [67.70027541166664, 8.01438759469693], [70.61548316877136, 6.100093088630486], [73.51, 4.17]]}}, {"type": "Feature", "properties": {"country_a": "MAR", "country_b": "NPL", "distance_km": 8527.6}, "geometry": {"type": "LineString", "coordinates": [[-6.83, 34.02], [-3.120374012290275, 35.35533468280933], [0.7077949974824786, 36.57286125147126], [4.651531597266745, 37.66347119402374], [8.70490882591435, 38.61831489275554], [12.858805943006155, 39.4290499657478], [17.100821716406053, 40.088115318179106], [21.41539067609201, 40.589014291895325], [25.78413293790713, 40.92658518187032], [30.186440744794254, 41.09723454993746], [34.600270676936425, 41.09910943893655], [39.0030766253987, 40.93218935270154], [43.37279354206296, 40.5982872856455], [47.68877258215908, 40.10095968007921], [51.932577254492216, 39.44533580901958], [56.08857499200784, 38.63788556833367], [60.14429230905591, 37.68614951422492], [64.0905359865462, 36.598455742501834], [67.92131038735441, 35.38364543388572], [71.63357808128332, 34.0508238049355], [75.22691696919557, 32.60914720985087], [78.7031241446355, 31.067651422987463], [82.06580811639287, 29.435121461119287], [85.32, 27.72]]}}, {"type": "Feature", "properties": {"country_a": "MAR", "country_b": "OMN", "distance_km": 6368.9}, "geometry": {"type": "LineString", "coordinates": [[-6.83, 34.02], [-3.8501369997619452, 34.33386235869893], [-0.8506035910778813, 34.574706629665144], [2.1635984037214993, 34.74145881035098], [5.187204705105257, 34.83336504458673], [8.214779905251788, 34.85000619899768], [11.240815700598544, 34.79130610340256], [14.259832109063874, 34.65753305884363], [17.266477524559107, 34.449294540047596], [20.25562355069313, 34.16752534855451], [23.22245095167834, 33.81346978027531], [26.16252371383517, 33.388658631552275], [29.071849049775977, 32.894882061707015], [31.946922107510446, 32.334159446557145], [34.7847550748918, 31.70870739431133], [37.582891213778886, 31.02090705858678], [40.33940505632901, 30.273271785341556], [43.05289051143563, 29.468415987492005], [45.722438951120296, 28.609025970503225], [48.34760948479397, 27.697833251085644], [50.928393609434025, 26.73759073365396], [53.465176280589816, 25.73105194638101], [55.95869522037415, 24.68095339781675], [58.41, 23.59]]}}, {"type": "Feature", "properties": {"country_a": "MAR", "country_b": "PAK", "distance_km": 7180.8}, "geometry": {"type": "LineString", "coordinates": [[-6.83, 34.02], [-3.718368156430782, 35.1601214409063], [-0.521927114110313, 36.21792774341269], [2.7580449538434078, 37.1879267697192], [6.118832265955735, 38.06471225315463], [9.556152862516091, 38.843063441104796], [13.064075891757968, 39.518056538553964], [16.635000972288395, 40.0851840170145], [20.259713582995737, 40.540476308389415], [23.927525650751946, 40.88061911112454], [27.626503354741125, 41.10305876420955], [31.343775356583244, 41.20608813088953], [35.06590545309773, 41.188906319769885], [38.77930561863755, 41.051647345021884], [42.47066010206959, 40.79537530194019], [46.127329758345496, 40.422046469118285], [49.73770843983291, 39.93444152173809], [53.291509492099834, 39.33607334391914], [56.7799689338672, 38.63107745984753], [60.19596115132906, 37.82409272596577], [63.53403137980108, 36.920139676395586], [66.79035576676208, 35.92450296655056], [69.96264386526117, 34.84262296843336], [73.05, 33.68]]}}, {"type": "Feature", "properties": {"country_a": "MAR", "country_b": "PSE", "distance_km": 3909.1}, "geometry": {"type": "LineString", "coordinates": [[-6.83, 34.02], [-5.005570397412612, 34.23401794222734], [-3.1724781523388845, 34.42075395468509], [-1.331823382600147, 34.579897443325635], [0.5152437513372305, 34.711180618001336], [2.3675299628936415, 34.814380396799606], [4.2238063916519035, 34.88932002280676], [6.082816691634276, 34.93587036483221], [7.94328554082305, 34.953950878715546], [9.803927445100088, 34.94353021167041], [11.663455701212092, 34.904626438518925], [13.520591378694627, 34.83730692543549], [15.374072180128481, 34.74168782372853], [17.222661042683654, 34.61793320301524], [19.065154351460095, 34.466253839662684], [20.900389646308653, 34.286905682371966], [22.72725271810014, 34.08018802208638], [24.544684007167305, 33.84644139786448], [26.351684235152995, 33.586045273865665], [28.147319220996337, 33.29941552508743], [29.930723851519737, 32.98700177095013], [31.70110519632904, 32.64928459627001], [33.45774477487334, 32.286772698656016], [35.2, 31.9]]}}, {"type": "Feature", "properties": {"country_a": "MAR", "country_b": "QAT", "distance_km": 5657.9}, "geometry": {"type": "LineString", "coordinates": [[-6.83, 34.02], [-4.177037809213964, 34.247342978253], [-1.5115936253066353, 34.41699273650662], [1.1627781659837444, 34.52835309938464], [3.8423970315027614, 34.58102902827139], [6.523507460772125, 34.57483262861376], [9.202332516479983, 34.50978603749411], [11.875128071025939, 34.38612108240985], [14.538235993593984, 34.20427572419836], [17.188134615145785, 33.96488741817796], [19.821484959752198, 33.66878363975994], [22.435171474714586, 33.31696991687455], [25.026336296816005, 32.91061578602255], [27.5924064314654, 32.45103913818689], [30.13111356818286, 31.9396894440645], [32.64050658463712, 31.378130346125516], [35.11895708160023, 30.768022080724528], [37.56515852806019, 30.111104151046927], [39.97811977124532, 29.409178615991934], [42.357153778631826, 28.664094296281018], [44.70186253158616, 27.87773213195342], [47.012118990503666, 27.051991859149375], [49.288047008929894, 26.18878011200744], [51.53, 25.29]]}}, {"type": "Feature", "properties": {"country_a": "MAR", "country_b": "SAU", "distance_km": 5238.3}, "geometry": {"type": "LineString", "coordinates": [[-6.83, 34.02], [-4.365669075592182, 34.12153677114736], [-1.8968816743683616, 34.173527868598974], [0.573486349546509, 34.175817092493524], [3.0425400114197334, 34.128397552737], [5.507400238152828, 34.0314117580102], [7.965238482588541, 33.8851497801244], [10.413309989242544, 33.69004555204153], [12.84898485827314, 33.446671415744355], [15.269776162434118, 33.15573108756767], [17.67336451179878, 32.81805125097982], [20.057618622761396, 32.43457201828484], [22.42061161981664, 32.00633652231291], [24.760632969665302, 31.53447990676902], [27.07619610723652, 31.020217980212855], [29.3660419541298, 30.464835784996946], [31.629138646024444, 29.86967631072173], [33.86467787357585, 29.236129553961902], [36.072068300413655, 28.565622094335534], [38.25092655332902, 27.859607323478496], [40.401066286424566, 27.11955642997296], [42.5224858067912, 26.34695021126184], [44.61535471861044, 25.543271754207066], [46.68, 24.71]]}}, {"type": "Feature", "properties": {"country_a": "MAR", "country_b": "SDN", "distance_km": 4431.2}, "geometry": {"type": "LineString", "coordinates": [[-6.83, 34.02], [-4.852861294858942, 33.48188620698483], [-2.900717611068211, 32.91257900768526], [-0.97405444624592, 32.313129147664455], [0.9267944480397556, 31.684602068210683], [2.8016390201404047, 31.028072166056877], [4.650424015810769, 30.34461755640476], [6.4732194899064215, 29.63531535903378], [8.270210978031756, 28.901237514068075], [10.04168954536111, 28.143447122673845], [11.788041899513305, 27.36299529862144], [13.50974072371371, 26.560918509232806], [15.207335356743533, 25.738236378631566], [16.881442918262678, 24.89594992225779], [18.53273995262181, 24.035040179107295], [20.16195464163053, 23.156467206897155], [21.769859617090454, 22.26116940513445], [23.357265387241576, 21.350063131673448], [24.925014377494527, 20.424042579599256], [26.47397557472585, 19.483979883008825], [28.005039755747262, 18.530725422326807], [29.51911527403437, 17.5651083020722], [31.017124374126915, 16.587936976379996], [32.5, 15.6]]}}, {"type": "Feature", "properties": {"country_a": "MAR", "country_b": "SOM", "distance_km": 6462.5}, "geometry": {"type": "LineString", "coordinates": [[-6.83, 34.02], [-4.030456688936752, 33.05967741399528], [-1.2929450318744768, 32.03774456353923], [1.3827496016073741, 30.95786334211195], [3.997444202245303, 29.82365563408853], [6.552475183622141, 28.638676567039642], [9.049618084173822, 27.406393753824428], [11.491012258131287, 26.130172003067166], [13.879092113357446, 24.813262882022673], [16.216525783586775, 23.45879847804384], [18.50616158625013, 22.069788710085536], [20.750982211715232, 20.649121577082315], [22.95406630214317, 19.19956578462151], [25.11855688988595, 17.72377525628163], [27.247636056560523, 16.224295104671413], [29.34450512561719, 14.703568704886024], [31.412369696545646, 13.163945576711717], [33.45442885376402, 11.607689839641054], [35.473867926486136, 10.036989055729208], [37.473854228853355, 8.453963319302572], [39.45753526599168, 6.8606744897246745], [41.42803894688664, 5.259135494284478], [43.38847539596525, 3.651319653366838], [45.34194, 2.03917]]}}, {"type": "Feature", "properties": {"country_a": "MAR", "country_b": "SYR", "distance_km": 3964.7}, "geometry": {"type": "LineString", "coordinates": [[-6.83, 34.02], [-4.995352492195294, 34.319207984294806], [-3.148246491091998, 34.590732741219846], [-1.2897118974624986, 34.83411453777709], [0.5791458780268632, 35.04893407904206], [2.4571514698854617, 35.23481548265926], [4.343066122484538, 35.39142902810748], [6.235595204743808, 35.51849363328032], [8.133396589453875, 35.61577901401686], [10.035089787379972, 35.6831074866748], [11.939265704135165, 35.7203553795794], [13.8444968690065, 35.72745402605979], [15.74934797036317, 35.704390319595525], [17.65238652268328, 35.65120682008549], [19.552193486085798, 35.568001409127646], [21.44737366075416, 35.45492650114935], [23.336565685712273, 35.31218782593768], [25.218451483709032, 35.14004280628328], [27.09176501087296, 34.93879856179793], [28.955300190499734, 34.70880957626383], [30.807917933859038, 34.45047507094874], [32.6485521761985, 34.16423613006053], [34.47621488210246, 33.8505726268686], [36.29, 33.51]]}}, {"type": "Feature", "properties": {"country_a": "MAR", "country_b": "TUN", "distance_km": 1573.4}, "geometry": {"type": "LineString", "coordinates": [[-6.83, 34.02], [-6.11734544231718, 34.190009854248444], [-5.401860423158507, 34.35585936109163], [-4.6835872225111, 34.51750650707658], [-3.96257067587225, 34.67490989116101], [-3.2388581779357057, 34.828028763826325], [-2.5124996819446626, 34.976823066470935], [-1.7835476945561322, 35.121253471007186], [-1.0520572660718441, 35.26128141958255], [-0.31808597590269194, 35.39686916434181], [0.418306086853069, 35.52797980714411], [1.1570563478237306, 35.65457733914622], [1.898099776860363, 35.77662668015998], [2.6413689226894377, 35.894093717690716], [3.386793952778003, 36.00694534556064], [4.1343026984495275, 36.115149502019975], [4.883820705268935, 36.218675207247514], [5.63527128869519, 36.31749260014138], [6.388575594979109, 36.41157297430026], [7.14365266726251, 36.50088881309576], [7.900419516813075, 36.58541382373686], [8.658791199307057, 36.66512297022833], [9.418680896049564, 36.73999250512687], [10.18, 36.81]]}}, {"type": "Feature", "properties": {"country_a": "MAR", "country_b": "TUR", "distance_km": 3564.3}, "geometry": {"type": "LineString", "coordinates": [[-6.83, 34.02], [-5.268736487904744, 34.54167076939043], [-3.6882545321070896, 35.04309106107536], [-2.0887492488299095, 35.52363476793938], [-0.47049385813301914, 35.98268143534153], [1.166156888654827, 36.419618845243164], [2.8207637700335475, 36.83384576557733], [4.492800743554442, 37.22477484708184], [6.181653282297573, 37.591835645127446], [7.886617494278967, 37.9344777393346], [9.606900113688132, 38.25217391913481], [11.341619442537079, 38.54442339906927], [13.089807307350627, 38.81075502371434], [14.850412078025384, 39.05073041886996], [16.6223027751998, 39.26394704323468], [18.40427426888313, 39.450041093391874], [20.195053545354384, 39.60869021469458], [21.99330699231944, 39.739615971673494], [23.797648625007007, 39.84258603396459], [25.606649149399516, 39.91741603747058], [27.418845734280595, 39.96397108547637], [29.232752342356967, 39.98216686061915], [31.046870453399855, 39.97197032579139], [32.8597, 39.9334]]}}, {"type": "Feature", "properties": {"country_a": "MAR", "country_b": "YEM", "distance_km": 5496.0}, "geometry": {"type": "LineString", "coordinates": [[-6.83, 34.02], [-4.284919115379767, 33.658138396435426], [-1.7625653500491785, 33.24431573930085], [0.7346948543415586, 32.77981240290157], [3.204784071494638, 32.266025099444754], [5.645923326011252, 31.704450925301867], [8.056635367925642, 31.09667137240409], [10.435742352693223, 30.444336661921522], [12.782358630671462, 29.749150706679988], [15.095879433794883, 29.012856952326782], [17.37596628083888, 28.23722528898462], [19.622529913259015, 27.424040168362698], [21.83571152966477, 26.575090008625082], [24.015863017722396, 25.692157922575007], [26.16352679656913, 24.777013764982566], [28.279415788608652, 23.831407462603604], [30.36439394347415, 22.857063565523013], [32.4194576441333, 21.855676940436396], [34.44571823924571, 20.8289095146286], [36.444385869309315, 19.778387972842573], [38.416754688063264, 18.705702307030254], [40.36418952537035, 17.612405120230168], [42.28811399304212, 16.50001158968008], [44.19, 15.37]]}}, {"type": "Feature", "properties": {"country_a": "MDV", "country_b": "NPL", "distance_km": 2891.9}, "geometry": {"type": "LineString", "coordinates": [[73.51, 4.17], [73.97948753109353, 5.204871279322876], [74.45051208593517, 6.239357641108066], [74.9233873099356, 7.27338070604618], [75.39843119525753, 8.306861094597448], [75.87596684853165, 9.33971824738586], [76.35632328042638, 10.37187023913464], [76.83983622051554, 11.403233585090906], [77.3268489610229, 12.433723038831937], [77.81771323317463, 13.46325138028134], [78.31279012005933, 14.491729192690016], [78.8124510100833, 15.519064627254064], [79.31707859531065, 16.545163153947648], [79.82706791919954, 17.569927297044316], [80.34282747847992, 18.59325635368213], [80.86478038416831, 19.61504609369765], [81.39336558697656, 20.635188438807866], [81.9290391726421, 21.653571119058086], [82.47227573298402, 22.670077304275548], [83.0235698187652, 23.684585208071315], [83.58343748071233, 24.69696766171638], [84.1524179053009, 25.707091654979365], [84.73107515214213, 26.714817840751678], [85.32, 27.72]]}}, {"type": "Feature", "properties": {"country_a": "MDV", "country_b": "OMN", "distance_km": 2692.6}, "geometry": {"type": "LineString", "coordinates": [[73.51, 4.17], [72.89451649126364, 5.029857375322379], [72.2774162160544, 5.889109307657778], [71.6584171854199, 6.747649884306809], [71.0372348848089, 7.605372090531155], [70.41358189662435, 8.462167639639333], [69.78716751951917, 9.31792679940459], [69.15769738413631, 10.172538214322932], [68.52487306504321, 11.025888723210919], [67.8883916886662, 11.877863171634292], [67.24794553709657, 12.728344218649143], [66.60322164771623, 13.577212137327898], [65.95390140868038, 14.42434460853304], [65.29966015039746, 15.269616507392017], [64.6401667332654, 16.11289968191802], [63.975083132060405, 16.954062723213514], [63.30406401753142, 17.79297072668635], [62.62675633593366, 18.629485043703607], [61.94279888744068, 19.463463023105305], [61.25182190460898, 20.294757742000467], [60.55344663233737, 21.123217725271797], [59.84728491106669, 21.948686653223803], [59.13293876531087, 22.771003056823016], [58.41, 23.59]]}}, {"type": "Feature", "properties": {"country_a": "MDV", "country_b": "PAK", "distance_km": 3267.4}, "geometry": {"type": "LineString", "coordinates": [[73.51, 4.17], [73.49250718175401, 5.454549008557187], [73.47493979321274, 6.7390427852307475], [73.457279687575, 8.023468539142284], [73.43950834086914, 9.307813615639509], [73.42160677270441, 10.592065521494765], [73.40355546299847, 11.876211949704748], [73.3853342638835, 13.16024080382938], [73.36692230591729, 14.44414022180862], [73.3482978976366, 15.727898599196866], [73.32943841738151, 17.0115046117553], [73.31032019619188, 18.294947237343525], [73.29091839042584, 19.578215777052584], [73.27120684257105, 20.86129987552224], [73.25115792850818, 22.144189540386034], [73.23074238923672, 23.42687516078819], [73.20992914477723, 24.70934752491669], [73.18868508761481, 25.991597836496833], [73.16697485263303, 27.273617730189336], [73.14476055999287, 28.55539928583598], [73.12200152682209, 29.836935041494737], [73.09865394287397, 31.118218005203744], [73.07467050446755, 32.39924166541072], [73.05, 33.68]]}}, {"type": "Feature", "properties": {"country_a": "MDV", "country_b": "PSE", "distance_km": 5038.5}, "geometry": {"type": "LineString", "coordinates": [[73.51, 4.17], [72.04378296953023, 5.497163617950469], [70.57106643817144, 6.820651044107725], [69.09025712400488, 8.139548398853426], [67.59974921029274, 9.452926101020005], [66.09792243358758, 10.759835727073744], [64.58314048033155, 12.05930683399145], [63.053749763467955, 13.350343745851372], [61.50807866035867, 14.631922307213426], [59.944437304478285, 15.90298661010376], [58.36111803587169, 17.16244570594436], [56.75639662907371, 18.409170319187808], [55.128534431860686, 19.6419895858449], [53.47578156346342, 20.85968784764203], [51.7963813361784, 22.061001541322263], [50.088576078907856, 23.244616232696387], [48.350614554010285, 24.409163856511856], [46.580761168597476, 25.553220236039216], [44.777307186345084, 26.675302970401997], [42.93858414384918, 27.773869792911988], [41.06297966398255, 28.84731751969268], [39.14895583458491, 29.89398172416691], [37.195070280810214, 30.912137288817686], [35.2, 31.9]]}}, {"type": "Feature", "properties": {"country_a": "MDV", "country_b": "QAT", "distance_km": 3314.0}, "geometry": {"type": "LineString", "coordinates": [[73.51, 4.17], [72.62369346296776, 5.122351402278562], [71.73476102368438, 6.0734436112920465], [70.84270610753164, 7.02303674130231], [69.94702832581737, 7.9708881397558695], [69.04722289998239, 8.916751935174585], [68.14278009718034, 9.86037857745928], [67.23318467969187, 10.801514369685995], [66.3179153710061, 11.739900990524195], [65.39644434183153, 12.675275006467198], [64.46823671979014, 13.607367373138619], [63.53275012710421, 14.535902925027584], [62.58943425121442, 15.460599853111713], [61.63773045397058, 16.38116916995358], [60.67707142582016, 17.29731416200671], [59.70688089228908, 18.208729829044497], [58.7265733810068, 19.11510231083388], [57.73555405857817, 20.01610830141953], [56.73321864774958, 20.911414451668065], [55.71895343655669, 21.800676761051744], [54.69213539247461, 22.68353996003073], [53.65213239601353, 23.559636884830756], [52.598303609705674, 24.428587846912713], [51.53, 25.29]]}}, {"type": "Feature", "properties": {"country_a": "MDV", "country_b": "SAU", "distance_km": 3663.0}, "geometry": {"type": "LineString", "coordinates": [[73.51, 4.17], [72.42522024011349, 5.113106216488435], [71.33726470002598, 6.054344193914778], [70.24554082486256, 6.993361014320767], [69.14945350330134, 7.929799981163915], [68.04840475463207, 8.863300021061542], [66.9417934553718, 9.793495082494074], [65.82901511225626, 10.720013531521586], [64.70946168898871, 11.642477544758913], [63.58252149475469, 12.560502500077009], [62.44757914320289, 13.473696365755522], [61.304015591342065, 14.381659089105959], [60.15120826860879, 15.283981985920112], [58.98853130721205, 16.180247132478105], [57.815355885749256, 17.070026762277518], [56.631050698999374, 17.952882670123408], [55.43498256771761, 18.828365626751832], [54.226517203158615, 19.696014807748853], [53.00502014191587, 20.55535724117655], [51.7698578674501, 21.40590727902706], [50.52039913534909, 22.247166098396633], [49.256016519867615, 23.07862123910217], [47.97608819958263, 23.899746185349453], [46.68, 24.71]]}}, {"type": "Feature", "properties": {"country_a": "MDV", "country_b": "SDN", "distance_km": 4661.4}, "geometry": {"type": "LineString", "coordinates": [[73.51, 4.17], [71.77980198598333, 4.756231430579566], [70.04668647821687, 5.338099780122896], [68.31031477092937, 5.915059945063196], [66.57035771467625, 6.486567505865584], [64.82649683055341, 7.0520789061772104], [63.07842543546384, 7.611051663952355], [61.32584977709551, 8.162944617393768], [59.56849017657874, 8.707218208412165], [57.806082176050495, 9.243334806138371], [56.03837768756409, 9.770759072823903], [54.26514613895467, 10.288958374232916], [52.48617561141262, 10.797403236357955], [50.701273962636996, 11.29556784998198], [48.91026992855637, 11.782930624256414], [47.113014195725654, 12.25897479006914], [45.30938043565406, 12.723189053535478], [43.49926629151048, 13.175068299459994], [41.68259430690752, 13.61411434408815], [39.85931278580836, 14.039836735896849], [38.029396572054495, 14.451753602565196], [36.19284773660179, 14.849392541626413], [34.34969616030196, 15.232291551635189], [32.5, 15.6]]}}, {"type": "Feature", "properties": {"country_a": "MDV", "country_b": "SOM", "distance_km": 3139.7}, "geometry": {"type": "LineString", "coordinates": [[73.51, 4.17], [72.28283085728286, 4.095032449890585], [71.05589292537395, 4.018180476997108], [69.82918738462149, 3.939479901311913], [68.60271498564433, 3.8589673775125863], [67.37647604843201, 3.776680376556536], [66.15047046224326, 3.6926571669804518], [64.92469768629984, 3.606936795919041], [63.69915675127046, 3.519559069857182], [62.47384626153885, 3.43056453512938], [61.248764398247964, 3.3399944581801], [60.02390892311138, 3.247890805598214], [58.79927718298153, 3.154296223938499], [57.574866115163154, 3.059254019342703], [56.350672253459024, 2.962808136972358], [55.12669173493407, 2.865003140265115], [53.902920307382445, 2.7658841900259414], [52.67935333748175, 2.6654970233641504], [51.45598581961656, 2.5638879324867547], [50.23281238535359, 2.4611037433582545], [49.00982731354879, 2.3571917942364773], [47.78702454106653, 2.2521999140937057], [46.56439767408983, 2.146176400931847], [45.34194, 2.03917]]}}, {"type": "Feature", "properties": {"country_a": "MDV", "country_b": "SYR", "distance_km": 5041.7}, "geometry": {"type": "LineString", "coordinates": [[73.51, 4.17], [72.10445068918608, 5.563512069671176], [70.69227773333014, 6.953593745478063], [69.27179040841953, 8.339359147752184], [67.84127955756507, 9.719905633663364], [66.39901431414938, 11.094310285335917], [64.94323908528568, 12.461626322213368], [63.47217086460091, 13.820879429988867], [61.98399695588556, 15.17106400117553], [60.476873203926054, 16.51113928588105], [58.948922845960325, 17.840025455720244], [57.398236116733145, 19.156599589216142], [55.822870762054734, 20.459691593694775], [54.22085363993985, 21.748080086781265], [52.59018361450215, 23.02048827037741], [50.9288359752253, 24.2755798416737], [49.23476864211814, 25.511954999540364], [47.50593044423308, 26.72814662074345], [45.740271783178756, 27.92261669897425], [43.93575801199853, 29.093753160696497], [42.090385869723946, 30.239867195188594], [40.202203308748125, 31.359191261554074], [38.26933303064395, 32.44987796226696], [36.29, 33.51]]}}, {"type": "Feature", "properties": {"country_a": "MDV", "country_b": "TUN", "distance_km": 7373.3}, "geometry": {"type": "LineString", "coordinates": [[73.51, 4.17], [71.24398580963344, 5.970437835441955], [68.96316633092836, 7.761366022828879], [66.66302543999176, 9.53981324384214], [64.33902357827077, 11.30273427576016], [61.986598455501685, 13.046992974693122], [59.60116991658887, 14.76934549997049], [57.178150050701504, 16.46642397077375], [54.71295975115599, 18.134720829475906], [52.20105306203689, 19.77057428800335], [49.63795075459409, 21.37015535470049], [47.01928463867421, 22.929457079209687], [44.340854098648876, 24.44428680923492], [41.59869620688944, 25.91026242003245], [38.7891704591314, 27.32281364494723], [35.90905863687948, 28.67718978742755], [32.95567947355589, 29.968475208937775], [29.92701663458721, 31.191614032800953], [26.82185699426114, 32.3414454441029], [23.639934328482518, 33.4127507588792], [20.38207143878236, 34.40031304123743], [17.050311569387567, 35.298989433434535], [13.648028071707323, 36.103795520445736], [10.18, 36.81]]}}, {"type": "Feature", "properties": {"country_a": "MDV", "country_b": "TUR", "distance_km": 5684.6}, "geometry": {"type": "LineString", "coordinates": [[73.51, 4.17], [72.07463218746611, 5.879853000360282], [70.63048145369916, 7.585890718898312], [69.17492206191578, 9.286963008157468], [67.70527669632804, 10.981889498053299], [66.21880498701823, 12.669452210552642], [64.71269220811286, 14.348387830901453], [63.18403825706199, 16.017379575534807], [61.62984706752443, 17.675048600114128], [60.04701666504346, 19.31994489638104], [58.43233014563107, 20.950537634471026], [56.78244794508308, 22.565204918987508], [55.093901874006846, 24.162222943752205], [53.3630915227849, 25.73975455327675], [51.58628379425695, 27.2958372505383], [49.7596165010681, 28.82837073284074], [47.87910716892692, 30.33510409300283], [45.94066841301347, 31.813622894708136], [43.94013149446005, 33.26133642156358], [41.87327990244211, 34.67546551203524], [39.7358950208178, 36.05303152905132], [37.52381608986168, 37.390847174293526], [35.23301671141798, 38.68551004105947], [32.8597, 39.9334]]}}, {"type": "Feature", "properties": {"country_a": "MDV", "country_b": "YEM", "distance_km": 3441.0}, "geometry": {"type": "LineString", "coordinates": [[73.51, 4.17], [72.27024728942358, 4.701116180812174], [71.02861963666943, 5.230015236115324], [69.78491088243628, 5.756442633667401], [68.53891745980798, 6.280143396462985], [67.29043868947757, 6.800862078500763], [66.03927708308217, 7.3183427468684865], [64.7852386551312, 7.832328970765347], [63.528133243932004, 8.34256381808699], [62.26777484183103, 8.848789860202642], [61.00398193499171, 9.350749185556612], [59.73657785282613, 9.848183422727375], [58.465391127081304, 10.340833773576147], [57.190255860456574, 10.828441057112851], [55.91101210449287, 11.310745764700105], [54.62750624632983, 11.787488127204853], [53.339591403770655, 12.258408194692096], [52.04712782793019, 12.723245929235253], [50.74998331256688, 13.18174131139217], [49.44803360901655, 13.633634460865022], [48.141162845454645, 14.07866577182452], [46.82926394901702, 14.516576063334705], [45.512239069105604, 14.947106745262904], [44.19, 15.37]]}}, {"type": "Feature", "properties": {"country_a": "NPL", "country_b": "OMN", "distance_km": 2734.8}, "geometry": {"type": "LineString", "coordinates": [[85.32, 27.72], [84.11728558070067, 27.64897224782166], [82.91623780568116, 27.567525218962583], [81.71707454991315, 27.475709847774333], [80.52000900160321, 27.373583275824615], [79.32524917240308, 27.261208719941347], [78.13299743304992, 27.138655327981557], [76.94345007628102, 27.005998023169962], [75.75679690862233, 26.863317337903286], [74.57322087239763, 26.71069923795874], [73.39289769904742, 26.548234938078362], [72.21599559458775, 26.37602070992572], [71.04267495778122, 26.194157683426326], [69.87308813134118, 26.002751642510333], [68.70737918624383, 25.801912816273827], [67.54568373898978, 25.591755666565785], [66.38812880143337, 25.37239867298985], [65.23483266259147, 25.143964116286305], [64.08590480165097, 24.906577861028573], [62.94144583122083, 24.66036913853253], [61.80154746971836, 24.405470330835485], [60.666292541642164, 24.142016756555957], [59.53575500436746, 23.87014645939656], [58.41, 23.59]]}}, {"type": "Feature", "properties": {"country_a": "NPL", "country_b": "PAK", "distance_km": 1347.0}, "geometry": {"type": "LineString", "coordinates": [[85.32, 27.72], [84.81716691134767, 28.00211812273985], [84.31171628950256, 28.28237622729143], [83.80362103357001, 28.56074286441966], [83.29285453033638, 28.837186298088675], [82.77939068352634, 29.111674507304375], [82.2632039439669, 29.38417518833436], [81.74426934065617, 29.65465575732102], [81.2225625127321, 29.923083353303397], [80.69805974233415, 30.18942484166391], [80.17073798834869, 30.453646818015997], [79.64057492102502, 30.715715612548834], [79.10754895744711, 30.97559729484548], [78.57163929784232, 31.233257679190537], [78.03282596270525, 31.488662330383782], [77.4910898307113, 31.741776570075665], [76.94641267739108, 31.99256548364086], [76.39877721453247, 32.24099392760557], [75.84816713027412, 32.48702653764411], [75.29456712984857, 32.730627737160155], [74.73796297693035, 32.971761746467145], [74.17834153553885, 33.21039259258259], [73.61569081244178, 33.446484119649746], [73.05, 33.68]]}}, {"type": "Feature", "properties": {"country_a": "NPL", "country_b": "PSE", "distance_km": 4824.8}, "geometry": {"type": "LineString", "coordinates": [[85.32, 27.72], [83.28845283581559, 28.296522788188444], [81.23548205597774, 28.842456620146926], [79.1615948264645, 29.35678470102058], [77.0674369463719, 29.838519303088468], [74.95379537856896, 30.28670787670157], [72.82159920074659, 30.70043937130599], [70.67191878757734, 31.078850682081665], [68.50596306329362, 31.421133125786135], [66.32507470252399, 31.726538839169375], [64.13072320517541, 31.994386985497073], [61.92449582731007, 32.22406964992858], [59.70808641245038, 32.41505730329521], [57.48328223401454, 32.56690371663158], [55.251949026577286, 32.67925021585817], [53.01601444795285, 32.751829177304884], [50.777450272189775, 32.7844666800698], [48.538253662086, 32.77708425004204], [46.300427905849304, 32.729699652073556], [44.06596302380815, 32.64242671036171], [41.83681665627155, 32.515474161573046], [39.61489563241584, 32.34914356950326], [37.40203859315235, 32.14382635305177], [35.2, 31.9]]}}, {"type": "Feature", "properties": {"country_a": "NPL", "country_b": "QAT", "distance_km": 3368.7}, "geometry": {"type": "LineString", "coordinates": [[85.32, 27.72], [83.83625416698848, 27.78779659417608], [82.35088347243413, 27.839644127997904], [80.86431804072981, 27.87549281587214], [79.37699261399533, 27.895308149824185], [77.88934488072043, 27.89907102569665], [76.40181378102436, 27.8867778132548], [74.9148378019526, 27.858440369527546], [73.42885327638194, 27.814085995256065], [71.94429269905092, 27.75375733486759], [70.46158307297287, 27.677512220930144], [68.9811442990326, 27.58542346456638], [67.5033876209233, 27.477578593802093], [66.02871413676502, 27.354079542289426], [64.55751338777705, 27.21504229126967], [63.09016203327966, 27.06059646801911], [61.627022620094976, 26.890884904348912], [60.16844245313501, 26.706063159002824], [58.71475257262915, 26.506299008012164], [57.26626684208321, 26.291771907224483], [55.823281149703405, 26.062672431321317], [54.386072724686244, 25.819201693682185], [52.95489956849136, 25.56157075143886], [51.53, 25.29]]}}, {"type": "Feature", "properties": {"country_a": "NPL", "country_b": "SAU", "distance_km": 3860.3}, "geometry": {"type": "LineString", "coordinates": [[85.32, 27.72], [83.62073956892402, 27.81682671964424], [81.91878904758065, 27.892709498509056], [80.21479296858344, 27.947552606328596], [78.50940624435314, 27.9812866004876], [76.80329087684866, 27.99386866003727], [75.09711259333532, 27.9852827927891], [73.39153744309102, 27.955539912878255], [71.68722839072952, 27.90467778781616], [69.9848419418876, 27.832760855701633], [68.28502483637763, 27.73987991489511], [66.5884108425683, 27.626151690043795], [64.89561768476871, 27.491718279843248], [63.207244132814864, 27.336746493300897], [61.52386727997269, 27.161427082501714], [59.846040031772354, 26.965973880942904], [58.17428882457452, 26.750622857386258], [56.509111588649986, 26.51563109586084], [54.85097596643719, 26.261275712931464], [53.20031779253244, 25.987852723627533], [51.55753983796435, 25.695675867510264], [49.923010817495445, 25.38507540625266], [48.2970646551546, 25.05639690383136], [46.68, 24.71]]}}, {"type": "Feature", "properties": {"country_a": "NPL", "country_b": "TUN", "distance_km": 6972.5}, "geometry": {"type": "LineString", "coordinates": [[85.32, 27.72], [82.60621840675476, 29.032413723710874], [79.82443475069896, 30.288381598243724], [76.97263841820508, 31.483510852202947], [74.04945928119136, 32.61330250926456], [71.05428664525937, 33.67318576780671], [67.98738979474146, 34.658562094199404], [64.85003383032546, 35.564859409905786], [61.64458293318436, 36.387596214182345], [58.3745819331006, 37.122454785555384], [55.04480640288902, 37.765361775397714], [51.66127175689097, 38.312573607283554], [48.23119325604671, 38.760763221421335], [44.76289154373969, 39.10710397629942], [41.26564227483128, 39.34934607232979], [37.749473219293876, 39.48588081327858], [34.22491734014274, 39.515788446393564], [30.70273501751967, 39.43886622918253], [27.193622052908765, 39.255634686516494], [23.70792173203133, 38.967321597179975], [20.255358752504208, 38.57582488436203], [16.844810319564942, 38.08365706806562], [13.48412563014169, 37.493875087436926], [10.18, 36.81]]}}, {"type": "Feature", "properties": {"country_a": "NPL", "country_b": "TUR", "distance_km": 4966.9}, "geometry": {"type": "LineString", "coordinates": [[85.32, 27.72], [83.40511907189628, 28.678907020768133], [81.4555547847095, 29.61010615227225], [79.47040452637894, 30.512013149632367], [77.44890903814995, 31.38300841600519], [75.39047424565791, 32.221441757718154], [73.29469410665801, 33.02563835562888], [71.1613740629965, 33.79390603997402], [68.99055456760792, 34.52454393471007], [66.78253403692372, 35.21585250794825], [64.53789046218603, 35.86614502703111], [62.257500808865345, 36.47376037007815], [59.94255725251723, 37.037077091104265], [57.59457925393254, 37.55452857457585], [55.215420478447086, 38.02461904993516], [52.80726962468802, 38.44594017056717], [50.37264435494967, 38.81718779914403], [47.91437771639179, 39.13717858713808], [45.435596706847484, 39.40486589568832], [42.939692961573485, 39.6193545828536], [40.43028590068613, 39.77991418268939], [37.9111790575109, 39.885990027246805], [35.38631067698816, 39.93721191430839], [32.8597, 39.9334]]}}, {"type": "Feature", "properties": {"country_a": "OMN", "country_b": "PAK", "distance_km": 1813.0}, "geometry": {"type": "LineString", "coordinates": [[58.41, 23.59], [58.9918569891762, 24.05907832886771], [59.577949005610236, 24.52589992098604], [60.168379696236705, 24.990399171361727], [60.763253220679985, 25.452509258904442], [61.36267420300318, 25.91216211810139], [61.96674767785844, 26.369288411053383], [62.575579030718934, 26.823817499956515], [63.18927393186279, 27.275677420120555], [63.807938263770495, 27.724794853623084], [64.43167804158807, 28.17109510370609], [65.06059932630176, 28.61450207003025], [65.69480813026303, 29.054938224910845], [66.33441031469884, 29.492324590668176], [66.97951147883825, 29.926580718234845], [67.63021684028588, 30.357624667171876], [68.28663110627406, 30.785372987255702], [68.94885833542865, 31.209740701808087], [69.61700178969087, 31.630641292951765], [70.29116377604646, 32.04798668898482], [70.97144547772771, 32.46168725407776], [71.65794677457089, 32.87165178050779], [72.35076605223314, 33.27778748365556], [73.05, 33.68]]}}, {"type": "Feature", "properties": {"country_a": "OMN", "country_b": "PSE", "distance_km": 2460.1}, "geometry": {"type": "LineString", "coordinates": [[58.41, 23.59], [57.47408423494549, 24.02719896050705], [56.53185750315793, 24.458617336183867], [55.583235242772794, 24.884099244555898], [54.628138563618535, 25.303487592170153], [53.6664945970591, 25.71662415441994], [52.69823685415788, 26.123349664772963], [51.723305591099376, 26.523503913738743], [50.74164818065377, 26.91692585788989], [49.75321948831114, 27.303453739225482], [48.75798225155017, 27.68292521513361], [47.7559074605392, 28.055177499173695], [46.74697473839947, 28.420047512856893], [45.73117271899162, 28.77737204855562], [44.708499420019386, 29.126987943619074], [43.67896260908196, 29.468732265712614], [42.64258016014915, 29.802442509333183], [41.59938039778768, 30.127956803381917], [40.54940242633041, 30.445114129598092], [39.49269644106222, 30.753754551576687], [38.42932401839402, 31.053719454004302], [37.35935838191789, 31.344851791657156], [36.28288464118221, 31.626996347609147], [35.2, 31.9]]}}, {"type": "Feature", "properties": {"country_a": "OMN", "country_b": "QAT", "distance_km": 722.5}, "geometry": {"type": "LineString", "coordinates": [[58.41, 23.59], [58.11475272186454, 23.67033021632425], [57.819145626358505, 23.75009633488056], [57.523179463064814, 23.829295551109862], [57.226855025373645, 23.90792506944751], [56.930173150675174, 23.985982103584234], [56.633134720545684, 24.063463876729294], [56.335740660926646, 24.140367621875733], [56.03799194229692, 24.2166905820677], [55.739889579837545, 24.292430010669857], [55.44143463358935, 24.367583171638664], [55.14262820860287, 24.442147339795667], [54.843471455080575, 24.516119801102636], [54.54396556851117, 24.58949785293853], [54.244111789795966, 24.66227880437822], [53.943911405366876, 24.734459976472948], [53.64336574729607, 24.80603870253239], [53.34247619339719, 24.877012328408355], [53.04124416731764, 24.947378212780034], [52.739671138622235, 25.017133727440676], [52.437758622867634, 25.086276257585656], [52.13550818166773, 25.15480320210196], [51.83292142274959, 25.222711973858893], [51.53, 25.29]]}}, {"type": "Feature", "properties": {"country_a": "OMN", "country_b": "SAU", "distance_km": 1198.2}, "geometry": {"type": "LineString", "coordinates": [[58.41, 23.59], [57.90472903738543, 23.65729612301436], [57.39894711499959, 23.722943048566844], [56.89266487926548, 23.7869340262009], [56.38589317741913, 23.849262454670153], [55.87864305411848, 23.90992188412917], [55.370925747910555, 23.968906018291246], [54.862752687557816, 24.026208716551242], [54.35413548822523, 24.08182399607171], [53.84508594752947, 24.135746033830326], [53.335616041451935, 24.187969168626942], [52.82573792011766, 24.238487903048256], [52.31546390344184, 24.287296905388473], [51.80480647664666, 24.334391011524065], [51.293778285650504, 24.379765226740925], [50.78239213233236, 24.423414727512238], [50.2706609696742, 24.465334863225312], [49.75859789678429, 24.505521157855803], [49.24621615380455, 24.54396931158765], [48.73352911670541, 24.580675202377233], [48.220550291971506, 24.61563488746021], [47.707293311182, 24.648844604799475], [47.19377192548927, 24.680300774473007], [46.68, 24.71]]}}, {"type": "Feature", "properties": {"country_a": "OMN", "country_b": "SDN", "distance_km": 2853.1}, "geometry": {"type": "LineString", "coordinates": [[58.41, 23.59], [57.22959370319768, 23.327884769284456], [56.05388726878743, 23.05690284576817], [54.88295333402438, 22.77720342887257], [53.71685514985988, 22.488938490832176], [52.55564666414016, 22.192262553524948], [51.399372628622345, 21.887332470547765], [50.24806872797576, 21.574307215145286], [49.10176172891036, 21.253347674535345], [47.96046964756505, 20.924616451109163], [46.824201933297076, 20.588277670921], [45.69295966703655, 20.244496799819817], [44.566735772407654, 19.89344046751518], [43.445515237866616, 19.53527629981186], [42.32927534816702, 19.17017275919284], [41.21798592353073, 18.798298993877914], [40.11160956498007, 18.419824695436443], [39.01010190436831, 18.03491996498731], [37.913411857732996, 17.643755187976765], [36.82148188068709, 17.246500917486337], [35.734248224655374, 16.843327765987784], [34.65164119285757, 16.434406305430276], [33.57358539503363, 16.019906975516573], [32.5, 15.6]]}}, {"type": "Feature", "properties": {"country_a": "OMN", "country_b": "SOM", "distance_km": 2769.5}, "geometry": {"type": "LineString", "coordinates": [[58.41, 23.59], [57.780602153034145, 22.67163118389496], [57.159541154450096, 21.7507164322021], [56.54636003124158, 20.827398047501188], [55.940617176594614, 19.90181303830001], [55.34188543224509, 18.97409348844279], [54.749751202995114, 18.044366905407045], [54.16381360258964, 17.112756549009198], [53.58368362994606, 16.179381741959443], [53.00898337456371, 15.24435816362977], [52.439345249813655, 14.307798128326041], [51.87441125271174, 13.36981084928576], [51.31383224870715, 12.430502689558566], [50.7572672799673, 11.48997740086549], [50.20438289560569, 10.54833635147673], [49.654852502277706, 9.605678744095464], [49.108355733558426, 8.662101824687273], [48.56457783651277, 7.717701083150926], [48.023209073870945, 6.77257044668658], [47.48394414022839, 5.826802466681492], [46.94648159069875, 4.880488499901752], [46.41052328045891, 3.933718884750099], [45.87577381363633, 2.986583113325585], [45.34194, 2.03917]]}}, {"type": "Feature", "properties": {"country_a": "OMN", "country_b": "SSD", "distance_km": 3547.4}, "geometry": {"type": "LineString", "coordinates": [[58.41, 23.59], [57.12983168968563, 22.85532915569902], [55.86344336716072, 22.110404543995067], [54.610373003053475, 21.35569734796875], [53.37014792601406, 20.591668682669475], [52.14228652990276, 19.81876972349582], [50.926299812572026, 19.03744188347809], [49.721692754111594, 18.248117033481698], [48.52796554301929, 17.451217759840947], [47.344614659135004, 16.647157654416283], [46.171133822368525, 15.836341632540444], [45.00701481629298, 15.019166274771973], [43.851748195595626, 14.196020188807063], [42.70482388619977, 13.367284388308402], [41.56573168662084, 12.533332685792177], [40.43396167881248, 11.694532097069283], [39.30900455641499, 10.851243255065489], [38.190351877950135, 10.003820831146342], [37.07749625212704, 9.152613962347736], [35.96993146204251, 8.297966683162475], [34.86715253468503, 7.440218360757826], [33.76865576179058, 6.579704132700675], [32.673938677756354, 5.716755346445695], [31.5825, 4.8517]]}}, {"type": "Feature", "properties": {"country_a": "OMN", "country_b": "SYR", "distance_km": 2420.5}, "geometry": {"type": "LineString", "coordinates": [[58.41, 23.59], [57.53195778163885, 24.090548472493225], [56.64710292855507, 24.585983245505457], [55.75529526590576, 25.076145987757943], [54.856398293625986, 25.560876103167015], [53.95027955360107, 26.040010748428596], [53.036811016829375, 26.513384859210483], [52.11586949052501, 26.980831185552702], [51.187337044968004, 27.442180337089066], [50.251101459751396, 27.897260838713006], [49.30705668889862, 28.345899197315525], [48.355103344131855, 28.78791998022486], [47.395149195360446, 29.223145905972263], [46.427109687230015, 29.651397947998657], [45.45090847032712, 30.072495451899645], [44.46647794537117, 30.486256266782508], [43.47375981844863, 30.89249689127627], [42.47270566505196, 31.291032634695757], [41.463277500383654, 31.68167779380996], [40.44544835307301, 32.06424584560553], [39.4192028391359, 32.43854965636589], [38.38453773268776, 32.804401707305395], [37.34146252960252, 33.161614336905934], [36.29, 33.51]]}}, {"type": "Feature", "properties": {"country_a": "OMN", "country_b": "TUN", "distance_km": 4814.8}, "geometry": {"type": "LineString", "coordinates": [[58.41, 23.59], [56.608147954397836, 24.50340329171161], [54.7803854378467, 25.39488509946907], [52.92592714568548, 26.26321664208588], [51.044072388333376, 27.10714509100683], [49.13421697979246, 27.9253958663288], [47.19586579230282, 28.71667555943955], [45.22864583178519, 29.47967553139556], [43.23231964351105, 30.213076229889758], [41.20679880898463, 30.915552258508395], [39.15215724495417, 31.585778219633177], [37.06864396603933, 32.22243533660105], [34.956694926530616, 32.82421884152886], [32.81694351790421, 33.389846092678425], [30.650229270358867, 33.91806535975958], [28.457604293295404, 34.40766518780549], [26.240336995117325, 34.85748422117093], [23.99991265055172, 35.26642134006751], [21.738030436472975, 35.63344593439657], [19.45659663617517, 35.95760811520564], [17.15771381659608, 36.2380486447111], [14.843665910441729, 36.474008353280816], [12.51689928054347, 36.664836807635304], [10.18, 36.81]]}}, {"type": "Feature", "properties": {"country_a": "OMN", "country_b": "TUR", "distance_km": 3005.0}, "geometry": {"type": "LineString", "coordinates": [[58.41, 23.59], [57.47029372851034, 24.393836331336683], [56.518665484941245, 25.191684606009463], [55.55460697945877, 25.983246198180627], [54.57760367545949, 26.76821252467566], [53.58713532594866, 27.54626462093698], [52.5826766383142, 28.3170727209248], [51.56369808123146, 29.08029584408471], [50.529666848302995, 29.835581393007963], [49.4800479938423, 30.58256476596541], [48.41430575691466, 31.320868989100614], [47.33190509031002, 32.05010437372089], [46.23231341149207, 32.769868204825514], [45.11500259268618, 33.479744467753385], [43.979451207070156, 34.17930362061264], [42.825147047438016, 34.86810242096336], [41.651589932636945, 35.54568381604812], [40.45829481543575, 36.211576906690254], [39.24479520317358, 36.86529699578351], [38.01064689945682, 37.506345733056556], [36.75543207121865, 38.134211368479995], [35.4787636405296, 38.748369127256986], [34.18028999456244, 39.34828171976023], [32.8597, 39.9334]]}}, {"type": "Feature", "properties": {"country_a": "OMN", "country_b": "YEM", "distance_km": 1746.5}, "geometry": {"type": "LineString", "coordinates": [[58.41, 23.59], [57.7598459080671, 23.25810653710648], [57.11291586876356, 22.923520615651995], [56.46916759961738, 22.586298040179948], [55.82855780505533, 22.24649416076732], [55.1910422330242, 21.904163868602254], [54.55657572968156, 21.559361592498608], [53.92511229215305, 21.21214129630648], [53.29660511935888, 20.862556477178273], [52.6710066609172, 20.510660164650833], [52.0482686641375, 20.15650492050492], [51.42834221912058, 19.80014283936428], [50.811177801986645, 19.44162554999758], [50.196725316255694, 19.081004217287376], [49.58493413240849, 18.71832954483156], [48.975753125658386, 18.353651778143508], [48.36913071196743, 17.987020708418637], [47.765014882342186, 17.61848567683587], [47.16335323544645, 17.24809557936381], [46.56409300856997, 16.875898872042548], [45.96718110699342, 16.501943576713163], [45.37256413179133, 16.126277287168033], [44.78018840611516, 15.748947175696314], [44.19, 15.37]]}}, {"type": "Feature", "properties": {"country_a": "PAK", "country_b": "PSE", "distance_km": 3531.3}, "geometry": {"type": "LineString", "coordinates": [[73.05, 33.68], [71.40498538047804, 33.84857840091706], [69.7539207358937, 33.995120825295736], [68.09760917629934, 34.11943108548235], [66.43688185316326, 34.22134125409793], [64.77259381455944, 34.300712622048806], [63.1056195766503, 34.35743650153627], [61.436848460132836, 34.39143486268555], [59.76717974561982, 34.40266079463053], [58.09751770607993, 34.39109878433911], [56.42876657731429, 34.35676480908739], [54.761825528895116, 34.29970624122017], [53.09758369798152, 34.220001566600956], [51.43691534695766, 34.11775992088292], [49.780675202965256, 33.993120450353565], [48.129694033231544, 33.84625150655095], [46.484774504777484, 33.67734968606219], [44.84668737082042, 33.486638728841314], [43.21616801917594, 33.27436828998703], [41.59391341045305, 33.040812601173265], [39.98057942606366, 32.78626903881068], [38.37677863826816, 32.51105661653539], [36.78307850687484, 32.21551441977983], [35.2, 31.9]]}}, {"type": "Feature", "properties": {"country_a": "PAK", "country_b": "QAT", "distance_km": 2278.8}, "geometry": {"type": "LineString", "coordinates": [[73.05, 33.68], [72.03943780980399, 33.39406991661662], [71.03556594408056, 33.09995151088252], [70.03844946438734, 32.79778853524294], [69.04814263057679, 32.487725843608274], [68.06468917901582, 32.16990917554825], [67.08812262033277, 31.844484949559025], [66.11846655389374, 31.5116000657195], [65.15573499630409, 31.171401717977346], [64.19993272134057, 30.824037216234125], [63.25105560884301, 30.46965381833178], [62.30909100022916, 30.10839857198088], [61.37401805843979, 29.74041816661407], [60.44580813026907, 29.36585879509609], [59.52442510918875, 28.9848660251753], [58.60982579692834, 28.597584680519326], [57.70196026222774, 28.204158731141057], [56.800772195330495, 27.804731192988893], [55.90619925693549, 27.39944403644761], [55.01817342046862, 26.988438103473175], [54.13662130667583, 26.5718530330656], [53.26146450967117, 26.14982719476879], [52.392619913700614, 25.7224976298746], [51.53, 25.29]]}}, {"type": "Feature", "properties": {"country_a": "PAK", "country_b": "SAU", "distance_km": 2740.7}, "geometry": {"type": "LineString", "coordinates": [[73.05, 33.68], [71.80855526386638, 33.40862456648684], [70.57498122845777, 33.124893598296076], [69.34948442386185, 32.82901651878953], [68.13225026415371, 32.52120764376986], [66.9234432322354, 32.201685635676235], [65.72320715223881, 31.870672970696486], [64.53166554181321, 31.52839542112505], [63.3489220364102, 31.17508155501117], [62.17506087758875, 30.81096225485745], [61.01014745738416, 30.436270256849323], [59.85422891090223, 30.05123971182457], [58.70733474950562, 29.656105768931724], [57.56947752723704, 29.251104182679814], [56.44065353346406, 28.836470943850834], [55.32084350511985, 28.412441934532815], [54.210013352340674, 27.979252607335386], [53.10811489175617, 27.537137688672995], [52.0150865821596, 27.086330905842726], [50.930854257766036, 26.627064737484556], [49.8553318547469, 26.159570186890612], [48.788422127204626, 25.684076577527325], [47.73001734921363, 25.200811370047592], [46.68, 24.71]]}}, {"type": "Feature", "properties": {"country_a": "PAK", "country_b": "SDN", "distance_km": 4528.5}, "geometry": {"type": "LineString", "coordinates": [[73.05, 33.68], [71.02164566564032, 33.17142963637997], [69.0173236901584, 32.630162306326845], [67.03768119794762, 32.05724485396346], [65.083206262129, 31.453746496567312], [63.154234589699755, 30.820752491948294], [61.25095738173197, 30.15935827511803], [59.37343007900072, 29.47066410133022], [57.521581721594046, 28.75577021729852], [55.69522467514602, 28.015772568839843], [53.894064504281225, 27.251759041539792], [52.11770980383211, 26.464806221363542], [50.365681828839726, 25.655976654412342], [48.63742379403077, 24.826316579146134], [46.93230974144274, 23.97685410019822], [45.249652900492734, 23.10859777020537], [43.58871348765122, 22.22253554465612], [41.948705912797124, 21.319634074409763], [40.32880537627008, 20.400838301052893], [38.72815385469876, 19.467071321449755], [37.14586548506202, 18.519234489536117], [35.5810313653785, 17.558207725454892], [34.03272379720067, 16.584850004408136], [32.5, 15.6]]}}, {"type": "Feature", "properties": {"country_a": "PAK", "country_b": "SOM", "distance_km": 4537.2}, "geometry": {"type": "LineString", "coordinates": [[73.05, 33.68], [71.55694698314734, 32.42182872018646], [70.10505793632836, 31.14619660774816], [68.6917761029129, 29.854376506949233], [67.31463392657359, 28.547560165059352], [65.97125540804007, 27.22686434543433], [64.65935650090682, 25.893336706172356], [63.376743965253766, 24.54796140911024], [62.121313026665476, 23.191664439109132], [60.891044126069055, 21.82531862525057], [59.68399899230178, 20.449748364379243], [58.498316223818236, 19.065734053953893], [57.332206527644814, 17.674016245881536], [56.183947731728914, 16.27529953630792], [55.051879660364236, 14.870256208546252], [53.93439894060619, 13.459529647708692], [52.82995378980239, 12.043737546374222], [51.737038819910765, 10.623474920949542], [50.65418988260441, 9.199316958389653], [49.57997896979357, 7.771821712746342], [48.51300917672276, 6.3415326706848205], [47.45190972889347, 4.908981204715777], [46.39533106943732, 3.474688932476599], [45.34194, 2.03917]]}}, {"type": "Feature", "properties": {"country_a": "PAK", "country_b": "SSD", "distance_km": 5342.0}, "geometry": {"type": "LineString", "coordinates": [[73.05, 33.68], [70.84991685028535, 32.698189485806424], [68.69838769232403, 31.678478856052926], [66.59417793540716, 30.62311147965395], [64.53584002094335, 29.53426372622186], [62.521751661236124, 28.41403979784066], [60.55015029221915, 27.26446848142043], [58.61916360956127, 26.087501546795067], [56.72683621612423, 24.885013529786608], [54.87115252517167, 23.65880265988579], [53.05005614387158, 22.41059271631864], [51.26146601186206, 21.14203562200112], [49.503289596163334, 19.85471461068462], [47.77343345216414, 18.550147827386017], [46.069811455682895, 17.229792245276794], [44.39035099727579, 15.89504780317405], [42.73299741030692, 14.547261686449863], [41.09571688135533, 13.18773269053378], [39.47649806722368, 11.817715620309723], [37.8733526185309, 10.438425690756807], [36.28431478658978, 9.051042904341347], [34.707440268642, 7.6567163891391825], [33.14080442695452, 6.256568688654796], [31.5825, 4.8517]]}}, {"type": "Feature", "properties": {"country_a": "PAK", "country_b": "SYR", "distance_km": 3393.7}, "geometry": {"type": "LineString", "coordinates": [[73.05, 33.68], [71.47936626971627, 33.90361148901559], [69.90088199293584, 34.10708895025258], [68.31520294993305, 34.2901829614472], [66.72301959448488, 34.45266617825024], [65.12505431840974, 34.59433450205761], [63.52205837974249, 34.715008152586144], [61.914808518312, 34.81453263170491], [60.30410328867783, 34.89277956606235], [58.690759146163884, 34.94964741735855], [57.07560632691481, 34.98506205067984], [55.45948456732445, 34.99897715310784], [53.843238711693445, 34.99137449679954], [52.22771425944336, 34.96226404286202], [50.613752904561, 34.91168388456402], [49.00218812012001, 34.839700030681826], [47.39384083972151, 34.74640603201179], [45.7895152855479, 34.63192245624195], [44.189994989509124, 34.49639621840545], [42.596039049791514, 34.33999977599455], [41.00837866013871, 34.16293019945097], [39.42771394356784, 33.96540813013687], [37.85471111613503, 33.74767663900356], [36.29, 33.51]]}}, {"type": "Feature", "properties": {"country_a": "PAK", "country_b": "TUN", "distance_km": 5627.8}, "geometry": {"type": "LineString", "coordinates": [[73.05, 33.68], [70.58938540783966, 34.50179298175222], [68.08152674516663, 35.27296900352695], [65.52735392316896, 35.99110050919253], [62.92829105982796, 36.65380874344044], [60.28628350977857, 37.25879037910305], [57.60381537906434, 37.80384620604146], [54.88391526333669, 38.28691126611501], [52.1301482060737, 38.706085648868054], [49.346592336383075, 39.0596650123454], [46.537799311761646, 39.346169779927635], [43.70873853162091, 39.56437190388295], [40.86472604643867, 39.71331809324611], [38.01134008421185, 39.79234848611005], [35.15432605304557, 39.80110990550466], [32.29949465503108, 39.739563066225664], [29.452617272376337, 39.60798338131406], [26.61932299867889, 39.406955328555426], [23.805001560166545, 39.13736065249297], [21.01471591948848, 38.800360968690434], [18.253127633129253, 38.397375580205335], [15.524437127141262, 37.93005549357967], [12.832340064432294, 37.400254723439666], [10.18, 36.81]]}}, {"type": "Feature", "properties": {"country_a": "PAK", "country_b": "TUR", "distance_km": 3621.5}, "geometry": {"type": "LineString", "coordinates": [[73.05, 33.68], [71.47563897717328, 34.22202351214551], [69.88136929434864, 34.74353424149512], [68.26734936213423, 35.243873568865], [66.63381843265623, 35.72238739749575], [64.98110055745141, 36.178428839404916], [63.30960806924382, 36.61136109198279], [61.619844477510654, 37.0205604878052], [59.91240666661883, 37.405419695417244], [58.18798628738925, 37.765351043482056], [56.44737023865426, 38.09978993535341], [54.69144014504835, 38.40819831600799], [52.92117075109695, 38.6900681485736], [51.13762716964753, 38.94492485363428], [49.3419609446117, 39.17233066130695], [47.53540491341198, 39.37188782397854], [45.71926688276891, 39.54324163675623], [43.89492216161335, 39.68608321326601], [42.06380502585558, 39.80015196653292], [40.22739922023594, 39.88523774832661], [38.38722763118727, 39.94118260551983], [36.54484129022876, 39.96788211857795], [34.701807888643415, 39.96528629508784], [32.8597, 39.9334]]}}, {"type": "Feature", "properties": {"country_a": "PAK", "country_b": "YEM", "distance_km": 3537.7}, "geometry": {"type": "LineString", "coordinates": [[73.05, 33.68], [71.59473970333417, 33.022922619539315], [70.16118363239393, 32.34905718165255], [68.74897593050649, 31.659068415964303], [67.35771613968508, 30.953608101167816], [65.98696450744964, 30.233314255716568], [64.6362469717073, 29.498810513076844], [63.30505980698757, 28.75070566499463], [61.99287392334913, 27.989593356446946], [60.69913881604075, 27.216051916427425], [59.42328616958194, 26.430644309396193], [58.164733124421765, 25.633918193052402], [56.92288521784785, 24.826406069017747], [55.69713901346303, 24.008625514011054], [54.486884435440544, 23.1810794801162], [53.29150682501932, 22.34425665377074], [52.110388737412976, 21.498631864110646], [50.94291149757542, 20.64466653228192], [49.788456533176415, 19.782809154259443], [48.646406502771065, 18.91349581059157], [47.51614623656014, 18.037150697307926], [46.39706350639351, 17.154186672986917], [45.28854964081266, 16.26500581767676], [44.19, 15.37]]}}, {"type": "Feature", "properties": {"country_a": "PSE", "country_b": "QAT", "distance_km": 1754.7}, "geometry": {"type": "LineString", "coordinates": [[35.2, 31.9], [35.95322447297776, 31.656336648157687], [36.70249289999052, 31.408241909161863], [37.44779456434495, 31.15578109581022], [38.1891219875315, 30.899019645657372], [38.92647084433023, 30.638023074373113], [39.65983987592638, 30.372856931020962], [40.38923080139156, 30.103586755268925], [41.11464822787141, 29.830278036537848], [41.8360995598046, 29.552996175086317], [42.55359490748155, 29.271806445024747], [43.2671469952347, 28.986773959246175], [43.97677106953442, 28.697963636255803], [44.68248480724847, 28.405440168876837], [45.38430822430462, 28.109267994805716], [46.082263584979884, 27.809511268986185], [46.77637531202254, 27.50623383776801], [47.46666989779619, 27.199499214813123], [48.15317581661992, 26.889370558709338], [48.835923438461506, 26.575910652249373], [49.51494494412652, 26.25918188333087], [50.190274242070636, 25.93924622743162], [50.86194688694867, 25.61616523161252], [51.53, 25.29]]}}, {"type": "Feature", "properties": {"country_a": "PSE", "country_b": "SAU", "distance_km": 1377.9}, "geometry": {"type": "LineString", "coordinates": [[35.2, 31.9], [35.73281790885118, 31.609025676116982], [36.26231920789551, 31.315829303864493], [36.7885376952408, 31.020449424910442], [37.3115078212414, 30.7229241683917], [37.83126464399946, 30.42329124896143], [38.347843786447314, 30.121587965384094], [38.861281395000454, 29.817851199651326], [39.37161409976702, 29.512117416592698], [39.87887897629711, 29.204422663955835], [40.3831135088519, 28.89480257293128], [40.88435555517097, 28.583292359097893], [41.38264331271332, 28.269926823765676], [41.87801528634605, 27.954740355693144], [42.370510257453084, 27.637766933157636], [42.860167254434565, 27.319040126357287], [43.347025524566554, 26.99859310012438], [43.831124507189685, 26.676458616930365], [44.3125038081942, 26.352669040163832], [44.79120317576867, 26.02725633766315], [45.26726247737861, 25.70025208548645], [45.74072167794124, 25.371687471902312], [46.21162081916224, 25.041593301585134], [46.68, 24.71]]}}, {"type": "Feature", "properties": {"country_a": "PSE", "country_b": "SDN", "distance_km": 1826.0}, "geometry": {"type": "LineString", "coordinates": [[35.2, 31.9], [35.06613353877577, 31.1932092912028], [34.93424263504811, 30.486203646185228], [34.80424513486344, 29.778989767788225], [34.67606230340094, 29.071574169200886], [34.549618623721955, 28.3639631874911], [34.424841608520474, 27.656162996178512], [34.30166162387253, 26.948179616922705], [34.18001172406774, 26.240018930392427], [34.05982749668269, 25.531686686377117], [33.941046917125895, 24.82318851319593], [33.823610211946715, 24.114529926455795], [33.70745973025849, 23.40571633720521], [33.59253982267762, 22.696753059527165], [33.47879672722813, 21.987645317611026], [33.366178461703875, 21.278398252340097], [33.254634722020164, 20.569016927428873], [33.14411678612183, 19.859506335141237], [33.03457742304766, 19.149871401618967], [32.925970806780725, 18.44011699184721], [32.818252434541, 17.730247914282135], [32.71137904920173, 17.0202689251641], [32.60530856553343, 16.31018473253781], [32.5, 15.6]]}}, {"type": "Feature", "properties": {"country_a": "PSE", "country_b": "TUN", "distance_km": 2358.0}, "geometry": {"type": "LineString", "coordinates": [[35.2, 31.9], [34.17967924882185, 32.21586350775364], [33.152373063458846, 32.5234203136141], [32.11814120729328, 32.822515698725795], [31.077055141125314, 33.11299625409202], [30.029198290929607, 33.39471013182375], [28.97466628623412, 33.667507305366044], [27.913567165793637, 33.931239838016204], [26.846021547248725, 34.18576215894594], [25.772162757516963, 34.43093134583643], [24.692136920759495, 34.66660741313284], [23.606103000904888, 34.89265360482427], [22.514232795896035, 35.10893669055724], [21.416710881054932, 35.31532726379841], [20.31373449923517, 35.51170004067506], [19.205513395753247, 35.69793415804367], [18.092269596454624, 35.87391346926712], [16.974237127678368, 36.03952683612269], [15.85166167733005, 36.19466841521716], [14.724800196754575, 36.33923793725312], [13.593920443610884, 36.473140977473456], [12.459300466485665, 36.59628921561011], [11.32122803253456, 36.70860068367946], [10.18, 36.81]]}}, {"type": "Feature", "properties": {"country_a": "PSE", "country_b": "TUR", "distance_km": 916.0}, "geometry": {"type": "LineString", "coordinates": [[35.2, 31.9], [35.107412878967416, 32.25037793029363], [35.01411203268693, 32.60066803929109], [34.92008229776418, 32.95086876174742], [34.8253081743446, 33.30097850270836], [34.72977381572766, 33.650995636491686], [34.633463017619384, 34.000918505631184], [34.53635920700836, 34.35074541978143], [34.438445430649566, 34.70047465458214], [34.3397043431397, 35.05010445047973], [34.24011819456697, 35.39963301150501], [34.13966881771748, 35.749058504004445], [34.03833761481945, 36.098379055323484], [33.93610554380573, 36.44759275243961], [33.83295310407409, 36.79669764054306], [33.72886032172374, 37.14569172156269], [33.62380673424563, 37.494572952634975], [33.51777137464291, 37.843339244513174], [33.41073275495677, 38.19198845991423], [33.30266884917175, 38.5405184118007], [33.19355707547336, 38.88892686159443], [33.08337427782935, 39.2372115173193], [32.97209670686489, 39.58537003166951], [32.8597, 39.9334]]}}, {"type": "Feature", "properties": {"country_a": "PSE", "country_b": "YEM", "distance_km": 2045.5}, "geometry": {"type": "LineString", "coordinates": [[35.2, 31.9], [35.64612196706063, 31.194758185078154], [36.08566778403451, 30.48791499572492], [36.518898733788845, 29.779534592316264], [36.946066706722874, 29.069678663262767], [37.36741465158671, 28.358406563358695], [37.78317700704491, 27.64577544429408], [38.19358011467833, 26.93184037781758], [38.59884261413503, 26.216654472008443], [38.99917582115082, 25.50026898108878], [39.394784089162, 24.782733409181116], [39.78586515522962, 24.064095608391767], [40.17261047098687, 23.344401871577364], [40.55520551930951, 22.623697020130383], [40.93383011739502, 21.90202448709868], [41.3086587069198, 21.179426395935412], [41.6798606319253, 20.455943635157354], [42.04760040506518, 19.731615929173106], [42.41203796282523, 19.006481905527018], [42.77332891030763, 18.280579158789802], [43.13162475615054, 17.55394431131334], [43.48707313813349, 16.826613071054563], [43.83981803999884, 16.098620286660974], [44.19, 15.37]]}}, {"type": "Feature", "properties": {"country_a": "QAT", "country_b": "SAU", "distance_km": 493.8}, "geometry": {"type": "LineString", "coordinates": [[51.53, 25.29], [51.31821777624315, 25.26809067641202], [51.10651209755567, 25.2458775563458], [50.8948839110207, 25.22336105216294], [50.68333415805779, 25.200541581371926], [50.4718637743644, 25.177419566601586], [50.260473689858124, 25.153995435574338], [50.049164828619745, 25.130269621079155], [49.837938108837065, 25.10624256094432], [49.626794442749514, 25.081914698009946], [49.41573473659362, 25.057286480100245], [49.20475989054919, 25.03235835999558], [48.9938707986864, 25.007130795404304], [48.78306834891361, 24.981604248934353], [48.57235342292604, 24.95577918806468], [48.3617268961553, 24.9296560851164], [48.15118963771965, 24.903235417223833], [47.940742510375195, 24.876517666305247], [47.73038637046779, 24.849503319033463], [47.520122067885886, 24.822192866806272], [47.30995044601417, 24.794586805716644], [47.099872341688005, 24.766685636522755], [46.88988858514877, 24.73848986461787], [46.68, 24.71]]}}, {"type": "Feature", "properties": {"country_a": "QAT", "country_b": "SDN", "distance_km": 2253.1}, "geometry": {"type": "LineString", "coordinates": [[51.53, 25.29], [50.64945974990756, 24.91691435599177], [49.774237820686324, 24.538641937539214], [48.90428182041861, 24.155301742555324], [48.03953518406472, 23.767012063895432], [47.17993738685459, 23.373890437352834], [46.32542415301187, 22.976053594770807], [45.475927659376474, 22.5736174220945], [44.63137673355173, 22.166696922180712], [43.79169704625967, 21.75540618217963], [42.95681129764092, 21.339858345300065], [42.12663939728666, 20.92016558676824], [41.301098637836176, 20.49643909379016], [40.4801038620174, 20.068789049328508], [39.66356762304727, 19.63732461950639], [38.85140033834573, 19.202153944453443], [38.04351043655038, 18.763384132412465], [37.23980449784908, 18.321121256929228], [36.4401873876751, 17.87547035695209], [35.644562383833765, 17.426535439673167], [34.85283129715149, 16.9744194859481], [34.06489458575702, 16.519224458136783], [33.280651463121664, 16.0610513102134], [32.5, 15.6]]}}, {"type": "Feature", "properties": {"country_a": "QAT", "country_b": "SOM", "distance_km": 2657.0}, "geometry": {"type": "LineString", "coordinates": [[51.53, 25.29], [51.22704251586296, 24.284435869780456], [50.92882117684263, 23.278144198188492], [50.63504955359947, 22.27116522011333], [50.34545451331348, 21.26353763765599], [50.059775180606785, 20.255298750617], [49.777761974910945, 19.246484576356593], [49.49917571693767, 18.237129960062763], [49.223786797617066, 17.227268676359945], [48.95137440349268, 16.216933523099804], [48.681725793118474, 15.206156408095895], [48.414635619496195, 14.194968429492754], [48.149905294029374, 13.183399950398119], [47.88734238785899, 12.17148066835131], [47.62676006679016, 11.159239680152535], [47.367976556324145, 10.146705542535077], [47.11081463357958, 9.133906329124338], [46.85510114312405, 8.120869684095004], [46.60066653394595, 7.10762287290854], [46.34734441497832, 6.094192830487883], [46.09497112674518, 5.080606207164624], [45.84338532683623, 4.066889412715239], [45.592427587032276, 3.053068658786837], [45.34194, 2.03917]]}}, {"type": "Feature", "properties": {"country_a": "QAT", "country_b": "SYR", "distance_km": 1734.3}, "geometry": {"type": "LineString", "coordinates": [[51.53, 25.29], [50.91640381599575, 25.681323693205726], [50.29879953123273, 26.070029215827134], [49.677118254150706, 26.456054199941907], [49.051291737967865, 26.839335423615516], [48.42125245832121, 27.21980880586667], [47.78693369515846, 27.597409402780247], [47.148269618973586, 27.972071404850023], [46.50519538146981, 28.34372813563673], [45.85764721072455, 28.712312051830136], [45.20556251092051, 29.077754744806636], [44.5488799666943, 29.439986943777047], [43.88753965214098, 29.798938520622034], [43.221483144497256, 30.154538496514636], [42.55065364250898, 30.506715050432394], [41.87499608947035, 30.855395529663088], [41.194457300900716, 31.200506462410047], [40.508986096803554, 31.541973572604178], [39.81853343842646, 31.87972179703113], [39.123052569415535, 32.21367530488212], [38.4224991612283, 32.54375751983721], [37.71683146263947, 32.8698911447892], [37.00601045314046, 33.191998189315086], [36.29, 33.51]]}}, {"type": "Feature", "properties": {"country_a": "QAT", "country_b": "TUN", "distance_km": 4112.6}, "geometry": {"type": "LineString", "coordinates": [[51.53, 25.29], [49.95592006990458, 26.045171548321214], [48.361779054324096, 26.78289485722242], [46.74715325830606, 27.50237444890345], [45.11167332804825, 28.202803215087453], [43.45503022309534, 28.883363840609373], [41.776981394024574, 29.543230501267526], [40.07735709876394, 30.181570850811568], [38.35606677613927, 30.797548309254125], [36.61310538021149, 31.39032466119359], [34.84855956392012, 31.95906296846964], [33.06261358608457, 32.5029307962148], [31.255554802638358, 33.02110374522181], [29.427778591890412, 33.51276927656803], [27.579792555501083, 33.97713080672145], [25.71221983264389, 34.41341204305328], [23.825801365394113, 34.82086152101015], [21.921396959557168, 35.198757295425786], [19.999984997584384, 35.54641172990069], [18.06266067934861, 35.86317632021923], [16.110632692489162, 36.14844648080326], [14.145218246533304, 36.401666217629696], [12.167836443391145, 36.622332607260724], [10.18, 36.81]]}}, {"type": "Feature", "properties": {"country_a": "QAT", "country_b": "TUR", "distance_km": 2379.7}, "geometry": {"type": "LineString", "coordinates": [[51.53, 25.29], [50.833239737384375, 25.977960113462892], [50.12834372793941, 26.662461352089174], [49.415007657107815, 27.34335871173792], [48.69292139301881, 28.02050258494238], [47.961768983897876, 28.693738560852925], [47.22122868502336, 29.362907220935867], [46.47097301893613, 30.027843930776463], [45.71066887295119, 30.688378628420264], [44.93997763838012, 31.344335609784558], [44.15855539624917, 31.995533311780783], [43.366053154687854, 32.64178409391047], [42.56211714356297, 33.28289401923319], [41.74638917233907, 33.918662635755275], [40.91850705755325, 34.5488827594537], [40.07810512669249, 35.17334026033242], [39.2248148056471, 35.79181385310712], [38.35826529727366, 36.40407489433174], [37.47808435892345, 37.00988718801422], [36.58389918706184, 37.609006802021554], [35.67533741730398, 38.20118189784347], [34.75202824830288, 38.78615257656948], [33.81360369792395, 39.36365074423443], [32.8597, 39.9334]]}}, {"type": "Feature", "properties": {"country_a": "QAT", "country_b": "YEM", "distance_km": 1338.5}, "geometry": {"type": "LineString", "coordinates": [[51.53, 25.29], [51.18938927383993, 24.86602270038152], [50.8510962307707, 24.441249776623533], [50.515064750008364, 24.01570143450344], [50.18123958200616, 23.58939749793058], [49.849566328784256, 23.16235742071387], [49.51999142431809, 22.734600298032326], [49.19246211500499, 22.306144877615807], [48.86692644022701, 21.877009570643665], [48.54333321302583, 21.447212462368906], [48.22163200090368, 21.016771322475353], [47.901773106762775, 20.58570361517513], [47.58370754999399, 20.154026509054173], [47.26738704772421, 19.721756886672758], [46.952763996230374, 19.288911353928487], [46.63979145252701, 18.85550624918883], [46.32842311613289, 18.421557652200253], [46.01861331102161, 17.987081392780876], [45.71031696775944, 17.552093059303616], [45.403489605833414, 17.11660800697641], [45.09808731617149, 16.68064136592628], [44.79406674385588, 16.244208049093686], [44.49138507103022, 15.807322759943672], [44.19, 15.37]]}}, {"type": "Feature", "properties": {"country_a": "SAU", "country_b": "SDN", "distance_km": 1790.8}, "geometry": {"type": "LineString", "coordinates": [[46.68, 24.71], [46.02654342103448, 24.340231154707112], [45.376884377406235, 23.967646236434604], [44.73096342897873, 23.59230921647025], [44.08872022078573, 23.21428335770678], [43.450093554750815, 22.833631215609028], [42.81502145809139, 22.45041464029004], [42.18344124846097, 22.064694779630717], [41.55528959588974, 21.676532083379826], [40.930502581588115, 21.28598630817385], [40.309015753683575, 20.893116523417973], [39.690764179963864, 20.49798111797232], [39.07568249770337, 20.100637807589433], [38.463704960652336, 19.70114364305187], [37.85476548326996, 19.299555018960532], [37.248797682284646, 18.895927683127155], [36.64573491566543, 18.490316746526315], [36.04551031908943, 18.082776693764774], [35.448056839990464, 17.673361394027946], [34.85330726927397, 17.262124112465678], [34.261194270782966, 16.84911752198135], [33.6716504085995, 16.434393715390627], [33.08460817226468, 16.018004217917795], [32.5, 15.6]]}}, {"type": "Feature", "properties": {"country_a": "SAU", "country_b": "SOM", "distance_km": 2512.6}, "geometry": {"type": "LineString", "coordinates": [[46.68, 24.71], [46.61485423918209, 23.72552733775483], [46.55067974201605, 22.740902369166758], [46.48741809760093, 21.756130716032196], [46.42501359202468, 20.771218072166995], [46.36341299501166, 19.78617020441328], [46.30256536276948, 18.800992953013992], [46.24242185541498, 17.815692231406103], [46.18293556752562, 16.83027402547912], [46.12406137050905, 15.844744392341756], [46.065755765612764, 14.859109458636352], [46.007976746508746, 13.873375418437686], [45.95068367048788, 12.887548530770355], [45.89383713738693, 11.9016351167767], [45.837398875448066, 10.91564155656527], [45.78133163337889, 9.929574285768275], [45.72559907794086, 8.943439791834912], [45.67016569644619, 7.95724461008624], [45.61499670358913, 6.970995319556171], [45.56005795207749, 5.98469853864227], [45.50531584656445, 4.998360920589092], [45.45073726041048, 4.011989148826296], [45.39628945483021, 3.0255899321830864], [45.34194, 2.03917]]}}, {"type": "Feature", "properties": {"country_a": "SAU", "country_b": "SSD", "distance_km": 2727.2}, "geometry": {"type": "LineString", "coordinates": [[46.68, 24.71], [45.9513029861895, 23.873369632076173], [45.23193163886306, 23.03324293320186], [44.52144152664998, 22.189796367298555], [43.81940028353784, 21.34320023502402], [43.12538712042716, 20.49361903834858], [42.43899232974516, 19.641211829149103], [41.759816786063496, 18.786132542512448], [41.08747144517297, 17.928530315460165], [40.421576843636416, 17.0685497918176], [39.76176260046259, 16.20633141395507], [39.10766692221454, 15.34201170212839], [38.45893611257738, 14.475723522140452], [37.815224087161134, 13.607596342037802], [37.17619189409663, 12.737756478544616], [36.54150724079513, 11.866327333924344], [35.91084402707971, 10.993429623944941], [35.283881884757015, 10.119181597609181], [34.66030572357763, 9.24369924929646], [34.03980528343062, 8.367096523947577], [33.42207469252964, 7.489485515909223], [32.80681203127348, 6.610976662041031], [32.19371890140006, 5.731678929674383], [31.5825, 4.8517]]}}, {"type": "Feature", "properties": {"country_a": "SAU", "country_b": "SYR", "distance_km": 1403.4}, "geometry": {"type": "LineString", "coordinates": [[46.68, 24.71], [46.26278358057214, 25.108308930999787], [45.84285907755823, 25.5054151265368], [45.42016784743931, 25.901289314537312], [44.994650660570905, 26.295901710662093], [44.566247702365736, 26.689222005668768], [44.13489857557274, 27.081219352639682], [43.700542303726735, 27.471862354082862], [43.263117335846616, 27.861119048914805], [42.8225615524642, 28.248956899334864], [42.37881227306954, 28.63534277760206], [41.93180626506254, 29.020242952726623], [41.481479754305475, 29.40362307708953], [41.027768437374526, 29.785448173005083], [40.57060749561321, 30.165682619242748], [40.10993161109506, 30.544290137526154], [39.64567498460673, 30.921233779028988], [39.1777713557681, 31.29647591088891], [38.706154025409255, 31.669978202762863], [38.23075588032958, 32.04170161344899], [37.751509420567956, 32.411606377602176], [37.26834678931755, 32.77965199257298], [36.78119980562279, 33.14579720540142], [36.29, 33.51]]}}, {"type": "Feature", "properties": {"country_a": "SAU", "country_b": "TUN", "distance_km": 3715.7}, "geometry": {"type": "LineString", "coordinates": [[46.68, 24.71], [45.28829648112817, 25.431300156915803], [43.88007956535685, 26.139192429491615], [42.454946220248274, 26.833088134185765], [41.012523722577505, 27.512388308474765], [39.552473267703675, 28.17648428831135], [38.0744937731589, 28.824758428360195], [36.57832585557143, 29.456584975512435], [35.06375595356789, 30.07133110563983], [33.5306205622405, 30.66835813270638], [31.9788105372124, 31.24702289817065], [30.408275418424108, 31.806679347051094], [28.81902771567961, 32.34668029506071], [27.21114708996329, 32.86637938882455], [25.584784356853778, 33.36513325836628], [23.94016523134588, 33.842303857792075], [22.277593727420747, 34.29726098643596], [20.59745512118048, 34.72938497870341], [18.900218383705518, 35.138069546526374], [17.18643798941763, 35.52272475381343], [15.456755008023148, 35.88278009765932], [13.71189739340403, 36.217687666506734], [11.952679391358615, 36.52692534108903], [10.18, 36.81]]}}, {"type": "Feature", "properties": {"country_a": "SAU", "country_b": "TUR", "distance_km": 2125.8}, "geometry": {"type": "LineString", "coordinates": [[46.68, 24.71], [46.16500778920287, 25.400018233135985], [45.64413224476863, 26.088147860912162], [45.1171364420203, 26.774309579950412], [44.583776813027676, 27.45842144458991], [44.04380289084815, 28.140398728566844], [43.49695705131221, 28.820153780360805], [42.942974253117036, 29.497595871934408], [42.38158177713926, 30.172631040592766], [41.81249896604463, 30.845161923691006], [41.23543696546025, 31.515087585922572], [40.65009846818649, 32.18230333892835], [40.05617746316297, 32.84670055297747], [39.453358991168585, 33.508166460485874], [38.84131890953291, 34.16658395115861], [38.219723668466884, 34.82183135856723], [37.58823010198931, 35.473782238006514], [36.94648523683364, 36.12230513551391], [36.294126123171466, 36.76726334798431], [35.630779691486744, 37.40851467437125], [34.95606264048189, 38.04591115803595], [34.26958136149636, 38.67929882038878], [33.57093190557083, 39.30851738606611], [32.8597, 39.9334]]}}, {"type": "Feature", "properties": {"country_a": "SAU", "country_b": "YEM", "distance_km": 1066.2}, "geometry": {"type": "LineString", "coordinates": [[46.68, 24.71], [46.56499673644555, 24.30492934921667], [46.45072156436824, 23.899750572781066], [46.3371564821485, 23.494466084145213], [46.224283837786295, 23.089078259016517], [46.11208631761849, 22.683589436695645], [46.000546935390844, 22.27800192136792], [45.88964902167019, 21.87231798335036], [45.77937621358305, 21.466539860295963], [45.669712444867756, 21.060669758357097], [45.56064193622722, 20.654709853309623], [45.452149185970576, 20.248662291639313], [45.344218960931805, 19.842529191592146], [45.23683628765451, 19.43631264418986], [45.12998644383195, 19.0300147142123], [45.023654949992164, 18.62363744114771], [44.917827561418356, 18.217182840112446], [44.81249026029504, 17.810652902741257], [44.70762924807081, 17.404049598049312], [44.60323093802906, 16.997374873267177], [44.49928194805818, 16.590630654649807], [44.39576909361313, 16.183818848260543], [44.292679380860555, 15.776941340731359], [44.19, 15.37]]}}, {"type": "Feature", "properties": {"country_a": "SDN", "country_b": "TUN", "distance_km": 3223.0}, "geometry": {"type": "LineString", "coordinates": [[32.5, 15.6], [31.674226926698317, 16.582945605279345], [30.840039753121793, 17.56248993982239], [29.99684790109086, 18.538384580413243], [29.14404606011578, 19.510372884463163], [28.281013373697164, 20.478189352611565], [27.40711264969351, 21.441558963116403], [26.52168960265903, 22.40019647676638], [25.624072137559835, 23.353805711194006], [24.713569685988002, 24.302078783658896], [23.789472607932034, 25.24469532161268], [22.851051674349918, 26.18132164066081], [21.89755764824907, 27.11160988991313], [20.92822098472393, 28.035197165177358], [19.942251673455537, 28.951704591011282], [18.93883925054828, 29.86073637332732], [17.917153010274696, 30.761878825052765], [16.876342451314482, 31.654699368311867], [15.815537996392951, 32.53874551772971], [14.733852028812233, 33.41354385078583], [13.630380294170397, 34.27859897268818], [12.504203720492423, 35.13339248501744], [11.354390714934208, 35.97738196942772], [10.18, 36.81]]}}, {"type": "Feature", "properties": {"country_a": "SDN", "country_b": "TUR", "distance_km": 2697.0}, "geometry": {"type": "LineString", "coordinates": [[32.5, 15.6], [32.51291322451186, 16.659568186560847], [32.52596928664462, 17.719027443297467], [32.539179596815245, 18.77837171426208], [32.55255604768245, 19.837595100034473], [32.56611106039256, 20.896691865472544], [32.57985763457258, 21.95565644718975], [32.59380940251919, 23.01448346074594], [32.60798068808682, 24.073167707538417], [32.62238657084105, 25.131704181380055], [32.63704295611572, 26.190088074751532], [32.65196665169561, 27.248314784714744], [32.667175451943265, 28.306379918474533], [32.68268823029995, 29.364279298575784], [32.698525041220584, 30.422008967722608], [32.71470723275317, 31.479565193206387], [32.731257571149094, 32.53694447092879], [32.748200379095834, 33.59414352900519], [32.76556168940465, 34.65115933093368], [32.78336941626806, 35.707989078312984], [32.801653546535526, 36.76463021309224], [32.820446353849015, 37.82108041933324], [32.839782638946964, 38.877337624464026], [32.8597, 39.9334]]}}, {"type": "Feature", "properties": {"country_a": "SDN", "country_b": "YEM", "distance_km": 1254.5}, "geometry": {"type": "LineString", "coordinates": [[32.5, 15.6], [33.00857885709311, 15.602916103286097], [33.51716918234745, 15.60465540172361], [34.02576517823185, 15.605217738202061], [34.534361045158995, 15.604603061923683], [35.04295098358834, 15.602811428414215], [35.55152919612897, 15.599842999511129], [36.06008988964129, 15.59569804332929], [36.5686272773364, 15.590376934204093], [37.07713558087197, 15.583880152612107], [37.585609032443514, 15.576208285069315], [38.0940418768699, 15.56736202400691], [38.60242837367193, 15.557342167624883], [39.110762799142925, 15.546149619723359], [39.619039448410206, 15.53378538951186], [40.127252637486215, 15.520250591396637], [40.635396705308374, 15.50554644474617], [41.14346601576646, 15.489674273634959], [41.65145495971646, 15.472635506565899], [42.15935795697988, 15.454431676171241], [42.66716945832737, 15.435064418892527], [43.174883947445714, 15.414535474639527], [43.68249594288716, 15.392846686428488], [44.19, 15.37]]}}, {"type": "Feature", "properties": {"country_a": "SOM", "country_b": "TUN", "distance_km": 5274.9}, "geometry": {"type": "LineString", "coordinates": [[45.34194, 2.03917], [44.046806369173936, 3.653475102129518], [42.74703754798031, 5.265841382657336], [41.44055857542501, 6.875397998184443], [40.12526614425594, 8.481258941216668], [38.79901988239644, 10.082518170605484], [37.45963362936616, 11.678244565127258], [36.104866729404, 13.267476658443911], [34.73241537915918, 14.849217113879682], [33.339904088740205, 16.42242689804946], [31.924877341563008, 17.9860191136191], [30.48479157196197, 19.538852453676803], [29.017007621268213, 21.079724243744995], [27.51878388455002, 22.607363042874066], [25.987270423141595, 24.120420783176172], [24.41950439423735, 25.617464438381795], [22.81240723994504, 27.09696722751947], [21.16278418577547, 28.557299380823146], [19.467326723550126, 29.99671852287216], [17.722618896042917, 31.413359764391284], [15.925148358549986, 32.805225640885546], [14.071323361570478, 34.17017609525924], [12.157496970597677, 35.50591877460802], [10.18, 36.81]]}}, {"type": "Feature", "properties": {"country_a": "SOM", "country_b": "TUR", "distance_km": 4382.4}, "geometry": {"type": "LineString", "coordinates": [[45.34194, 2.03917], [44.893069850110045, 3.7021646490922118], [44.44252150629331, 5.3648679022705705], [43.989526809768094, 7.02714718864987], [43.5333016691906, 8.68886806656476], [43.07304078006574, 10.349893591762006], [42.60791205910191, 12.010083642300305], [42.137050714137516, 13.669294188084546], [41.659552862145695, 15.327376491705646], [41.17446859758893, 16.984176225664854], [40.680794400717076, 18.6395324890742], [40.17746475986422, 20.29327670446953], [39.66334286288454, 21.945231372354833], [39.13721018993377, 23.59520865739861], [38.59775481205923, 25.24300877567731], [38.04355816653621, 26.888418146818342], [37.47308003938922, 28.531207268102047], [36.8846414366038, 30.171128259239183], [36.276404966389286, 31.80791201627159], [35.64635228333395, 33.44126490037051], [34.99225805879057, 35.07086487162171], [34.31165983721782, 36.69635695841564], [33.601823011781775, 38.317347928816055], [32.8597, 39.9334]]}}, {"type": "Feature", "properties": {"country_a": "SOM", "country_b": "YEM", "distance_km": 1479.9}, "geometry": {"type": "LineString", "coordinates": [[45.34194, 2.03917], [45.2931501567066, 2.6189750974075316], [45.24431542535083, 3.1987729053484597], [45.19542579398332, 3.7785618115401545], [45.146471206074786, 4.358340204600828], [45.0974415522543, 4.938106474202064], [45.04832666195648, 5.5178590112159585], [44.999116294962654, 6.097596207856006], [44.949800132821096, 6.67731645781086], [44.900367770130906, 7.257018156370091], [44.85080870567369, 7.836699700541037], [44.801112333376906, 8.416359489155854], [44.75126793309188, 8.99599592296777], [44.70126466116944, 9.575607404735667], [44.65109154081499, 10.15519233929593], [44.60073745220452, 10.734749133620591], [44.5501911223421, 11.314276196860739], [44.49944111463872, 11.893771940374096], [44.44847581819144, 12.473234777735641], [44.39728343674071, 13.052663124730199], [44.345851977282955, 13.632055399325727], [44.29416923831418, 14.211410021626138], [44.24222279767923, 14.790725413802305], [44.19, 15.37]]}}, {"type": "Feature", "properties": {"country_a": "SSD", "country_b": "TUR", "distance_km": 3887.8}, "geometry": {"type": "LineString", "coordinates": [[31.5825, 4.8517], [31.62818377863048, 6.379552802361028], [31.674139022854735, 7.907311197923651], [31.720433734311886, 9.434953041591054], [31.767137883688292, 10.962456483958922], [31.81432384513895, 12.489800025290982], [31.86206686113677, 14.016962567812483], [31.910445544313223, 15.543923466038427], [31.959542423688344, 17.07066257484685], [32.00944454371532, 18.597160294998698], [32.0602441258219, 20.12339761579445], [32.11203930366469, 21.649356154542733], [32.164934945182075, 23.1750181924966], [32.21904357681222, 24.700366706888286], [32.27448642802862, 26.225385398661032], [32.33139461775864, 27.75005871545564], [32.389910508443286, 29.274371869357033], [32.45018925866779, 30.798310848839158], [32.51240061169745, 32.321862424262484], [32.576730965221316, 33.84501414616937], [32.64338577757157, 35.36775433548598], [32.71259237821401, 36.890072064562666], [32.78460326614694, 38.411957127760346], [32.8597, 39.9334]]}}, {"type": "Feature", "properties": {"country_a": "SYR", "country_b": "TUN", "distance_km": 2399.2}, "geometry": {"type": "LineString", "coordinates": [[36.29, 33.51], [35.20865576680632, 33.76778668127677], [34.12093710309207, 34.01603316871071], [33.02699239072048, 34.254595224411915], [31.926983210467203, 34.48333197662873], [30.821084334237028, 34.7021062284358], [29.70948366422722, 34.91078476853524], [28.59238211660586, 35.10923868271927], [27.469993447613952, 35.29734366445853], [26.34254402038787, 35.47498032300733], [25.210272511230446, 35.64203448735549], [24.07342955453275, 35.79839750430836], [22.93227732605828, 35.94396652894328], [21.787089064842867, 36.078644805673996], [20.63814853452923, 36.20234193815489], [19.485749425538454, 36.31497414627553], [18.33019470007253, 36.416464508533906], [17.171795882534852, 36.50674318813338], [16.01087229853845, 36.585747641224984], [14.847750266236588, 36.653422805811964], [13.682762244246511, 36.70972126994691], [12.51624594093586, 36.75460341798327], [11.348543390293113, 36.788037553790055], [10.18, 36.81]]}}, {"type": "Feature", "properties": {"country_a": "SYR", "country_b": "TUR", "distance_km": 775.7}, "geometry": {"type": "LineString", "coordinates": [[36.29, 33.51], [36.15208684494064, 33.79135547684739], [36.013268752746846, 34.072542945776505], [35.87353057810316, 34.35355969304784], [35.732856914736104, 34.63440295749393], [35.59123208947485, 34.915069929319856], [35.44864015616926, 35.19555774887057], [35.305064889461356, 35.47586350536463], [35.16048977840673, 35.75598423559255], [35.014898019941924, 36.035916922579275], [34.86827251219388, 36.31565849420935], [34.720595847627486, 36.59520582181372], [34.571850306027024, 36.87455571871692], [34.42201784730758, 37.15370493874348], [34.27108010415185, 37.43265017468224], [34.11901837446825, 37.71138805670718], [33.96581361366572, 37.98991515075357], [33.811446426740865, 38.26822795684783], [33.65589706017267, 38.54632290738977], [33.499145393620225, 38.82419636538577], [33.34117093141864, 39.101844622631035], [33.181952793868376, 39.37926389783975], [33.021469708312914, 39.65645033472117], [32.8597, 39.9334]]}}, {"type": "Feature", "properties": {"country_a": "SYR", "country_b": "YEM", "distance_km": 2161.1}, "geometry": {"type": "LineString", "coordinates": [[36.29, 33.51], [36.689797637183084, 32.73243842231794], [37.082706748271356, 31.953527107871665], [37.46903441927457, 31.173324566777385], [37.84907432330684, 30.391886723622804], [38.22310750685735, 29.6092670852953], [38.59140312893408, 28.825516897313072], [38.954219156167646, 28.040685289545415], [39.31180301677982, 27.254819412136303], [39.66439221614472, 26.467964562379773], [40.01221491650294, 25.680164303235234], [40.35549048322875, 24.891460574116145], [40.694429999899214, 24.101893794535208], [41.02923675427109, 23.31150296114312], [41.360106697136736, 22.520325738656446], [41.68722887590411, 21.728398545131288], [42.010785844627314, 20.935756632004903], [42.3309540521037, 20.142434159295068], [42.64790420955003, 19.348464266317972], [42.96180163927395, 18.553879138258516], [43.27280660566751, 17.758710068902566], [43.581074629765915, 16.962987519818444], [43.886756788537596, 16.166741176254344], [44.19, 15.37]]}}, {"type": "Feature", "properties": {"country_a": "TUN", "country_b": "TUR", "distance_km": 2006.4}, "geometry": {"type": "LineString", "coordinates": [[10.18, 36.81], [11.118169241585436, 37.03471763209907], [12.061790920584665, 37.25196611136332], [13.010751722550893, 37.461644212785004], [13.964929324831557, 37.6636527244709], [14.92419238405813, 37.857894627865946], [15.88840055301666, 38.04427527947359], [16.85740452824817, 38.22270259339429], [17.831046129581402, 38.393087223964784], [18.809158412634073, 38.55534274774463], [19.791565815131264, 38.70938584406528], [20.778084337684348, 38.85513647333024], [21.768521759450017, 38.992518052234004], [22.76267788884983, 39.12145762505174], [23.760344849277914, 39.24188603014358], [24.7613073994601, 39.35373806081507], [25.7653432878554, 39.456952619680976], [26.772223640212925, 39.551472865692794], [27.781713379117594, 39.63724635301049], [28.793571674079892, 39.714225160928024], [29.807552420452193, 39.782366014097896], [30.823404745190352, 39.84163039234425], [31.840873537228447, 39.89198462940479], [32.8597, 39.9334]]}}, {"type": "Feature", "properties": {"country_a": "TUN", "country_b": "YEM", "distance_km": 4113.0}, "geometry": {"type": "LineString", "coordinates": [[10.18, 36.81], [11.962050481512552, 36.08591295875568], [13.711138681430196, 35.33572441787187], [15.427670754879808, 34.56060286152312], [17.112171777794277, 33.76169409092104], [18.765270666112894, 32.940118199059555], [20.387685924958767, 32.096967189018265], [21.980212353096007, 31.23330317704453], [23.54370878215057, 30.350157120113124], [25.07908689137458, 29.448528008071712], [26.58730110699135, 28.529382462382383], [28.069339569934186, 27.59365468646688], [29.526216136462498, 26.642246716414704], [30.958963361978928, 25.676028925031886], [32.368626408627044, 24.695840736661424], [33.756257811179125, 23.702491514710545], [35.122913032635566, 22.69676158823831], [36.469646740223794, 21.67940338818747], [37.79750973355712, 20.65114266782038], [39.10754645911996, 19.612679785596264], [40.40079304859395, 18.564691032084834], [41.67827582250434, 17.50782998554246], [42.94101020499224, 16.442728883485938], [44.19, 15.37]]}}, {"type": "Feature", "properties": {"country_a": "TUR", "country_b": "YEM", "distance_km": 2936.7}, "geometry": {"type": "LineString", "coordinates": [[32.8597, 39.9334], [33.487331282666794, 38.89146779159056], [34.09685672061012, 37.84607233869777], [34.689384894903455, 36.79742343800596], [35.26595154581582, 35.74571638043101], [35.827525458388294, 34.69113327291464], [36.37501385718743, 33.63384423026481], [36.9092673510805, 32.57400845100867], [37.43108446635408, 31.51177518965916], [37.94121580387143, 30.447284636407282], [38.44036785333258, 29.380668714021517], [38.92920649512979, 28.312051800646632], [39.40836021782422, 27.241551386231368], [39.87842307693503, 26.169278669463274], [40.33995741854482, 25.09533910133768], [40.793496389192754, 24.019832880823536], [41.23954625165035, 22.942855407502886], [41.678588524450944, 21.864497695542788], [42.11108196146711, 20.7848467529013], [42.537464386393445, 19.703985929264977], [42.958154395686236, 18.62199523585861], [43.37355294232799, 17.538951639952334], [43.78404481171489, 16.454929336613016], [44.19, 15.37]]}}]}